{"type":"FeatureCollection","features":[{"type":"Feature","properties":{"v":4.4,"p":1},"geometry":{"type":"Polygon","coordinates":[[[17.107612,48.13026],[17.10735,48.130216],[17.107482,48.13],[17.108007,48.130212],[17.107611,48.13018],[17.107612,48.13026]]]}},{"type":"Feature","properties":{"v":3.3,"p":1},"geometry":{"type":"Polygon","coordinates":[[[17.101589,48.129201],[17.101322,48.12921],[17.101318,48.129165],[17.101586,48.129156],[17.101589,48.129201]]]}},{"type":"Feature","properties":{"v":36.9,"p":12},"geometry":{"type":"Polygon","coordinates":[[[17.108508,48.130895],[17.108293,48.130897],[17.108222,48.130596],[17.10819,48.130461],[17.10818,48.130417],[17.108582,48.130412],[17.108508,48.130895]]]}},{"type":"Feature","properties":{"v":35.4,"p":12},"geometry":{"type":"Polygon","coordinates":[[[17.108007,48.130212],[17.107923,48.13044],[17.107875,48.13057],[17.107833,48.130683],[17.107619,48.130665],[17.107615,48.130395],[17.107612,48.13026],[17.107611,48.13018],[17.108007,48.130212]]]}},{"type":"Feature","properties":{"v":25.6,"p":9},"geometry":{"type":"Polygon","coordinates":[[[17.107612,48.13026],[17.107615,48.130395],[17.107465,48.130371],[17.107275,48.130339],[17.10735,48.130216],[17.107612,48.13026]]]}},{"type":"Feature","properties":{"v":24.8,"p":8},"geometry":{"type":"Polygon","coordinates":[[[17.10819,48.130461],[17.108222,48.130596],[17.107875,48.13057],[17.107923,48.13044],[17.10819,48.130461]]]}},{"type":"Feature","properties":{"v":4.1,"p":1},"geometry":{"type":"Polygon","coordinates":[[[17.108557,48.131089],[17.10812,48.131095],[17.108114,48.130935],[17.108111,48.130902],[17.107672,48.130912],[17.1075,48.130918],[17.107346,48.130915],[17.107318,48.130913],[17.107354,48.130574],[17.107465,48.130371],[17.107615,48.130395],[17.107619,48.130665],[17.107833,48.130683],[17.107875,48.13057],[17.108222,48.130596],[17.108293,48.130897],[17.108508,48.130895],[17.108582,48.130412],[17.108595,48.130412],[17.108652,48.13043],[17.108557,48.131089]]]}},{"type":"Feature","properties":{"v":48.2,"p":16},"geometry":{"type":"Polygon","coordinates":[[[17.110606,48.128667],[17.110557,48.128669],[17.110559,48.128692],[17.110491,48.128695],[17.11049,48.128682],[17.110486,48.128639],[17.11054,48.128637],[17.110539,48.128625],[17.110603,48.128622],[17.110606,48.128667]]]}},{"type":"Feature","properties":{"v":48.1,"p":16},"geometry":{"type":"Polygon","coordinates":[[[17.110944,48.128654],[17.110896,48.128656],[17.110898,48.12868],[17.110829,48.128682],[17.110828,48.12867],[17.110824,48.128626],[17.110878,48.128624],[17.110877,48.128612],[17.110941,48.128609],[17.110944,48.128654]]]}},{"type":"Feature","properties":{"v":48.2,"p":16},"geometry":{"type":"Polygon","coordinates":[[[17.111289,48.128643],[17.11124,48.128644],[17.111242,48.128668],[17.111173,48.128671],[17.111172,48.128657],[17.111169,48.128614],[17.111223,48.128612],[17.111222,48.1286],[17.111285,48.128598],[17.111289,48.128643]]]}},{"type":"Feature","properties":{"v":44.8,"p":15},"geometry":{"type":"Polygon","coordinates":[[[17.101326,48.130194],[17.101313,48.130195],[17.101247,48.130196],[17.101246,48.130161],[17.101227,48.130162],[17.101225,48.13012],[17.10129,48.130118],[17.101292,48.130151],[17.101324,48.13015],[17.101326,48.130194]]]}},{"type":"Feature","properties":{"v":44.8,"p":15},"geometry":{"type":"Polygon","coordinates":[[[17.101309,48.129968],[17.101295,48.129968],[17.101231,48.129969],[17.101229,48.129935],[17.10121,48.129935],[17.101208,48.129893],[17.101274,48.129892],[17.101275,48.129924],[17.101307,48.129923],[17.101309,48.129968]]]}},{"type":"Feature","properties":{"v":44.6,"p":15},"geometry":{"type":"Polygon","coordinates":[[[17.101292,48.129737],[17.101279,48.129737],[17.101214,48.129739],[17.101212,48.129704],[17.101193,48.129704],[17.101191,48.129662],[17.101257,48.129661],[17.101258,48.129693],[17.10129,48.129693],[17.101292,48.129737]]]}},{"type":"Feature","properties":{"v":44.5,"p":15},"geometry":{"type":"Polygon","coordinates":[[[17.101275,48.12951],[17.101261,48.129511],[17.101196,48.129512],[17.101195,48.129478],[17.101176,48.129478],[17.101174,48.129436],[17.101239,48.129435],[17.101241,48.129467],[17.101273,48.129466],[17.101275,48.12951]]]}},{"type":"Feature","properties":{"v":3.7,"p":1},"geometry":{"type":"Polygon","coordinates":[[[17.101204,48.129241],[17.101052,48.129246],[17.101051,48.129218],[17.101202,48.129214],[17.101204,48.129241]]]}},{"type":"Feature","properties":{"v":46.6,"p":16},"geometry":{"type":"Polygon","coordinates":[[[17.099784,48.129487],[17.099736,48.129489],[17.099738,48.129511],[17.099671,48.129513],[17.099671,48.129502],[17.099668,48.129457],[17.099721,48.129456],[17.09972,48.129443],[17.099781,48.129441],[17.099784,48.129487]]]}},{"type":"Feature","properties":{"v":46.7,"p":16},"geometry":{"type":"Polygon","coordinates":[[[17.099446,48.129501],[17.099399,48.129502],[17.0994,48.129524],[17.099334,48.129526],[17.099333,48.129512],[17.09933,48.12947],[17.099383,48.129469],[17.099382,48.129456],[17.099443,48.129454],[17.099446,48.129501]]]}},{"type":"Feature","properties":{"v":46.6,"p":16},"geometry":{"type":"Polygon","coordinates":[[[17.099101,48.129512],[17.099053,48.129513],[17.099055,48.129535],[17.098988,48.129537],[17.098987,48.129524],[17.098984,48.129481],[17.099037,48.12948],[17.099037,48.129467],[17.099098,48.129465],[17.099101,48.129512]]]}},{"type":"Feature","properties":{"v":46.8,"p":16},"geometry":{"type":"Polygon","coordinates":[[[17.098762,48.129524],[17.098715,48.129525],[17.098716,48.129547],[17.09865,48.129549],[17.098649,48.129538],[17.098646,48.129493],[17.098699,48.129492],[17.098698,48.129479],[17.098759,48.129477],[17.098762,48.129524]]]}},{"type":"Feature","properties":{"v":48.2,"p":16},"geometry":{"type":"Polygon","coordinates":[[[17.098029,48.130326],[17.098012,48.130326],[17.097948,48.130329],[17.097946,48.130293],[17.097926,48.130294],[17.097922,48.130251],[17.097991,48.130249],[17.097994,48.130284],[17.098026,48.130283],[17.098029,48.130326]]]}},{"type":"Feature","properties":{"v":48.1,"p":16},"geometry":{"type":"Polygon","coordinates":[[[17.098007,48.130063],[17.097995,48.130063],[17.097926,48.130066],[17.097923,48.13003],[17.097903,48.130031],[17.0979,48.129988],[17.097969,48.129986],[17.097971,48.130021],[17.098004,48.13002],[17.098007,48.130063]]]}},{"type":"Feature","properties":{"v":47.9,"p":16},"geometry":{"type":"Polygon","coordinates":[[[17.09761,48.130655],[17.097564,48.130656],[17.097565,48.13068],[17.097499,48.130681],[17.097499,48.13067],[17.097496,48.130626],[17.097549,48.130625],[17.097548,48.130613],[17.097608,48.130611],[17.09761,48.130655]]]}},{"type":"Feature","properties":{"v":47.8,"p":16},"geometry":{"type":"Polygon","coordinates":[[[17.097274,48.130664],[17.097228,48.130665],[17.097229,48.130689],[17.097163,48.13069],[17.097163,48.130682],[17.09716,48.130635],[17.097213,48.130634],[17.097212,48.130622],[17.097272,48.13062],[17.097274,48.130664]]]}},{"type":"Feature","properties":{"v":47.9,"p":16},"geometry":{"type":"Polygon","coordinates":[[[17.096926,48.130677],[17.09688,48.130678],[17.096881,48.130702],[17.096815,48.130704],[17.096815,48.130694],[17.096812,48.130649],[17.096865,48.130647],[17.096864,48.130635],[17.096923,48.130634],[17.096926,48.130677]]]}},{"type":"Feature","properties":{"v":47.7,"p":16},"geometry":{"type":"Polygon","coordinates":[[[17.096589,48.13069],[17.096544,48.130691],[17.096545,48.130714],[17.096479,48.130716],[17.096478,48.130707],[17.096476,48.130661],[17.096528,48.13066],[17.096528,48.130647],[17.096587,48.130646],[17.096589,48.13069]]]}},{"type":"Feature","properties":{"v":47.5,"p":16},"geometry":{"type":"Polygon","coordinates":[[[17.096242,48.130701],[17.096197,48.130702],[17.096198,48.130726],[17.096132,48.130727],[17.096131,48.130716],[17.096129,48.130672],[17.096181,48.130671],[17.096181,48.130659],[17.09624,48.130657],[17.096242,48.130701]]]}},{"type":"Feature","properties":{"v":47.5,"p":16},"geometry":{"type":"Polygon","coordinates":[[[17.095903,48.130712],[17.095858,48.130713],[17.095859,48.130737],[17.095793,48.130739],[17.095792,48.130729],[17.09579,48.130684],[17.095842,48.130682],[17.095842,48.13067],[17.095901,48.130669],[17.095903,48.130712]]]}},{"type":"Feature","properties":{"v":47.9,"p":16},"geometry":{"type":"Polygon","coordinates":[[[17.095525,48.130498],[17.095479,48.130499],[17.09548,48.130522],[17.095414,48.130524],[17.095414,48.130512],[17.095411,48.130469],[17.095464,48.130467],[17.095463,48.130455],[17.095523,48.130454],[17.095525,48.130498]]]}},{"type":"Feature","properties":{"v":48.1,"p":16},"geometry":{"type":"Polygon","coordinates":[[[17.095187,48.130508],[17.095141,48.130509],[17.095142,48.130533],[17.095076,48.130534],[17.095075,48.130523],[17.095073,48.130479],[17.095126,48.130478],[17.095125,48.130466],[17.095184,48.130465],[17.095187,48.130508]]]}},{"type":"Feature","properties":{"v":8.7,"p":3},"geometry":{"type":"Polygon","coordinates":[[[17.094191,48.128398],[17.094206,48.128404],[17.094153,48.128457],[17.094128,48.128447],[17.094504,48.128068],[17.09453,48.12808],[17.094502,48.128107],[17.094493,48.128103],[17.094467,48.128128],[17.09442,48.128176],[17.094246,48.128352],[17.094238,48.128348],[17.094191,48.128398]]]}},{"type":"Feature","properties":{"v":3.2,"p":1},"geometry":{"type":"Polygon","coordinates":[[[17.109399,48.128376],[17.109316,48.128379],[17.109312,48.128326],[17.109397,48.128323],[17.109399,48.128376]]]}},{"type":"Feature","properties":{"v":3,"p":1},"geometry":{"type":"Polygon","coordinates":[[[17.108985,48.129033],[17.108915,48.129036],[17.108898,48.128869],[17.108968,48.128866],[17.108985,48.129033]]]}},{"type":"Feature","properties":{"v":8.9,"p":3},"geometry":{"type":"Polygon","coordinates":[[[17.109395,48.128302],[17.109397,48.128323],[17.109312,48.128326],[17.109284,48.128327],[17.109259,48.127992],[17.109661,48.12798],[17.109666,48.128043],[17.109759,48.128041],[17.109775,48.128245],[17.109678,48.128249],[17.109682,48.128292],[17.109669,48.128292],[17.109654,48.128293],[17.109646,48.128315],[17.109621,48.128294],[17.109613,48.128315],[17.109586,48.128295],[17.10958,48.128316],[17.109554,48.128296],[17.109548,48.128317],[17.109521,48.128298],[17.109516,48.128318],[17.109486,48.128299],[17.109395,48.128302]]]}},{"type":"Feature","properties":{"v":3.8,"p":1},"geometry":{"type":"Polygon","coordinates":[[[17.109878,48.128309],[17.109671,48.128317],[17.109671,48.128316],[17.109669,48.128292],[17.109682,48.128292],[17.109678,48.128249],[17.109775,48.128245],[17.109759,48.128041],[17.109666,48.128043],[17.109661,48.12798],[17.10985,48.127972],[17.109878,48.128309]]]}},{"type":"Feature","properties":{"v":3.8,"p":1},"geometry":{"type":"Polygon","coordinates":[[[17.110369,48.128557],[17.110369,48.128564],[17.11035,48.128564],[17.110347,48.128544],[17.110348,48.128528],[17.110346,48.128505],[17.111734,48.128451],[17.111738,48.12851],[17.111616,48.128514],[17.111617,48.12853],[17.111516,48.128533],[17.111515,48.128518],[17.11128,48.128526],[17.111281,48.128542],[17.11118,48.128545],[17.111179,48.128529],[17.110933,48.128538],[17.110934,48.128554],[17.110832,48.128557],[17.110831,48.128542],[17.110593,48.12855],[17.110594,48.128565],[17.110494,48.128569],[17.110492,48.128553],[17.110369,48.128557]]]}},{"type":"Feature","properties":{"v":44.6,"p":15},"geometry":{"type":"Polygon","coordinates":[[[17.110539,48.128625],[17.11054,48.128637],[17.110486,48.128639],[17.11049,48.128682],[17.110378,48.128685],[17.110369,48.128564],[17.110369,48.128557],[17.110492,48.128553],[17.110494,48.128569],[17.110594,48.128565],[17.110593,48.12855],[17.110831,48.128542],[17.110832,48.128557],[17.110934,48.128554],[17.110933,48.128538],[17.111179,48.128529],[17.11118,48.128545],[17.111281,48.128542],[17.11128,48.128526],[17.111515,48.128518],[17.111516,48.128533],[17.111617,48.12853],[17.111616,48.128514],[17.111738,48.12851],[17.111739,48.128529],[17.111747,48.128636],[17.111636,48.12864],[17.111637,48.128653],[17.11158,48.128656],[17.111578,48.128632],[17.111627,48.128631],[17.111623,48.128586],[17.11156,48.128588],[17.111561,48.1286],[17.111507,48.128602],[17.11151,48.128645],[17.111299,48.128652],[17.1113,48.128665],[17.111242,48.128668],[17.11124,48.128644],[17.111289,48.128643],[17.111285,48.128598],[17.111222,48.1286],[17.111223,48.128612],[17.111169,48.128614],[17.111172,48.128657],[17.110953,48.128665],[17.110954,48.128678],[17.110898,48.12868],[17.110896,48.128656],[17.110944,48.128654],[17.110941,48.128609],[17.110877,48.128612],[17.110878,48.128624],[17.110824,48.128626],[17.110828,48.12867],[17.110614,48.128677],[17.110615,48.128691],[17.110559,48.128692],[17.110557,48.128669],[17.110606,48.128667],[17.110603,48.128622],[17.110539,48.128625]]]}},{"type":"Feature","properties":{"v":2.9,"p":1},"geometry":{"type":"Polygon","coordinates":[[[17.102943,48.128394],[17.102855,48.128397],[17.102852,48.128357],[17.102858,48.128357],[17.102857,48.128332],[17.102861,48.128332],[17.102937,48.128329],[17.102943,48.128394]]]}},{"type":"Feature","properties":{"v":3.1,"p":1},"geometry":{"type":"Polygon","coordinates":[[[17.106474,48.128342],[17.106421,48.128372],[17.106306,48.128281],[17.106359,48.128251],[17.106474,48.128342]]]}},{"type":"Feature","properties":{"v":25.9,"p":9},"geometry":{"type":"Polygon","coordinates":[[[17.103427,48.128538],[17.103251,48.128543],[17.103206,48.127931],[17.103382,48.127926],[17.103427,48.128538]]]}},{"type":"Feature","properties":{"v":6.8,"p":2},"geometry":{"type":"Polygon","coordinates":[[[17.102364,48.12835],[17.102373,48.128471],[17.102366,48.128471],[17.102031,48.128483],[17.102024,48.128351],[17.102184,48.128345],[17.102176,48.128237],[17.102355,48.128231],[17.102364,48.12835]]]}},{"type":"Feature","properties":{"v":6.7,"p":2},"geometry":{"type":"Polygon","coordinates":[[[17.102628,48.128462],[17.102373,48.128471],[17.102364,48.12835],[17.102523,48.128344],[17.10262,48.128341],[17.102628,48.128462]]]}},{"type":"Feature","properties":{"v":4.5,"p":2},"geometry":{"type":"Polygon","coordinates":[[[17.102715,48.128513],[17.102372,48.128528],[17.102366,48.128471],[17.102373,48.128471],[17.102628,48.128462],[17.10262,48.128341],[17.102702,48.128338],[17.102715,48.128513]]]}},{"type":"Feature","properties":{"v":3.3,"p":1},"geometry":{"type":"Polygon","coordinates":[[[17.10635,48.128496],[17.106206,48.128578],[17.105862,48.128305],[17.106006,48.128223],[17.10635,48.128496]]]}},{"type":"Feature","properties":{"v":6.3,"p":2},"geometry":{"type":"Polygon","coordinates":[[[17.099805,48.128404],[17.099885,48.128414],[17.099878,48.128439],[17.099932,48.128445],[17.099886,48.128609],[17.099715,48.128588],[17.099768,48.128399],[17.099805,48.128404]]]}},{"type":"Feature","properties":{"v":3.3,"p":1},"geometry":{"type":"Polygon","coordinates":[[[17.099904,48.128043],[17.099902,48.128056],[17.099987,48.128066],[17.099931,48.128277],[17.100041,48.12829],[17.100004,48.128429],[17.099885,48.128414],[17.099805,48.128404],[17.099856,48.128217],[17.099729,48.128202],[17.099774,48.12803],[17.099904,48.128043]]]}},{"type":"Feature","properties":{"v":13.6,"p":5},"geometry":{"type":"Polygon","coordinates":[[[17.094325,48.130104],[17.094111,48.130195],[17.093858,48.129926],[17.093867,48.129891],[17.093883,48.129905],[17.093919,48.129889],[17.093881,48.12985],[17.093854,48.1298],[17.093749,48.129835],[17.093708,48.12978],[17.09368,48.129715],[17.093665,48.129657],[17.093785,48.129646],[17.093761,48.12959],[17.093758,48.129546],[17.093723,48.129547],[17.093724,48.129565],[17.093675,48.129548],[17.093653,48.129223],[17.093824,48.129218],[17.093903,48.129216],[17.093907,48.129216],[17.093926,48.129544],[17.093884,48.129545],[17.093882,48.129593],[17.093945,48.129658],[17.093967,48.129654],[17.093993,48.129657],[17.094009,48.129663],[17.094019,48.12967],[17.094025,48.12968],[17.094027,48.129693],[17.094025,48.129702],[17.094018,48.129712],[17.094008,48.129721],[17.093993,48.129726],[17.093968,48.129729],[17.09395,48.129814],[17.093984,48.129804],[17.09403,48.129844],[17.094062,48.12983],[17.094325,48.130104]]]}},{"type":"Feature","properties":{"v":12,"p":4},"geometry":{"type":"Polygon","coordinates":[[[17.094142,48.129696],[17.094131,48.129732],[17.094104,48.129763],[17.094064,48.129787],[17.094032,48.129796],[17.094015,48.129802],[17.093984,48.129804],[17.09395,48.129814],[17.093968,48.129729],[17.093993,48.129726],[17.094008,48.129721],[17.094018,48.129712],[17.094025,48.129702],[17.094027,48.129693],[17.094025,48.12968],[17.094019,48.12967],[17.094009,48.129663],[17.093993,48.129657],[17.093967,48.129654],[17.093945,48.129658],[17.093882,48.129593],[17.093926,48.12958],[17.093979,48.129576],[17.094032,48.129583],[17.094078,48.129601],[17.094114,48.129628],[17.094136,48.129661],[17.094142,48.129696]]]}},{"type":"Feature","properties":{"v":15.8,"p":5},"geometry":{"type":"Polygon","coordinates":[[[17.093785,48.129646],[17.093665,48.129657],[17.093657,48.1296],[17.093694,48.129601],[17.093697,48.129586],[17.09367,48.129586],[17.093665,48.129583],[17.093662,48.129575],[17.093664,48.129568],[17.093673,48.129563],[17.093724,48.129565],[17.093723,48.129547],[17.093758,48.129546],[17.093761,48.12959],[17.093785,48.129646]]]}},{"type":"Feature","properties":{"v":15.1,"p":5},"geometry":{"type":"Polygon","coordinates":[[[17.093832,48.129905],[17.093819,48.129903],[17.093814,48.129896],[17.093815,48.129889],[17.093829,48.12988],[17.093824,48.129873],[17.09379,48.129884],[17.093749,48.129835],[17.093854,48.1298],[17.093881,48.12985],[17.093919,48.129889],[17.093883,48.129905],[17.093867,48.129891],[17.093832,48.129905]]]}},{"type":"Feature","properties":{"v":3.2,"p":1},"geometry":{"type":"Polygon","coordinates":[[[17.094063,48.129505],[17.094013,48.129505],[17.094011,48.129444],[17.094061,48.129443],[17.094063,48.129505]]]}},{"type":"Feature","properties":{"v":7.6,"p":3},"geometry":{"type":"Polygon","coordinates":[[[17.094176,48.129349],[17.094001,48.129355],[17.093969,48.128919],[17.094144,48.128913],[17.094176,48.129349]]]}},{"type":"Feature","properties":{"v":22.8,"p":8},"geometry":{"type":"Polygon","coordinates":[[[17.094315,48.128526],[17.094284,48.128513],[17.094327,48.128468],[17.094216,48.128421],[17.094224,48.128412],[17.094206,48.128404],[17.094191,48.128398],[17.094238,48.128348],[17.094246,48.128352],[17.094274,48.128364],[17.094309,48.128328],[17.094449,48.128387],[17.094438,48.128399],[17.09449,48.128421],[17.094425,48.12849],[17.094372,48.128467],[17.094315,48.128526]]]}},{"type":"Feature","properties":{"v":20.1,"p":7},"geometry":{"type":"Polygon","coordinates":[[[17.094224,48.128412],[17.094216,48.128421],[17.094327,48.128468],[17.094284,48.128513],[17.094153,48.128457],[17.094206,48.128404],[17.094224,48.128412]]]}},{"type":"Feature","properties":{"v":14.8,"p":5},"geometry":{"type":"Polygon","coordinates":[[[17.094444,48.128602],[17.094399,48.12865],[17.094275,48.128597],[17.094254,48.128588],[17.094266,48.128575],[17.094299,48.12854],[17.094444,48.128602]]]}},{"type":"Feature","properties":{"v":11.8,"p":4},"geometry":{"type":"Polygon","coordinates":[[[17.094297,48.128755],[17.09425,48.128735],[17.094244,48.128741],[17.094169,48.128709],[17.094275,48.128597],[17.094399,48.12865],[17.094444,48.128602],[17.094299,48.12854],[17.094266,48.128575],[17.094125,48.128515],[17.094134,48.128505],[17.094118,48.128498],[17.094091,48.128486],[17.094128,48.128447],[17.094153,48.128457],[17.094284,48.128513],[17.094315,48.128526],[17.094476,48.128597],[17.094334,48.128745],[17.094314,48.128737],[17.094297,48.128755]]]}},{"type":"Feature","properties":{"v":8.3,"p":3},"geometry":{"type":"Polygon","coordinates":[[[17.094313,48.128765],[17.094242,48.128755],[17.094184,48.128735],[17.094142,48.128711],[17.094111,48.128683],[17.094089,48.128648],[17.094079,48.128618],[17.094076,48.12859],[17.094082,48.128558],[17.094101,48.128525],[17.094118,48.128498],[17.094134,48.128505],[17.094125,48.128515],[17.094266,48.128575],[17.094254,48.128588],[17.094275,48.128597],[17.094169,48.128709],[17.094244,48.128741],[17.09425,48.128735],[17.094297,48.128755],[17.094314,48.128737],[17.094334,48.128745],[17.094313,48.128765]]]}},{"type":"Feature","properties":{"v":25.8,"p":9},"geometry":{"type":"Polygon","coordinates":[[[17.094867,48.12911],[17.094891,48.129385],[17.09472,48.129391],[17.094696,48.12911],[17.094706,48.129109],[17.094703,48.129082],[17.094865,48.129076],[17.094867,48.12911]]]}},{"type":"Feature","properties":{"v":25.7,"p":9},"geometry":{"type":"Polygon","coordinates":[[[17.094915,48.129693],[17.094746,48.129699],[17.09472,48.129391],[17.094891,48.129385],[17.094915,48.129693]]]}},{"type":"Feature","properties":{"v":25.7,"p":9},"geometry":{"type":"Polygon","coordinates":[[[17.094942,48.130081],[17.094771,48.130086],[17.094746,48.129699],[17.094915,48.129693],[17.094942,48.130081]]]}},{"type":"Feature","properties":{"v":25.7,"p":9},"geometry":{"type":"Polygon","coordinates":[[[17.096039,48.129069],[17.095642,48.129083],[17.095635,48.128968],[17.09603,48.128954],[17.096039,48.129069]]]}},{"type":"Feature","properties":{"v":25.7,"p":9},"geometry":{"type":"Polygon","coordinates":[[[17.094959,48.130341],[17.094792,48.130347],[17.094771,48.130086],[17.094942,48.130081],[17.094959,48.130341]]]}},{"type":"Feature","properties":{"v":6.4,"p":2},"geometry":{"type":"Polygon","coordinates":[[[17.107579,48.136024],[17.1076,48.136044],[17.107604,48.13607],[17.107584,48.136093],[17.107545,48.136105],[17.107502,48.13609],[17.107489,48.136061],[17.107505,48.136033],[17.107538,48.13602],[17.107579,48.136024]]]}},{"type":"Feature","properties":{"v":3.2,"p":1},"geometry":{"type":"Polygon","coordinates":[[[17.110151,48.130992],[17.110064,48.130994],[17.110006,48.130994],[17.110005,48.130942],[17.110061,48.130942],[17.110062,48.130942],[17.110147,48.130941],[17.110151,48.130992]]]}},{"type":"Feature","properties":{"v":2.3,"p":1},"geometry":{"type":"Polygon","coordinates":[[[17.095275,48.128836],[17.095213,48.128839],[17.095209,48.128795],[17.095271,48.128792],[17.095275,48.128836]]]}},{"type":"Feature","properties":{"v":3.1,"p":1},"geometry":{"type":"Polygon","coordinates":[[[17.099175,48.130405],[17.098995,48.130414],[17.098989,48.13036],[17.099169,48.130351],[17.099175,48.130405]]]}},{"type":"Feature","properties":{"v":2.9,"p":1},"geometry":{"type":"Polygon","coordinates":[[[17.099615,48.129032],[17.099501,48.129037],[17.099495,48.128968],[17.099608,48.128963],[17.099615,48.129032]]]}},{"type":"Feature","properties":{"v":3.4,"p":1},"geometry":{"type":"Polygon","coordinates":[[[17.101639,48.129242],[17.101387,48.129251],[17.101384,48.129209],[17.101589,48.129201],[17.101636,48.129199],[17.101639,48.129242]]]}},{"type":"Feature","properties":{"v":3.6,"p":1},"geometry":{"type":"Polygon","coordinates":[[[17.101895,48.129264],[17.101831,48.129267],[17.101827,48.129224],[17.101892,48.129221],[17.101895,48.129264]]]}},{"type":"Feature","properties":{"v":3.4,"p":1},"geometry":{"type":"Polygon","coordinates":[[[17.101866,48.128842],[17.101798,48.128845],[17.101793,48.128803],[17.101861,48.128799],[17.101866,48.128842]]]}},{"type":"Feature","properties":{"v":3,"p":1},"geometry":{"type":"Polygon","coordinates":[[[17.098214,48.129524],[17.098149,48.129527],[17.098144,48.129487],[17.098209,48.129483],[17.098214,48.129524]]]}},{"type":"Feature","properties":{"v":2,"p":1},"geometry":{"type":"Polygon","coordinates":[[[17.097458,48.128765],[17.097394,48.128769],[17.097389,48.128723],[17.097453,48.12872],[17.097458,48.128765]]]}},{"type":"Feature","properties":{"v":12.3,"p":4},"geometry":{"type":"Polygon","coordinates":[[[17.107941,48.136649],[17.107366,48.136672],[17.107356,48.136567],[17.10735,48.136493],[17.107348,48.136477],[17.107545,48.136469],[17.107546,48.13648],[17.107553,48.136554],[17.107621,48.136551],[17.107857,48.136542],[17.107854,48.136502],[17.107927,48.136499],[17.107941,48.136649]]]}},{"type":"Feature","properties":{"v":5.1,"p":2},"geometry":{"type":"Polygon","coordinates":[[[17.10732,48.136358],[17.107213,48.136362],[17.107204,48.13625],[17.107311,48.136246],[17.10732,48.136358]]]}},{"type":"Feature","properties":{"v":11.3,"p":4},"geometry":{"type":"Polygon","coordinates":[[[17.107922,48.136294],[17.107336,48.136316],[17.107328,48.136216],[17.107914,48.136194],[17.107922,48.136294]]]}},{"type":"Feature","properties":{"v":3.5,"p":1},"geometry":{"type":"Polygon","coordinates":[[[17.109611,48.133046],[17.109516,48.133082],[17.109424,48.132972],[17.109519,48.132937],[17.109611,48.133046]]]}},{"type":"Feature","properties":{"v":14.1,"p":5},"geometry":{"type":"Polygon","coordinates":[[[17.109725,48.129447],[17.109747,48.129719],[17.109495,48.129728],[17.109476,48.129504],[17.109468,48.129397],[17.109609,48.129391],[17.10972,48.129388],[17.109725,48.129447]]]}},{"type":"Feature","properties":{"v":6.4,"p":2},"geometry":{"type":"Polygon","coordinates":[[[17.109443,48.129066],[17.109468,48.129397],[17.109476,48.129504],[17.109267,48.129511],[17.109243,48.129189],[17.10923,48.129019],[17.109439,48.129012],[17.109443,48.129066]]]}},{"type":"Feature","properties":{"v":12.3,"p":4},"geometry":{"type":"Polygon","coordinates":[[[17.109801,48.129165],[17.109817,48.129385],[17.10972,48.129388],[17.109609,48.129391],[17.109588,48.129113],[17.109641,48.129112],[17.109797,48.129107],[17.109801,48.129165]]]}},{"type":"Feature","properties":{"v":11.2,"p":4},"geometry":{"type":"Polygon","coordinates":[[[17.10989,48.129103],[17.109797,48.129107],[17.109641,48.129112],[17.109624,48.128889],[17.109873,48.12888],[17.10989,48.129103]]]}},{"type":"Feature","properties":{"v":9,"p":3},"geometry":{"type":"Polygon","coordinates":[[[17.109588,48.129113],[17.109609,48.129391],[17.109468,48.129397],[17.109443,48.129066],[17.109584,48.129061],[17.109588,48.129113]]]}},{"type":"Feature","properties":{"v":8.9,"p":3},"geometry":{"type":"Polygon","coordinates":[[[17.10923,48.129019],[17.109243,48.129189],[17.109091,48.129194],[17.109067,48.128865],[17.109219,48.12886],[17.10923,48.129019]]]}},{"type":"Feature","properties":{"v":25.9,"p":9},"geometry":{"type":"Polygon","coordinates":[[[17.111599,48.1298],[17.111603,48.129853],[17.11063,48.129886],[17.110626,48.12983],[17.110621,48.129773],[17.111595,48.12974],[17.111599,48.1298]]]}},{"type":"Feature","properties":{"v":26.2,"p":9},"geometry":{"type":"Polygon","coordinates":[[[17.110595,48.129426],[17.110427,48.129431],[17.110402,48.129092],[17.11057,48.129086],[17.110595,48.129426]]]}},{"type":"Feature","properties":{"v":6.8,"p":2},"geometry":{"type":"Polygon","coordinates":[[[17.111255,48.130346],[17.110599,48.130369],[17.11059,48.130255],[17.111246,48.130231],[17.111255,48.130346]]]}},{"type":"Feature","properties":{"v":4,"p":1},"geometry":{"type":"Polygon","coordinates":[[[17.111245,48.130164],[17.110822,48.13018],[17.110816,48.130108],[17.111238,48.130091],[17.111245,48.130164]]]}},{"type":"Feature","properties":{"v":3.7,"p":1},"geometry":{"type":"Polygon","coordinates":[[[17.111223,48.130473],[17.111127,48.130476],[17.111125,48.130441],[17.111221,48.130438],[17.111223,48.130473]]]}},{"type":"Feature","properties":{"v":5.6,"p":2},"geometry":{"type":"Polygon","coordinates":[[[17.111404,48.131112],[17.111131,48.131123],[17.111121,48.131015],[17.111111,48.130906],[17.111383,48.130894],[17.111404,48.131112]]]}},{"type":"Feature","properties":{"v":8,"p":3},"geometry":{"type":"Polygon","coordinates":[[[17.111121,48.131015],[17.110796,48.131028],[17.110786,48.130917],[17.110951,48.13091],[17.110949,48.130883],[17.111031,48.13088],[17.111034,48.130905],[17.111111,48.130902],[17.111111,48.130906],[17.111121,48.131015]]]}},{"type":"Feature","properties":{"v":5.6,"p":2},"geometry":{"type":"Polygon","coordinates":[[[17.111131,48.131123],[17.110843,48.131136],[17.110632,48.131008],[17.110625,48.130922],[17.110786,48.130917],[17.110796,48.131028],[17.111121,48.131015],[17.111131,48.131123]]]}},{"type":"Feature","properties":{"v":4.3,"p":1},"geometry":{"type":"Polygon","coordinates":[[[17.11029,48.13103],[17.110212,48.131034],[17.110211,48.131016],[17.110152,48.131018],[17.110151,48.130992],[17.110147,48.130941],[17.110142,48.130869],[17.11028,48.130864],[17.11029,48.13103]]]}},{"type":"Feature","properties":{"v":7,"p":2},"geometry":{"type":"Polygon","coordinates":[[[17.110603,48.131023],[17.110606,48.131056],[17.110612,48.131143],[17.110551,48.131152],[17.110486,48.131159],[17.110417,48.131158],[17.11035,48.131152],[17.110336,48.130975],[17.110353,48.130974],[17.110562,48.130967],[17.110603,48.131023]]]}},{"type":"Feature","properties":{"v":5.6,"p":2},"geometry":{"type":"Polygon","coordinates":[[[17.110632,48.131008],[17.110603,48.131023],[17.110562,48.130967],[17.110353,48.130974],[17.110346,48.130894],[17.11049,48.130888],[17.110516,48.130887],[17.11052,48.130926],[17.110625,48.130922],[17.110632,48.131008]]]}},{"type":"Feature","properties":{"v":6,"p":2},"geometry":{"type":"Polygon","coordinates":[[[17.110069,48.136945],[17.10988,48.136949],[17.109877,48.136887],[17.110066,48.136883],[17.110069,48.136945]]]}},{"type":"Feature","properties":{"v":11.4,"p":4},"geometry":{"type":"Polygon","coordinates":[[[17.109246,48.136743],[17.109044,48.136755],[17.109031,48.136663],[17.10925,48.13665],[17.109239,48.136567],[17.109399,48.136557],[17.10941,48.136641],[17.109525,48.136635],[17.109529,48.136664],[17.109534,48.136703],[17.109537,48.136728],[17.109404,48.136736],[17.109407,48.136753],[17.109262,48.136761],[17.10926,48.136743],[17.109246,48.136743]]]}},{"type":"Feature","properties":{"v":3.8,"p":1},"geometry":{"type":"Polygon","coordinates":[[[17.109252,48.136792],[17.109036,48.136805],[17.109029,48.136756],[17.109044,48.136755],[17.109246,48.136743],[17.109252,48.136792]]]}},{"type":"Feature","properties":{"v":32.3,"p":11},"geometry":{"type":"Polygon","coordinates":[[[17.108091,48.131072],[17.107524,48.131082],[17.10736,48.131082],[17.107238,48.131075],[17.107015,48.131053],[17.107062,48.130918],[17.107269,48.130939],[17.107263,48.130974],[17.10739,48.130973],[17.107879,48.13097],[17.107882,48.130939],[17.108084,48.130936],[17.108091,48.131072]]]}},{"type":"Feature","properties":{"v":4.4,"p":1},"geometry":{"type":"Polygon","coordinates":[[[17.107621,48.136551],[17.107553,48.136554],[17.107546,48.13648],[17.107615,48.136477],[17.107621,48.136551]]]}},{"type":"Feature","properties":{"v":5.3,"p":2},"geometry":{"type":"Polygon","coordinates":[[[17.109822,48.129444],[17.109725,48.129447],[17.10972,48.129388],[17.109817,48.129385],[17.109822,48.129444]]]}},{"type":"Feature","properties":{"v":4,"p":1},"geometry":{"type":"Polygon","coordinates":[[[17.109895,48.129161],[17.109801,48.129165],[17.109797,48.129107],[17.10989,48.129103],[17.109895,48.129161]]]}},{"type":"Feature","properties":{"v":19.8,"p":7},"geometry":{"type":"Polygon","coordinates":[[[17.108093,48.132255],[17.108141,48.132264],[17.108106,48.1323],[17.108144,48.132517],[17.10823,48.132922],[17.108255,48.13305],[17.108172,48.133081],[17.108021,48.133003],[17.107525,48.132746],[17.107351,48.132655],[17.107306,48.132647],[17.107309,48.132634],[17.107219,48.132618],[17.107249,48.132557],[17.107296,48.132532],[17.107438,48.132453],[17.107571,48.132395],[17.107705,48.132344],[17.107844,48.1323],[17.107988,48.132265],[17.108054,48.132248],[17.108093,48.132255]]]}},{"type":"Feature","properties":{"v":17.5,"p":6},"geometry":{"type":"Polygon","coordinates":[[[17.107739,48.133274],[17.107555,48.133443],[17.107419,48.133557],[17.107391,48.133581],[17.106885,48.133314],[17.107169,48.133062],[17.107525,48.132746],[17.108021,48.133003],[17.108172,48.133081],[17.108001,48.133156],[17.107981,48.133144],[17.107739,48.133274]]]}},{"type":"Feature","properties":{"v":17.9,"p":6},"geometry":{"type":"Polygon","coordinates":[[[17.108401,48.132564],[17.108434,48.132742],[17.108463,48.132901],[17.108416,48.132905],[17.10823,48.132922],[17.108144,48.132517],[17.108387,48.13249],[17.108401,48.132564]]]}},{"type":"Feature","properties":{"v":15.9,"p":5},"geometry":{"type":"Polygon","coordinates":[[[17.109807,48.13236],[17.109625,48.132409],[17.109614,48.13236],[17.109783,48.132346],[17.109803,48.132345],[17.109807,48.13236]]]}},{"type":"Feature","properties":{"v":12.5,"p":4},"geometry":{"type":"Polygon","coordinates":[[[17.109783,48.132346],[17.109614,48.13236],[17.109589,48.132248],[17.109565,48.132143],[17.109728,48.132128],[17.109783,48.132346]]]}},{"type":"Feature","properties":{"v":12.4,"p":4},"geometry":{"type":"Polygon","coordinates":[[[17.109486,48.132117],[17.10872,48.13219],[17.10871,48.132134],[17.109479,48.132063],[17.109486,48.132117]]]}},{"type":"Feature","properties":{"v":12.5,"p":4},"geometry":{"type":"Polygon","coordinates":[[[17.10862,48.132199],[17.108186,48.13224],[17.108178,48.132184],[17.10861,48.132146],[17.10862,48.132199]]]}},{"type":"Feature","properties":{"v":28.6,"p":10},"geometry":{"type":"Polygon","coordinates":[[[17.107492,48.131108],[17.107347,48.131107],[17.107202,48.131099],[17.106965,48.131071],[17.107022,48.130911],[17.107062,48.130918],[17.107015,48.131053],[17.107238,48.131075],[17.10736,48.131082],[17.107524,48.131082],[17.108091,48.131072],[17.108084,48.130936],[17.108114,48.130935],[17.10812,48.131095],[17.108076,48.131095],[17.108037,48.131096],[17.108001,48.131097],[17.107492,48.131108]]]}},{"type":"Feature","properties":{"v":27.7,"p":9},"geometry":{"type":"Polygon","coordinates":[[[17.107879,48.13097],[17.10739,48.130973],[17.107263,48.130974],[17.107269,48.130939],[17.107062,48.130918],[17.107022,48.130911],[17.107034,48.13088],[17.107158,48.130898],[17.107258,48.130908],[17.107318,48.130913],[17.107346,48.130915],[17.1075,48.130918],[17.107672,48.130912],[17.108111,48.130902],[17.108114,48.130935],[17.108084,48.130936],[17.107882,48.130939],[17.107879,48.13097]]]}},{"type":"Feature","properties":{"v":3.1,"p":1},"geometry":{"type":"Polygon","coordinates":[[[17.109407,48.13118],[17.109207,48.131187],[17.109206,48.131177],[17.109193,48.131007],[17.109191,48.130962],[17.109391,48.130956],[17.109407,48.13118]]]}},{"type":"Feature","properties":{"v":4.9,"p":2},"geometry":{"type":"Polygon","coordinates":[[[17.1091,48.130919],[17.109106,48.131008],[17.109116,48.131188],[17.108953,48.131192],[17.108937,48.130944],[17.108935,48.130885],[17.109098,48.13088],[17.1091,48.130919]]]}},{"type":"Feature","properties":{"v":4.8,"p":2},"geometry":{"type":"Polygon","coordinates":[[[17.109206,48.131177],[17.109207,48.131187],[17.109116,48.131188],[17.109106,48.131008],[17.109193,48.131007],[17.109206,48.131177]]]}},{"type":"Feature","properties":{"v":26.8,"p":9},"geometry":{"type":"Polygon","coordinates":[[[17.096096,48.129816],[17.095927,48.129822],[17.095883,48.129253],[17.096052,48.129248],[17.096096,48.129816]]]}},{"type":"Feature","properties":{"v":26.3,"p":9},"geometry":{"type":"Polygon","coordinates":[[[17.096804,48.129793],[17.096631,48.1298],[17.096585,48.129229],[17.096758,48.129223],[17.096804,48.129793]]]}},{"type":"Feature","properties":{"v":26.3,"p":9},"geometry":{"type":"Polygon","coordinates":[[[17.097353,48.129026],[17.096579,48.129051],[17.096571,48.128939],[17.097345,48.128914],[17.097353,48.129026]]]}},{"type":"Feature","properties":{"v":26.5,"p":9},"geometry":{"type":"Polygon","coordinates":[[[17.097742,48.128983],[17.097743,48.129013],[17.097353,48.129026],[17.097345,48.128914],[17.097738,48.1289],[17.097742,48.128983]]]}},{"type":"Feature","properties":{"v":26.5,"p":9},"geometry":{"type":"Polygon","coordinates":[[[17.097934,48.129283],[17.097766,48.12929],[17.097743,48.129013],[17.097742,48.128983],[17.097909,48.128976],[17.097934,48.129283]]]}},{"type":"Feature","properties":{"v":26.4,"p":9},"geometry":{"type":"Polygon","coordinates":[[[17.097978,48.129852],[17.097812,48.129858],[17.09779,48.129552],[17.097955,48.129546],[17.097978,48.129852]]]}},{"type":"Feature","properties":{"v":26.3,"p":9},"geometry":{"type":"Polygon","coordinates":[[[17.097955,48.129546],[17.09779,48.129552],[17.097766,48.12929],[17.097934,48.129283],[17.097955,48.129546]]]}},{"type":"Feature","properties":{"v":4.5,"p":2},"geometry":{"type":"Polygon","coordinates":[[[17.097642,48.129768],[17.097308,48.129781],[17.0973,48.129696],[17.097634,48.129683],[17.097642,48.129768]]]}},{"type":"Feature","properties":{"v":26.5,"p":9},"geometry":{"type":"Polygon","coordinates":[[[17.096786,48.128647],[17.096006,48.128672],[17.095998,48.12856],[17.096778,48.128535],[17.096786,48.128647]]]}},{"type":"Feature","properties":{"v":26.3,"p":9},"geometry":{"type":"Polygon","coordinates":[[[17.097172,48.128633],[17.096786,48.128647],[17.096778,48.128535],[17.097165,48.128523],[17.097172,48.128633]]]}},{"type":"Feature","properties":{"v":4.9,"p":2},"geometry":{"type":"Polygon","coordinates":[[[17.095768,48.129832],[17.09544,48.129846],[17.095432,48.129761],[17.09576,48.129748],[17.095768,48.129832]]]}},{"type":"Feature","properties":{"v":7.5,"p":2},"geometry":{"type":"Polygon","coordinates":[[[17.096992,48.130122],[17.097002,48.130234],[17.097011,48.130348],[17.096678,48.130361],[17.096667,48.130233],[17.096826,48.130226],[17.096817,48.130121],[17.096992,48.130114],[17.096992,48.130122]]]}},{"type":"Feature","properties":{"v":7.5,"p":2},"geometry":{"type":"Polygon","coordinates":[[[17.097501,48.130213],[17.097347,48.130218],[17.097166,48.130224],[17.097159,48.130117],[17.097157,48.130094],[17.097248,48.130091],[17.097492,48.130084],[17.097501,48.130213]]]}},{"type":"Feature","properties":{"v":4,"p":1},"geometry":{"type":"Polygon","coordinates":[[[17.097359,48.130393],[17.097016,48.130407],[17.097011,48.130348],[17.097002,48.130234],[17.097166,48.130224],[17.097347,48.130218],[17.097359,48.130393]]]}},{"type":"Feature","properties":{"v":5.1,"p":2},"geometry":{"type":"Polygon","coordinates":[[[17.097582,48.130211],[17.097501,48.130213],[17.097492,48.130084],[17.097572,48.130081],[17.097582,48.130211]]]}},{"type":"Feature","properties":{"v":4.4,"p":1},"geometry":{"type":"Polygon","coordinates":[[[17.096817,48.130121],[17.096813,48.130066],[17.09699,48.130059],[17.096988,48.129992],[17.097242,48.129985],[17.097248,48.130091],[17.097157,48.130094],[17.097159,48.130117],[17.096992,48.130122],[17.096992,48.130114],[17.096817,48.130121]]]}},{"type":"Feature","properties":{"v":21.2,"p":7},"geometry":{"type":"Polygon","coordinates":[[[17.097814,48.130626],[17.097814,48.130635],[17.09773,48.130637],[17.097725,48.130537],[17.098048,48.130529],[17.098054,48.130626],[17.097978,48.130627],[17.097978,48.13062],[17.09792,48.130621],[17.09792,48.130632],[17.097896,48.130632],[17.097896,48.130624],[17.097814,48.130626]]]}},{"type":"Feature","properties":{"v":4.6,"p":2},"geometry":{"type":"Polygon","coordinates":[[[17.095902,48.12868],[17.095569,48.128693],[17.095561,48.128603],[17.095894,48.12859],[17.095902,48.12868]]]}},{"type":"Feature","properties":{"v":11.9,"p":4},"geometry":{"type":"Polygon","coordinates":[[[17.098901,48.130536],[17.098617,48.130545],[17.098605,48.130373],[17.098708,48.13037],[17.098708,48.130374],[17.098783,48.130371],[17.098783,48.130368],[17.098889,48.130365],[17.098901,48.130536]]]}},{"type":"Feature","properties":{"v":9.8,"p":3},"geometry":{"type":"Polygon","coordinates":[[[17.09895,48.12988],[17.098652,48.12989],[17.098632,48.129609],[17.09893,48.129599],[17.09895,48.12988]]]}},{"type":"Feature","properties":{"v":4.1,"p":1},"geometry":{"type":"Polygon","coordinates":[[[17.098832,48.12859],[17.098722,48.128595],[17.098715,48.128518],[17.098825,48.128514],[17.098832,48.12859]]]}},{"type":"Feature","properties":{"v":7.6,"p":3},"geometry":{"type":"Polygon","coordinates":[[[17.099183,48.129127],[17.098844,48.129138],[17.098838,48.129053],[17.09913,48.129044],[17.099128,48.129009],[17.099174,48.129007],[17.099183,48.129127]]]}},{"type":"Feature","properties":{"v":7.8,"p":3},"geometry":{"type":"Polygon","coordinates":[[[17.098826,48.128907],[17.098835,48.129019],[17.098838,48.129053],[17.098844,48.129138],[17.098505,48.12915],[17.098495,48.12902],[17.098656,48.129015],[17.098648,48.128908],[17.098826,48.128902],[17.098826,48.128907]]]}},{"type":"Feature","properties":{"v":7.3,"p":2},"geometry":{"type":"Polygon","coordinates":[[[17.099346,48.128938],[17.099328,48.128939],[17.099334,48.129001],[17.099174,48.129007],[17.099128,48.129009],[17.099001,48.129014],[17.09899,48.1289],[17.098988,48.128882],[17.099086,48.128877],[17.099324,48.128867],[17.099325,48.12888],[17.09934,48.12888],[17.099346,48.128938]]]}},{"type":"Feature","properties":{"v":4.3,"p":1},"geometry":{"type":"Polygon","coordinates":[[[17.099414,48.128998],[17.099334,48.129001],[17.099328,48.128939],[17.099346,48.128938],[17.09934,48.12888],[17.099325,48.12888],[17.099324,48.128867],[17.099402,48.128864],[17.099414,48.128998]]]}},{"type":"Feature","properties":{"v":4.1,"p":1},"geometry":{"type":"Polygon","coordinates":[[[17.099186,48.129178],[17.098846,48.129188],[17.098844,48.129138],[17.099183,48.129127],[17.099186,48.129178]]]}},{"type":"Feature","properties":{"v":3.1,"p":1},"geometry":{"type":"Polygon","coordinates":[[[17.099258,48.12923],[17.099195,48.129231],[17.099194,48.129203],[17.099193,48.129178],[17.099254,48.129179],[17.099258,48.12923]]]}},{"type":"Feature","properties":{"v":3.2,"p":1},"geometry":{"type":"Polygon","coordinates":[[[17.099195,48.129231],[17.099104,48.129233],[17.099103,48.129205],[17.099194,48.129203],[17.099195,48.129231]]]}},{"type":"Feature","properties":{"v":5,"p":2},"geometry":{"type":"Polygon","coordinates":[[[17.098826,48.128902],[17.098648,48.128908],[17.098644,48.128853],[17.098821,48.128847],[17.098826,48.128902]]]}},{"type":"Feature","properties":{"v":4.7,"p":2},"geometry":{"type":"Polygon","coordinates":[[[17.099086,48.128877],[17.098988,48.128882],[17.09899,48.1289],[17.098826,48.128907],[17.098826,48.128902],[17.098821,48.128847],[17.098816,48.128779],[17.099077,48.12877],[17.099086,48.128877]]]}},{"type":"Feature","properties":{"v":5.2,"p":2},"geometry":{"type":"Polygon","coordinates":[[[17.09913,48.129044],[17.098838,48.129053],[17.098835,48.129019],[17.099001,48.129014],[17.099128,48.129009],[17.09913,48.129044]]]}},{"type":"Feature","properties":{"v":26.2,"p":9},"geometry":{"type":"Polygon","coordinates":[[[17.102241,48.128937],[17.10207,48.128942],[17.102047,48.128634],[17.102218,48.128629],[17.102241,48.128937]]]}},{"type":"Feature","properties":{"v":26.3,"p":9},"geometry":{"type":"Polygon","coordinates":[[[17.103469,48.129174],[17.103463,48.129175],[17.103464,48.129204],[17.103306,48.129208],[17.103304,48.129178],[17.10326,48.128594],[17.103425,48.128587],[17.103469,48.129174]]]}},{"type":"Feature","properties":{"v":26.3,"p":9},"geometry":{"type":"Polygon","coordinates":[[[17.103306,48.129208],[17.103312,48.129288],[17.102271,48.129326],[17.102265,48.129246],[17.102262,48.129217],[17.103304,48.129178],[17.103306,48.129208]]]}},{"type":"Feature","properties":{"v":4.6,"p":2},"geometry":{"type":"Polygon","coordinates":[[[17.103071,48.128709],[17.102733,48.12872],[17.102726,48.128633],[17.103064,48.128622],[17.103071,48.128709]]]}},{"type":"Feature","properties":{"v":14,"p":5},"geometry":{"type":"Polygon","coordinates":[[[17.100796,48.128569],[17.100804,48.128676],[17.100665,48.128681],[17.100556,48.128685],[17.100552,48.128629],[17.100531,48.128355],[17.100779,48.128346],[17.100796,48.128569]]]}},{"type":"Feature","properties":{"v":11.3,"p":4},"geometry":{"type":"Polygon","coordinates":[[[17.100686,48.128962],[17.100631,48.128963],[17.100477,48.128969],[17.100473,48.128911],[17.100456,48.128688],[17.100556,48.128685],[17.100665,48.128681],[17.100686,48.128962]]]}},{"type":"Feature","properties":{"v":3.8,"p":1},"geometry":{"type":"Polygon","coordinates":[[[17.100556,48.128685],[17.100456,48.128688],[17.100452,48.128633],[17.100552,48.128629],[17.100556,48.128685]]]}},{"type":"Feature","properties":{"v":8,"p":3},"geometry":{"type":"Polygon","coordinates":[[[17.100829,48.12901],[17.100689,48.129016],[17.100686,48.128962],[17.100665,48.128681],[17.100804,48.128676],[17.100829,48.12901]]]}},{"type":"Feature","properties":{"v":11.4,"p":4},"geometry":{"type":"Polygon","coordinates":[[[17.100645,48.129188],[17.100396,48.129195],[17.100381,48.128972],[17.100477,48.128969],[17.100631,48.128963],[17.100645,48.129188]]]}},{"type":"Feature","properties":{"v":3.7,"p":1},"geometry":{"type":"Polygon","coordinates":[[[17.100477,48.128969],[17.100381,48.128972],[17.100377,48.128914],[17.100473,48.128911],[17.100477,48.128969]]]}},{"type":"Feature","properties":{"v":6.8,"p":2},"geometry":{"type":"Polygon","coordinates":[[[17.10103,48.128886],[17.101042,48.129057],[17.100832,48.129064],[17.100829,48.12901],[17.100804,48.128676],[17.100796,48.128569],[17.101004,48.128562],[17.10103,48.128886]]]}},{"type":"Feature","properties":{"v":9.8,"p":3},"geometry":{"type":"Polygon","coordinates":[[[17.101202,48.129214],[17.101051,48.129218],[17.101042,48.129057],[17.10103,48.128886],[17.101178,48.128882],[17.101202,48.129214]]]}},{"type":"Feature","properties":{"v":4.9,"p":2},"geometry":{"type":"Polygon","coordinates":[[[17.098992,48.129631],[17.098994,48.129657],[17.09901,48.129912],[17.098654,48.129926],[17.098652,48.12989],[17.09895,48.12988],[17.09893,48.129599],[17.09899,48.129597],[17.098992,48.129631]]]}},{"type":"Feature","properties":{"v":45.4,"p":15},"geometry":{"type":"Polygon","coordinates":[[[17.097212,48.130622],[17.097213,48.130634],[17.09716,48.130635],[17.097163,48.130682],[17.097045,48.130684],[17.097038,48.130559],[17.09716,48.130556],[17.097161,48.130571],[17.097267,48.130568],[17.097267,48.130553],[17.097498,48.130548],[17.097499,48.130559],[17.097606,48.130557],[17.097605,48.13054],[17.097725,48.130537],[17.09773,48.130637],[17.097731,48.130663],[17.097617,48.130666],[17.097616,48.130678],[17.097565,48.13068],[17.097564,48.130656],[17.09761,48.130655],[17.097608,48.130611],[17.097548,48.130613],[17.097549,48.130625],[17.097496,48.130626],[17.097499,48.13067],[17.097272,48.130676],[17.097273,48.130687],[17.097229,48.130689],[17.097228,48.130665],[17.097274,48.130664],[17.097272,48.13062],[17.097212,48.130622]]]}},{"type":"Feature","properties":{"v":45.1,"p":15},"geometry":{"type":"Polygon","coordinates":[[[17.095842,48.13067],[17.095842,48.130682],[17.09579,48.130684],[17.095792,48.130729],[17.095679,48.130732],[17.095678,48.130713],[17.095672,48.130626],[17.095671,48.130608],[17.095792,48.130604],[17.095793,48.130618],[17.095896,48.130614],[17.095895,48.130599],[17.096129,48.130592],[17.09613,48.130605],[17.096234,48.130602],[17.096233,48.130587],[17.096358,48.130583],[17.096366,48.13071],[17.09625,48.130713],[17.096251,48.130724],[17.096198,48.130726],[17.096197,48.130702],[17.096242,48.130701],[17.09624,48.130657],[17.096181,48.130659],[17.096181,48.130671],[17.096129,48.130672],[17.096131,48.130716],[17.095912,48.130723],[17.095912,48.130735],[17.095859,48.130737],[17.095858,48.130713],[17.095903,48.130712],[17.095901,48.130669],[17.095842,48.13067]]]}},{"type":"Feature","properties":{"v":45.3,"p":15},"geometry":{"type":"Polygon","coordinates":[[[17.096528,48.130647],[17.096528,48.13066],[17.096476,48.130661],[17.096478,48.130707],[17.096366,48.13071],[17.096358,48.130583],[17.096476,48.13058],[17.096477,48.130594],[17.096583,48.130591],[17.096582,48.130576],[17.096812,48.130568],[17.096813,48.130581],[17.09692,48.130578],[17.096919,48.130563],[17.097038,48.130559],[17.097045,48.130684],[17.096933,48.130688],[17.096934,48.1307],[17.096881,48.130702],[17.09688,48.130678],[17.096926,48.130677],[17.096923,48.130634],[17.096864,48.130635],[17.096865,48.130647],[17.096812,48.130649],[17.096815,48.130694],[17.096595,48.1307],[17.096595,48.130713],[17.096545,48.130714],[17.096544,48.130691],[17.096589,48.13069],[17.096587,48.130646],[17.096528,48.130647]]]}},{"type":"Feature","properties":{"v":45.4,"p":15},"geometry":{"type":"Polygon","coordinates":[[[17.098018,48.1304],[17.097833,48.130406],[17.097827,48.130327],[17.097847,48.130327],[17.097842,48.130254],[17.097821,48.130255],[17.097815,48.130176],[17.097835,48.130175],[17.097833,48.130142],[17.097811,48.130142],[17.097805,48.130064],[17.097826,48.130063],[17.09782,48.129991],[17.0978,48.129992],[17.097794,48.129911],[17.09798,48.129904],[17.097986,48.129983],[17.098001,48.129983],[17.098004,48.13002],[17.097971,48.130021],[17.097969,48.129986],[17.0979,48.129988],[17.097903,48.130031],[17.097923,48.13003],[17.097926,48.130066],[17.097995,48.130063],[17.098009,48.130245],[17.098024,48.130245],[17.098026,48.130283],[17.097994,48.130284],[17.097991,48.130249],[17.097922,48.130251],[17.097926,48.130294],[17.097946,48.130293],[17.097948,48.130329],[17.098012,48.130326],[17.098018,48.1304]]]}},{"type":"Feature","properties":{"v":45.2,"p":15},"geometry":{"type":"Polygon","coordinates":[[[17.095125,48.130466],[17.095126,48.130478],[17.095073,48.130479],[17.095075,48.130523],[17.095027,48.130525],[17.094962,48.130527],[17.094954,48.130403],[17.095073,48.130399],[17.095074,48.13041],[17.095181,48.130407],[17.09518,48.130393],[17.095412,48.130386],[17.095413,48.1304],[17.095522,48.130397],[17.095521,48.130383],[17.095638,48.13038],[17.095647,48.130504],[17.095599,48.130505],[17.095594,48.130506],[17.095536,48.130507],[17.095537,48.130521],[17.09548,48.130522],[17.095479,48.130499],[17.095525,48.130498],[17.095523,48.130454],[17.095463,48.130455],[17.095464,48.130467],[17.095411,48.130469],[17.095414,48.130512],[17.095198,48.130519],[17.095198,48.13053],[17.095142,48.130533],[17.095141,48.130509],[17.095187,48.130508],[17.095184,48.130465],[17.095125,48.130466]]]}},{"type":"Feature","properties":{"v":44.5,"p":15},"geometry":{"type":"Polygon","coordinates":[[[17.098698,48.129479],[17.098699,48.129492],[17.098646,48.129493],[17.098649,48.129538],[17.098628,48.129539],[17.098541,48.129541],[17.098532,48.129414],[17.098653,48.129411],[17.098654,48.129426],[17.098757,48.129422],[17.098756,48.129406],[17.098988,48.129399],[17.098989,48.129415],[17.099096,48.129411],[17.099095,48.129396],[17.099215,48.129392],[17.099224,48.129516],[17.09911,48.12952],[17.099111,48.129532],[17.099055,48.129535],[17.099053,48.129513],[17.099101,48.129512],[17.099098,48.129465],[17.099037,48.129467],[17.099037,48.12948],[17.098984,48.129481],[17.098987,48.129524],[17.09877,48.129531],[17.098771,48.129544],[17.098716,48.129547],[17.098715,48.129525],[17.098762,48.129524],[17.098759,48.129477],[17.098698,48.129479]]]}},{"type":"Feature","properties":{"v":44.3,"p":15},"geometry":{"type":"Polygon","coordinates":[[[17.099382,48.129456],[17.099383,48.129469],[17.09933,48.12947],[17.099333,48.129512],[17.099224,48.129516],[17.099215,48.129392],[17.099337,48.129388],[17.099338,48.129402],[17.099442,48.129399],[17.099441,48.129383],[17.099673,48.129376],[17.099674,48.129389],[17.099782,48.129385],[17.099781,48.129371],[17.099897,48.129367],[17.099905,48.129494],[17.099795,48.129497],[17.099796,48.129508],[17.099738,48.129511],[17.099736,48.129489],[17.099784,48.129487],[17.099781,48.129441],[17.09972,48.129443],[17.099721,48.129456],[17.099668,48.129457],[17.099671,48.129502],[17.099456,48.129509],[17.099457,48.129521],[17.0994,48.129524],[17.099399,48.129502],[17.099446,48.129501],[17.099443,48.129454],[17.099382,48.129456]]]}},{"type":"Feature","properties":{"v":42.1,"p":14},"geometry":{"type":"Polygon","coordinates":[[[17.10132,48.130308],[17.101153,48.130314],[17.10115,48.130275],[17.101131,48.130275],[17.101126,48.130194],[17.101146,48.130193],[17.101141,48.130123],[17.101121,48.130124],[17.10111,48.129968],[17.101129,48.129968],[17.101123,48.129897],[17.101105,48.129898],[17.1011,48.129818],[17.101193,48.129815],[17.101285,48.129812],[17.101291,48.129887],[17.101305,48.129887],[17.101307,48.129923],[17.101275,48.129924],[17.101274,48.129892],[17.101208,48.129893],[17.10121,48.129935],[17.101229,48.129935],[17.101231,48.129969],[17.101295,48.129968],[17.101306,48.130114],[17.10132,48.130113],[17.101324,48.13015],[17.101292,48.130151],[17.10129,48.130118],[17.101225,48.13012],[17.101227,48.130162],[17.101246,48.130161],[17.101247,48.130196],[17.101313,48.130195],[17.10132,48.130308]]]}},{"type":"Feature","properties":{"v":41.9,"p":14},"geometry":{"type":"Polygon","coordinates":[[[17.101285,48.129812],[17.101193,48.129815],[17.1011,48.129818],[17.101094,48.129736],[17.101111,48.129736],[17.101106,48.129666],[17.101087,48.129666],[17.101081,48.129588],[17.101266,48.129582],[17.101272,48.129656],[17.101286,48.129655],[17.10129,48.129693],[17.101258,48.129693],[17.101257,48.129661],[17.101191,48.129662],[17.101193,48.129704],[17.101212,48.129704],[17.101214,48.129739],[17.101279,48.129737],[17.101285,48.129812]]]}},{"type":"Feature","properties":{"v":41.8,"p":14},"geometry":{"type":"Polygon","coordinates":[[[17.101266,48.129582],[17.101081,48.129588],[17.101076,48.129509],[17.101098,48.129508],[17.101093,48.12944],[17.10107,48.129441],[17.101064,48.129359],[17.101249,48.129353],[17.101255,48.129433],[17.101267,48.129433],[17.101273,48.129466],[17.101241,48.129467],[17.101239,48.129435],[17.101174,48.129436],[17.101176,48.129478],[17.101195,48.129478],[17.101196,48.129512],[17.101261,48.129511],[17.101266,48.129582]]]}},{"type":"Feature","properties":{"v":37.3,"p":12},"geometry":{"type":"Polygon","coordinates":[[[17.095066,48.128701],[17.095034,48.128637],[17.095084,48.128626],[17.095067,48.128593],[17.095052,48.128596],[17.095039,48.128569],[17.095051,48.128567],[17.09502,48.128505],[17.095111,48.128485],[17.095122,48.128506],[17.095157,48.128498],[17.09516,48.128505],[17.095254,48.128484],[17.095261,48.128496],[17.095285,48.128544],[17.095231,48.128557],[17.095248,48.128591],[17.095262,48.128588],[17.095275,48.128612],[17.095264,48.128614],[17.095296,48.128676],[17.095205,48.128697],[17.095196,48.128677],[17.09516,48.128685],[17.095157,48.12868],[17.095066,48.128701]]]}},{"type":"Feature","properties":{"v":37.5,"p":12},"geometry":{"type":"Polygon","coordinates":[[[17.095261,48.128496],[17.095254,48.128484],[17.095228,48.12843],[17.095283,48.128419],[17.095268,48.128387],[17.095254,48.12839],[17.095241,48.128362],[17.095251,48.12836],[17.095221,48.128299],[17.095315,48.128278],[17.095325,48.128299],[17.095366,48.12829],[17.095368,48.128294],[17.095456,48.128275],[17.095462,48.128289],[17.095486,48.128337],[17.095432,48.128349],[17.095451,48.128387],[17.095466,48.128384],[17.095479,48.128411],[17.09547,48.128412],[17.095499,48.128471],[17.095407,48.128492],[17.095398,48.128474],[17.095359,48.128483],[17.095356,48.128475],[17.095261,48.128496]]]}},{"type":"Feature","properties":{"v":37.4,"p":12},"geometry":{"type":"Polygon","coordinates":[[[17.098352,48.128429],[17.098254,48.128432],[17.098251,48.128394],[17.098198,48.128396],[17.098199,48.128407],[17.098155,48.128408],[17.098154,48.128403],[17.098056,48.128406],[17.098051,48.128337],[17.098083,48.128337],[17.098081,48.128309],[17.098089,48.128309],[17.098085,48.128246],[17.098185,48.128243],[17.098187,48.128278],[17.098239,48.128277],[17.098239,48.128265],[17.098284,48.128264],[17.098285,48.12827],[17.09838,48.128267],[17.098384,48.128336],[17.098356,48.128337],[17.098358,48.128363],[17.098348,48.128364],[17.098352,48.128429]]]}},{"type":"Feature","properties":{"v":37.5,"p":12},"geometry":{"type":"Polygon","coordinates":[[[17.09852,48.128614],[17.098421,48.128617],[17.098419,48.128579],[17.098368,48.12858],[17.098369,48.128594],[17.098321,48.128595],[17.098321,48.128588],[17.098223,48.12859],[17.098219,48.128523],[17.098249,48.128522],[17.098248,48.128493],[17.098257,48.128492],[17.098254,48.128432],[17.098352,48.128429],[17.098354,48.128462],[17.098409,48.128461],[17.098409,48.128449],[17.098453,48.128448],[17.098453,48.128451],[17.09855,48.128449],[17.098554,48.128517],[17.098527,48.128517],[17.098529,48.128545],[17.098517,48.128546],[17.09852,48.128614]]]}},{"type":"Feature","properties":{"v":2.5,"p":1},"geometry":{"type":"Polygon","coordinates":[[[17.097836,48.128385],[17.097802,48.128419],[17.097747,48.128395],[17.097781,48.128361],[17.097836,48.128385]]]}},{"type":"Feature","properties":{"v":3,"p":1},"geometry":{"type":"Polygon","coordinates":[[[17.104394,48.129174],[17.104206,48.129181],[17.104202,48.129124],[17.10439,48.129118],[17.104394,48.129174]]]}},{"type":"Feature","properties":{"v":3.4,"p":1},"geometry":{"type":"Polygon","coordinates":[[[17.104353,48.128833],[17.1042,48.128838],[17.104198,48.1288],[17.10435,48.128795],[17.104353,48.128833]]]}},{"type":"Feature","properties":{"v":3.2,"p":1},"geometry":{"type":"Polygon","coordinates":[[[17.106031,48.135146],[17.105993,48.1352],[17.105918,48.135178],[17.105956,48.135123],[17.106031,48.135146]]]}},{"type":"Feature","properties":{"v":5.8,"p":2},"geometry":{"type":"Polygon","coordinates":[[[17.10554,48.129422],[17.105452,48.129311],[17.10557,48.129141],[17.105797,48.128996],[17.105871,48.129052],[17.106146,48.12925],[17.10584,48.129088],[17.10554,48.129422]]]}},{"type":"Feature","properties":{"v":6.1,"p":2},"geometry":{"type":"Polygon","coordinates":[[[17.107014,48.12977],[17.106651,48.12967],[17.106626,48.129732],[17.106416,48.129648],[17.106564,48.12952],[17.107014,48.12977]]]}},{"type":"Feature","properties":{"v":6.1,"p":2},"geometry":{"type":"Polygon","coordinates":[[[17.107482,48.13],[17.107107,48.129931],[17.107101,48.129969],[17.106892,48.129911],[17.107014,48.12977],[17.107482,48.13]]]}},{"type":"Feature","properties":{"v":6.8,"p":2},"geometry":{"type":"Polygon","coordinates":[[[17.097616,48.131594],[17.097466,48.131589],[17.09748,48.131393],[17.097585,48.131396],[17.097595,48.131396],[17.097594,48.131419],[17.097628,48.13142],[17.097616,48.131594]]]}},{"type":"Feature","properties":{"v":8.9,"p":3},"geometry":{"type":"Polygon","coordinates":[[[17.097585,48.131396],[17.09748,48.131393],[17.097454,48.131391],[17.097461,48.131302],[17.097593,48.131307],[17.097585,48.131396]]]}},{"type":"Feature","properties":{"v":16.3,"p":5},"geometry":{"type":"Polygon","coordinates":[[[17.098255,48.131142],[17.098119,48.131138],[17.098122,48.131103],[17.097914,48.131096],[17.097924,48.130966],[17.098429,48.130983],[17.09842,48.131109],[17.098258,48.131104],[17.098255,48.131142]]]}},{"type":"Feature","properties":{"v":16.2,"p":5},"geometry":{"type":"Polygon","coordinates":[[[17.098388,48.131663],[17.097878,48.131648],[17.097887,48.13152],[17.098093,48.131526],[17.098096,48.131485],[17.098232,48.131489],[17.098229,48.131529],[17.098397,48.131534],[17.098388,48.131663]]]}},{"type":"Feature","properties":{"v":17.9,"p":6},"geometry":{"type":"Polygon","coordinates":[[[17.09825,48.13149],[17.098232,48.131489],[17.098096,48.131485],[17.098084,48.131485],[17.098107,48.131137],[17.098119,48.131138],[17.098255,48.131142],[17.098269,48.131143],[17.09825,48.13149]]]}},{"type":"Feature","properties":{"v":10.8,"p":4},"geometry":{"type":"Polygon","coordinates":[[[17.100061,48.130648],[17.099974,48.130651],[17.099808,48.130657],[17.099789,48.130423],[17.099784,48.130353],[17.099775,48.130237],[17.099829,48.130235],[17.100027,48.130228],[17.100061,48.130648]]]}},{"type":"Feature","properties":{"v":7.4,"p":2},"geometry":{"type":"Polygon","coordinates":[[[17.100464,48.130634],[17.100379,48.130637],[17.100061,48.130648],[17.100027,48.130228],[17.100434,48.130215],[17.100464,48.130634]]]}},{"type":"Feature","properties":{"v":6.5,"p":2},"geometry":{"type":"Polygon","coordinates":[[[17.099808,48.130657],[17.099721,48.130658],[17.099706,48.130467],[17.099619,48.130469],[17.099611,48.130355],[17.099695,48.130354],[17.099683,48.130191],[17.099774,48.130188],[17.09981,48.130187],[17.099825,48.130187],[17.099829,48.130235],[17.099775,48.130237],[17.099784,48.130353],[17.099789,48.130423],[17.099808,48.130657]]]}},{"type":"Feature","properties":{"v":5.9,"p":2},"geometry":{"type":"Polygon","coordinates":[[[17.100384,48.130706],[17.099978,48.130721],[17.099974,48.130651],[17.100061,48.130648],[17.100379,48.130637],[17.100384,48.130706]]]}},{"type":"Feature","properties":{"v":9.1,"p":3},"geometry":{"type":"Polygon","coordinates":[[[17.104573,48.129168],[17.104394,48.129174],[17.10439,48.129118],[17.104202,48.129124],[17.104196,48.129051],[17.104385,48.129047],[17.10438,48.128973],[17.104366,48.128766],[17.104352,48.128766],[17.104331,48.128774],[17.104301,48.128782],[17.104271,48.128785],[17.104247,48.128783],[17.104217,48.128779],[17.104188,48.128772],[17.104171,48.128772],[17.104165,48.128692],[17.104368,48.128685],[17.104363,48.128623],[17.104402,48.128621],[17.104535,48.128617],[17.104573,48.129168]]]}},{"type":"Feature","properties":{"v":5.3,"p":2},"geometry":{"type":"Polygon","coordinates":[[[17.104385,48.129047],[17.104196,48.129051],[17.10419,48.128979],[17.10438,48.128973],[17.104385,48.129047]]]}},{"type":"Feature","properties":{"v":8.9,"p":3},"geometry":{"type":"Polygon","coordinates":[[[17.104165,48.128692],[17.104171,48.128772],[17.10419,48.128979],[17.104196,48.129051],[17.104202,48.129124],[17.104206,48.129181],[17.103996,48.129188],[17.103957,48.128636],[17.104124,48.12863],[17.10416,48.128629],[17.104165,48.128692]]]}},{"type":"Feature","properties":{"v":10.8,"p":4},"geometry":{"type":"Polygon","coordinates":[[[17.104368,48.128685],[17.104165,48.128692],[17.10416,48.128629],[17.104124,48.12863],[17.10414,48.128613],[17.104165,48.128597],[17.104193,48.128586],[17.1042,48.128584],[17.104215,48.128581],[17.10423,48.128579],[17.104245,48.128578],[17.10426,48.128577],[17.104266,48.128577],[17.104277,48.128578],[17.104288,48.128579],[17.104298,48.12858],[17.104309,48.128582],[17.104319,48.128585],[17.104325,48.128586],[17.104339,48.12859],[17.104353,48.128595],[17.104366,48.128601],[17.104379,48.128607],[17.104391,48.128614],[17.104402,48.128621],[17.104363,48.128623],[17.104368,48.128685]]]}},{"type":"Feature","properties":{"v":8.2,"p":3},"geometry":{"type":"Polygon","coordinates":[[[17.104241,48.129781],[17.10396,48.129914],[17.10391,48.129866],[17.103927,48.129857],[17.103803,48.129739],[17.103863,48.129711],[17.103835,48.129684],[17.103965,48.129623],[17.103992,48.129649],[17.104046,48.129623],[17.104172,48.129742],[17.104191,48.129734],[17.104241,48.129781]]]}},{"type":"Feature","properties":{"v":13.8,"p":5},"geometry":{"type":"Polygon","coordinates":[[[17.103796,48.130206],[17.103851,48.130256],[17.103658,48.13035],[17.103507,48.13021],[17.103561,48.130184],[17.103363,48.13],[17.103324,48.13002],[17.103253,48.129954],[17.1033,48.129931],[17.103205,48.129844],[17.103286,48.129804],[17.103257,48.129778],[17.103693,48.129568],[17.103794,48.129662],[17.103777,48.12967],[17.103409,48.129848],[17.103467,48.129902],[17.1037,48.130118],[17.103956,48.129994],[17.104051,48.130083],[17.103796,48.130206]]]}},{"type":"Feature","properties":{"v":8.8,"p":3},"geometry":{"type":"Polygon","coordinates":[[[17.103789,48.129682],[17.103773,48.12969],[17.103792,48.129707],[17.103746,48.12973],[17.103756,48.129739],[17.103727,48.129753],[17.10374,48.129765],[17.103467,48.129902],[17.103409,48.129848],[17.103777,48.12967],[17.103789,48.129682]]]}},{"type":"Feature","properties":{"v":42.9,"p":14},"geometry":{"type":"Polygon","coordinates":[[[17.102275,48.130922],[17.102281,48.131008],[17.102258,48.131009],[17.102095,48.131014],[17.102073,48.131015],[17.102066,48.130928],[17.102065,48.130891],[17.102273,48.130884],[17.102275,48.130922]]]}},{"type":"Feature","properties":{"v":43.7,"p":15},"geometry":{"type":"Polygon","coordinates":[[[17.102065,48.130891],[17.102066,48.130928],[17.102031,48.130929],[17.102028,48.130875],[17.102305,48.130866],[17.102309,48.13092],[17.102275,48.130922],[17.102273,48.130884],[17.102065,48.130891]]]}},{"type":"Feature","properties":{"v":40.4,"p":13},"geometry":{"type":"Polygon","coordinates":[[[17.102095,48.131024],[17.101978,48.131028],[17.101977,48.130997],[17.101969,48.130875],[17.102028,48.130875],[17.102031,48.130929],[17.102066,48.130928],[17.102073,48.131015],[17.102095,48.131014],[17.102095,48.131024]]]}},{"type":"Feature","properties":{"v":40.3,"p":13},"geometry":{"type":"Polygon","coordinates":[[[17.102376,48.131014],[17.10226,48.131018],[17.102258,48.131009],[17.102281,48.131008],[17.102275,48.130922],[17.102309,48.13092],[17.102305,48.130866],[17.102365,48.130865],[17.102376,48.131014]]]}},{"type":"Feature","properties":{"v":40.4,"p":13},"geometry":{"type":"Polygon","coordinates":[[[17.102365,48.130865],[17.102305,48.130866],[17.102028,48.130875],[17.101969,48.130875],[17.101963,48.130795],[17.102301,48.130787],[17.102358,48.130785],[17.102365,48.130865]]]}},{"type":"Feature","properties":{"v":4.5,"p":2},"geometry":{"type":"Polygon","coordinates":[[[17.101463,48.131077],[17.10148,48.131118],[17.101498,48.13115],[17.101522,48.13118],[17.101548,48.131205],[17.101357,48.131211],[17.101367,48.131363],[17.101283,48.131366],[17.101286,48.131411],[17.101274,48.131412],[17.101215,48.131414],[17.101189,48.13105],[17.101457,48.13104],[17.101463,48.131077]]]}},{"type":"Feature","properties":{"v":8.3,"p":3},"geometry":{"type":"Polygon","coordinates":[[[17.101959,48.131369],[17.101962,48.131428],[17.101963,48.131446],[17.101417,48.131466],[17.10128,48.131471],[17.101274,48.131412],[17.101286,48.131411],[17.101283,48.131366],[17.101367,48.131363],[17.101608,48.131355],[17.101793,48.131348],[17.101957,48.131342],[17.101959,48.131369]]]}},{"type":"Feature","properties":{"v":8.2,"p":3},"geometry":{"type":"Polygon","coordinates":[[[17.102049,48.131445],[17.102052,48.13149],[17.101422,48.131511],[17.101417,48.131466],[17.101963,48.131446],[17.101962,48.131428],[17.102047,48.131425],[17.102049,48.131445]]]}},{"type":"Feature","properties":{"v":4.5,"p":2},"geometry":{"type":"Polygon","coordinates":[[[17.101628,48.131273],[17.101659,48.131293],[17.101698,48.131311],[17.101745,48.13133],[17.101793,48.131348],[17.101608,48.131355],[17.101598,48.131251],[17.101628,48.131273]]]}},{"type":"Feature","properties":{"v":6.5,"p":2},"geometry":{"type":"Polygon","coordinates":[[[17.102147,48.131438],[17.102049,48.131445],[17.102047,48.131425],[17.101962,48.131428],[17.101959,48.131369],[17.102025,48.131374],[17.102085,48.131371],[17.102158,48.131362],[17.102228,48.131349],[17.102283,48.13133],[17.10232,48.131311],[17.102355,48.131406],[17.102249,48.131424],[17.102147,48.131438]]]}},{"type":"Feature","properties":{"v":6.4,"p":2},"geometry":{"type":"Polygon","coordinates":[[[17.102403,48.131429],[17.102371,48.131434],[17.102368,48.131426],[17.102362,48.131427],[17.102355,48.131406],[17.10232,48.131311],[17.10231,48.131285],[17.1023,48.131261],[17.102341,48.131253],[17.102347,48.131268],[17.102357,48.131294],[17.102397,48.131396],[17.102406,48.13142],[17.102399,48.131421],[17.102403,48.131429]]]}},{"type":"Feature","properties":{"v":9.9,"p":3},"geometry":{"type":"Polygon","coordinates":[[[17.101977,48.130997],[17.101682,48.131054],[17.101664,48.131008],[17.101635,48.130935],[17.101969,48.130875],[17.101977,48.130997]]]}},{"type":"Feature","properties":{"v":9.3,"p":3},"geometry":{"type":"Polygon","coordinates":[[[17.101664,48.131008],[17.10145,48.131014],[17.101449,48.130951],[17.101289,48.130955],[17.101187,48.130957],[17.101174,48.130814],[17.101963,48.130795],[17.101969,48.130875],[17.101635,48.130935],[17.101664,48.131008]]]}},{"type":"Feature","properties":{"v":8.8,"p":3},"geometry":{"type":"Polygon","coordinates":[[[17.101293,48.131018],[17.101191,48.131022],[17.101187,48.130957],[17.101289,48.130955],[17.101293,48.131018]]]}},{"type":"Feature","properties":{"v":4.3,"p":1},"geometry":{"type":"Polygon","coordinates":[[[17.10145,48.131014],[17.101293,48.131018],[17.101289,48.130955],[17.101449,48.130951],[17.10145,48.131014]]]}},{"type":"Feature","properties":{"v":7,"p":2},"geometry":{"type":"Polygon","coordinates":[[[17.102712,48.131191],[17.102684,48.131218],[17.102628,48.13127],[17.102684,48.131297],[17.10261,48.131328],[17.102548,48.131351],[17.102565,48.131377],[17.102502,48.131396],[17.102455,48.13141],[17.102406,48.13142],[17.102397,48.131396],[17.102357,48.131294],[17.102408,48.131265],[17.102458,48.13123],[17.102497,48.131194],[17.102529,48.131156],[17.102554,48.131118],[17.102712,48.131191]]]}},{"type":"Feature","properties":{"v":3.5,"p":1},"geometry":{"type":"Polygon","coordinates":[[[17.101573,48.131229],[17.101598,48.131251],[17.101608,48.131355],[17.101367,48.131363],[17.101357,48.131211],[17.101548,48.131205],[17.101573,48.131229]]]}},{"type":"Feature","properties":{"v":3.2,"p":1},"geometry":{"type":"Polygon","coordinates":[[[17.102158,48.131362],[17.102085,48.131371],[17.102025,48.131374],[17.101959,48.131369],[17.101957,48.131342],[17.101793,48.131348],[17.101745,48.13133],[17.101698,48.131311],[17.101659,48.131293],[17.101628,48.131273],[17.101598,48.131251],[17.101573,48.131229],[17.101548,48.131205],[17.101522,48.13118],[17.101498,48.13115],[17.10148,48.131118],[17.101463,48.131077],[17.101457,48.13104],[17.101501,48.131039],[17.101506,48.131063],[17.101524,48.131106],[17.101549,48.131147],[17.101581,48.131185],[17.10162,48.13122],[17.101666,48.131252],[17.101717,48.13128],[17.101773,48.131303],[17.101833,48.131321],[17.101896,48.131334],[17.101961,48.131342],[17.102027,48.131344],[17.102092,48.131341],[17.102157,48.131332],[17.102219,48.131318],[17.102278,48.131299],[17.10231,48.131285],[17.10232,48.131311],[17.102283,48.13133],[17.102228,48.131349],[17.102158,48.131362]]]}},{"type":"Feature","properties":{"v":26.3,"p":9},"geometry":{"type":"Polygon","coordinates":[[[17.103145,48.130805],[17.103245,48.130825],[17.103209,48.130894],[17.103165,48.130968],[17.103108,48.131035],[17.103036,48.13111],[17.102956,48.131174],[17.102865,48.131238],[17.102767,48.131292],[17.102751,48.131277],[17.102695,48.131223],[17.102774,48.13118],[17.102862,48.13112],[17.102947,48.131051],[17.103023,48.130969],[17.103081,48.13089],[17.103125,48.130801],[17.103145,48.130805]]]}},{"type":"Feature","properties":{"v":22.9,"p":8},"geometry":{"type":"Polygon","coordinates":[[[17.103081,48.13089],[17.103023,48.130969],[17.102947,48.131051],[17.102862,48.13112],[17.102774,48.13118],[17.102695,48.131223],[17.102684,48.131218],[17.102712,48.131191],[17.103109,48.130787],[17.103145,48.130805],[17.103125,48.130801],[17.103081,48.13089]]]}},{"type":"Feature","properties":{"v":22.2,"p":7},"geometry":{"type":"Polygon","coordinates":[[[17.102695,48.131223],[17.102751,48.131277],[17.102684,48.131297],[17.102628,48.13127],[17.102684,48.131218],[17.102695,48.131223]]]}},{"type":"Feature","properties":{"v":3.6,"p":1},"geometry":{"type":"Polygon","coordinates":[[[17.102554,48.131118],[17.102529,48.131156],[17.102497,48.131194],[17.102458,48.13123],[17.102408,48.131265],[17.102357,48.131294],[17.102347,48.131268],[17.102384,48.131246],[17.102428,48.131214],[17.102466,48.131178],[17.102497,48.131139],[17.102515,48.131109],[17.102554,48.131118]]]}},{"type":"Feature","properties":{"v":24.4,"p":8},"geometry":{"type":"Polygon","coordinates":[[[17.103272,48.130777],[17.103201,48.130807],[17.103155,48.130759],[17.103107,48.13076],[17.103104,48.130714],[17.103095,48.130595],[17.103211,48.130591],[17.103223,48.130729],[17.103272,48.130777]]]}},{"type":"Feature","properties":{"v":24,"p":8},"geometry":{"type":"Polygon","coordinates":[[[17.103211,48.130591],[17.103095,48.130595],[17.103083,48.13048],[17.103181,48.130476],[17.103201,48.130475],[17.103211,48.130591]]]}},{"type":"Feature","properties":{"v":21.9,"p":7},"geometry":{"type":"Polygon","coordinates":[[[17.103095,48.130595],[17.103104,48.130714],[17.103029,48.130717],[17.103009,48.130483],[17.103032,48.130482],[17.103083,48.13048],[17.103095,48.130595]]]}},{"type":"Feature","properties":{"v":21,"p":7},"geometry":{"type":"Polygon","coordinates":[[[17.103181,48.130476],[17.103083,48.13048],[17.103032,48.130482],[17.103026,48.130447],[17.103178,48.130442],[17.103181,48.130476]]]}},{"type":"Feature","properties":{"v":7.1,"p":2},"geometry":{"type":"Polygon","coordinates":[[[17.095763,48.131367],[17.095708,48.131367],[17.095649,48.131357],[17.095597,48.131342],[17.095549,48.13132],[17.095515,48.131293],[17.095631,48.131229],[17.095667,48.13121],[17.095751,48.131208],[17.095763,48.131367]]]}},{"type":"Feature","properties":{"v":6.8,"p":2},"geometry":{"type":"Polygon","coordinates":[[[17.095581,48.131186],[17.095438,48.131261],[17.095408,48.131277],[17.095389,48.131287],[17.095343,48.131311],[17.095243,48.131225],[17.095299,48.131196],[17.095324,48.131182],[17.095481,48.131101],[17.095581,48.131186]]]}},{"type":"Feature","properties":{"v":6.6,"p":2},"geometry":{"type":"Polygon","coordinates":[[[17.095631,48.131229],[17.095515,48.131293],[17.095438,48.131261],[17.095581,48.131186],[17.095631,48.131229]]]}},{"type":"Feature","properties":{"v":2.3,"p":1},"geometry":{"type":"Polygon","coordinates":[[[17.095703,48.131153],[17.095686,48.131153],[17.095687,48.131179],[17.095616,48.131181],[17.095613,48.13112],[17.095701,48.131119],[17.095703,48.131153]]]}},{"type":"Feature","properties":{"v":3.8,"p":1},"geometry":{"type":"Polygon","coordinates":[[[17.09899,48.129597],[17.09893,48.129599],[17.098632,48.129609],[17.098628,48.129539],[17.098649,48.129538],[17.09865,48.129549],[17.098716,48.129547],[17.098771,48.129544],[17.09877,48.129531],[17.098987,48.129524],[17.098988,48.129537],[17.099055,48.129535],[17.099111,48.129532],[17.09911,48.12952],[17.099224,48.129516],[17.099333,48.129512],[17.099334,48.129526],[17.0994,48.129524],[17.099457,48.129521],[17.099456,48.129509],[17.099671,48.129502],[17.099671,48.129513],[17.099738,48.129511],[17.099796,48.129508],[17.099795,48.129497],[17.099905,48.129494],[17.099911,48.129566],[17.09899,48.129597]]]}},{"type":"Feature","properties":{"v":4.7,"p":2},"geometry":{"type":"Polygon","coordinates":[[[17.095536,48.130811],[17.09552,48.130583],[17.094858,48.1306],[17.094855,48.130529],[17.094962,48.130527],[17.095027,48.130525],[17.095075,48.130523],[17.095076,48.130534],[17.095142,48.130533],[17.095198,48.13053],[17.095198,48.130519],[17.095414,48.130512],[17.095414,48.130524],[17.09548,48.130522],[17.095537,48.130521],[17.095536,48.130507],[17.095594,48.130506],[17.095602,48.13065],[17.095603,48.130671],[17.095607,48.130734],[17.095679,48.130732],[17.095792,48.130729],[17.095793,48.130739],[17.095859,48.130737],[17.095912,48.130735],[17.095912,48.130723],[17.096131,48.130716],[17.096132,48.130727],[17.096198,48.130726],[17.096251,48.130724],[17.09625,48.130713],[17.096366,48.13071],[17.096478,48.130707],[17.096479,48.130716],[17.096545,48.130714],[17.096595,48.130713],[17.096595,48.1307],[17.096815,48.130694],[17.096815,48.130704],[17.096881,48.130702],[17.096934,48.1307],[17.096933,48.130688],[17.097045,48.130684],[17.097163,48.130682],[17.097163,48.13069],[17.097229,48.130689],[17.097273,48.130687],[17.097272,48.130676],[17.097499,48.13067],[17.097499,48.130681],[17.097565,48.13068],[17.097616,48.130678],[17.097617,48.130666],[17.097731,48.130663],[17.097731,48.13068],[17.098057,48.130667],[17.098054,48.130626],[17.098048,48.130529],[17.098044,48.130476],[17.098038,48.130397],[17.098018,48.1304],[17.098012,48.130326],[17.098029,48.130326],[17.098026,48.130283],[17.098024,48.130245],[17.098009,48.130245],[17.097995,48.130063],[17.098007,48.130063],[17.098004,48.13002],[17.098001,48.129983],[17.097986,48.129983],[17.09798,48.129904],[17.098088,48.129898],[17.098131,48.130473],[17.09815,48.13072],[17.095536,48.130811]]]}},{"type":"Feature","properties":{"v":25.7,"p":9},"geometry":{"type":"Polygon","coordinates":[[[17.102384,48.134277],[17.101562,48.134303],[17.101553,48.134171],[17.101546,48.134079],[17.101537,48.133961],[17.102359,48.133935],[17.102384,48.134277]]]}},{"type":"Feature","properties":{"v":23.6,"p":8},"geometry":{"type":"Polygon","coordinates":[[[17.102395,48.13443],[17.102402,48.134523],[17.10241,48.13462],[17.10159,48.134648],[17.101576,48.134464],[17.101572,48.134415],[17.101567,48.134343],[17.102387,48.134315],[17.102395,48.13443]]]}},{"type":"Feature","properties":{"v":25.5,"p":8},"geometry":{"type":"Polygon","coordinates":[[[17.102387,48.134315],[17.101567,48.134343],[17.101562,48.134303],[17.102384,48.134277],[17.102387,48.134315]]]}},{"type":"Feature","properties":{"v":22.4,"p":7},"geometry":{"type":"Polygon","coordinates":[[[17.102452,48.134522],[17.102402,48.134523],[17.102395,48.13443],[17.102444,48.134429],[17.102452,48.134522]]]}},{"type":"Feature","properties":{"v":20.8,"p":7},"geometry":{"type":"Polygon","coordinates":[[[17.101576,48.134464],[17.10153,48.134466],[17.101527,48.134416],[17.101572,48.134415],[17.101576,48.134464]]]}},{"type":"Feature","properties":{"v":22.4,"p":7},"geometry":{"type":"Polygon","coordinates":[[[17.101553,48.134171],[17.101504,48.134172],[17.101499,48.13408],[17.101546,48.134079],[17.101553,48.134171]]]}},{"type":"Feature","properties":{"v":20.5,"p":7},"geometry":{"type":"Polygon","coordinates":[[[17.101562,48.134303],[17.101466,48.134307],[17.101303,48.134313],[17.101199,48.134317],[17.101175,48.134002],[17.10117,48.133934],[17.101168,48.133909],[17.10272,48.133854],[17.102725,48.133908],[17.102749,48.134222],[17.102752,48.134264],[17.102384,48.134277],[17.102359,48.133935],[17.101537,48.133961],[17.101546,48.134079],[17.101499,48.13408],[17.101504,48.134172],[17.101553,48.134171],[17.101562,48.134303]]]}},{"type":"Feature","properties":{"v":19.1,"p":6},"geometry":{"type":"Polygon","coordinates":[[[17.1015,48.134714],[17.101496,48.134662],[17.101466,48.134307],[17.101562,48.134303],[17.101567,48.134343],[17.101572,48.134415],[17.101527,48.134416],[17.10153,48.134466],[17.101576,48.134464],[17.10159,48.134648],[17.10241,48.13462],[17.102402,48.134523],[17.102452,48.134522],[17.102444,48.134429],[17.102395,48.13443],[17.102387,48.134315],[17.102384,48.134277],[17.102752,48.134264],[17.103018,48.134254],[17.103021,48.134298],[17.103046,48.134608],[17.10305,48.134662],[17.1015,48.134714]]]}},{"type":"Feature","properties":{"v":13.2,"p":4},"geometry":{"type":"Polygon","coordinates":[[[17.101807,48.133309],[17.101776,48.13331],[17.101786,48.13344],[17.098215,48.133564],[17.098181,48.133125],[17.09818,48.133112],[17.101141,48.133009],[17.101537,48.132996],[17.101751,48.132988],[17.101753,48.133004],[17.101762,48.133125],[17.101793,48.133124],[17.101807,48.133309]]]}},{"type":"Feature","properties":{"v":30,"p":10},"geometry":{"type":"Polygon","coordinates":[[[17.097838,48.133353],[17.097861,48.133685],[17.097869,48.133792],[17.09778,48.133795],[17.097733,48.133797],[17.097728,48.133738],[17.097701,48.133357],[17.097698,48.133326],[17.097834,48.133322],[17.097838,48.133353]]]}},{"type":"Feature","properties":{"v":27.4,"p":9},"geometry":{"type":"Polygon","coordinates":[[[17.09836,48.133665],[17.098368,48.133776],[17.098385,48.133988],[17.098391,48.13407],[17.098394,48.134102],[17.098394,48.134107],[17.098252,48.134112],[17.09825,48.134082],[17.098239,48.133938],[17.098226,48.133781],[17.098218,48.133674],[17.098217,48.133663],[17.098359,48.133658],[17.09836,48.133665]]]}},{"type":"Feature","properties":{"v":11.3,"p":4},"geometry":{"type":"Polygon","coordinates":[[[17.101469,48.132947],[17.101495,48.13295],[17.101516,48.132959],[17.101529,48.132971],[17.101535,48.132983],[17.101537,48.132996],[17.101141,48.133009],[17.10114,48.132997],[17.101141,48.132985],[17.10115,48.132972],[17.101164,48.132962],[17.101179,48.132959],[17.1012,48.132957],[17.101193,48.132841],[17.10146,48.132832],[17.101469,48.132947]]]}},{"type":"Feature","properties":{"v":17.3,"p":6},"geometry":{"type":"Polygon","coordinates":[[[17.101175,48.134002],[17.099093,48.134075],[17.098929,48.134081],[17.098924,48.134006],[17.10117,48.133934],[17.101175,48.134002]]]}},{"type":"Feature","properties":{"v":20.7,"p":7},"geometry":{"type":"Polygon","coordinates":[[[17.098523,48.133696],[17.098528,48.133756],[17.098529,48.13377],[17.098368,48.133776],[17.09836,48.133665],[17.09852,48.133659],[17.098523,48.133696]]]}},{"type":"Feature","properties":{"v":19.6,"p":7},"geometry":{"type":"Polygon","coordinates":[[[17.098226,48.133781],[17.097992,48.133788],[17.097869,48.133792],[17.097861,48.133685],[17.097946,48.133682],[17.098218,48.133674],[17.098226,48.133781]]]}},{"type":"Feature","properties":{"v":25.9,"p":9},"geometry":{"type":"Polygon","coordinates":[[[17.097728,48.133738],[17.097646,48.133741],[17.097619,48.133359],[17.097701,48.133357],[17.097728,48.133738]]]}},{"type":"Feature","properties":{"v":5.9,"p":2},"geometry":{"type":"Polygon","coordinates":[[[17.101174,48.134789],[17.101189,48.134964],[17.101191,48.134991],[17.100855,48.135002],[17.100844,48.134869],[17.100831,48.134712],[17.100937,48.134708],[17.101061,48.134703],[17.101035,48.134345],[17.101002,48.134345],[17.100937,48.134347],[17.100634,48.134357],[17.100608,48.134046],[17.100581,48.134047],[17.10051,48.134049],[17.099438,48.134085],[17.099373,48.134087],[17.099344,48.134089],[17.099364,48.134426],[17.09937,48.134531],[17.099123,48.134537],[17.099093,48.134082],[17.099093,48.134075],[17.101175,48.134002],[17.101199,48.134317],[17.101303,48.134313],[17.10133,48.134666],[17.101496,48.134662],[17.1015,48.134714],[17.10305,48.134662],[17.103046,48.134608],[17.103206,48.1346],[17.103184,48.134293],[17.103021,48.134298],[17.103018,48.134254],[17.102752,48.134264],[17.102749,48.134222],[17.102839,48.134219],[17.102815,48.133906],[17.102725,48.133908],[17.10272,48.133854],[17.101168,48.133909],[17.10117,48.133934],[17.098924,48.134006],[17.09892,48.133969],[17.098914,48.133922],[17.09919,48.133914],[17.099171,48.133673],[17.098897,48.13368],[17.098895,48.133649],[17.098888,48.133574],[17.098803,48.133577],[17.098809,48.133653],[17.098784,48.133653],[17.098781,48.133622],[17.098701,48.133625],[17.098716,48.133797],[17.098732,48.134004],[17.098824,48.134001],[17.098827,48.134039],[17.098659,48.134045],[17.098641,48.133799],[17.098532,48.133803],[17.098547,48.133983],[17.098385,48.133988],[17.098368,48.133776],[17.098529,48.13377],[17.098528,48.133756],[17.098638,48.133753],[17.098634,48.133691],[17.098523,48.133696],[17.09852,48.133659],[17.09836,48.133665],[17.098359,48.133658],[17.098217,48.133663],[17.098218,48.133674],[17.097946,48.133682],[17.097918,48.133353],[17.097838,48.133353],[17.097834,48.133322],[17.097832,48.133303],[17.097863,48.133302],[17.097859,48.133233],[17.097858,48.133209],[17.097858,48.133204],[17.097856,48.133174],[17.097851,48.133093],[17.097844,48.132954],[17.098107,48.132946],[17.098123,48.133129],[17.098181,48.133125],[17.098215,48.133564],[17.101786,48.13344],[17.101776,48.13331],[17.101807,48.133309],[17.101793,48.133124],[17.101762,48.133125],[17.101753,48.133004],[17.102007,48.132997],[17.102025,48.133197],[17.102029,48.133245],[17.102032,48.133283],[17.102035,48.133311],[17.102704,48.133287],[17.102727,48.133589],[17.102728,48.133611],[17.10273,48.133632],[17.102732,48.133657],[17.10307,48.133645],[17.103104,48.134115],[17.103105,48.134139],[17.103107,48.134159],[17.103109,48.134185],[17.103444,48.134172],[17.103487,48.134708],[17.103149,48.134718],[17.103151,48.134744],[17.103153,48.134767],[17.103155,48.134788],[17.10316,48.134855],[17.102693,48.134872],[17.102681,48.134741],[17.101174,48.134789]]]}},{"type":"Feature","properties":{"v":18.8,"p":6},"geometry":{"type":"Polygon","coordinates":[[[17.09825,48.134082],[17.09821,48.134057],[17.098158,48.13406],[17.098156,48.134026],[17.098124,48.134006],[17.098075,48.134008],[17.098072,48.133975],[17.09804,48.133955],[17.097988,48.133958],[17.097987,48.133923],[17.097955,48.133903],[17.097905,48.133906],[17.097903,48.133872],[17.097867,48.13385],[17.097816,48.133853],[17.097821,48.133825],[17.09778,48.133795],[17.097869,48.133792],[17.097992,48.133788],[17.097992,48.133816],[17.098025,48.133838],[17.098075,48.133836],[17.098079,48.133868],[17.09811,48.133889],[17.098161,48.133888],[17.098163,48.13392],[17.098197,48.133941],[17.098239,48.133938],[17.09825,48.134082]]]}},{"type":"Feature","properties":{"v":9.6,"p":3},"geometry":{"type":"Polygon","coordinates":[[[17.098239,48.133938],[17.098197,48.133941],[17.098163,48.13392],[17.098161,48.133888],[17.09811,48.133889],[17.098079,48.133868],[17.098075,48.133836],[17.098025,48.133838],[17.097992,48.133816],[17.097992,48.133788],[17.098226,48.133781],[17.098239,48.133938]]]}},{"type":"Feature","properties":{"v":15,"p":5},"geometry":{"type":"Polygon","coordinates":[[[17.098831,48.134084],[17.098394,48.134102],[17.098391,48.13407],[17.098564,48.134064],[17.098562,48.134048],[17.098659,48.134045],[17.098827,48.134039],[17.098831,48.134084]]]}},{"type":"Feature","properties":{"v":4.5,"p":2},"geometry":{"type":"Polygon","coordinates":[[[17.100597,48.135384],[17.100486,48.135481],[17.09997,48.135216],[17.100082,48.135119],[17.100597,48.135384]]]}},{"type":"Feature","properties":{"v":3.9,"p":1},"geometry":{"type":"Polygon","coordinates":[[[17.100599,48.135187],[17.100505,48.135287],[17.100271,48.135188],[17.100318,48.135138],[17.100364,48.135088],[17.100599,48.135187]]]}},{"type":"Feature","properties":{"v":2.6,"p":1},"geometry":{"type":"Polygon","coordinates":[[[17.100364,48.135088],[17.100318,48.135138],[17.10016,48.135098],[17.100193,48.135046],[17.100364,48.135088]]]}},{"type":"Feature","properties":{"v":11.5,"p":4},"geometry":{"type":"Polygon","coordinates":[[[17.10182,48.136611],[17.101815,48.136732],[17.101814,48.136745],[17.101755,48.136744],[17.101756,48.136736],[17.101756,48.136721],[17.101761,48.136614],[17.101762,48.136601],[17.101821,48.136602],[17.10182,48.136611]]]}},{"type":"Feature","properties":{"v":10.4,"p":3},"geometry":{"type":"Polygon","coordinates":[[[17.101385,48.136304],[17.101382,48.136394],[17.101104,48.13639],[17.101105,48.136348],[17.101107,48.136294],[17.101385,48.136298],[17.101385,48.136304]]]}},{"type":"Feature","properties":{"v":14.4,"p":5},"geometry":{"type":"Polygon","coordinates":[[[17.102842,48.136642],[17.102732,48.136642],[17.102733,48.136605],[17.102769,48.136605],[17.102842,48.136605],[17.102842,48.136642]]]}},{"type":"Feature","properties":{"v":5.8,"p":2},"geometry":{"type":"Polygon","coordinates":[[[17.103711,48.136565],[17.103685,48.136674],[17.103684,48.136679],[17.103625,48.136674],[17.103377,48.136647],[17.103404,48.136534],[17.103711,48.136565]]]}},{"type":"Feature","properties":{"v":6.9,"p":2},"geometry":{"type":"Polygon","coordinates":[[[17.104084,48.136819],[17.103828,48.136789],[17.103842,48.136737],[17.103912,48.136746],[17.103961,48.136559],[17.104147,48.136581],[17.104084,48.136819]]]}},{"type":"Feature","properties":{"v":6,"p":2},"geometry":{"type":"Polygon","coordinates":[[[17.103413,48.136222],[17.103413,48.136229],[17.10297,48.136222],[17.102974,48.136109],[17.103417,48.136115],[17.103413,48.136222]]]}},{"type":"Feature","properties":{"v":6.3,"p":2},"geometry":{"type":"Polygon","coordinates":[[[17.10352,48.136043],[17.103417,48.136041],[17.103351,48.13604],[17.103358,48.135902],[17.103527,48.135906],[17.10352,48.136043]]]}},{"type":"Feature","properties":{"v":6.1,"p":2},"geometry":{"type":"Polygon","coordinates":[[[17.103518,48.136158],[17.103517,48.136208],[17.103516,48.136224],[17.103413,48.136222],[17.103417,48.136115],[17.103417,48.136041],[17.10352,48.136043],[17.103518,48.136158]]]}},{"type":"Feature","properties":{"v":3.4,"p":1},"geometry":{"type":"Polygon","coordinates":[[[17.104394,48.135554],[17.104319,48.13555],[17.104329,48.135462],[17.104369,48.135464],[17.104403,48.135466],[17.104394,48.135554]]]}},{"type":"Feature","properties":{"v":9.7,"p":3},"geometry":{"type":"Polygon","coordinates":[[[17.101756,48.136721],[17.101644,48.136718],[17.101651,48.13662],[17.101732,48.136621],[17.101733,48.136614],[17.101761,48.136614],[17.101756,48.136721]]]}},{"type":"Feature","properties":{"v":8.2,"p":3},"geometry":{"type":"Polygon","coordinates":[[[17.102093,48.136739],[17.101815,48.136732],[17.10182,48.136611],[17.102101,48.136617],[17.102093,48.136739]]]}},{"type":"Feature","properties":{"v":4.3,"p":1},"geometry":{"type":"Polygon","coordinates":[[[17.101756,48.136736],[17.101601,48.136733],[17.101602,48.136705],[17.101602,48.136704],[17.101602,48.136695],[17.101606,48.136631],[17.101606,48.13663],[17.101607,48.136611],[17.101733,48.136614],[17.101732,48.136621],[17.101651,48.13662],[17.101644,48.136718],[17.101756,48.136721],[17.101756,48.136736]]]}},{"type":"Feature","properties":{"v":10.9,"p":4},"geometry":{"type":"Polygon","coordinates":[[[17.102871,48.136686],[17.102746,48.136686],[17.102732,48.136687],[17.102732,48.136642],[17.102842,48.136642],[17.102842,48.136605],[17.10287,48.136605],[17.102871,48.136686]]]}},{"type":"Feature","properties":{"v":8.7,"p":3},"geometry":{"type":"Polygon","coordinates":[[[17.10311,48.136684],[17.102871,48.136686],[17.10287,48.136605],[17.103109,48.136604],[17.10311,48.136684]]]}},{"type":"Feature","properties":{"v":8.4,"p":3},"geometry":{"type":"Polygon","coordinates":[[[17.102872,48.136732],[17.102858,48.136745],[17.102762,48.136747],[17.102747,48.136733],[17.102746,48.136686],[17.102871,48.136686],[17.102872,48.136732]]]}},{"type":"Feature","properties":{"v":7.5,"p":2},"geometry":{"type":"Polygon","coordinates":[[[17.10287,48.136605],[17.102842,48.136605],[17.102769,48.136605],[17.102767,48.136561],[17.102868,48.136559],[17.10287,48.136605]]]}},{"type":"Feature","properties":{"v":5.4,"p":2},"geometry":{"type":"Polygon","coordinates":[[[17.103171,48.136729],[17.102872,48.136732],[17.102871,48.136686],[17.10311,48.136684],[17.103109,48.136604],[17.103169,48.136604],[17.103171,48.136729]]]}},{"type":"Feature","properties":{"v":10.7,"p":4},"geometry":{"type":"Polygon","coordinates":[[[17.101569,48.136486],[17.101513,48.136463],[17.101429,48.136428],[17.101429,48.136406],[17.101531,48.136389],[17.101568,48.136383],[17.101598,48.136384],[17.101597,48.136393],[17.101595,48.136398],[17.101595,48.136403],[17.101598,48.136409],[17.101604,48.136413],[17.101611,48.136416],[17.101619,48.136417],[17.101627,48.136417],[17.101569,48.136486]]]}},{"type":"Feature","properties":{"v":8.1,"p":3},"geometry":{"type":"Polygon","coordinates":[[[17.101601,48.136338],[17.101598,48.136384],[17.101568,48.136383],[17.101531,48.136389],[17.10153,48.136378],[17.101433,48.13637],[17.101434,48.136304],[17.101434,48.136268],[17.101583,48.136266],[17.101601,48.136338]]]}},{"type":"Feature","properties":{"v":6.9,"p":2},"geometry":{"type":"Polygon","coordinates":[[[17.101099,48.136451],[17.1011,48.136425],[17.101037,48.136422],[17.10104,48.136347],[17.101105,48.136348],[17.101104,48.13639],[17.101382,48.136394],[17.101385,48.136304],[17.101434,48.136304],[17.101433,48.13637],[17.10153,48.136378],[17.101531,48.136389],[17.101429,48.136406],[17.101429,48.136428],[17.101513,48.136463],[17.10149,48.136461],[17.101099,48.136451]]]}},{"type":"Feature","properties":{"v":4.5,"p":2},"geometry":{"type":"Polygon","coordinates":[[[17.101616,48.136382],[17.101608,48.136384],[17.101602,48.136388],[17.101597,48.136393],[17.101598,48.136384],[17.101601,48.136338],[17.101583,48.136266],[17.101434,48.136268],[17.101436,48.136199],[17.101584,48.136202],[17.10158,48.136224],[17.101639,48.136225],[17.101673,48.136361],[17.101639,48.136387],[17.101632,48.136384],[17.101624,48.136382],[17.101616,48.136382]]]}},{"type":"Feature","properties":{"v":5,"p":2},"geometry":{"type":"Polygon","coordinates":[[[17.106218,48.135203],[17.106185,48.135251],[17.106257,48.135273],[17.106223,48.135322],[17.106293,48.135343],[17.106209,48.135466],[17.10603,48.135411],[17.106063,48.135363],[17.105988,48.13534],[17.10602,48.135294],[17.105945,48.135271],[17.105993,48.1352],[17.106031,48.135146],[17.106218,48.135203]]]}},{"type":"Feature","properties":{"v":85.6,"p":29},"geometry":{"type":"Polygon","coordinates":[[[17.105744,48.134114],[17.105775,48.134131],[17.10575,48.134154],[17.105592,48.134291],[17.105431,48.134209],[17.105356,48.134171],[17.105413,48.134121],[17.10554,48.13401],[17.105744,48.134114]]]}},{"type":"Feature","properties":{"v":82,"p":27},"geometry":{"type":"Polygon","coordinates":[[[17.105732,48.13444],[17.105551,48.134348],[17.105371,48.134257],[17.105431,48.134209],[17.105592,48.134291],[17.10575,48.134154],[17.105949,48.134251],[17.105938,48.13426],[17.105732,48.13444]]]}},{"type":"Feature","properties":{"v":71.1,"p":24},"geometry":{"type":"Polygon","coordinates":[[[17.105836,48.134478],[17.105817,48.134495],[17.105542,48.134356],[17.105551,48.134348],[17.105732,48.13444],[17.105938,48.13426],[17.106029,48.134308],[17.105836,48.134478]]]}},{"type":"Feature","properties":{"v":22.6,"p":8},"geometry":{"type":"Polygon","coordinates":[[[17.106466,48.13368],[17.106698,48.133797],[17.106739,48.133818],[17.106718,48.133836],[17.106769,48.133862],[17.10652,48.134081],[17.106092,48.133864],[17.106257,48.133718],[17.106123,48.133651],[17.106081,48.133688],[17.105787,48.133538],[17.106083,48.133278],[17.10619,48.133332],[17.106244,48.13336],[17.106319,48.133398],[17.106615,48.133549],[17.106466,48.13368]]]}},{"type":"Feature","properties":{"v":71,"p":24},"geometry":{"type":"Polygon","coordinates":[[[17.105413,48.134121],[17.10534,48.134084],[17.105471,48.133969],[17.105615,48.133843],[17.105873,48.133974],[17.105893,48.133985],[17.105744,48.134114],[17.10554,48.13401],[17.105413,48.134121]]]}},{"type":"Feature","properties":{"v":60.3,"p":20},"geometry":{"type":"Polygon","coordinates":[[[17.105471,48.133969],[17.105455,48.13396],[17.105488,48.13393],[17.105666,48.133771],[17.105945,48.133914],[17.105873,48.133974],[17.105615,48.133843],[17.105471,48.133969]]]}},{"type":"Feature","properties":{"v":13.4,"p":4},"geometry":{"type":"Polygon","coordinates":[[[17.105895,48.134508],[17.105836,48.134478],[17.106029,48.134308],[17.105938,48.13426],[17.105949,48.134251],[17.10575,48.134154],[17.105775,48.134131],[17.105744,48.134114],[17.105893,48.133985],[17.105873,48.133974],[17.105945,48.133914],[17.105666,48.133771],[17.105488,48.13393],[17.105472,48.133923],[17.105578,48.133734],[17.105584,48.133724],[17.105605,48.133695],[17.105699,48.133559],[17.105811,48.13343],[17.106,48.133232],[17.106083,48.133278],[17.105787,48.133538],[17.106081,48.133688],[17.106123,48.133651],[17.106257,48.133718],[17.106092,48.133864],[17.10652,48.134081],[17.10616,48.134399],[17.106148,48.134393],[17.106015,48.13451],[17.105991,48.134497],[17.105941,48.13447],[17.105895,48.134508]]]}},{"type":"Feature","properties":{"v":21.7,"p":7},"geometry":{"type":"Polygon","coordinates":[[[17.106954,48.133578],[17.106698,48.133797],[17.106466,48.13368],[17.106615,48.133549],[17.10672,48.133459],[17.106954,48.133578]]]}},{"type":"Feature","properties":{"v":19.7,"p":7},"geometry":{"type":"Polygon","coordinates":[[[17.106958,48.133853],[17.106946,48.133864],[17.106903,48.133843],[17.106781,48.133782],[17.106739,48.133818],[17.106698,48.133797],[17.106954,48.133578],[17.10672,48.133459],[17.106885,48.133314],[17.107391,48.133581],[17.107261,48.133692],[17.10723,48.133676],[17.107106,48.133783],[17.107064,48.133762],[17.106958,48.133853]]]}},{"type":"Feature","properties":{"v":4.9,"p":2},"geometry":{"type":"Polygon","coordinates":[[[17.106903,48.133843],[17.106228,48.134435],[17.10616,48.134399],[17.10652,48.134081],[17.106769,48.133862],[17.106718,48.133836],[17.106739,48.133818],[17.106781,48.133782],[17.106903,48.133843]]]}},{"type":"Feature","properties":{"v":13.3,"p":4},"geometry":{"type":"Polygon","coordinates":[[[17.107037,48.133895],[17.106958,48.133853],[17.107064,48.133762],[17.107106,48.133783],[17.10723,48.133676],[17.107261,48.133692],[17.107391,48.133581],[17.107419,48.133557],[17.10744,48.133568],[17.107264,48.133718],[17.107246,48.133709],[17.107037,48.133895]]]}},{"type":"Feature","properties":{"v":12.7,"p":4},"geometry":{"type":"Polygon","coordinates":[[[17.107525,48.132746],[17.107169,48.133062],[17.106885,48.133314],[17.10672,48.133459],[17.106615,48.133549],[17.106319,48.133398],[17.106581,48.133165],[17.106635,48.133116],[17.107161,48.132649],[17.10718,48.132632],[17.107301,48.132652],[17.107306,48.132647],[17.107351,48.132655],[17.107525,48.132746]]]}},{"type":"Feature","properties":{"v":3.1,"p":1},"geometry":{"type":"Polygon","coordinates":[[[17.099265,48.132276],[17.099268,48.132318],[17.098983,48.13233],[17.09898,48.132284],[17.098979,48.132277],[17.099264,48.132267],[17.099265,48.132276]]]}},{"type":"Feature","properties":{"v":5,"p":2},"geometry":{"type":"Polygon","coordinates":[[[17.103109,48.132525],[17.103037,48.132591],[17.102933,48.13254],[17.103005,48.132474],[17.103109,48.132525]]]}},{"type":"Feature","properties":{"v":6.7,"p":2},"geometry":{"type":"Polygon","coordinates":[[[17.102528,48.130826],[17.102546,48.13086],[17.102365,48.130865],[17.102358,48.130785],[17.102301,48.130787],[17.102295,48.1307],[17.102293,48.130664],[17.102321,48.130673],[17.102344,48.130683],[17.102371,48.130698],[17.102416,48.130722],[17.102465,48.13076],[17.102528,48.130826]]]}},{"type":"Feature","properties":{"v":3.2,"p":1},"geometry":{"type":"Polygon","coordinates":[[[17.095678,48.130713],[17.095632,48.130715],[17.095629,48.130672],[17.095603,48.130671],[17.095602,48.13065],[17.09563,48.130649],[17.095628,48.130627],[17.095672,48.130626],[17.095678,48.130713]]]}},{"type":"Feature","properties":{"v":3.4,"p":1},"geometry":{"type":"Polygon","coordinates":[[[17.099383,48.130949],[17.099375,48.130985],[17.099291,48.130977],[17.099299,48.130941],[17.099383,48.130949]]]}},{"type":"Feature","properties":{"v":4.1,"p":1},"geometry":{"type":"Polygon","coordinates":[[[17.106564,48.12952],[17.106228,48.12939],[17.106175,48.129473],[17.105969,48.129364],[17.106146,48.12925],[17.106195,48.129284],[17.106173,48.1293],[17.106268,48.129361],[17.106288,48.129344],[17.106564,48.12952]]]}},{"type":"Feature","properties":{"v":26.6,"p":9},"geometry":{"type":"Polygon","coordinates":[[[17.106175,48.129473],[17.106074,48.129628],[17.10579,48.129478],[17.105969,48.129364],[17.106175,48.129473]]]}},{"type":"Feature","properties":{"v":27.2,"p":9},"geometry":{"type":"Polygon","coordinates":[[[17.106626,48.129732],[17.106561,48.129893],[17.106267,48.129776],[17.106416,48.129648],[17.106626,48.129732]]]}},{"type":"Feature","properties":{"v":26.7,"p":9},"geometry":{"type":"Polygon","coordinates":[[[17.107101,48.129969],[17.107073,48.130134],[17.106771,48.130052],[17.106892,48.129911],[17.107101,48.129969]]]}},{"type":"Feature","properties":{"v":36.2,"p":12},"geometry":{"type":"Polygon","coordinates":[[[17.106146,48.12925],[17.105969,48.129364],[17.10579,48.129478],[17.105629,48.129581],[17.105574,48.129552],[17.105472,48.129497],[17.10554,48.129422],[17.10584,48.129088],[17.106146,48.12925]]]}},{"type":"Feature","properties":{"v":35.5,"p":12},"geometry":{"type":"Polygon","coordinates":[[[17.106564,48.12952],[17.106416,48.129648],[17.106267,48.129776],[17.106126,48.129898],[17.105945,48.129827],[17.106074,48.129628],[17.106175,48.129473],[17.106228,48.12939],[17.106564,48.12952]]]}},{"type":"Feature","properties":{"v":36.4,"p":12},"geometry":{"type":"Polygon","coordinates":[[[17.107014,48.12977],[17.106892,48.129911],[17.106771,48.130052],[17.106657,48.130183],[17.106466,48.13013],[17.106561,48.129893],[17.106626,48.129732],[17.106651,48.12967],[17.107014,48.12977]]]}},{"type":"Feature","properties":{"v":34.7,"p":12},"geometry":{"type":"Polygon","coordinates":[[[17.107482,48.13],[17.10735,48.130216],[17.107275,48.130339],[17.107215,48.130439],[17.107029,48.130391],[17.107073,48.130134],[17.107101,48.129969],[17.107107,48.129931],[17.107482,48.13]]]}},{"type":"Feature","properties":{"v":2.8,"p":1},"geometry":{"type":"Polygon","coordinates":[[[17.099674,48.134747],[17.099623,48.134747],[17.099623,48.134707],[17.099674,48.134707],[17.099674,48.134747]]]}},{"type":"Feature","properties":{"v":4.5,"p":2},"geometry":{"type":"Polygon","coordinates":[[[17.099974,48.134683],[17.099938,48.134684],[17.099937,48.134653],[17.099973,48.134652],[17.099974,48.134683]]]}},{"type":"Feature","properties":{"v":4.1,"p":1},"geometry":{"type":"Polygon","coordinates":[[[17.10012,48.134725],[17.100067,48.134726],[17.100066,48.1347],[17.100119,48.134699],[17.10012,48.134725]]]}},{"type":"Feature","properties":{"v":3.6,"p":1},"geometry":{"type":"Polygon","coordinates":[[[17.100122,48.134746],[17.100068,48.134747],[17.100067,48.134726],[17.10012,48.134725],[17.100122,48.134746]]]}},{"type":"Feature","properties":{"v":4.5,"p":2},"geometry":{"type":"Polygon","coordinates":[[[17.100119,48.134699],[17.100066,48.1347],[17.100065,48.134677],[17.100117,48.134675],[17.100119,48.134699]]]}},{"type":"Feature","properties":{"v":4.5,"p":2},"geometry":{"type":"Polygon","coordinates":[[[17.100007,48.134682],[17.099974,48.134683],[17.099973,48.134652],[17.100006,48.134651],[17.100007,48.134682]]]}},{"type":"Feature","properties":{"v":4.4,"p":1},"geometry":{"type":"Polygon","coordinates":[[[17.099938,48.134684],[17.099909,48.134684],[17.099907,48.134653],[17.099937,48.134653],[17.099938,48.134684]]]}},{"type":"Feature","properties":{"v":4.6,"p":2},"geometry":{"type":"Polygon","coordinates":[[[17.100066,48.134655],[17.100074,48.134667],[17.100065,48.134677],[17.100056,48.134686],[17.10003,48.134687],[17.100011,48.134676],[17.100012,48.134657],[17.100031,48.134649],[17.100052,48.134649],[17.100066,48.134655]]]}},{"type":"Feature","properties":{"v":2.3,"p":1},"geometry":{"type":"Polygon","coordinates":[[[17.111139,48.130001],[17.111083,48.130003],[17.11108,48.12996],[17.111137,48.129959],[17.111139,48.130001]]]}},{"type":"Feature","properties":{"v":5,"p":2},"geometry":{"type":"Polygon","coordinates":[[[17.109559,48.136702],[17.109534,48.136703],[17.109529,48.136664],[17.109554,48.136662],[17.109559,48.136702]]]}},{"type":"Feature","properties":{"v":3.6,"p":1},"geometry":{"type":"Polygon","coordinates":[[[17.10779,48.133561],[17.107749,48.133597],[17.107555,48.133496],[17.107595,48.133461],[17.10779,48.133561]]]}},{"type":"Feature","properties":{"v":4.8,"p":2},"geometry":{"type":"Polygon","coordinates":[[[17.094062,48.12983],[17.09403,48.129844],[17.093984,48.129804],[17.094015,48.129802],[17.094032,48.129796],[17.094062,48.12983]]]}},{"type":"Feature","properties":{"v":4.3,"p":1},"geometry":{"type":"Polygon","coordinates":[[[17.093926,48.12958],[17.093882,48.129593],[17.093884,48.129545],[17.093926,48.129544],[17.093926,48.12958]]]}},{"type":"Feature","properties":{"v":36.8,"p":12},"geometry":{"type":"Polygon","coordinates":[[[17.100953,48.131523],[17.099722,48.131563],[17.099717,48.13149],[17.099684,48.131034],[17.099984,48.131025],[17.09999,48.131106],[17.099957,48.131107],[17.099977,48.131377],[17.100776,48.131351],[17.100775,48.131331],[17.100938,48.131326],[17.100953,48.131523]]]}},{"type":"Feature","properties":{"v":32.5,"p":11},"geometry":{"type":"Polygon","coordinates":[[[17.099977,48.131377],[17.099957,48.131107],[17.09999,48.131106],[17.100009,48.131359],[17.100775,48.131331],[17.100776,48.131351],[17.099977,48.131377]]]}},{"type":"Feature","properties":{"v":62.8,"p":21},"geometry":{"type":"Polygon","coordinates":[[[17.100455,48.131029],[17.100455,48.131003],[17.100401,48.131004],[17.100392,48.130861],[17.100489,48.130859],[17.100489,48.13085],[17.100614,48.130846],[17.100613,48.130829],[17.100701,48.130827],[17.100702,48.130847],[17.100801,48.130845],[17.100809,48.130994],[17.100756,48.130995],[17.100758,48.131021],[17.100455,48.131029]]]}},{"type":"Feature","properties":{"v":2.9,"p":1},"geometry":{"type":"Polygon","coordinates":[[[17.098468,48.131648],[17.098409,48.13165],[17.098413,48.131598],[17.098472,48.1316],[17.098468,48.131648]]]}},{"type":"Feature","properties":{"v":9.3,"p":3},"geometry":{"type":"Polygon","coordinates":[[[17.099717,48.13149],[17.099643,48.131493],[17.09961,48.131036],[17.099684,48.131034],[17.099717,48.13149]]]}},{"type":"Feature","properties":{"v":4.3,"p":1},"geometry":{"type":"Polygon","coordinates":[[[17.101602,48.136695],[17.101576,48.136694],[17.101573,48.136733],[17.101488,48.13673],[17.101489,48.136704],[17.101493,48.13663],[17.101494,48.136604],[17.101578,48.136606],[17.101577,48.13663],[17.101606,48.136631],[17.101602,48.136695]]]}},{"type":"Feature","properties":{"v":3.4,"p":1},"geometry":{"type":"Polygon","coordinates":[[[17.101428,48.1366],[17.101368,48.13661],[17.101354,48.136572],[17.101414,48.136562],[17.101428,48.1366]]]}},{"type":"Feature","properties":{"v":81.9,"p":27},"geometry":{"type":"Polygon","coordinates":[[[17.098924,48.134006],[17.098929,48.134081],[17.098831,48.134084],[17.098827,48.134039],[17.098824,48.134001],[17.09882,48.133973],[17.09892,48.133969],[17.098924,48.134006]]]}},{"type":"Feature","properties":{"v":80.9,"p":27},"geometry":{"type":"Polygon","coordinates":[[[17.098897,48.13368],[17.098914,48.133922],[17.09892,48.133969],[17.09882,48.133973],[17.098824,48.134001],[17.098732,48.134004],[17.098716,48.133797],[17.098701,48.133625],[17.098781,48.133622],[17.098784,48.133653],[17.098809,48.133653],[17.098803,48.133577],[17.098888,48.133574],[17.098895,48.133649],[17.098897,48.13368]]]}},{"type":"Feature","properties":{"v":21.8,"p":7},"geometry":{"type":"Polygon","coordinates":[[[17.10999,48.132625],[17.110015,48.132671],[17.109916,48.132696],[17.109894,48.132656],[17.109869,48.132614],[17.109969,48.132589],[17.10999,48.132625]]]}},{"type":"Feature","properties":{"v":21.8,"p":7},"geometry":{"type":"Polygon","coordinates":[[[17.109691,48.132488],[17.109641,48.132493],[17.109629,48.13243],[17.109681,48.132427],[17.109691,48.132488]]]}},{"type":"Feature","properties":{"v":21.2,"p":7},"geometry":{"type":"Polygon","coordinates":[[[17.109792,48.132685],[17.109833,48.132757],[17.109791,48.132766],[17.109649,48.132541],[17.109701,48.132528],[17.109792,48.132685]]]}},{"type":"Feature","properties":{"v":22.7,"p":8},"geometry":{"type":"Polygon","coordinates":[[[17.110594,48.132514],[17.110495,48.13254],[17.110471,48.132499],[17.110569,48.132473],[17.110594,48.132514]]]}},{"type":"Feature","properties":{"v":21.5,"p":7},"geometry":{"type":"Polygon","coordinates":[[[17.110555,48.132638],[17.110462,48.132662],[17.110444,48.132632],[17.110537,48.132608],[17.110555,48.132638]]]}},{"type":"Feature","properties":{"v":22.6,"p":8},"geometry":{"type":"Polygon","coordinates":[[[17.110543,48.132251],[17.110462,48.132272],[17.110442,48.132238],[17.110524,48.132217],[17.110543,48.132251]]]}},{"type":"Feature","properties":{"v":17.6,"p":6},"geometry":{"type":"Polygon","coordinates":[[[17.110542,48.132212],[17.110524,48.132217],[17.110442,48.132238],[17.110344,48.132263],[17.110322,48.132223],[17.110521,48.132176],[17.110542,48.132212]]]}},{"type":"Feature","properties":{"v":19.1,"p":6},"geometry":{"type":"Polygon","coordinates":[[[17.109873,48.132818],[17.109833,48.132757],[17.109792,48.132685],[17.109894,48.132656],[17.109916,48.132696],[17.110015,48.132671],[17.10999,48.132625],[17.110471,48.132499],[17.110495,48.13254],[17.110594,48.132514],[17.110569,48.132473],[17.110709,48.132436],[17.110792,48.132575],[17.110555,48.132638],[17.110537,48.132608],[17.110444,48.132632],[17.110462,48.132662],[17.109873,48.132818]]]}},{"type":"Feature","properties":{"v":20.2,"p":7},"geometry":{"type":"Polygon","coordinates":[[[17.109869,48.132614],[17.109894,48.132656],[17.109792,48.132685],[17.109701,48.132528],[17.109649,48.132541],[17.109641,48.132493],[17.109691,48.132488],[17.109681,48.132427],[17.109629,48.13243],[17.109625,48.132409],[17.109807,48.13236],[17.110322,48.132223],[17.110344,48.132263],[17.110442,48.132238],[17.110462,48.132272],[17.110543,48.132251],[17.110524,48.132217],[17.110542,48.132212],[17.110572,48.132204],[17.110709,48.132436],[17.110569,48.132473],[17.110471,48.132499],[17.10999,48.132625],[17.109969,48.132589],[17.109869,48.132614]]]}},{"type":"Feature","properties":{"v":15.2,"p":5},"geometry":{"type":"Polygon","coordinates":[[[17.109807,48.13236],[17.109803,48.132345],[17.109783,48.132346],[17.109728,48.132128],[17.109718,48.132088],[17.109805,48.132082],[17.109909,48.132078],[17.109998,48.132077],[17.110108,48.132082],[17.110188,48.132088],[17.11028,48.1321],[17.110359,48.132111],[17.110476,48.132131],[17.110501,48.132171],[17.110545,48.132163],[17.110572,48.132204],[17.110542,48.132212],[17.110521,48.132176],[17.110322,48.132223],[17.109807,48.13236]]]}},{"type":"Feature","properties":{"v":17.5,"p":6},"geometry":{"type":"Polygon","coordinates":[[[17.109413,48.132759],[17.109015,48.132796],[17.108969,48.132573],[17.109365,48.132536],[17.109413,48.132759]]]}},{"type":"Feature","properties":{"v":18.6,"p":6},"geometry":{"type":"Polygon","coordinates":[[[17.109015,48.132796],[17.109035,48.132883],[17.108825,48.132903],[17.108793,48.132743],[17.108657,48.132753],[17.108654,48.13274],[17.10864,48.132741],[17.108588,48.132745],[17.108585,48.132731],[17.108434,48.132742],[17.108401,48.132564],[17.108561,48.132551],[17.108573,48.132608],[17.108969,48.132573],[17.109015,48.132796]]]}},{"type":"Feature","properties":{"v":16.1,"p":5},"geometry":{"type":"Polygon","coordinates":[[[17.108668,48.132869],[17.108628,48.132873],[17.108642,48.132939],[17.108431,48.132989],[17.108416,48.132905],[17.108463,48.132901],[17.108434,48.132742],[17.108585,48.132731],[17.108588,48.132745],[17.10864,48.132741],[17.108668,48.132869]]]}},{"type":"Feature","properties":{"v":12.4,"p":4},"geometry":{"type":"Polygon","coordinates":[[[17.108431,48.132989],[17.108255,48.13305],[17.10823,48.132922],[17.108416,48.132905],[17.108431,48.132989]]]}},{"type":"Feature","properties":{"v":14.4,"p":5},"geometry":{"type":"Polygon","coordinates":[[[17.109589,48.132248],[17.10954,48.132253],[17.109524,48.132184],[17.109497,48.132185],[17.109486,48.132117],[17.109558,48.132111],[17.109565,48.132143],[17.109589,48.132248]]]}},{"type":"Feature","properties":{"v":15.2,"p":5},"geometry":{"type":"Polygon","coordinates":[[[17.10954,48.132253],[17.109508,48.132255],[17.109425,48.132262],[17.109411,48.132194],[17.109497,48.132185],[17.109524,48.132184],[17.10954,48.132253]]]}},{"type":"Feature","properties":{"v":3.5,"p":1},"geometry":{"type":"Polygon","coordinates":[[[17.104883,48.136807],[17.104763,48.136805],[17.104765,48.136785],[17.104826,48.136786],[17.104829,48.13673],[17.104887,48.136731],[17.104883,48.136807]]]}},{"type":"Feature","properties":{"v":2.3,"p":1},"geometry":{"type":"Polygon","coordinates":[[[17.111291,48.132131],[17.111247,48.132131],[17.111247,48.132106],[17.111291,48.132105],[17.111291,48.132131]]]}},{"type":"Feature","properties":{"v":2.1,"p":1},"geometry":{"type":"Polygon","coordinates":[[[17.111301,48.132173],[17.111268,48.132174],[17.111266,48.132139],[17.111299,48.132139],[17.111301,48.132173]]]}},{"type":"Feature","properties":{"v":3.4,"p":1},"geometry":{"type":"Polygon","coordinates":[[[17.101489,48.136704],[17.101285,48.1367],[17.101288,48.136627],[17.101493,48.13663],[17.101489,48.136704]]]}},{"type":"Feature","properties":{"v":25.8,"p":9},"geometry":{"type":"Polygon","coordinates":[[[17.095642,48.129083],[17.094867,48.12911],[17.094865,48.129076],[17.094858,48.128995],[17.095635,48.128968],[17.095642,48.129083]]]}},{"type":"Feature","properties":{"v":25.9,"p":9},"geometry":{"type":"Polygon","coordinates":[[[17.110626,48.12983],[17.110521,48.129834],[17.110519,48.129818],[17.110456,48.12982],[17.110427,48.129431],[17.110595,48.129426],[17.110621,48.129773],[17.110626,48.12983]]]}},{"type":"Feature","properties":{"v":26.2,"p":9},"geometry":{"type":"Polygon","coordinates":[[[17.102265,48.129246],[17.102099,48.129252],[17.102097,48.129227],[17.102091,48.129227],[17.10207,48.128942],[17.102241,48.128937],[17.102262,48.129217],[17.102265,48.129246]]]}},{"type":"Feature","properties":{"v":13,"p":4},"geometry":{"type":"Polygon","coordinates":[[[17.108642,48.132939],[17.108628,48.132873],[17.108668,48.132869],[17.10864,48.132741],[17.108654,48.13274],[17.108657,48.132753],[17.108793,48.132743],[17.108825,48.132903],[17.109035,48.132883],[17.109015,48.132796],[17.109413,48.132759],[17.109365,48.132536],[17.108969,48.132573],[17.108573,48.132608],[17.108561,48.132551],[17.108401,48.132564],[17.108387,48.13249],[17.108144,48.132517],[17.108106,48.1323],[17.108141,48.132264],[17.108165,48.132242],[17.108186,48.13224],[17.10862,48.132199],[17.10872,48.13219],[17.109486,48.132117],[17.109497,48.132185],[17.109411,48.132194],[17.109425,48.132262],[17.109508,48.132255],[17.10954,48.132253],[17.109589,48.132248],[17.109614,48.13236],[17.109625,48.132409],[17.109629,48.13243],[17.109641,48.132493],[17.109649,48.132541],[17.109714,48.132845],[17.108642,48.132939]]]}},{"type":"Feature","properties":{"v":2.8,"p":1},"geometry":{"type":"Polygon","coordinates":[[[17.094043,48.128784],[17.094023,48.128808],[17.093967,48.128786],[17.093987,48.128763],[17.094043,48.128784]]]}},{"type":"Feature","properties":{"v":2.7,"p":1},"geometry":{"type":"Polygon","coordinates":[[[17.093937,48.128734],[17.093932,48.12874],[17.093935,48.128748],[17.093925,48.128759],[17.093912,48.128762],[17.093893,48.128754],[17.093896,48.128751],[17.09389,48.128741],[17.093898,48.128733],[17.093914,48.128731],[17.093919,48.128727],[17.093937,48.128734]]]}},{"type":"Feature","properties":{"v":2.2,"p":1},"geometry":{"type":"Polygon","coordinates":[[[17.096406,48.129073],[17.096343,48.129076],[17.096339,48.129037],[17.096402,48.129034],[17.096406,48.129073]]]}},{"type":"Feature","properties":{"v":2.1,"p":1},"geometry":{"type":"Polygon","coordinates":[[[17.096256,48.129079],[17.096192,48.129082],[17.096186,48.129043],[17.096252,48.129041],[17.096256,48.129079]]]}},{"type":"Feature","properties":{"v":2.2,"p":1},"geometry":{"type":"Polygon","coordinates":[[[17.09627,48.129215],[17.096204,48.129218],[17.096201,48.12918],[17.096266,48.129178],[17.09627,48.129215]]]}},{"type":"Feature","properties":{"v":2.1,"p":1},"geometry":{"type":"Polygon","coordinates":[[[17.09642,48.129209],[17.096356,48.129211],[17.096353,48.129173],[17.096417,48.129171],[17.09642,48.129209]]]}},{"type":"Feature","properties":{"v":3.4,"p":1},"geometry":{"type":"Polygon","coordinates":[[[17.09736,48.130449],[17.097271,48.130452],[17.097268,48.130425],[17.097358,48.130422],[17.09736,48.130449]]]}},{"type":"Feature","properties":{"v":3.9,"p":1},"geometry":{"type":"Polygon","coordinates":[[[17.102867,48.136542],[17.102868,48.136559],[17.102767,48.136561],[17.102767,48.136544],[17.102817,48.136537],[17.102867,48.136542]]]}},{"type":"Feature","properties":{"v":12.1,"p":4},"geometry":{"type":"Polygon","coordinates":[[[17.101632,48.136384],[17.101639,48.136387],[17.101644,48.136391],[17.101647,48.136396],[17.101647,48.136401],[17.101645,48.136407],[17.101641,48.136411],[17.101634,48.136415],[17.101627,48.136417],[17.101619,48.136417],[17.101611,48.136416],[17.101604,48.136413],[17.101598,48.136409],[17.101595,48.136403],[17.101595,48.136398],[17.101597,48.136393],[17.101602,48.136388],[17.101608,48.136384],[17.101616,48.136382],[17.101624,48.136382],[17.101632,48.136384]]]}},{"type":"Feature","properties":{"v":2.6,"p":1},"geometry":{"type":"Polygon","coordinates":[[[17.101117,48.136726],[17.101041,48.136726],[17.10104,48.136689],[17.101116,48.136689],[17.101117,48.136726]]]}},{"type":"Feature","properties":{"v":2.5,"p":1},"geometry":{"type":"Polygon","coordinates":[[[17.101338,48.135152],[17.1012,48.135154],[17.101199,48.135104],[17.101336,48.135102],[17.101338,48.135152]]]}},{"type":"Feature","properties":{"v":4.9,"p":2},"geometry":{"type":"Polygon","coordinates":[[[17.100706,48.134812],[17.100607,48.134815],[17.100603,48.134761],[17.100702,48.134758],[17.100706,48.134812]]]}},{"type":"Feature","properties":{"v":2.4,"p":1},"geometry":{"type":"Polygon","coordinates":[[[17.10071,48.134866],[17.100613,48.134868],[17.100607,48.134815],[17.100706,48.134812],[17.10071,48.134866]]]}},{"type":"Feature","properties":{"v":2.3,"p":1},"geometry":{"type":"Polygon","coordinates":[[[17.100784,48.134809],[17.100751,48.13481],[17.100746,48.134756],[17.100779,48.134754],[17.100784,48.134809]]]}},{"type":"Feature","properties":{"v":5.1,"p":2},"geometry":{"type":"Polygon","coordinates":[[[17.099553,48.134443],[17.09937,48.134449],[17.099368,48.134429],[17.099552,48.134423],[17.099553,48.134443]]]}},{"type":"Feature","properties":{"v":2.9,"p":1},"geometry":{"type":"Polygon","coordinates":[[[17.103855,48.136158],[17.103823,48.136157],[17.103828,48.136102],[17.103861,48.136103],[17.103855,48.136158]]]}},{"type":"Feature","properties":{"v":2.9,"p":1},"geometry":{"type":"Polygon","coordinates":[[[17.103863,48.136081],[17.10383,48.136079],[17.103836,48.136025],[17.10387,48.136026],[17.103863,48.136081]]]}},{"type":"Feature","properties":{"v":2.9,"p":1},"geometry":{"type":"Polygon","coordinates":[[[17.104142,48.136027],[17.10406,48.136024],[17.104062,48.136003],[17.104143,48.136006],[17.104142,48.136027]]]}},{"type":"Feature","properties":{"v":2.8,"p":1},"geometry":{"type":"Polygon","coordinates":[[[17.104133,48.136107],[17.104053,48.136102],[17.104056,48.136079],[17.104136,48.136084],[17.104133,48.136107]]]}},{"type":"Feature","properties":{"v":3.1,"p":1},"geometry":{"type":"Polygon","coordinates":[[[17.102719,48.128564],[17.102633,48.128567],[17.102631,48.128542],[17.102717,48.128538],[17.102719,48.128564]]]}},{"type":"Feature","properties":{"v":13.3,"p":4},"geometry":{"type":"Polygon","coordinates":[[[17.109145,48.130572],[17.109547,48.130669],[17.109535,48.130695],[17.109611,48.130711],[17.109588,48.130758],[17.10869,48.130769],[17.108728,48.13052],[17.108803,48.130526],[17.108808,48.130479],[17.109145,48.130572]]]}},{"type":"Feature","properties":{"v":14.3,"p":5},"geometry":{"type":"Polygon","coordinates":[[[17.108808,48.130479],[17.108803,48.130526],[17.108728,48.13052],[17.108736,48.130458],[17.108808,48.130479]]]}},{"type":"Feature","properties":{"v":16.2,"p":5},"geometry":{"type":"Polygon","coordinates":[[[17.109623,48.130685],[17.109611,48.130711],[17.109535,48.130695],[17.109547,48.130669],[17.109623,48.130685]]]}},{"type":"Feature","properties":{"v":4.5,"p":2},"geometry":{"type":"Polygon","coordinates":[[[17.109397,48.128323],[17.109395,48.128302],[17.109486,48.128299],[17.109516,48.128318],[17.109521,48.128298],[17.109548,48.128317],[17.109554,48.128296],[17.10958,48.128316],[17.109586,48.128295],[17.109613,48.128315],[17.109621,48.128294],[17.109646,48.128315],[17.109654,48.128293],[17.109669,48.128292],[17.109671,48.128316],[17.109397,48.128323]]]}},{"type":"Feature","properties":{"v":3.1,"p":1},"geometry":{"type":"Polygon","coordinates":[[[17.108595,48.130412],[17.108582,48.130412],[17.10818,48.130417],[17.10819,48.130461],[17.107923,48.13044],[17.108007,48.130212],[17.108146,48.130266],[17.108135,48.130281],[17.108261,48.130323],[17.108273,48.130307],[17.108595,48.130412]]]}},{"type":"Feature","properties":{"v":2.5,"p":1},"geometry":{"type":"Polygon","coordinates":[[[17.097997,48.146014],[17.097883,48.146024],[17.09787,48.145959],[17.097985,48.14595],[17.097997,48.146014]]]}},{"type":"Feature","properties":{"v":17.2,"p":6},"geometry":{"type":"Polygon","coordinates":[[[17.104333,48.143073],[17.10432,48.143072],[17.104216,48.143064],[17.104199,48.143054],[17.1042,48.143029],[17.10422,48.143007],[17.104241,48.143004],[17.104324,48.143008],[17.104341,48.143009],[17.104333,48.143073]]]}},{"type":"Feature","properties":{"v":12.2,"p":4},"geometry":{"type":"Polygon","coordinates":[[[17.104325,48.143276],[17.104291,48.14327],[17.10432,48.143072],[17.104333,48.143073],[17.104341,48.143009],[17.104324,48.143008],[17.104347,48.142879],[17.104397,48.142767],[17.104373,48.142758],[17.104356,48.142744],[17.104358,48.142725],[17.104383,48.142704],[17.104417,48.142701],[17.104607,48.142242],[17.104634,48.142247],[17.104441,48.14271],[17.104463,48.142717],[17.104395,48.142876],[17.104325,48.143276]]]}},{"type":"Feature","properties":{"v":14.4,"p":5},"geometry":{"type":"Polygon","coordinates":[[[17.104249,48.143741],[17.104232,48.143793],[17.104208,48.143869],[17.104165,48.143972],[17.104128,48.144033],[17.104076,48.144113],[17.104157,48.144145],[17.104125,48.144198],[17.104028,48.144158],[17.104171,48.143897],[17.104202,48.1438],[17.104222,48.143734],[17.104249,48.143741]]]}},{"type":"Feature","properties":{"v":13.4,"p":4},"geometry":{"type":"Polygon","coordinates":[[[17.096576,48.143971],[17.096549,48.144096],[17.096335,48.144076],[17.096362,48.14395],[17.096576,48.143971]]]}},{"type":"Feature","properties":{"v":7.3,"p":2},"geometry":{"type":"Polygon","coordinates":[[[17.094631,48.143811],[17.094548,48.143793],[17.094557,48.143736],[17.094658,48.143742],[17.094631,48.143811]]]}},{"type":"Feature","properties":{"v":3.9,"p":1},"geometry":{"type":"Polygon","coordinates":[[[17.094414,48.143813],[17.094372,48.143816],[17.094366,48.143778],[17.094467,48.143772],[17.094464,48.143812],[17.094453,48.14381],[17.094414,48.143813]]]}},{"type":"Feature","properties":{"v":3,"p":1},"geometry":{"type":"Polygon","coordinates":[[[17.094372,48.143816],[17.094309,48.143821],[17.09431,48.143831],[17.094283,48.143833],[17.094278,48.143799],[17.09435,48.143795],[17.094348,48.14378],[17.094366,48.143778],[17.094372,48.143816]]]}},{"type":"Feature","properties":{"v":22,"p":7},"geometry":{"type":"Polygon","coordinates":[[[17.1084,48.140807],[17.10813,48.140796],[17.108138,48.140692],[17.108162,48.140693],[17.108163,48.140676],[17.108164,48.140671],[17.108178,48.140523],[17.10843,48.140538],[17.1084,48.140807]]]}},{"type":"Feature","properties":{"v":14,"p":5},"geometry":{"type":"Polygon","coordinates":[[[17.108087,48.140505],[17.108084,48.140519],[17.107899,48.140511],[17.107738,48.140504],[17.10776,48.140269],[17.108138,48.140283],[17.108087,48.140505]]]}},{"type":"Feature","properties":{"v":9.8,"p":3},"geometry":{"type":"Polygon","coordinates":[[[17.107928,48.140172],[17.108158,48.1402],[17.108138,48.140283],[17.10776,48.140269],[17.107771,48.140156],[17.107792,48.140157],[17.107868,48.14016],[17.107928,48.140172]]]}},{"type":"Feature","properties":{"v":28.4,"p":9},"geometry":{"type":"Polygon","coordinates":[[[17.095538,48.140783],[17.095534,48.140784],[17.095427,48.140821],[17.095039,48.140953],[17.09493,48.140991],[17.094785,48.140643],[17.095435,48.140528],[17.095538,48.140783]]]}},{"type":"Feature","properties":{"v":25.3,"p":8},"geometry":{"type":"Polygon","coordinates":[[[17.095741,48.141245],[17.095718,48.141249],[17.095072,48.141362],[17.09506,48.141364],[17.094976,48.141178],[17.095108,48.141134],[17.095499,48.141002],[17.095607,48.140966],[17.095635,48.140956],[17.095741,48.141245]]]}},{"type":"Feature","properties":{"v":27,"p":9},"geometry":{"type":"Polygon","coordinates":[[[17.095762,48.141361],[17.095115,48.141474],[17.095072,48.141362],[17.095718,48.141249],[17.095762,48.141361]]]}},{"type":"Feature","properties":{"v":23.2,"p":8},"geometry":{"type":"Polygon","coordinates":[[[17.095109,48.141486],[17.09506,48.141364],[17.095072,48.141362],[17.095115,48.141474],[17.095762,48.141361],[17.095718,48.141249],[17.095741,48.141245],[17.095787,48.141372],[17.095109,48.141486]]]}},{"type":"Feature","properties":{"v":23.1,"p":8},"geometry":{"type":"Polygon","coordinates":[[[17.095108,48.141134],[17.095002,48.141169],[17.094934,48.141001],[17.09493,48.140991],[17.095039,48.140953],[17.095108,48.141134]]]}},{"type":"Feature","properties":{"v":25.7,"p":9},"geometry":{"type":"Polygon","coordinates":[[[17.095607,48.140966],[17.095499,48.141002],[17.095427,48.140821],[17.095534,48.140784],[17.095607,48.140966]]]}},{"type":"Feature","properties":{"v":25.6,"p":9},"geometry":{"type":"Polygon","coordinates":[[[17.094785,48.140643],[17.09493,48.140991],[17.094934,48.141001],[17.094913,48.141006],[17.094835,48.140812],[17.094744,48.140586],[17.095434,48.140463],[17.095556,48.140775],[17.095538,48.140783],[17.095435,48.140528],[17.094785,48.140643]]]}},{"type":"Feature","properties":{"v":28.3,"p":9},"geometry":{"type":"Polygon","coordinates":[[[17.096027,48.140653],[17.095939,48.140668],[17.095945,48.140685],[17.095808,48.140721],[17.095766,48.140706],[17.095664,48.140443],[17.095832,48.140414],[17.095868,48.140502],[17.095875,48.140501],[17.095888,48.140538],[17.095943,48.140529],[17.09594,48.14052],[17.096189,48.140477],[17.096196,48.140475],[17.096168,48.140382],[17.096324,48.140354],[17.096401,48.140549],[17.096027,48.140653]]]}},{"type":"Feature","properties":{"v":21.3,"p":7},"geometry":{"type":"Polygon","coordinates":[[[17.095832,48.140414],[17.095664,48.140443],[17.095657,48.140425],[17.095826,48.140396],[17.095832,48.140414]]]}},{"type":"Feature","properties":{"v":20.7,"p":7},"geometry":{"type":"Polygon","coordinates":[[[17.096413,48.140546],[17.096401,48.140549],[17.096324,48.140354],[17.096168,48.140382],[17.096196,48.140475],[17.096189,48.140477],[17.096145,48.140337],[17.096319,48.140307],[17.096413,48.140546]]]}},{"type":"Feature","properties":{"v":20.7,"p":7},"geometry":{"type":"Polygon","coordinates":[[[17.096637,48.140504],[17.096583,48.140323],[17.096737,48.140301],[17.096752,48.140349],[17.096804,48.140342],[17.096833,48.140436],[17.096815,48.140438],[17.09683,48.140488],[17.096741,48.1405],[17.096738,48.14049],[17.096637,48.140504]]]}},{"type":"Feature","properties":{"v":17.9,"p":6},"geometry":{"type":"Polygon","coordinates":[[[17.09686,48.140484],[17.09683,48.140488],[17.096815,48.140438],[17.096833,48.140436],[17.096804,48.140342],[17.096752,48.140349],[17.096737,48.140301],[17.096583,48.140323],[17.096577,48.140302],[17.096796,48.140272],[17.09686,48.140484]]]}},{"type":"Feature","properties":{"v":15.2,"p":5},"geometry":{"type":"Polygon","coordinates":[[[17.096577,48.140302],[17.096583,48.140323],[17.096637,48.140504],[17.096625,48.140505],[17.096556,48.140277],[17.096801,48.140249],[17.09682,48.140312],[17.096863,48.140309],[17.096883,48.140446],[17.096891,48.14048],[17.09686,48.140484],[17.096796,48.140272],[17.096577,48.140302]]]}},{"type":"Feature","properties":{"v":28.7,"p":10},"geometry":{"type":"Polygon","coordinates":[[[17.09409,48.141287],[17.094066,48.141252],[17.09404,48.14126],[17.094003,48.141206],[17.093987,48.141211],[17.093939,48.141141],[17.093962,48.141134],[17.093927,48.141083],[17.09406,48.141042],[17.094085,48.141079],[17.0941,48.141074],[17.094155,48.141155],[17.094189,48.141144],[17.094241,48.141219],[17.094215,48.141227],[17.094227,48.141245],[17.09409,48.141287]]]}},{"type":"Feature","properties":{"v":22.2,"p":7},"geometry":{"type":"Polygon","coordinates":[[[17.09406,48.141042],[17.093927,48.141083],[17.093962,48.141134],[17.093939,48.141141],[17.093891,48.141075],[17.09405,48.141027],[17.09406,48.141042]]]}},{"type":"Feature","properties":{"v":23,"p":8},"geometry":{"type":"Polygon","coordinates":[[[17.094069,48.141303],[17.09404,48.14126],[17.094066,48.141252],[17.09409,48.141287],[17.094227,48.141245],[17.094215,48.141227],[17.094241,48.141219],[17.09426,48.141245],[17.094069,48.141303]]]}},{"type":"Feature","properties":{"v":30.8,"p":10},"geometry":{"type":"Polygon","coordinates":[[[17.094551,48.141132],[17.09443,48.141173],[17.094384,48.141103],[17.094402,48.141098],[17.094351,48.141017],[17.094359,48.141015],[17.09434,48.140986],[17.094332,48.140988],[17.094267,48.140887],[17.094283,48.140882],[17.094269,48.140861],[17.094353,48.140836],[17.094397,48.140824],[17.094413,48.140819],[17.094523,48.140989],[17.094551,48.141132]]]}},{"type":"Feature","properties":{"v":30.8,"p":10},"geometry":{"type":"Polygon","coordinates":[[[17.093896,48.140909],[17.0939,48.140916],[17.093862,48.140928],[17.093865,48.140931],[17.093781,48.140956],[17.093772,48.140943],[17.093729,48.140876],[17.093743,48.140872],[17.093719,48.140835],[17.093883,48.140787],[17.093895,48.140804],[17.093927,48.140795],[17.093917,48.140777],[17.094068,48.140733],[17.09408,48.140751],[17.094132,48.140736],[17.094122,48.140718],[17.094203,48.140694],[17.094215,48.140712],[17.094264,48.140697],[17.094353,48.140836],[17.094269,48.140861],[17.094283,48.140882],[17.094267,48.140887],[17.094256,48.140871],[17.094226,48.140879],[17.09419,48.140824],[17.093999,48.140879],[17.094005,48.140889],[17.093952,48.140904],[17.093945,48.140895],[17.093896,48.140909]]]}},{"type":"Feature","properties":{"v":24.6,"p":8},"geometry":{"type":"Polygon","coordinates":[[[17.093719,48.140835],[17.093743,48.140872],[17.093729,48.140876],[17.093772,48.140943],[17.093751,48.140949],[17.093672,48.140826],[17.094205,48.140669],[17.094231,48.140665],[17.094257,48.140666],[17.094279,48.140671],[17.094298,48.140679],[17.094312,48.140688],[17.094321,48.140698],[17.094397,48.140824],[17.094353,48.140836],[17.094264,48.140697],[17.094215,48.140712],[17.094203,48.140694],[17.094122,48.140718],[17.094132,48.140736],[17.09408,48.140751],[17.094068,48.140733],[17.093917,48.140777],[17.093927,48.140795],[17.093895,48.140804],[17.093883,48.140787],[17.093719,48.140835]]]}},{"type":"Feature","properties":{"v":9,"p":3},"geometry":{"type":"Polygon","coordinates":[[[17.094387,48.140338],[17.094218,48.14038],[17.094199,48.140346],[17.094211,48.140344],[17.094201,48.140322],[17.094188,48.140325],[17.094143,48.14024],[17.094296,48.140212],[17.094344,48.140277],[17.094323,48.140284],[17.094357,48.14033],[17.09438,48.140322],[17.094387,48.140338]]]}},{"type":"Feature","properties":{"v":5.8,"p":2},"geometry":{"type":"Polygon","coordinates":[[[17.09699,48.142457],[17.096894,48.142467],[17.096882,48.142419],[17.096979,48.142408],[17.09699,48.142457]]]}},{"type":"Feature","properties":{"v":4.2,"p":1},"geometry":{"type":"Polygon","coordinates":[[[17.097252,48.143099],[17.097246,48.143119],[17.097205,48.143113],[17.097211,48.143092],[17.097252,48.143099]]]}},{"type":"Feature","properties":{"v":2.4,"p":1},"geometry":{"type":"Polygon","coordinates":[[[17.097408,48.143341],[17.097407,48.143341],[17.097389,48.143389],[17.097361,48.143388],[17.097379,48.143336],[17.097408,48.143341]]]}},{"type":"Feature","properties":{"v":2.7,"p":1},"geometry":{"type":"Polygon","coordinates":[[[17.095626,48.144479],[17.095589,48.144479],[17.095604,48.144404],[17.095639,48.144405],[17.095626,48.144479]]]}},{"type":"Feature","properties":{"v":4.3,"p":1},"geometry":{"type":"Polygon","coordinates":[[[17.096241,48.144366],[17.09619,48.144363],[17.096197,48.144333],[17.096237,48.144337],[17.096275,48.144341],[17.09627,48.144365],[17.096242,48.144362],[17.096241,48.144366]]]}},{"type":"Feature","properties":{"v":23.2,"p":8},"geometry":{"type":"Polygon","coordinates":[[[17.102151,48.1454],[17.101746,48.145483],[17.101697,48.145375],[17.102005,48.145313],[17.10206,48.145301],[17.102057,48.145295],[17.102099,48.145286],[17.102151,48.1454]]]}},{"type":"Feature","properties":{"v":18.5,"p":6},"geometry":{"type":"Polygon","coordinates":[[[17.102005,48.145313],[17.101697,48.145375],[17.101685,48.14535],[17.101993,48.145287],[17.102005,48.145313]]]}},{"type":"Feature","properties":{"v":11.8,"p":4},"geometry":{"type":"Polygon","coordinates":[[[17.095112,48.146478],[17.095093,48.146463],[17.095079,48.146471],[17.095005,48.14641],[17.095,48.146412],[17.094914,48.146341],[17.094982,48.146304],[17.095025,48.14634],[17.095078,48.146312],[17.095113,48.146341],[17.095095,48.14635],[17.095126,48.146376],[17.095111,48.146384],[17.095143,48.146411],[17.095129,48.146419],[17.095166,48.146449],[17.095112,48.146478]]]}},{"type":"Feature","properties":{"v":7.5,"p":2},"geometry":{"type":"Polygon","coordinates":[[[17.095069,48.143519],[17.09506,48.143536],[17.09464,48.143436],[17.09471,48.143388],[17.094763,48.14336],[17.094817,48.143335],[17.094874,48.143316],[17.094934,48.143303],[17.095002,48.143298],[17.095056,48.1433],[17.095114,48.143305],[17.095155,48.143313],[17.095197,48.143338],[17.095239,48.143367],[17.095274,48.143395],[17.095282,48.143412],[17.095283,48.143423],[17.095281,48.143435],[17.095275,48.143447],[17.095263,48.143456],[17.09515,48.14353],[17.095072,48.143513],[17.095069,48.143519]]]}},{"type":"Feature","properties":{"v":12.6,"p":4},"geometry":{"type":"Polygon","coordinates":[[[17.095475,48.144908],[17.09534,48.144915],[17.095339,48.14491],[17.095328,48.144817],[17.095325,48.144791],[17.09546,48.144784],[17.095475,48.144908]]]}},{"type":"Feature","properties":{"v":4.9,"p":2},"geometry":{"type":"Polygon","coordinates":[[[17.095339,48.14491],[17.095303,48.144912],[17.095292,48.144819],[17.095328,48.144817],[17.095339,48.14491]]]}},{"type":"Feature","properties":{"v":6.9,"p":2},"geometry":{"type":"Polygon","coordinates":[[[17.098702,48.146479],[17.098603,48.146499],[17.098577,48.146437],[17.098641,48.146425],[17.098647,48.146441],[17.098682,48.146434],[17.098702,48.146479]]]}},{"type":"Feature","properties":{"v":3,"p":1},"geometry":{"type":"Polygon","coordinates":[[[17.107124,48.141918],[17.107085,48.141967],[17.107033,48.142032],[17.106971,48.14201],[17.106979,48.141999],[17.106974,48.141997],[17.107057,48.141894],[17.107124,48.141918]]]}},{"type":"Feature","properties":{"v":17,"p":6},"geometry":{"type":"Polygon","coordinates":[[[17.094872,48.146561],[17.094874,48.146571],[17.094821,48.146575],[17.094677,48.146538],[17.094736,48.146438],[17.094835,48.146464],[17.094921,48.146455],[17.095,48.146412],[17.095005,48.14641],[17.095079,48.146471],[17.095108,48.146495],[17.094985,48.146561],[17.094934,48.146565],[17.094932,48.146556],[17.094872,48.146561]]]}},{"type":"Feature","properties":{"v":4.5,"p":2},"geometry":{"type":"Polygon","coordinates":[[[17.09493,48.143871],[17.094804,48.143845],[17.094819,48.143813],[17.094826,48.1438],[17.094871,48.143809],[17.0949,48.143751],[17.094896,48.143737],[17.094935,48.143726],[17.094942,48.143734],[17.094991,48.143745],[17.09493,48.143871]]]}},{"type":"Feature","properties":{"v":28.1,"p":9},"geometry":{"type":"Polygon","coordinates":[[[17.110387,48.143199],[17.110469,48.143233],[17.110492,48.143243],[17.110464,48.143272],[17.110394,48.143347],[17.110387,48.143355],[17.109975,48.143182],[17.11005,48.143102],[17.110052,48.1431],[17.110056,48.143102],[17.110108,48.143124],[17.110185,48.143041],[17.110134,48.143019],[17.110215,48.142932],[17.110233,48.14294],[17.110286,48.142883],[17.110334,48.142903],[17.110367,48.142868],[17.11029,48.142836],[17.110355,48.142767],[17.110803,48.142955],[17.110703,48.143062],[17.110673,48.14305],[17.110656,48.143068],[17.110667,48.143073],[17.110571,48.143175],[17.110549,48.143163],[17.110475,48.143125],[17.110611,48.143002],[17.110669,48.143026],[17.110722,48.14297],[17.110544,48.142896],[17.110492,48.142952],[17.110487,48.142957],[17.110367,48.142906],[17.110176,48.14311],[17.110387,48.143199]]]}},{"type":"Feature","properties":{"v":31.2,"p":10},"geometry":{"type":"Polygon","coordinates":[[[17.110722,48.14297],[17.110669,48.143026],[17.110611,48.143002],[17.110492,48.142952],[17.110544,48.142896],[17.110722,48.14297]]]}},{"type":"Feature","properties":{"v":30.8,"p":10},"geometry":{"type":"Polygon","coordinates":[[[17.110367,48.142868],[17.110334,48.142903],[17.110286,48.142883],[17.110257,48.142871],[17.11029,48.142836],[17.110367,48.142868]]]}},{"type":"Feature","properties":{"v":30.8,"p":10},"geometry":{"type":"Polygon","coordinates":[[[17.110185,48.143041],[17.110108,48.143124],[17.110056,48.143102],[17.110134,48.143019],[17.110185,48.143041]]]}},{"type":"Feature","properties":{"v":23.5,"p":8},"geometry":{"type":"Polygon","coordinates":[[[17.110549,48.143163],[17.110469,48.143233],[17.110387,48.143199],[17.110475,48.143125],[17.110549,48.143163]]]}},{"type":"Feature","properties":{"v":19,"p":6},"geometry":{"type":"Polygon","coordinates":[[[17.107085,48.14043],[17.106999,48.140645],[17.106848,48.140627],[17.106852,48.140614],[17.106911,48.140404],[17.107085,48.14043]]]}},{"type":"Feature","properties":{"v":28.2,"p":9},"geometry":{"type":"Polygon","coordinates":[[[17.108143,48.140669],[17.107589,48.140647],[17.107554,48.140646],[17.107565,48.140514],[17.10759,48.140515],[17.107602,48.140515],[17.108155,48.140537],[17.108143,48.140669]]]}},{"type":"Feature","properties":{"v":6.4,"p":2},"geometry":{"type":"Polygon","coordinates":[[[17.101864,48.14692],[17.101778,48.146942],[17.101749,48.14689],[17.101824,48.14687],[17.101833,48.146885],[17.10184,48.146883],[17.101864,48.14692]]]}},{"type":"Feature","properties":{"v":17.4,"p":6},"geometry":{"type":"Polygon","coordinates":[[[17.098525,48.146492],[17.098396,48.146516],[17.098308,48.146302],[17.098361,48.146292],[17.098437,48.146278],[17.098525,48.146492]]]}},{"type":"Feature","properties":{"v":13.6,"p":5},"geometry":{"type":"Polygon","coordinates":[[[17.098383,48.146532],[17.098291,48.146305],[17.098308,48.146302],[17.098396,48.146516],[17.098525,48.146492],[17.09853,48.146505],[17.098383,48.146532]]]}},{"type":"Feature","properties":{"v":13.5,"p":4},"geometry":{"type":"Polygon","coordinates":[[[17.098437,48.146278],[17.098361,48.146292],[17.09835,48.146266],[17.098426,48.146252],[17.098437,48.146278]]]}},{"type":"Feature","properties":{"v":10.7,"p":4},"geometry":{"type":"Polygon","coordinates":[[[17.098361,48.146292],[17.098308,48.146302],[17.098291,48.146305],[17.09828,48.146278],[17.09835,48.146266],[17.098361,48.146292]]]}},{"type":"Feature","properties":{"v":3.8,"p":1},"geometry":{"type":"Polygon","coordinates":[[[17.095233,48.146762],[17.095147,48.146777],[17.095144,48.146777],[17.095144,48.146776],[17.095124,48.146725],[17.095214,48.14671],[17.095233,48.146762]]]}},{"type":"Feature","properties":{"v":8.6,"p":3},"geometry":{"type":"Polygon","coordinates":[[[17.096965,48.146785],[17.096876,48.146808],[17.096856,48.146774],[17.096945,48.146751],[17.096965,48.146785]]]}},{"type":"Feature","properties":{"v":5.3,"p":2},"geometry":{"type":"Polygon","coordinates":[[[17.09566,48.145867],[17.095664,48.145872],[17.095665,48.145873],[17.095668,48.145877],[17.095672,48.145883],[17.095607,48.145902],[17.09557,48.145848],[17.095624,48.14582],[17.09566,48.145867]]]}},{"type":"Feature","properties":{"v":3.1,"p":1},"geometry":{"type":"Polygon","coordinates":[[[17.09789,48.145065],[17.097798,48.145079],[17.09779,48.145051],[17.097822,48.145047],[17.097821,48.145041],[17.09788,48.145033],[17.09789,48.145065]]]}},{"type":"Feature","properties":{"v":7.4,"p":2},"geometry":{"type":"Polygon","coordinates":[[[17.097891,48.145278],[17.097864,48.1453],[17.097835,48.145283],[17.097862,48.145261],[17.097891,48.145278]]]}},{"type":"Feature","properties":{"v":3.6,"p":1},"geometry":{"type":"Polygon","coordinates":[[[17.095845,48.143702],[17.095823,48.143781],[17.095766,48.143774],[17.095787,48.143695],[17.095845,48.143702]]]}},{"type":"Feature","properties":{"v":4.3,"p":1},"geometry":{"type":"Polygon","coordinates":[[[17.095429,48.144114],[17.095422,48.14414],[17.095317,48.144127],[17.095324,48.144102],[17.095429,48.144114]]]}},{"type":"Feature","properties":{"v":8.4,"p":3},"geometry":{"type":"Polygon","coordinates":[[[17.097484,48.143711],[17.097477,48.143727],[17.097502,48.143732],[17.097464,48.143817],[17.097344,48.143795],[17.097346,48.14379],[17.097321,48.143785],[17.097322,48.143782],[17.097299,48.143777],[17.097301,48.143772],[17.097293,48.14377],[17.097331,48.143686],[17.097388,48.143698],[17.09739,48.143692],[17.097484,48.143711]]]}},{"type":"Feature","properties":{"v":7.6,"p":3},"geometry":{"type":"Polygon","coordinates":[[[17.097293,48.14377],[17.097301,48.143772],[17.097299,48.143777],[17.097322,48.143782],[17.097321,48.143785],[17.097314,48.143799],[17.097266,48.143788],[17.097259,48.14378],[17.097264,48.143771],[17.097276,48.143767],[17.097293,48.14377]]]}},{"type":"Feature","properties":{"v":12.9,"p":4},"geometry":{"type":"Polygon","coordinates":[[[17.10304,48.14158],[17.102995,48.141558],[17.102981,48.141571],[17.102932,48.141538],[17.102924,48.141521],[17.102911,48.141502],[17.102885,48.141468],[17.102859,48.141443],[17.102834,48.141423],[17.10288,48.141402],[17.102991,48.141457],[17.103003,48.141446],[17.103138,48.141513],[17.103128,48.141522],[17.103184,48.141549],[17.103154,48.141578],[17.103137,48.14157],[17.103122,48.14158],[17.10307,48.141553],[17.10304,48.14158]]]}},{"type":"Feature","properties":{"v":7.2,"p":2},"geometry":{"type":"Polygon","coordinates":[[[17.10306,48.14162],[17.103057,48.141622],[17.102981,48.141571],[17.102995,48.141558],[17.10304,48.14158],[17.10307,48.141553],[17.103122,48.14158],[17.10306,48.14162]]]}},{"type":"Feature","properties":{"v":21,"p":7},"geometry":{"type":"Polygon","coordinates":[[[17.110389,48.140774],[17.110393,48.140775],[17.110373,48.140823],[17.110364,48.140822],[17.110348,48.140819],[17.110364,48.140771],[17.110389,48.140774]]]}},{"type":"Feature","properties":{"v":41.3,"p":14},"geometry":{"type":"Polygon","coordinates":[[[17.10926,48.140953],[17.109533,48.140981],[17.109482,48.141137],[17.1092,48.141104],[17.109183,48.141101],[17.109236,48.14095],[17.10926,48.140953]]]}},{"type":"Feature","properties":{"v":22.8,"p":8},"geometry":{"type":"Polygon","coordinates":[[[17.107394,48.14094],[17.107359,48.140926],[17.107356,48.140929],[17.107332,48.14092],[17.10733,48.140922],[17.107327,48.140924],[17.107324,48.140925],[17.107321,48.140926],[17.107317,48.140926],[17.107313,48.140926],[17.10731,48.140926],[17.107306,48.140925],[17.107303,48.140924],[17.1073,48.140922],[17.107298,48.14092],[17.107296,48.140918],[17.107295,48.140916],[17.107294,48.140913],[17.107294,48.140911],[17.107295,48.140909],[17.107296,48.140906],[17.10724,48.140884],[17.107292,48.140823],[17.107441,48.140881],[17.107394,48.14094]]]}},{"type":"Feature","properties":{"v":20.3,"p":7},"geometry":{"type":"Polygon","coordinates":[[[17.107411,48.14084],[17.107404,48.140848],[17.107452,48.140867],[17.107441,48.140881],[17.107292,48.140823],[17.107304,48.14081],[17.10735,48.140828],[17.107357,48.140819],[17.107411,48.14084]]]}},{"type":"Feature","properties":{"v":17.1,"p":6},"geometry":{"type":"Polygon","coordinates":[[[17.107319,48.140997],[17.107283,48.140985],[17.107295,48.140968],[17.10729,48.140967],[17.107321,48.140926],[17.107324,48.140925],[17.107327,48.140924],[17.10733,48.140922],[17.107332,48.14092],[17.107356,48.140929],[17.107359,48.140926],[17.107394,48.14094],[17.107351,48.140993],[17.107328,48.140985],[17.107319,48.140997]]]}},{"type":"Feature","properties":{"v":5.1,"p":2},"geometry":{"type":"Polygon","coordinates":[[[17.106017,48.142314],[17.105935,48.142309],[17.10594,48.142272],[17.106022,48.142277],[17.106017,48.142314]]]}},{"type":"Feature","properties":{"v":19.6,"p":7},"geometry":{"type":"Polygon","coordinates":[[[17.110459,48.146702],[17.110413,48.14675],[17.110399,48.146764],[17.110295,48.146713],[17.110353,48.14665],[17.110459,48.146702]]]}},{"type":"Feature","properties":{"v":16.6,"p":6},"geometry":{"type":"Polygon","coordinates":[[[17.110474,48.146687],[17.110459,48.146702],[17.110353,48.14665],[17.110368,48.146634],[17.110474,48.146687]]]}},{"type":"Feature","properties":{"v":14.2,"p":5},"geometry":{"type":"Polygon","coordinates":[[[17.110487,48.146673],[17.110474,48.146687],[17.110368,48.146634],[17.11038,48.146622],[17.110487,48.146673]]]}},{"type":"Feature","properties":{"v":14.4,"p":5},"geometry":{"type":"Polygon","coordinates":[[[17.110399,48.146764],[17.110384,48.14678],[17.110281,48.146729],[17.110284,48.146726],[17.110295,48.146713],[17.110399,48.146764]]]}},{"type":"Feature","properties":{"v":21.2,"p":7},"geometry":{"type":"Polygon","coordinates":[[[17.105911,48.145017],[17.10587,48.145005],[17.105835,48.144995],[17.105831,48.144994],[17.105847,48.144969],[17.105729,48.144936],[17.105727,48.14494],[17.105647,48.144916],[17.105644,48.144914],[17.105653,48.144901],[17.105717,48.144813],[17.106006,48.144893],[17.105976,48.14494],[17.105974,48.144942],[17.105964,48.144939],[17.105911,48.145017]]]}},{"type":"Feature","properties":{"v":12.5,"p":4},"geometry":{"type":"Polygon","coordinates":[[[17.10601,48.144886],[17.106006,48.144893],[17.105717,48.144813],[17.105721,48.144806],[17.10601,48.144886]]]}},{"type":"Feature","properties":{"v":14,"p":5},"geometry":{"type":"Polygon","coordinates":[[[17.105727,48.14494],[17.105703,48.144973],[17.105624,48.144949],[17.105647,48.144916],[17.105727,48.14494]]]}},{"type":"Feature","properties":{"v":17.1,"p":6},"geometry":{"type":"Polygon","coordinates":[[[17.10585,48.145105],[17.105788,48.145086],[17.10582,48.145041],[17.105822,48.145037],[17.105844,48.145044],[17.10587,48.145005],[17.105911,48.145017],[17.10585,48.145105]]]}},{"type":"Feature","properties":{"v":13.9,"p":5},"geometry":{"type":"Polygon","coordinates":[[[17.105844,48.145044],[17.105822,48.145037],[17.10582,48.145041],[17.105806,48.145037],[17.105835,48.144995],[17.10587,48.145005],[17.105844,48.145044]]]}},{"type":"Feature","properties":{"v":12,"p":4},"geometry":{"type":"Polygon","coordinates":[[[17.110501,48.146512],[17.110476,48.146501],[17.110474,48.146504],[17.110425,48.146483],[17.110442,48.146465],[17.110446,48.146461],[17.110487,48.146479],[17.110519,48.146493],[17.110501,48.146512]]]}},{"type":"Feature","properties":{"v":5.2,"p":2},"geometry":{"type":"Polygon","coordinates":[[[17.110563,48.146489],[17.11053,48.146525],[17.110501,48.146512],[17.110519,48.146493],[17.110487,48.146479],[17.110503,48.146463],[17.110563,48.146489]]]}},{"type":"Feature","properties":{"v":4.1,"p":1},"geometry":{"type":"Polygon","coordinates":[[[17.096969,48.143872],[17.096937,48.143923],[17.096882,48.143907],[17.096915,48.143856],[17.096969,48.143872]]]}},{"type":"Feature","properties":{"v":4.6,"p":2},"geometry":{"type":"Polygon","coordinates":[[[17.096583,48.144481],[17.09656,48.144501],[17.096594,48.144519],[17.096573,48.144538],[17.096506,48.144503],[17.096551,48.144464],[17.096583,48.144481]]]}},{"type":"Feature","properties":{"v":4.3,"p":1},"geometry":{"type":"Polygon","coordinates":[[[17.096085,48.144552],[17.09601,48.14456],[17.096,48.144512],[17.096074,48.144506],[17.096085,48.144552]]]}},{"type":"Feature","properties":{"v":3.9,"p":1},"geometry":{"type":"Polygon","coordinates":[[[17.096571,48.143183],[17.09656,48.143207],[17.096483,48.143191],[17.096494,48.143167],[17.096571,48.143183]]]}},{"type":"Feature","properties":{"v":2.9,"p":1},"geometry":{"type":"Polygon","coordinates":[[[17.097176,48.142714],[17.097173,48.142723],[17.097106,48.142712],[17.097132,48.142641],[17.097215,48.142655],[17.097212,48.142663],[17.097196,48.14266],[17.097176,48.142714]]]}},{"type":"Feature","properties":{"v":3,"p":1},"geometry":{"type":"Polygon","coordinates":[[[17.097549,48.143838],[17.097528,48.143877],[17.097454,48.143859],[17.097474,48.14382],[17.097549,48.143838]]]}},{"type":"Feature","properties":{"v":3.1,"p":1},"geometry":{"type":"Polygon","coordinates":[[[17.097601,48.143705],[17.097581,48.143767],[17.097509,48.143756],[17.097529,48.143695],[17.097601,48.143705]]]}},{"type":"Feature","properties":{"v":3.3,"p":1},"geometry":{"type":"Polygon","coordinates":[[[17.097601,48.143705],[17.097529,48.143695],[17.097537,48.143663],[17.097544,48.143664],[17.09755,48.143642],[17.097618,48.143651],[17.097601,48.143705]]]}},{"type":"Feature","properties":{"v":3.3,"p":1},"geometry":{"type":"Polygon","coordinates":[[[17.097628,48.143617],[17.097618,48.143651],[17.09755,48.143642],[17.097559,48.143608],[17.097628,48.143617]]]}},{"type":"Feature","properties":{"v":19.4,"p":6},"geometry":{"type":"Polygon","coordinates":[[[17.105511,48.147083],[17.105429,48.147161],[17.105001,48.14716],[17.104874,48.147126],[17.104954,48.146998],[17.105067,48.147028],[17.105308,48.147025],[17.105355,48.146983],[17.105511,48.147083]]]}},{"type":"Feature","properties":{"v":16.9,"p":6},"geometry":{"type":"Polygon","coordinates":[[[17.097538,48.143605],[17.097559,48.143608],[17.09755,48.143642],[17.097544,48.143664],[17.097537,48.143663],[17.097346,48.14364],[17.097367,48.143563],[17.097402,48.143567],[17.097403,48.143562],[17.097388,48.14356],[17.097397,48.143526],[17.097411,48.143528],[17.097413,48.14352],[17.09738,48.143516],[17.097401,48.143438],[17.097602,48.143463],[17.097586,48.143521],[17.097562,48.143518],[17.097538,48.143605]]]}},{"type":"Feature","properties":{"v":13.6,"p":5},"geometry":{"type":"Polygon","coordinates":[[[17.097622,48.143288],[17.097615,48.143304],[17.097643,48.14331],[17.097603,48.1434],[17.097475,48.143375],[17.097494,48.14333],[17.097413,48.143314],[17.097441,48.143252],[17.097622,48.143288]]]}},{"type":"Feature","properties":{"v":13.4,"p":4},"geometry":{"type":"Polygon","coordinates":[[[17.097665,48.143138],[17.097618,48.143244],[17.097486,48.143217],[17.097533,48.143112],[17.097665,48.143138]]]}},{"type":"Feature","properties":{"v":16.5,"p":6},"geometry":{"type":"Polygon","coordinates":[[[17.097647,48.143013],[17.097454,48.14302],[17.097447,48.14293],[17.097442,48.142875],[17.097441,48.142862],[17.097634,48.142855],[17.097647,48.143013]]]}},{"type":"Feature","properties":{"v":16.9,"p":6},"geometry":{"type":"Polygon","coordinates":[[[17.097552,48.142716],[17.097593,48.142722],[17.097571,48.14278],[17.097176,48.142714],[17.097196,48.14266],[17.097212,48.142663],[17.097231,48.142666],[17.097246,48.142624],[17.097566,48.142677],[17.097552,48.142716]]]}},{"type":"Feature","properties":{"v":19.3,"p":6},"geometry":{"type":"Polygon","coordinates":[[[17.09715,48.142773],[17.097095,48.142917],[17.096897,48.142883],[17.096952,48.142738],[17.09715,48.142773]]]}},{"type":"Feature","properties":{"v":13,"p":4},"geometry":{"type":"Polygon","coordinates":[[[17.097005,48.142973],[17.096998,48.142989],[17.097014,48.142992],[17.096975,48.143082],[17.09692,48.143071],[17.096852,48.143058],[17.096857,48.143045],[17.096898,48.142952],[17.097005,48.142973]]]}},{"type":"Feature","properties":{"v":12.5,"p":4},"geometry":{"type":"Polygon","coordinates":[[[17.096947,48.143244],[17.096873,48.143227],[17.096868,48.143238],[17.096806,48.143225],[17.096809,48.143217],[17.096762,48.143207],[17.096778,48.143174],[17.096818,48.143092],[17.097002,48.143132],[17.096947,48.143244]]]}},{"type":"Feature","properties":{"v":5.2,"p":2},"geometry":{"type":"Polygon","coordinates":[[[17.096825,48.144479],[17.096809,48.144493],[17.096738,48.144456],[17.096753,48.144443],[17.096825,48.144479]]]}},{"type":"Feature","properties":{"v":3.4,"p":1},"geometry":{"type":"Polygon","coordinates":[[[17.096666,48.144385],[17.096617,48.144431],[17.09658,48.144414],[17.096629,48.144368],[17.096666,48.144385]]]}},{"type":"Feature","properties":{"v":4.3,"p":1},"geometry":{"type":"Polygon","coordinates":[[[17.096319,48.14459],[17.096215,48.144607],[17.096195,48.14455],[17.096299,48.144534],[17.096319,48.14459]]]}},{"type":"Feature","properties":{"v":6.8,"p":2},"geometry":{"type":"Polygon","coordinates":[[[17.096315,48.1441],[17.096307,48.144141],[17.096237,48.144135],[17.096245,48.144094],[17.096315,48.1441]]]}},{"type":"Feature","properties":{"v":5.2,"p":2},"geometry":{"type":"Polygon","coordinates":[[[17.096346,48.144206],[17.096337,48.144248],[17.096296,48.144244],[17.096304,48.144203],[17.096346,48.144206]]]}},{"type":"Feature","properties":{"v":4.9,"p":2},"geometry":{"type":"Polygon","coordinates":[[[17.096289,48.144303],[17.09628,48.144342],[17.096275,48.144341],[17.096237,48.144337],[17.096197,48.144333],[17.096196,48.144333],[17.096205,48.144294],[17.096289,48.144303]]]}},{"type":"Feature","properties":{"v":13.3,"p":4},"geometry":{"type":"Polygon","coordinates":[[[17.096477,48.144788],[17.09646,48.14478],[17.096426,48.144763],[17.096391,48.144746],[17.09633,48.144715],[17.096327,48.144703],[17.096335,48.144689],[17.096353,48.144683],[17.09637,48.144684],[17.096383,48.144691],[17.09642,48.144658],[17.096428,48.144662],[17.096464,48.144628],[17.096502,48.144595],[17.096561,48.144625],[17.096554,48.144631],[17.096617,48.144662],[17.096477,48.144788]]]}},{"type":"Feature","properties":{"v":10.1,"p":3},"geometry":{"type":"Polygon","coordinates":[[[17.096647,48.144634],[17.096617,48.144662],[17.096554,48.144631],[17.096561,48.144625],[17.096502,48.144595],[17.096516,48.144583],[17.096526,48.144573],[17.096647,48.144634]]]}},{"type":"Feature","properties":{"v":7.7,"p":3},"geometry":{"type":"Polygon","coordinates":[[[17.096516,48.144583],[17.096502,48.144595],[17.096464,48.144628],[17.096374,48.144584],[17.096414,48.144547],[17.09645,48.144549],[17.096516,48.144583]]]}},{"type":"Feature","properties":{"v":9.6,"p":3},"geometry":{"type":"Polygon","coordinates":[[[17.096426,48.144763],[17.09646,48.14478],[17.096432,48.144805],[17.096363,48.144771],[17.096391,48.144746],[17.096426,48.144763]]]}},{"type":"Feature","properties":{"v":4.5,"p":2},"geometry":{"type":"Polygon","coordinates":[[[17.097225,48.144146],[17.097154,48.144209],[17.097118,48.144191],[17.097168,48.144145],[17.097156,48.144139],[17.097176,48.144122],[17.097225,48.144146]]]}},{"type":"Feature","properties":{"v":13.6,"p":5},"geometry":{"type":"Polygon","coordinates":[[[17.097163,48.144115],[17.097143,48.144132],[17.097079,48.1441],[17.097098,48.144082],[17.097163,48.144115]]]}},{"type":"Feature","properties":{"v":13.8,"p":5},"geometry":{"type":"Polygon","coordinates":[[[17.097311,48.143881],[17.097362,48.143894],[17.097317,48.143977],[17.09726,48.143963],[17.097201,48.143948],[17.097246,48.143866],[17.097311,48.143881]]]}},{"type":"Feature","properties":{"v":5,"p":2},"geometry":{"type":"Polygon","coordinates":[[[17.097314,48.143101],[17.097293,48.14317],[17.097233,48.143161],[17.097246,48.143119],[17.097252,48.143099],[17.097254,48.143092],[17.097314,48.143101]]]}},{"type":"Feature","properties":{"v":3.8,"p":1},"geometry":{"type":"Polygon","coordinates":[[[17.097304,48.14289],[17.097266,48.142997],[17.097185,48.142986],[17.097221,48.142876],[17.097304,48.14289]]]}},{"type":"Feature","properties":{"v":4,"p":1},"geometry":{"type":"Polygon","coordinates":[[[17.096875,48.142912],[17.096856,48.14296],[17.096779,48.142946],[17.096799,48.142898],[17.096875,48.142912]]]}},{"type":"Feature","properties":{"v":5.4,"p":2},"geometry":{"type":"Polygon","coordinates":[[[17.097447,48.14293],[17.097414,48.142932],[17.097409,48.142876],[17.097442,48.142875],[17.097447,48.14293]]]}},{"type":"Feature","properties":{"v":12.1,"p":4},"geometry":{"type":"Polygon","coordinates":[[[17.094087,48.144985],[17.094109,48.144999],[17.094054,48.145035],[17.094031,48.14502],[17.094035,48.145017],[17.093949,48.144959],[17.094098,48.144861],[17.094115,48.144873],[17.094184,48.144919],[17.09417,48.144928],[17.094182,48.144937],[17.094145,48.144961],[17.094134,48.144954],[17.094087,48.144985]]]}},{"type":"Feature","properties":{"v":8,"p":3},"geometry":{"type":"Polygon","coordinates":[[[17.094242,48.144853],[17.094217,48.144886],[17.094199,48.144898],[17.094207,48.144903],[17.094184,48.144919],[17.094115,48.144873],[17.09418,48.144831],[17.094242,48.144853]]]}},{"type":"Feature","properties":{"v":4.6,"p":2},"geometry":{"type":"Polygon","coordinates":[[[17.09418,48.144831],[17.094115,48.144873],[17.094098,48.144861],[17.094094,48.144858],[17.094154,48.144819],[17.09418,48.144831]]]}},{"type":"Feature","properties":{"v":10.8,"p":4},"geometry":{"type":"Polygon","coordinates":[[[17.094267,48.144612],[17.094367,48.144649],[17.094304,48.144725],[17.0943,48.144731],[17.094178,48.144685],[17.094245,48.144604],[17.094267,48.144612]]]}},{"type":"Feature","properties":{"v":13,"p":4},"geometry":{"type":"Polygon","coordinates":[[[17.094263,48.144395],[17.094177,48.144501],[17.093941,48.144416],[17.094015,48.144325],[17.094166,48.14438],[17.094178,48.144364],[17.094263,48.144395]]]}},{"type":"Feature","properties":{"v":10.2,"p":3},"geometry":{"type":"Polygon","coordinates":[[[17.094514,48.144486],[17.094426,48.144593],[17.094331,48.144558],[17.094298,48.144546],[17.094386,48.144439],[17.094514,48.144486]]]}},{"type":"Feature","properties":{"v":7.9,"p":3},"geometry":{"type":"Polygon","coordinates":[[[17.094386,48.144439],[17.094298,48.144546],[17.094265,48.144534],[17.094353,48.144426],[17.094386,48.144439]]]}},{"type":"Feature","properties":{"v":9.7,"p":3},"geometry":{"type":"Polygon","coordinates":[[[17.094604,48.144345],[17.094541,48.144423],[17.09438,48.144364],[17.094406,48.144332],[17.094443,48.144286],[17.094604,48.144345]]]}},{"type":"Feature","properties":{"v":8.9,"p":3},"geometry":{"type":"Polygon","coordinates":[[[17.094682,48.144219],[17.094623,48.144289],[17.094507,48.144246],[17.094566,48.144175],[17.094682,48.144219]]]}},{"type":"Feature","properties":{"v":9.7,"p":3},"geometry":{"type":"Polygon","coordinates":[[[17.094767,48.144057],[17.094724,48.144133],[17.094736,48.144135],[17.094723,48.144157],[17.094651,48.144139],[17.094661,48.144122],[17.094585,48.144102],[17.094602,48.144071],[17.09463,48.144022],[17.094767,48.144057]]]}},{"type":"Feature","properties":{"v":10.5,"p":4},"geometry":{"type":"Polygon","coordinates":[[[17.094405,48.14422],[17.094324,48.14421],[17.094327,48.144197],[17.094181,48.144181],[17.094207,48.144081],[17.094295,48.144091],[17.094298,48.14408],[17.094427,48.144095],[17.094416,48.144136],[17.094442,48.144139],[17.09444,48.144146],[17.094431,48.144182],[17.094415,48.14418],[17.094405,48.14422]]]}},{"type":"Feature","properties":{"v":4.9,"p":2},"geometry":{"type":"Polygon","coordinates":[[[17.094503,48.1441],[17.094488,48.144152],[17.09444,48.144146],[17.094442,48.144139],[17.094416,48.144136],[17.094427,48.144095],[17.094428,48.14409],[17.094503,48.1441]]]}},{"type":"Feature","properties":{"v":6.7,"p":2},"geometry":{"type":"Polygon","coordinates":[[[17.09463,48.144022],[17.094602,48.144071],[17.094559,48.14406],[17.094586,48.14401],[17.09463,48.144022]]]}},{"type":"Feature","properties":{"v":5.1,"p":2},"geometry":{"type":"Polygon","coordinates":[[[17.094831,48.143962],[17.094884,48.143974],[17.09485,48.144036],[17.094689,48.143997],[17.094695,48.143988],[17.094722,48.143949],[17.094729,48.143939],[17.094831,48.143962]]]}},{"type":"Feature","properties":{"v":5.7,"p":2},"geometry":{"type":"Polygon","coordinates":[[[17.094722,48.143949],[17.094695,48.143988],[17.094634,48.143971],[17.094661,48.143931],[17.094722,48.143949]]]}},{"type":"Feature","properties":{"v":7.8,"p":3},"geometry":{"type":"Polygon","coordinates":[[[17.094831,48.143962],[17.094729,48.143939],[17.094752,48.143885],[17.094784,48.143891],[17.09479,48.143878],[17.094863,48.143893],[17.094831,48.143962]]]}},{"type":"Feature","properties":{"v":5.7,"p":2},"geometry":{"type":"Polygon","coordinates":[[[17.094917,48.143905],[17.094884,48.143974],[17.094831,48.143962],[17.094863,48.143893],[17.094917,48.143905]]]}},{"type":"Feature","properties":{"v":5,"p":2},"geometry":{"type":"Polygon","coordinates":[[[17.094752,48.143885],[17.094729,48.143939],[17.0947,48.14393],[17.094723,48.143876],[17.094752,48.143885]]]}},{"type":"Feature","properties":{"v":12.5,"p":4},"geometry":{"type":"Polygon","coordinates":[[[17.094034,48.143807],[17.093884,48.143815],[17.093874,48.143735],[17.094024,48.143727],[17.094034,48.143807]]]}},{"type":"Feature","properties":{"v":19.5,"p":6},"geometry":{"type":"Polygon","coordinates":[[[17.094486,48.143505],[17.094477,48.143528],[17.094154,48.143567],[17.094123,48.143453],[17.094206,48.143443],[17.094218,48.143485],[17.094355,48.143468],[17.09436,48.143483],[17.094477,48.143469],[17.094488,48.143469],[17.094497,48.143478],[17.094495,48.143492],[17.094486,48.143505]]]}},{"type":"Feature","properties":{"v":14.4,"p":5},"geometry":{"type":"Polygon","coordinates":[[[17.094539,48.14352],[17.094477,48.143528],[17.094486,48.143505],[17.094495,48.143492],[17.094497,48.143478],[17.094488,48.143469],[17.094477,48.143469],[17.09436,48.143483],[17.094355,48.143468],[17.094218,48.143485],[17.094206,48.143443],[17.094587,48.143402],[17.094596,48.143424],[17.094609,48.143458],[17.094539,48.14352]]]}},{"type":"Feature","properties":{"v":17.1,"p":6},"geometry":{"type":"Polygon","coordinates":[[[17.094154,48.143567],[17.094088,48.143576],[17.094055,48.143462],[17.094123,48.143453],[17.094154,48.143567]]]}},{"type":"Feature","properties":{"v":3.9,"p":1},"geometry":{"type":"Polygon","coordinates":[[[17.0949,48.143751],[17.094871,48.143809],[17.094826,48.1438],[17.09482,48.143798],[17.094849,48.143737],[17.094878,48.143744],[17.094896,48.143737],[17.0949,48.143751]]]}},{"type":"Feature","properties":{"v":3.7,"p":1},"geometry":{"type":"Polygon","coordinates":[[[17.094918,48.143681],[17.094909,48.143715],[17.094799,48.143703],[17.094808,48.143669],[17.094918,48.143681]]]}},{"type":"Feature","properties":{"v":5.1,"p":2},"geometry":{"type":"Polygon","coordinates":[[[17.094819,48.143813],[17.094804,48.143845],[17.09469,48.143822],[17.094704,48.14379],[17.094819,48.143813]]]}},{"type":"Feature","properties":{"v":2.9,"p":1},"geometry":{"type":"Polygon","coordinates":[[[17.094406,48.144332],[17.09438,48.144364],[17.09434,48.144348],[17.094366,48.144317],[17.094406,48.144332]]]}},{"type":"Feature","properties":{"v":4.2,"p":1},"geometry":{"type":"Polygon","coordinates":[[[17.094319,48.144731],[17.094304,48.144725],[17.094367,48.144649],[17.094267,48.144612],[17.094276,48.144602],[17.094295,48.144597],[17.094319,48.144606],[17.09433,48.144591],[17.094309,48.144584],[17.094318,48.144575],[17.094285,48.144562],[17.094298,48.144546],[17.094331,48.144558],[17.094426,48.144593],[17.094319,48.144731]]]}},{"type":"Feature","properties":{"v":15.9,"p":5},"geometry":{"type":"Polygon","coordinates":[[[17.095358,48.142547],[17.09521,48.142566],[17.095184,48.142474],[17.095332,48.142456],[17.095358,48.142547]]]}},{"type":"Feature","properties":{"v":15.6,"p":5},"geometry":{"type":"Polygon","coordinates":[[[17.095238,48.142843],[17.095072,48.142869],[17.09503,48.142749],[17.095028,48.142746],[17.095053,48.142742],[17.095194,48.14272],[17.095238,48.142843]]]}},{"type":"Feature","properties":{"v":13.7,"p":5},"geometry":{"type":"Polygon","coordinates":[[[17.09517,48.143097],[17.095116,48.14298],[17.09522,48.142959],[17.095267,48.142949],[17.095329,48.143084],[17.095281,48.143094],[17.095273,48.143076],[17.09517,48.143097]]]}},{"type":"Feature","properties":{"v":4.6,"p":2},"geometry":{"type":"Polygon","coordinates":[[[17.09522,48.142959],[17.095116,48.14298],[17.095092,48.142928],[17.095197,48.142907],[17.09522,48.142959]]]}},{"type":"Feature","properties":{"v":9.9,"p":3},"geometry":{"type":"Polygon","coordinates":[[[17.094972,48.142928],[17.094929,48.142938],[17.094953,48.142986],[17.094858,48.143008],[17.094804,48.142902],[17.094854,48.142891],[17.094847,48.142876],[17.094935,48.142856],[17.094972,48.142928]]]}},{"type":"Feature","properties":{"v":7,"p":2},"geometry":{"type":"Polygon","coordinates":[[[17.094858,48.143008],[17.094805,48.143021],[17.094749,48.142915],[17.094804,48.142902],[17.094858,48.143008]]]}},{"type":"Feature","properties":{"v":6.1,"p":2},"geometry":{"type":"Polygon","coordinates":[[[17.094773,48.143188],[17.094738,48.143161],[17.094714,48.143175],[17.09464,48.143119],[17.09473,48.143066],[17.094842,48.143149],[17.094773,48.143188]]]}},{"type":"Feature","properties":{"v":9.4,"p":3},"geometry":{"type":"Polygon","coordinates":[[[17.094961,48.143529],[17.094907,48.143631],[17.09475,48.143594],[17.094779,48.143539],[17.094801,48.143497],[17.094804,48.143492],[17.094961,48.143529]]]}},{"type":"Feature","properties":{"v":6.5,"p":2},"geometry":{"type":"Polygon","coordinates":[[[17.094801,48.143497],[17.094779,48.143539],[17.094733,48.143528],[17.094755,48.143486],[17.094801,48.143497]]]}},{"type":"Feature","properties":{"v":22.5,"p":8},"geometry":{"type":"Polygon","coordinates":[[[17.093922,48.14291],[17.093894,48.142913],[17.093909,48.14297],[17.093754,48.142988],[17.093708,48.142811],[17.093865,48.142792],[17.09388,48.142851],[17.093906,48.142848],[17.093922,48.14291]]]}},{"type":"Feature","properties":{"v":14.2,"p":5},"geometry":{"type":"Polygon","coordinates":[[[17.094494,48.143161],[17.094319,48.143177],[17.094302,48.143095],[17.094338,48.143091],[17.094329,48.143049],[17.094452,48.143037],[17.094458,48.143064],[17.094474,48.143063],[17.094494,48.143161]]]}},{"type":"Feature","properties":{"v":16,"p":5},"geometry":{"type":"Polygon","coordinates":[[[17.094378,48.143338],[17.094365,48.143285],[17.094429,48.143278],[17.094415,48.143222],[17.094519,48.14321],[17.094536,48.143279],[17.094601,48.143272],[17.094615,48.143329],[17.094531,48.143338],[17.094527,48.143322],[17.094378,48.143338]]]}},{"type":"Feature","properties":{"v":12.7,"p":4},"geometry":{"type":"Polygon","coordinates":[[[17.094429,48.143278],[17.094365,48.143285],[17.09435,48.143229],[17.094415,48.143222],[17.094429,48.143278]]]}},{"type":"Feature","properties":{"v":6.7,"p":2},"geometry":{"type":"Polygon","coordinates":[[[17.094782,48.143298],[17.094712,48.143306],[17.094692,48.143308],[17.094681,48.143264],[17.094678,48.143251],[17.094768,48.143241],[17.094782,48.143298]]]}},{"type":"Feature","properties":{"v":11.3,"p":4},"geometry":{"type":"Polygon","coordinates":[[[17.09468,48.142791],[17.094624,48.142805],[17.094634,48.142823],[17.094613,48.142829],[17.094533,48.142849],[17.094504,48.142796],[17.094528,48.14279],[17.09451,48.142758],[17.09453,48.142753],[17.094508,48.142714],[17.094518,48.142711],[17.094508,48.142694],[17.094606,48.142669],[17.094616,48.142687],[17.094621,48.142686],[17.09468,48.142791]]]}},{"type":"Feature","properties":{"v":7.6,"p":3},"geometry":{"type":"Polygon","coordinates":[[[17.094628,48.142854],[17.09454,48.142876],[17.094527,48.142877],[17.094515,48.142874],[17.094509,48.142867],[17.094511,48.142857],[17.094519,48.142852],[17.094533,48.142849],[17.094613,48.142829],[17.094628,48.142854]]]}},{"type":"Feature","properties":{"v":5.3,"p":2},"geometry":{"type":"Polygon","coordinates":[[[17.094741,48.142803],[17.094753,48.142822],[17.094628,48.142854],[17.094613,48.142829],[17.094634,48.142823],[17.094738,48.142798],[17.094741,48.142803]]]}},{"type":"Feature","properties":{"v":4.7,"p":2},"geometry":{"type":"Polygon","coordinates":[[[17.094634,48.142823],[17.094624,48.142805],[17.09468,48.142791],[17.094842,48.142751],[17.094893,48.142738],[17.094907,48.142761],[17.094741,48.142803],[17.094738,48.142798],[17.094634,48.142823]]]}},{"type":"Feature","properties":{"v":3.5,"p":1},"geometry":{"type":"Polygon","coordinates":[[[17.094919,48.142781],[17.094753,48.142822],[17.094741,48.142803],[17.094907,48.142761],[17.094919,48.142781]]]}},{"type":"Feature","properties":{"v":7.4,"p":2},"geometry":{"type":"Polygon","coordinates":[[[17.094893,48.142738],[17.094842,48.142751],[17.09481,48.142696],[17.094863,48.142683],[17.094893,48.142738]]]}},{"type":"Feature","properties":{"v":13.1,"p":4},"geometry":{"type":"Polygon","coordinates":[[[17.095056,48.142525],[17.095084,48.142574],[17.095027,48.142588],[17.095032,48.142597],[17.094884,48.142636],[17.094845,48.142568],[17.09505,48.142515],[17.095056,48.142525]]]}},{"type":"Feature","properties":{"v":11.2,"p":4},"geometry":{"type":"Polygon","coordinates":[[[17.094845,48.142568],[17.094827,48.142537],[17.094949,48.142505],[17.094942,48.142493],[17.095048,48.142466],[17.095076,48.142519],[17.095056,48.142525],[17.09505,48.142515],[17.094845,48.142568]]]}},{"type":"Feature","properties":{"v":4,"p":1},"geometry":{"type":"Polygon","coordinates":[[[17.095092,48.14263],[17.095013,48.142673],[17.094979,48.142645],[17.095057,48.142602],[17.095092,48.14263]]]}},{"type":"Feature","properties":{"v":2.9,"p":1},"geometry":{"type":"Polygon","coordinates":[[[17.095053,48.142742],[17.095028,48.142746],[17.09503,48.142749],[17.094978,48.142761],[17.094955,48.142714],[17.095032,48.142697],[17.095053,48.142742]]]}},{"type":"Feature","properties":{"v":7.2,"p":2},"geometry":{"type":"Polygon","coordinates":[[[17.095012,48.143052],[17.095095,48.143147],[17.095078,48.143153],[17.095019,48.143176],[17.094973,48.143152],[17.094995,48.143139],[17.094966,48.143108],[17.094898,48.143036],[17.094972,48.143008],[17.095012,48.143052]]]}},{"type":"Feature","properties":{"v":3.5,"p":1},"geometry":{"type":"Polygon","coordinates":[[[17.095036,48.143044],[17.095012,48.143052],[17.094972,48.143008],[17.094996,48.142998],[17.095036,48.143044]]]}},{"type":"Feature","properties":{"v":5.3,"p":2},"geometry":{"type":"Polygon","coordinates":[[[17.094966,48.143108],[17.094921,48.143126],[17.094878,48.14308],[17.094898,48.143072],[17.094874,48.143045],[17.094898,48.143036],[17.094966,48.143108]]]}},{"type":"Feature","properties":{"v":4.5,"p":2},"geometry":{"type":"Polygon","coordinates":[[[17.094995,48.143139],[17.094973,48.143152],[17.094958,48.143163],[17.094905,48.143141],[17.094921,48.143126],[17.094966,48.143108],[17.094995,48.143139]]]}},{"type":"Feature","properties":{"v":4.4,"p":1},"geometry":{"type":"Polygon","coordinates":[[[17.095094,48.143173],[17.095036,48.143195],[17.095019,48.143176],[17.095078,48.143153],[17.095094,48.143173]]]}},{"type":"Feature","properties":{"v":4.8,"p":2},"geometry":{"type":"Polygon","coordinates":[[[17.093996,48.14343],[17.093942,48.143436],[17.093911,48.143314],[17.093965,48.143308],[17.093996,48.14343]]]}},{"type":"Feature","properties":{"v":8.9,"p":3},"geometry":{"type":"Polygon","coordinates":[[[17.094715,48.143319],[17.094615,48.143329],[17.094601,48.143272],[17.094681,48.143264],[17.094692,48.143308],[17.094712,48.143306],[17.094715,48.143319]]]}},{"type":"Feature","properties":{"v":16,"p":5},"geometry":{"type":"Polygon","coordinates":[[[17.096908,48.143304],[17.096861,48.143413],[17.096694,48.143381],[17.0967,48.143367],[17.096741,48.143272],[17.096908,48.143304]]]}},{"type":"Feature","properties":{"v":15.1,"p":5},"geometry":{"type":"Polygon","coordinates":[[[17.096695,48.143434],[17.096799,48.143448],[17.096771,48.143539],[17.096636,48.143521],[17.096658,48.143449],[17.096664,48.14343],[17.096695,48.143434]]]}},{"type":"Feature","properties":{"v":13.9,"p":5},"geometry":{"type":"Polygon","coordinates":[[[17.0965,48.144142],[17.096476,48.14426],[17.096337,48.144248],[17.096346,48.144206],[17.096304,48.144203],[17.096319,48.144126],[17.0965,48.144142]]]}},{"type":"Feature","properties":{"v":13.9,"p":5},"geometry":{"type":"Polygon","coordinates":[[[17.096359,48.144502],[17.096234,48.144491],[17.096241,48.144452],[17.096222,48.14445],[17.096235,48.144376],[17.096282,48.14438],[17.096283,48.144371],[17.096411,48.144381],[17.096391,48.14449],[17.096362,48.144487],[17.096359,48.144502]]]}},{"type":"Feature","properties":{"v":12,"p":4},"geometry":{"type":"Polygon","coordinates":[[[17.096738,48.144456],[17.096809,48.144493],[17.096712,48.144579],[17.096629,48.144537],[17.096641,48.144526],[17.096594,48.144503],[17.09668,48.144427],[17.096738,48.144456]]]}},{"type":"Feature","properties":{"v":13.8,"p":5},"geometry":{"type":"Polygon","coordinates":[[[17.096869,48.144407],[17.096747,48.144345],[17.096775,48.14432],[17.096762,48.144313],[17.096796,48.144283],[17.096811,48.144291],[17.096886,48.144225],[17.097007,48.144286],[17.096869,48.144407]]]}},{"type":"Feature","properties":{"v":14.2,"p":5},"geometry":{"type":"Polygon","coordinates":[[[17.097143,48.144132],[17.097156,48.144139],[17.097168,48.144145],[17.097118,48.144191],[17.09708,48.144225],[17.096939,48.144154],[17.096987,48.144112],[17.096999,48.144118],[17.09704,48.144081],[17.097079,48.1441],[17.097143,48.144132]]]}},{"type":"Feature","properties":{"v":15.1,"p":5},"geometry":{"type":"Polygon","coordinates":[[[17.097274,48.144056],[17.097156,48.144027],[17.097159,48.144023],[17.097102,48.144009],[17.097131,48.143957],[17.097189,48.143971],[17.097201,48.143948],[17.09726,48.143963],[17.097317,48.143977],[17.097274,48.144056]]]}},{"type":"Feature","properties":{"v":3.4,"p":1},"geometry":{"type":"Polygon","coordinates":[[[17.096818,48.143092],[17.096778,48.143174],[17.096751,48.143168],[17.096774,48.143083],[17.096818,48.143092]]]}},{"type":"Feature","properties":{"v":4.5,"p":2},"geometry":{"type":"Polygon","coordinates":[[[17.097035,48.143139],[17.097018,48.143173],[17.097022,48.143187],[17.09701,48.143211],[17.096996,48.14322],[17.096981,48.143251],[17.096947,48.143244],[17.097002,48.143132],[17.097035,48.143139]]]}},{"type":"Feature","properties":{"v":9.9,"p":3},"geometry":{"type":"Polygon","coordinates":[[[17.096636,48.143521],[17.096771,48.143539],[17.096763,48.143567],[17.096659,48.143554],[17.096662,48.14354],[17.096609,48.143534],[17.096613,48.143518],[17.096636,48.143521]]]}},{"type":"Feature","properties":{"v":3.9,"p":1},"geometry":{"type":"Polygon","coordinates":[[[17.096658,48.143449],[17.096592,48.143434],[17.096615,48.143387],[17.096683,48.143402],[17.096708,48.143408],[17.096695,48.143434],[17.096664,48.14343],[17.096658,48.143449]]]}},{"type":"Feature","properties":{"v":3.8,"p":1},"geometry":{"type":"Polygon","coordinates":[[[17.0967,48.143367],[17.096694,48.143381],[17.096683,48.143402],[17.096615,48.143387],[17.096598,48.143383],[17.096628,48.143344],[17.0967,48.143367]]]}},{"type":"Feature","properties":{"v":17.6,"p":6},"geometry":{"type":"Polygon","coordinates":[[[17.096571,48.143183],[17.096494,48.143167],[17.096393,48.143146],[17.096423,48.143084],[17.096433,48.143085],[17.096452,48.14304],[17.096441,48.143037],[17.09647,48.142973],[17.096573,48.142994],[17.096654,48.143011],[17.096571,48.143183]]]}},{"type":"Feature","properties":{"v":14,"p":5},"geometry":{"type":"Polygon","coordinates":[[[17.095931,48.143814],[17.095818,48.143801],[17.095823,48.143781],[17.095845,48.143702],[17.095852,48.143675],[17.096006,48.143693],[17.095999,48.143717],[17.096025,48.14372],[17.096005,48.143791],[17.095939,48.143783],[17.095931,48.143814]]]}},{"type":"Feature","properties":{"v":13.5,"p":4},"geometry":{"type":"Polygon","coordinates":[[[17.096441,48.143272],[17.096433,48.14329],[17.096455,48.143294],[17.096422,48.143366],[17.0964,48.143412],[17.096297,48.143391],[17.096319,48.143344],[17.09636,48.143256],[17.096441,48.143272]]]}},{"type":"Feature","properties":{"v":11.4,"p":4},"geometry":{"type":"Polygon","coordinates":[[[17.095937,48.144054],[17.095757,48.144032],[17.095789,48.143916],[17.095856,48.143924],[17.095851,48.143942],[17.095884,48.143946],[17.095889,48.143927],[17.095969,48.143937],[17.095937,48.144054]]]}},{"type":"Feature","properties":{"v":13.9,"p":5},"geometry":{"type":"Polygon","coordinates":[[[17.095836,48.144494],[17.095651,48.144474],[17.095668,48.144403],[17.095707,48.144407],[17.095719,48.144358],[17.095828,48.14437],[17.095822,48.144392],[17.09586,48.144396],[17.095836,48.144494]]]}},{"type":"Feature","properties":{"v":13.6,"p":5},"geometry":{"type":"Polygon","coordinates":[[[17.095887,48.144282],[17.095721,48.144262],[17.095708,48.144261],[17.095709,48.144257],[17.095728,48.144189],[17.095757,48.144193],[17.09577,48.144145],[17.095877,48.144158],[17.095878,48.144153],[17.095921,48.144159],[17.095887,48.144282]]]}},{"type":"Feature","properties":{"v":13.1,"p":4},"geometry":{"type":"Polygon","coordinates":[[[17.095795,48.144713],[17.095679,48.144728],[17.095668,48.144693],[17.095683,48.144691],[17.095664,48.144625],[17.095765,48.144612],[17.095795,48.144713]]]}},{"type":"Feature","properties":{"v":11.2,"p":4},"geometry":{"type":"Polygon","coordinates":[[[17.095879,48.14465],[17.095873,48.144651],[17.095886,48.144701],[17.095795,48.144713],[17.095765,48.144612],[17.095664,48.144625],[17.095647,48.144577],[17.095839,48.144551],[17.095855,48.144602],[17.095863,48.144601],[17.095879,48.14465]]]}},{"type":"Feature","properties":{"v":16.6,"p":6},"geometry":{"type":"Polygon","coordinates":[[[17.095922,48.144891],[17.095897,48.144895],[17.095904,48.144915],[17.095751,48.144939],[17.0957,48.144793],[17.095855,48.144768],[17.095862,48.144787],[17.095884,48.144784],[17.095922,48.144891]]]}},{"type":"Feature","properties":{"v":14.1,"p":5},"geometry":{"type":"Polygon","coordinates":[[[17.095937,48.145152],[17.095799,48.145166],[17.095758,48.144983],[17.095898,48.144957],[17.095937,48.145152]]]}},{"type":"Feature","properties":{"v":15.9,"p":5},"geometry":{"type":"Polygon","coordinates":[[[17.096177,48.145246],[17.096018,48.145262],[17.096011,48.145232],[17.096053,48.145228],[17.096046,48.145198],[17.096015,48.145201],[17.096013,48.14519],[17.095999,48.14513],[17.096017,48.145128],[17.096148,48.145115],[17.096177,48.145246]]]}},{"type":"Feature","properties":{"v":15.2,"p":5},"geometry":{"type":"Polygon","coordinates":[[[17.095991,48.145414],[17.095977,48.145415],[17.095981,48.14544],[17.095838,48.145451],[17.095813,48.145313],[17.095822,48.145312],[17.095964,48.145301],[17.095971,48.145301],[17.095991,48.145414]]]}},{"type":"Feature","properties":{"v":12.6,"p":4},"geometry":{"type":"Polygon","coordinates":[[[17.096118,48.145052],[17.096108,48.145023],[17.096095,48.145025],[17.096077,48.14497],[17.096111,48.144965],[17.096093,48.144914],[17.096214,48.144895],[17.09622,48.144912],[17.09624,48.144908],[17.096278,48.145021],[17.096206,48.145031],[17.096212,48.145048],[17.096173,48.145053],[17.09617,48.145044],[17.096118,48.145052]]]}},{"type":"Feature","properties":{"v":3.5,"p":1},"geometry":{"type":"Polygon","coordinates":[[[17.0963,48.145108],[17.096222,48.145119],[17.096212,48.14508],[17.096309,48.14507],[17.0963,48.145108]]]}},{"type":"Feature","properties":{"v":3.4,"p":1},"geometry":{"type":"Polygon","coordinates":[[[17.096252,48.144843],[17.096197,48.144854],[17.096167,48.144789],[17.096221,48.144777],[17.096252,48.144843]]]}},{"type":"Feature","properties":{"v":3.5,"p":1},"geometry":{"type":"Polygon","coordinates":[[[17.096121,48.144635],[17.096039,48.14465],[17.096007,48.144574],[17.096089,48.144559],[17.096121,48.144635]]]}},{"type":"Feature","properties":{"v":5.8,"p":2},"geometry":{"type":"Polygon","coordinates":[[[17.095964,48.145301],[17.095822,48.145312],[17.095817,48.145286],[17.09596,48.145274],[17.095964,48.145301]]]}},{"type":"Feature","properties":{"v":11.6,"p":4},"geometry":{"type":"Polygon","coordinates":[[[17.096053,48.145228],[17.096011,48.145232],[17.095951,48.145238],[17.095944,48.145208],[17.096015,48.145201],[17.096046,48.145198],[17.096053,48.145228]]]}},{"type":"Feature","properties":{"v":5,"p":2},"geometry":{"type":"Polygon","coordinates":[[[17.095661,48.144536],[17.095587,48.144539],[17.095584,48.144505],[17.095658,48.144502],[17.095661,48.144536]]]}},{"type":"Feature","properties":{"v":6.2,"p":2},"geometry":{"type":"Polygon","coordinates":[[[17.095665,48.144565],[17.09559,48.144569],[17.095587,48.144539],[17.095661,48.144536],[17.095665,48.144565]]]}},{"type":"Feature","properties":{"v":6.1,"p":2},"geometry":{"type":"Polygon","coordinates":[[[17.095719,48.144358],[17.095707,48.144407],[17.095668,48.144403],[17.095681,48.144354],[17.095719,48.144358]]]}},{"type":"Feature","properties":{"v":5.6,"p":2},"geometry":{"type":"Polygon","coordinates":[[[17.095709,48.144257],[17.095708,48.144261],[17.095721,48.144262],[17.095712,48.144297],[17.095632,48.144289],[17.095641,48.14425],[17.095709,48.144257]]]}},{"type":"Feature","properties":{"v":4.4,"p":1},"geometry":{"type":"Polygon","coordinates":[[[17.095896,48.14358],[17.095885,48.14361],[17.095812,48.143597],[17.095823,48.143567],[17.095896,48.14358]]]}},{"type":"Feature","properties":{"v":5,"p":2},"geometry":{"type":"Polygon","coordinates":[[[17.095844,48.143818],[17.095828,48.143871],[17.095747,48.14386],[17.095764,48.143807],[17.095844,48.143818]]]}},{"type":"Feature","properties":{"v":3.3,"p":1},"geometry":{"type":"Polygon","coordinates":[[[17.09659,48.14322],[17.096582,48.143254],[17.096498,48.143245],[17.096506,48.143211],[17.09659,48.14322]]]}},{"type":"Feature","properties":{"v":5.6,"p":2},"geometry":{"type":"Polygon","coordinates":[[[17.096682,48.142945],[17.096654,48.143011],[17.096573,48.142994],[17.096601,48.142928],[17.096682,48.142945]]]}},{"type":"Feature","properties":{"v":8.7,"p":3},"geometry":{"type":"Polygon","coordinates":[[[17.096452,48.143372],[17.09643,48.143419],[17.0964,48.143412],[17.096422,48.143366],[17.096452,48.143372]]]}},{"type":"Feature","properties":{"v":11,"p":4},"geometry":{"type":"Polygon","coordinates":[[[17.096319,48.143344],[17.096297,48.143391],[17.096269,48.143384],[17.09629,48.143337],[17.096319,48.143344]]]}},{"type":"Feature","properties":{"v":5.3,"p":2},"geometry":{"type":"Polygon","coordinates":[[[17.096323,48.143104],[17.096264,48.143145],[17.096199,48.143104],[17.096259,48.143062],[17.096323,48.143104]]]}},{"type":"Feature","properties":{"v":6,"p":2},"geometry":{"type":"Polygon","coordinates":[[[17.096264,48.143145],[17.096211,48.143183],[17.096112,48.143181],[17.096101,48.143173],[17.096199,48.143104],[17.096264,48.143145]]]}},{"type":"Feature","properties":{"v":7.2,"p":2},"geometry":{"type":"Polygon","coordinates":[[[17.096857,48.143045],[17.096852,48.143058],[17.09692,48.143071],[17.096913,48.143088],[17.09683,48.143072],[17.096843,48.143042],[17.096857,48.143045]]]}},{"type":"Feature","properties":{"v":3.4,"p":1},"geometry":{"type":"Polygon","coordinates":[[[17.097102,48.144289],[17.097052,48.144334],[17.096989,48.144302],[17.09704,48.144257],[17.097102,48.144289]]]}},{"type":"Feature","properties":{"v":3.1,"p":1},"geometry":{"type":"Polygon","coordinates":[[[17.097454,48.143859],[17.097528,48.143877],[17.097507,48.143916],[17.097421,48.143895],[17.097443,48.143856],[17.097454,48.143859]]]}},{"type":"Feature","properties":{"v":6.3,"p":2},"geometry":{"type":"Polygon","coordinates":[[[17.095951,48.145238],[17.095905,48.145243],[17.095898,48.145213],[17.095944,48.145208],[17.095951,48.145238]]]}},{"type":"Feature","properties":{"v":4.7,"p":2},"geometry":{"type":"Polygon","coordinates":[[[17.096017,48.145128],[17.095999,48.14513],[17.096013,48.14519],[17.09594,48.145197],[17.095936,48.145177],[17.095964,48.145174],[17.095956,48.145123],[17.096014,48.145118],[17.096017,48.145128]]]}},{"type":"Feature","properties":{"v":21.8,"p":7},"geometry":{"type":"Polygon","coordinates":[[[17.098199,48.144714],[17.097968,48.14475],[17.09783,48.144357],[17.098025,48.144327],[17.098068,48.14445],[17.098037,48.144455],[17.098099,48.14463],[17.098166,48.144619],[17.098199,48.144714]]]}},{"type":"Feature","properties":{"v":22.7,"p":8},"geometry":{"type":"Polygon","coordinates":[[[17.098487,48.144676],[17.098293,48.144706],[17.098248,48.144576],[17.098276,48.144572],[17.098226,48.144426],[17.098198,48.144431],[17.098155,48.144308],[17.09835,48.144278],[17.098368,48.144331],[17.098487,48.144676]]]}},{"type":"Feature","properties":{"v":15.7,"p":5},"geometry":{"type":"Polygon","coordinates":[[[17.098422,48.144323],[17.098368,48.144331],[17.09835,48.144278],[17.098404,48.144269],[17.098422,48.144323]]]}},{"type":"Feature","properties":{"v":21.3,"p":7},"geometry":{"type":"Polygon","coordinates":[[[17.098028,48.144263],[17.097857,48.144288],[17.097817,48.144169],[17.097988,48.144144],[17.098028,48.144263]]]}},{"type":"Feature","properties":{"v":16.9,"p":6},"geometry":{"type":"Polygon","coordinates":[[[17.097857,48.144288],[17.097821,48.144294],[17.09778,48.144174],[17.097817,48.144169],[17.097857,48.144288]]]}},{"type":"Feature","properties":{"v":2.3,"p":1},"geometry":{"type":"Polygon","coordinates":[[[17.095594,48.142744],[17.095494,48.142758],[17.09548,48.14266],[17.095563,48.14265],[17.095594,48.142744]]]}},{"type":"Feature","properties":{"v":2.8,"p":1},"geometry":{"type":"Polygon","coordinates":[[[17.094879,48.144726],[17.094839,48.144776],[17.094803,48.144763],[17.094831,48.144729],[17.094845,48.144713],[17.094879,48.144726]]]}},{"type":"Feature","properties":{"v":3.5,"p":1},"geometry":{"type":"Polygon","coordinates":[[[17.095572,48.145756],[17.095533,48.145786],[17.095482,48.145718],[17.095528,48.1457],[17.095572,48.145756]]]}},{"type":"Feature","properties":{"v":3.4,"p":1},"geometry":{"type":"Polygon","coordinates":[[[17.094408,48.145954],[17.094341,48.145973],[17.094311,48.145927],[17.094378,48.145907],[17.094408,48.145954]]]}},{"type":"Feature","properties":{"v":3.1,"p":1},"geometry":{"type":"Polygon","coordinates":[[[17.094726,48.144978],[17.094689,48.144964],[17.094721,48.144926],[17.094765,48.144943],[17.094741,48.144971],[17.094734,48.144968],[17.094726,48.144978]]]}},{"type":"Feature","properties":{"v":3,"p":1},"geometry":{"type":"Polygon","coordinates":[[[17.097607,48.145551],[17.097502,48.145574],[17.097473,48.145515],[17.097524,48.145505],[17.097607,48.145551]]]}},{"type":"Feature","properties":{"v":3.3,"p":1},"geometry":{"type":"Polygon","coordinates":[[[17.097596,48.144962],[17.097519,48.144971],[17.097512,48.14494],[17.097589,48.144932],[17.097596,48.144962]]]}},{"type":"Feature","properties":{"v":3.6,"p":1},"geometry":{"type":"Polygon","coordinates":[[[17.098677,48.145759],[17.098641,48.145762],[17.098651,48.145818],[17.098597,48.145822],[17.098577,48.145712],[17.098667,48.145704],[17.098677,48.145759]]]}},{"type":"Feature","properties":{"v":2.2,"p":1},"geometry":{"type":"Polygon","coordinates":[[[17.098255,48.145976],[17.098162,48.145985],[17.098148,48.145929],[17.098241,48.14592],[17.098255,48.145976]]]}},{"type":"Feature","properties":{"v":3.4,"p":1},"geometry":{"type":"Polygon","coordinates":[[[17.09574,48.146065],[17.095683,48.146084],[17.095652,48.146043],[17.095671,48.146037],[17.09571,48.146024],[17.09574,48.146065]]]}},{"type":"Feature","properties":{"v":4,"p":1},"geometry":{"type":"Polygon","coordinates":[[[17.097092,48.145017],[17.097011,48.145033],[17.096998,48.145006],[17.097049,48.144996],[17.097079,48.14499],[17.097092,48.145017]]]}},{"type":"Feature","properties":{"v":3.3,"p":1},"geometry":{"type":"Polygon","coordinates":[[[17.097129,48.144981],[17.097079,48.14499],[17.097049,48.144996],[17.097036,48.144965],[17.097115,48.14495],[17.097129,48.144981]]]}},{"type":"Feature","properties":{"v":3.9,"p":1},"geometry":{"type":"Polygon","coordinates":[[[17.097386,48.139923],[17.097372,48.139968],[17.097255,48.139952],[17.097268,48.139907],[17.097386,48.139923]]]}},{"type":"Feature","properties":{"v":9.5,"p":3},"geometry":{"type":"Polygon","coordinates":[[[17.096052,48.142624],[17.095886,48.142649],[17.095842,48.142517],[17.095832,48.142487],[17.095998,48.142462],[17.096052,48.142624]]]}},{"type":"Feature","properties":{"v":6,"p":2},"geometry":{"type":"Polygon","coordinates":[[[17.095832,48.142487],[17.095842,48.142517],[17.095533,48.142562],[17.095517,48.142517],[17.095574,48.142508],[17.095556,48.142462],[17.0955,48.14247],[17.095494,48.142451],[17.095967,48.14238],[17.095998,48.142462],[17.095832,48.142487]]]}},{"type":"Feature","properties":{"v":15.3,"p":5},"geometry":{"type":"Polygon","coordinates":[[[17.096495,48.142623],[17.096472,48.14254],[17.096543,48.142532],[17.096541,48.142523],[17.096666,48.142508],[17.096668,48.142513],[17.096737,48.142505],[17.096761,48.142591],[17.096691,48.1426],[17.096693,48.142607],[17.096566,48.142622],[17.096564,48.142615],[17.096495,48.142623]]]}},{"type":"Feature","properties":{"v":19.2,"p":6},"geometry":{"type":"Polygon","coordinates":[[[17.09821,48.144892],[17.098188,48.144895],[17.098205,48.144945],[17.098121,48.144958],[17.098033,48.144971],[17.097983,48.144823],[17.098159,48.144796],[17.098178,48.144854],[17.098197,48.144851],[17.09821,48.144892]]]}},{"type":"Feature","properties":{"v":21.1,"p":7},"geometry":{"type":"Polygon","coordinates":[[[17.098578,48.144887],[17.098407,48.144923],[17.098384,48.144874],[17.098361,48.144878],[17.098343,48.144839],[17.098366,48.144834],[17.098339,48.144776],[17.09851,48.14474],[17.098578,48.144887]]]}},{"type":"Feature","properties":{"v":22.3,"p":7},"geometry":{"type":"Polygon","coordinates":[[[17.098233,48.145194],[17.098219,48.145137],[17.098208,48.145094],[17.098283,48.145086],[17.098477,48.145063],[17.098509,48.14506],[17.098534,48.145159],[17.098414,48.145173],[17.098417,48.145183],[17.098362,48.145189],[17.098359,48.145179],[17.098233,48.145194]]]}},{"type":"Feature","properties":{"v":18.7,"p":6},"geometry":{"type":"Polygon","coordinates":[[[17.098283,48.145086],[17.098208,48.145094],[17.098219,48.145137],[17.098093,48.145157],[17.098053,48.145037],[17.098259,48.145007],[17.098283,48.145086]]]}},{"type":"Feature","properties":{"v":20.6,"p":7},"geometry":{"type":"Polygon","coordinates":[[[17.098684,48.145129],[17.098534,48.145159],[17.098509,48.14506],[17.098477,48.145063],[17.098444,48.144984],[17.098523,48.144971],[17.098607,48.144957],[17.098684,48.145129]]]}},{"type":"Feature","properties":{"v":19.3,"p":6},"geometry":{"type":"Polygon","coordinates":[[[17.097915,48.143858],[17.097749,48.143843],[17.097804,48.143575],[17.097967,48.14359],[17.097943,48.143708],[17.097968,48.14371],[17.09796,48.143748],[17.097939,48.143746],[17.097915,48.143858]]]}},{"type":"Feature","properties":{"v":5.3,"p":2},"geometry":{"type":"Polygon","coordinates":[[[17.097745,48.143902],[17.097735,48.143937],[17.097655,48.143926],[17.097665,48.143891],[17.097745,48.143902]]]}},{"type":"Feature","properties":{"v":18.9,"p":6},"geometry":{"type":"Polygon","coordinates":[[[17.097971,48.144081],[17.097765,48.144112],[17.097719,48.143975],[17.097895,48.143948],[17.097921,48.144022],[17.09795,48.144017],[17.097971,48.144081]]]}},{"type":"Feature","properties":{"v":25.2,"p":8},"geometry":{"type":"Polygon","coordinates":[[[17.098242,48.14421],[17.098242,48.144206],[17.098224,48.144206],[17.098225,48.144149],[17.09821,48.144149],[17.098211,48.144093],[17.098193,48.144092],[17.098194,48.144038],[17.098369,48.144039],[17.098369,48.144062],[17.098391,48.144062],[17.09839,48.144084],[17.09839,48.144091],[17.098338,48.144091],[17.098336,48.14421],[17.098242,48.14421]]]}},{"type":"Feature","properties":{"v":18.7,"p":6},"geometry":{"type":"Polygon","coordinates":[[[17.098388,48.14421],[17.098336,48.14421],[17.098338,48.144091],[17.09839,48.144091],[17.098388,48.14421]]]}},{"type":"Feature","properties":{"v":22.2,"p":7},"geometry":{"type":"Polygon","coordinates":[[[17.098381,48.144039],[17.098369,48.144039],[17.098194,48.144038],[17.098193,48.144003],[17.098178,48.144003],[17.098177,48.143977],[17.098201,48.143978],[17.098203,48.14397],[17.098237,48.14397],[17.098236,48.143975],[17.098341,48.143978],[17.09834,48.144011],[17.098382,48.144012],[17.098381,48.144039]]]}},{"type":"Feature","properties":{"v":25,"p":8},"geometry":{"type":"Polygon","coordinates":[[[17.098397,48.143913],[17.098047,48.143911],[17.098048,48.143856],[17.098024,48.143841],[17.098024,48.143828],[17.098048,48.143812],[17.098048,48.14377],[17.098154,48.143771],[17.098153,48.143806],[17.098198,48.143807],[17.098236,48.143807],[17.098238,48.143682],[17.098238,48.143663],[17.09816,48.143663],[17.09816,48.143699],[17.098053,48.143698],[17.098054,48.143656],[17.098023,48.14364],[17.098023,48.143628],[17.098052,48.143613],[17.098053,48.143555],[17.098403,48.143557],[17.098397,48.143913]]]}},{"type":"Feature","properties":{"v":20.1,"p":7},"geometry":{"type":"Polygon","coordinates":[[[17.098236,48.143807],[17.098198,48.143807],[17.098198,48.143749],[17.09816,48.143748],[17.09816,48.14372],[17.098199,48.14372],[17.098199,48.143681],[17.098238,48.143682],[17.098236,48.143807]]]}},{"type":"Feature","properties":{"v":14.1,"p":5},"geometry":{"type":"Polygon","coordinates":[[[17.097961,48.143366],[17.098036,48.143374],[17.098021,48.143443],[17.09784,48.143426],[17.097882,48.143231],[17.098063,48.143248],[17.098048,48.143318],[17.097973,48.143311],[17.097961,48.143366]]]}},{"type":"Feature","properties":{"v":18.3,"p":6},"geometry":{"type":"Polygon","coordinates":[[[17.098032,48.143105],[17.097874,48.14311],[17.097871,48.143071],[17.097888,48.14307],[17.097885,48.143026],[17.097883,48.142988],[17.097865,48.142989],[17.097862,48.142951],[17.098022,48.142946],[17.098032,48.143105]]]}},{"type":"Feature","properties":{"v":5.8,"p":2},"geometry":{"type":"Polygon","coordinates":[[[17.09792,48.143172],[17.097911,48.143224],[17.097814,48.143212],[17.097813,48.143148],[17.09792,48.143172]]]}},{"type":"Feature","properties":{"v":4.3,"p":1},"geometry":{"type":"Polygon","coordinates":[[[17.097869,48.143438],[17.097855,48.143466],[17.097781,48.143449],[17.097795,48.143421],[17.097869,48.143438]]]}},{"type":"Feature","properties":{"v":4.6,"p":2},"geometry":{"type":"Polygon","coordinates":[[[17.098183,48.142999],[17.098169,48.143056],[17.098123,48.143051],[17.098138,48.142994],[17.098183,48.142999]]]}},{"type":"Feature","properties":{"v":3.9,"p":1},"geometry":{"type":"Polygon","coordinates":[[[17.097811,48.143067],[17.09781,48.143027],[17.097885,48.143026],[17.097888,48.14307],[17.097871,48.143071],[17.097871,48.143066],[17.097811,48.143067]]]}},{"type":"Feature","properties":{"v":17.6,"p":6},"geometry":{"type":"Polygon","coordinates":[[[17.098493,48.142846],[17.098455,48.142949],[17.098447,48.142948],[17.098305,48.142924],[17.098189,48.142905],[17.098192,48.142899],[17.098227,48.142802],[17.098493,48.142846]]]}},{"type":"Feature","properties":{"v":17.9,"p":6},"geometry":{"type":"Polygon","coordinates":[[[17.09844,48.142974],[17.098401,48.14314],[17.098259,48.143128],[17.0983,48.142962],[17.09844,48.142974]]]}},{"type":"Feature","properties":{"v":16.6,"p":6},"geometry":{"type":"Polygon","coordinates":[[[17.098394,48.143254],[17.098174,48.143253],[17.098175,48.143163],[17.09825,48.143163],[17.098393,48.143164],[17.098394,48.143254]]]}},{"type":"Feature","properties":{"v":16,"p":5},"geometry":{"type":"Polygon","coordinates":[[[17.098035,48.142765],[17.097991,48.142861],[17.097915,48.142845],[17.097848,48.142832],[17.097892,48.142736],[17.098035,48.142765]]]}},{"type":"Feature","properties":{"v":17.8,"p":6},"geometry":{"type":"Polygon","coordinates":[[[17.098227,48.142802],[17.098192,48.142899],[17.097991,48.142861],[17.098035,48.142765],[17.098227,48.142802]]]}},{"type":"Feature","properties":{"v":20.5,"p":7},"geometry":{"type":"Polygon","coordinates":[[[17.098447,48.142948],[17.09844,48.142974],[17.0983,48.142962],[17.098305,48.142924],[17.098447,48.142948]]]}},{"type":"Feature","properties":{"v":20.5,"p":7},"geometry":{"type":"Polygon","coordinates":[[[17.098401,48.14314],[17.098397,48.143164],[17.098393,48.143164],[17.09825,48.143163],[17.098259,48.143128],[17.098401,48.14314]]]}},{"type":"Feature","properties":{"v":5.3,"p":2},"geometry":{"type":"Polygon","coordinates":[[[17.097991,48.142861],[17.097972,48.142904],[17.097891,48.142897],[17.097915,48.142845],[17.097991,48.142861]]]}},{"type":"Feature","properties":{"v":4,"p":1},"geometry":{"type":"Polygon","coordinates":[[[17.098607,48.144957],[17.098523,48.144971],[17.098509,48.144941],[17.098593,48.144926],[17.098607,48.144957]]]}},{"type":"Feature","properties":{"v":3.7,"p":1},"geometry":{"type":"Polygon","coordinates":[[[17.098239,48.144981],[17.098218,48.144984],[17.098136,48.144997],[17.098121,48.144958],[17.098205,48.144945],[17.098224,48.144942],[17.098239,48.144981]]]}},{"type":"Feature","properties":{"v":11.3,"p":4},"geometry":{"type":"Polygon","coordinates":[[[17.095465,48.143753],[17.095313,48.143702],[17.095394,48.143594],[17.095534,48.143641],[17.095519,48.143661],[17.095543,48.143669],[17.09549,48.143739],[17.095478,48.143735],[17.095465,48.143753]]]}},{"type":"Feature","properties":{"v":11.6,"p":4},"geometry":{"type":"Polygon","coordinates":[[[17.095356,48.143945],[17.095291,48.143929],[17.095289,48.143933],[17.095184,48.143908],[17.095246,48.143793],[17.095391,48.143827],[17.09538,48.143848],[17.095405,48.143853],[17.095356,48.143945]]]}},{"type":"Feature","properties":{"v":11.9,"p":4},"geometry":{"type":"Polygon","coordinates":[[[17.095265,48.143982],[17.095242,48.144032],[17.095258,48.144036],[17.095219,48.144121],[17.09509,48.144094],[17.095152,48.143959],[17.095265,48.143982]]]}},{"type":"Feature","properties":{"v":12.6,"p":4},"geometry":{"type":"Polygon","coordinates":[[[17.095501,48.14402],[17.095475,48.14412],[17.095429,48.144114],[17.095324,48.144102],[17.09535,48.144002],[17.095501,48.14402]]]}},{"type":"Feature","properties":{"v":13.7,"p":5},"geometry":{"type":"Polygon","coordinates":[[[17.095108,48.144271],[17.095104,48.144276],[17.095174,48.144303],[17.095144,48.144337],[17.095118,48.144368],[17.095046,48.144454],[17.094905,48.144401],[17.095034,48.144248],[17.095065,48.14426],[17.095069,48.144256],[17.095108,48.144271]]]}},{"type":"Feature","properties":{"v":11.2,"p":4},"geometry":{"type":"Polygon","coordinates":[[[17.095409,48.14436],[17.095268,48.144344],[17.095273,48.144322],[17.095288,48.144264],[17.095298,48.144226],[17.095331,48.14423],[17.095341,48.144193],[17.095449,48.144205],[17.095409,48.14436]]]}},{"type":"Feature","properties":{"v":6.9,"p":2},"geometry":{"type":"Polygon","coordinates":[[[17.095341,48.144193],[17.095331,48.14423],[17.095298,48.144226],[17.095264,48.144221],[17.095274,48.144184],[17.095341,48.144193]]]}},{"type":"Feature","properties":{"v":4.5,"p":2},"geometry":{"type":"Polygon","coordinates":[[[17.095288,48.144264],[17.095273,48.144322],[17.095231,48.144318],[17.095246,48.144259],[17.095288,48.144264]]]}},{"type":"Feature","properties":{"v":4.9,"p":2},"geometry":{"type":"Polygon","coordinates":[[[17.095096,48.144153],[17.095133,48.144171],[17.095093,48.144222],[17.094992,48.144183],[17.095018,48.144128],[17.095096,48.144153]]]}},{"type":"Feature","properties":{"v":3.3,"p":1},"geometry":{"type":"Polygon","coordinates":[[[17.095182,48.144353],[17.095155,48.144384],[17.095118,48.144368],[17.095144,48.144337],[17.095182,48.144353]]]}},{"type":"Feature","properties":{"v":3.4,"p":1},"geometry":{"type":"Polygon","coordinates":[[[17.094969,48.144496],[17.094926,48.144548],[17.094848,48.144519],[17.094891,48.144467],[17.094969,48.144496]]]}},{"type":"Feature","properties":{"v":13.7,"p":5},"geometry":{"type":"Polygon","coordinates":[[[17.094981,48.144585],[17.094905,48.144675],[17.094759,48.14462],[17.094835,48.14453],[17.094981,48.144585]]]}},{"type":"Feature","properties":{"v":11.6,"p":4},"geometry":{"type":"Polygon","coordinates":[[[17.094831,48.144729],[17.094803,48.144763],[17.094746,48.144833],[17.094623,48.144788],[17.094709,48.144684],[17.094831,48.144729]]]}},{"type":"Feature","properties":{"v":12.2,"p":4},"geometry":{"type":"Polygon","coordinates":[[[17.094911,48.14476],[17.095025,48.144803],[17.094956,48.144884],[17.094937,48.144907],[17.094811,48.14486],[17.094882,48.144775],[17.094899,48.144755],[17.094911,48.14476]]]}},{"type":"Feature","properties":{"v":15.6,"p":5},"geometry":{"type":"Polygon","coordinates":[[[17.095238,48.144738],[17.095235,48.144717],[17.095212,48.144719],[17.095193,48.144602],[17.0953,48.144594],[17.095298,48.144583],[17.095369,48.144578],[17.095373,48.144601],[17.0954,48.144599],[17.095407,48.144646],[17.095377,48.144649],[17.095389,48.144727],[17.095238,48.144738]]]}},{"type":"Feature","properties":{"v":11.9,"p":4},"geometry":{"type":"Polygon","coordinates":[[[17.095216,48.145041],[17.095178,48.145043],[17.095179,48.145052],[17.095079,48.145057],[17.095065,48.144942],[17.095161,48.144936],[17.095163,48.14495],[17.095205,48.144948],[17.095216,48.145041]]]}},{"type":"Feature","properties":{"v":10.4,"p":3},"geometry":{"type":"Polygon","coordinates":[[[17.095438,48.145064],[17.09537,48.145068],[17.095368,48.145053],[17.095327,48.145055],[17.095316,48.144965],[17.095424,48.144959],[17.095426,48.144974],[17.095457,48.144973],[17.095466,48.145047],[17.095436,48.145048],[17.095438,48.145064]]]}},{"type":"Feature","properties":{"v":7.9,"p":3},"geometry":{"type":"Polygon","coordinates":[[[17.09542,48.144724],[17.095389,48.144727],[17.095377,48.144649],[17.095407,48.144646],[17.09542,48.144724]]]}},{"type":"Feature","properties":{"v":4.2,"p":1},"geometry":{"type":"Polygon","coordinates":[[[17.094845,48.144713],[17.094831,48.144729],[17.094709,48.144684],[17.094721,48.144668],[17.094845,48.144713]]]}},{"type":"Feature","properties":{"v":4.4,"p":1},"geometry":{"type":"Polygon","coordinates":[[[17.094927,48.144747],[17.095035,48.144789],[17.095025,48.144803],[17.094911,48.14476],[17.094922,48.144746],[17.094927,48.144747]]]}},{"type":"Feature","properties":{"v":2.7,"p":1},"geometry":{"type":"Polygon","coordinates":[[[17.094882,48.144775],[17.094855,48.144764],[17.094897,48.144715],[17.094941,48.144731],[17.094927,48.144747],[17.094922,48.144746],[17.094911,48.14476],[17.094899,48.144755],[17.094882,48.144775]]]}},{"type":"Feature","properties":{"v":4,"p":1},"geometry":{"type":"Polygon","coordinates":[[[17.094992,48.144898],[17.094957,48.14494],[17.09492,48.144927],[17.094937,48.144907],[17.094956,48.144884],[17.094992,48.144898]]]}},{"type":"Feature","properties":{"v":11.8,"p":4},"geometry":{"type":"Polygon","coordinates":[[[17.094537,48.145085],[17.094507,48.145122],[17.094471,48.145168],[17.094393,48.14514],[17.094338,48.145121],[17.094382,48.145065],[17.094389,48.145067],[17.09441,48.14504],[17.094419,48.145043],[17.094537,48.145085]]]}},{"type":"Feature","properties":{"v":12,"p":4},"geometry":{"type":"Polygon","coordinates":[[[17.09486,48.145016],[17.094791,48.145098],[17.094738,48.145078],[17.094659,48.145049],[17.094702,48.144997],[17.094708,48.144999],[17.094726,48.144978],[17.094734,48.144968],[17.094741,48.144971],[17.09486,48.145016]]]}},{"type":"Feature","properties":{"v":8.8,"p":3},"geometry":{"type":"Polygon","coordinates":[[[17.094291,48.145186],[17.09439,48.14529],[17.094295,48.14533],[17.094222,48.145362],[17.094209,48.145367],[17.094131,48.145285],[17.094216,48.145249],[17.094176,48.145206],[17.094271,48.145165],[17.094291,48.145186]]]}},{"type":"Feature","properties":{"v":11.8,"p":4},"geometry":{"type":"Polygon","coordinates":[[[17.093937,48.145537],[17.093886,48.145556],[17.09389,48.14556],[17.09382,48.145587],[17.0937,48.145446],[17.09382,48.1454],[17.093937,48.145537]]]}},{"type":"Feature","properties":{"v":13.1,"p":4},"geometry":{"type":"Polygon","coordinates":[[[17.09402,48.145375],[17.094048,48.145405],[17.093976,48.145435],[17.093928,48.145383],[17.094,48.145353],[17.09402,48.145375]]]}},{"type":"Feature","properties":{"v":9.4,"p":3},"geometry":{"type":"Polygon","coordinates":[[[17.094138,48.14544],[17.094015,48.14549],[17.093968,48.145437],[17.093976,48.145435],[17.094048,48.145405],[17.09402,48.145375],[17.094061,48.145358],[17.094138,48.14544]]]}},{"type":"Feature","properties":{"v":9.6,"p":3},"geometry":{"type":"Polygon","coordinates":[[[17.093928,48.145383],[17.093898,48.145348],[17.094033,48.145291],[17.094085,48.145348],[17.094061,48.145358],[17.09402,48.145375],[17.094,48.145353],[17.093928,48.145383]]]}},{"type":"Feature","properties":{"v":18.5,"p":6},"geometry":{"type":"Polygon","coordinates":[[[17.095287,48.145785],[17.095096,48.145789],[17.095093,48.145733],[17.095076,48.145734],[17.095073,48.145691],[17.095089,48.145691],[17.095087,48.145651],[17.095279,48.145646],[17.095287,48.145785]]]}},{"type":"Feature","properties":{"v":12.2,"p":4},"geometry":{"type":"Polygon","coordinates":[[[17.095571,48.145273],[17.095467,48.145274],[17.095467,48.145249],[17.095433,48.145249],[17.095431,48.14518],[17.095465,48.14518],[17.095465,48.145151],[17.095565,48.14515],[17.095566,48.145185],[17.095576,48.145185],[17.095578,48.145247],[17.09557,48.145247],[17.095571,48.145273]]]}},{"type":"Feature","properties":{"v":13.1,"p":4},"geometry":{"type":"Polygon","coordinates":[[[17.095659,48.14543],[17.095662,48.145447],[17.095526,48.145459],[17.09551,48.145375],[17.095493,48.145377],[17.095492,48.145375],[17.095483,48.145328],[17.095482,48.145323],[17.09562,48.145311],[17.095621,48.145315],[17.095627,48.145346],[17.09564,48.145414],[17.095656,48.145413],[17.095659,48.14543]]]}},{"type":"Feature","properties":{"v":13,"p":4},"geometry":{"type":"Polygon","coordinates":[[[17.095232,48.145267],[17.095091,48.145253],[17.095092,48.145248],[17.095068,48.145245],[17.095072,48.145226],[17.0951,48.145229],[17.095116,48.145156],[17.095253,48.14517],[17.095232,48.145267]]]}},{"type":"Feature","properties":{"v":7.6,"p":3},"geometry":{"type":"Polygon","coordinates":[[[17.095049,48.145166],[17.094988,48.145261],[17.09497,48.145257],[17.094901,48.145235],[17.094894,48.145232],[17.094929,48.145179],[17.094971,48.145142],[17.095049,48.145166]]]}},{"type":"Feature","properties":{"v":4,"p":1},"geometry":{"type":"Polygon","coordinates":[[[17.095068,48.145245],[17.095066,48.145252],[17.095039,48.14525],[17.095064,48.145151],[17.095116,48.145156],[17.0951,48.145229],[17.095072,48.145226],[17.095068,48.145245]]]}},{"type":"Feature","properties":{"v":6.6,"p":2},"geometry":{"type":"Polygon","coordinates":[[[17.095492,48.145375],[17.095432,48.14538],[17.095422,48.145334],[17.095483,48.145328],[17.095492,48.145375]]]}},{"type":"Feature","properties":{"v":6,"p":2},"geometry":{"type":"Polygon","coordinates":[[[17.095675,48.145428],[17.095659,48.14543],[17.095656,48.145413],[17.09564,48.145414],[17.095627,48.145346],[17.095621,48.145315],[17.095638,48.145314],[17.095645,48.145343],[17.09566,48.145342],[17.095675,48.145428]]]}},{"type":"Feature","properties":{"v":17.3,"p":6},"geometry":{"type":"Polygon","coordinates":[[[17.095537,48.145688],[17.09546,48.145676],[17.095489,48.145597],[17.095473,48.145596],[17.095472,48.145562],[17.095488,48.145559],[17.095473,48.145475],[17.09556,48.14547],[17.095561,48.145474],[17.095644,48.145467],[17.095652,48.145587],[17.095626,48.145694],[17.095539,48.145683],[17.095537,48.145688]]]}},{"type":"Feature","properties":{"v":3,"p":1},"geometry":{"type":"Polygon","coordinates":[[[17.095418,48.145552],[17.095369,48.145553],[17.095368,48.145496],[17.095417,48.145496],[17.095418,48.145552]]]}},{"type":"Feature","properties":{"v":3.2,"p":1},"geometry":{"type":"Polygon","coordinates":[[[17.095399,48.145819],[17.095292,48.145821],[17.095289,48.145745],[17.095396,48.145743],[17.095399,48.145819]]]}},{"type":"Feature","properties":{"v":17.8,"p":6},"geometry":{"type":"Polygon","coordinates":[[[17.094985,48.145768],[17.094989,48.145787],[17.094985,48.145788],[17.094822,48.1458],[17.094806,48.145709],[17.094802,48.145685],[17.094854,48.145681],[17.094851,48.145664],[17.094924,48.145659],[17.094927,48.145674],[17.094969,48.145671],[17.094985,48.145768]]]}},{"type":"Feature","properties":{"v":13,"p":4},"geometry":{"type":"Polygon","coordinates":[[[17.094822,48.1458],[17.094722,48.145808],[17.094705,48.145715],[17.094806,48.145709],[17.094822,48.1458]]]}},{"type":"Feature","properties":{"v":12.3,"p":4},"geometry":{"type":"Polygon","coordinates":[[[17.094705,48.145715],[17.094722,48.145808],[17.094701,48.14581],[17.094656,48.145815],[17.094643,48.145816],[17.094592,48.145711],[17.094702,48.145699],[17.094705,48.145715]]]}},{"type":"Feature","properties":{"v":3.4,"p":1},"geometry":{"type":"Polygon","coordinates":[[[17.095077,48.145828],[17.09499,48.145832],[17.094985,48.145788],[17.094989,48.145787],[17.094985,48.145768],[17.095071,48.145765],[17.095077,48.145828]]]}},{"type":"Feature","properties":{"v":15.4,"p":5},"geometry":{"type":"Polygon","coordinates":[[[17.094548,48.14579],[17.094563,48.145827],[17.094558,48.145828],[17.094441,48.14585],[17.094387,48.145718],[17.094508,48.145696],[17.094548,48.14579]]]}},{"type":"Feature","properties":{"v":15.4,"p":5},"geometry":{"type":"Polygon","coordinates":[[[17.094271,48.145885],[17.093974,48.14601],[17.093873,48.145906],[17.094175,48.145778],[17.094271,48.145885]]]}},{"type":"Feature","properties":{"v":11.5,"p":4},"geometry":{"type":"Polygon","coordinates":[[[17.09472,48.145322],[17.094683,48.145323],[17.094683,48.145331],[17.094573,48.145334],[17.094571,48.145304],[17.094551,48.145305],[17.094549,48.145276],[17.094568,48.145276],[17.094564,48.145207],[17.094714,48.145204],[17.09472,48.145322]]]}},{"type":"Feature","properties":{"v":7.6,"p":3},"geometry":{"type":"Polygon","coordinates":[[[17.094471,48.145168],[17.094448,48.145198],[17.09437,48.14517],[17.094393,48.14514],[17.094471,48.145168]]]}},{"type":"Feature","properties":{"v":4.3,"p":1},"geometry":{"type":"Polygon","coordinates":[[[17.094738,48.145078],[17.094715,48.145107],[17.094637,48.145077],[17.094659,48.145049],[17.094738,48.145078]]]}},{"type":"Feature","properties":{"v":3.1,"p":1},"geometry":{"type":"Polygon","coordinates":[[[17.094532,48.145042],[17.094592,48.145064],[17.094568,48.145097],[17.094537,48.145085],[17.094419,48.145043],[17.094445,48.14501],[17.094532,48.145042]]]}},{"type":"Feature","properties":{"v":5.7,"p":2},"geometry":{"type":"Polygon","coordinates":[[[17.094568,48.145097],[17.094539,48.145134],[17.094507,48.145122],[17.094537,48.145085],[17.094568,48.145097]]]}},{"type":"Feature","properties":{"v":4.2,"p":1},"geometry":{"type":"Polygon","coordinates":[[[17.09426,48.145386],[17.094253,48.145378],[17.094241,48.145382],[17.094222,48.145362],[17.094295,48.14533],[17.094315,48.145352],[17.094301,48.145358],[17.094308,48.145365],[17.09426,48.145386]]]}},{"type":"Feature","properties":{"v":16.7,"p":6},"geometry":{"type":"Polygon","coordinates":[[[17.097614,48.144318],[17.097392,48.144351],[17.097337,48.144359],[17.097311,48.144279],[17.097371,48.14427],[17.097356,48.144227],[17.097492,48.144207],[17.097563,48.144196],[17.097573,48.144195],[17.097614,48.144318]]]}},{"type":"Feature","properties":{"v":15,"p":5},"geometry":{"type":"Polygon","coordinates":[[[17.097653,48.144504],[17.097455,48.144532],[17.097426,48.144444],[17.097484,48.144435],[17.097471,48.144395],[17.097611,48.144375],[17.097653,48.144504]]]}},{"type":"Feature","properties":{"v":17.1,"p":6},"geometry":{"type":"Polygon","coordinates":[[[17.097736,48.144692],[17.097516,48.144725],[17.097476,48.144607],[17.097696,48.144574],[17.097736,48.144692]]]}},{"type":"Feature","properties":{"v":10.3,"p":3},"geometry":{"type":"Polygon","coordinates":[[[17.097422,48.144746],[17.097284,48.144767],[17.097242,48.144641],[17.09738,48.14462],[17.097422,48.144746]]]}},{"type":"Feature","properties":{"v":13.6,"p":5},"geometry":{"type":"Polygon","coordinates":[[[17.097776,48.144873],[17.09764,48.144893],[17.097601,48.144776],[17.097737,48.144756],[17.097776,48.144873]]]}},{"type":"Feature","properties":{"v":13.9,"p":5},"geometry":{"type":"Polygon","coordinates":[[[17.097821,48.145041],[17.097822,48.145047],[17.09779,48.145051],[17.097767,48.145055],[17.09777,48.145063],[17.097684,48.145076],[17.097652,48.144976],[17.0977,48.144969],[17.097788,48.144956],[17.097803,48.145004],[17.097808,48.145003],[17.097821,48.145041]]]}},{"type":"Feature","properties":{"v":11.9,"p":4},"geometry":{"type":"Polygon","coordinates":[[[17.097894,48.1452],[17.09772,48.145228],[17.097699,48.145172],[17.097733,48.145166],[17.097719,48.145129],[17.09786,48.145106],[17.097894,48.1452]]]}},{"type":"Feature","properties":{"v":14.3,"p":5},"geometry":{"type":"Polygon","coordinates":[[[17.097827,48.145397],[17.09785,48.145409],[17.097823,48.145431],[17.097744,48.145386],[17.097766,48.145369],[17.097706,48.145336],[17.097798,48.145262],[17.097835,48.145283],[17.097864,48.1453],[17.097891,48.145278],[17.097895,48.145275],[17.09797,48.145317],[17.097887,48.145382],[17.097863,48.145369],[17.097827,48.145397]]]}},{"type":"Feature","properties":{"v":12.8,"p":4},"geometry":{"type":"Polygon","coordinates":[[[17.097651,48.145446],[17.097707,48.145477],[17.097611,48.145553],[17.097607,48.145551],[17.097524,48.145505],[17.097503,48.145493],[17.097533,48.145468],[17.097594,48.145419],[17.097635,48.145442],[17.097639,48.145439],[17.097651,48.145446]]]}},{"type":"Feature","properties":{"v":10.7,"p":4},"geometry":{"type":"Polygon","coordinates":[[[17.097566,48.145297],[17.09744,48.145324],[17.0974,48.14524],[17.097526,48.145213],[17.097566,48.145297]]]}},{"type":"Feature","properties":{"v":15.2,"p":5},"geometry":{"type":"Polygon","coordinates":[[[17.097477,48.145098],[17.097331,48.145119],[17.097304,48.145035],[17.09745,48.145014],[17.097477,48.145098]]]}},{"type":"Feature","properties":{"v":10.6,"p":4},"geometry":{"type":"Polygon","coordinates":[[[17.097419,48.144925],[17.097297,48.144942],[17.09726,48.144828],[17.097383,48.14481],[17.097419,48.144925]]]}},{"type":"Feature","properties":{"v":7,"p":2},"geometry":{"type":"Polygon","coordinates":[[[17.097572,48.145406],[17.097594,48.145419],[17.097533,48.145468],[17.097452,48.145422],[17.097488,48.145392],[17.097501,48.145399],[17.097525,48.145381],[17.097572,48.145406]]]}},{"type":"Feature","properties":{"v":4.1,"p":1},"geometry":{"type":"Polygon","coordinates":[[[17.097651,48.145446],[17.097639,48.145439],[17.097635,48.145442],[17.097594,48.145419],[17.097572,48.145406],[17.09759,48.145392],[17.097665,48.145434],[17.097651,48.145446]]]}},{"type":"Feature","properties":{"v":4.2,"p":1},"geometry":{"type":"Polygon","coordinates":[[[17.097493,48.145125],[17.097341,48.145148],[17.097331,48.145119],[17.097477,48.145098],[17.097483,48.145097],[17.097493,48.145125]]]}},{"type":"Feature","properties":{"v":6.1,"p":2},"geometry":{"type":"Polygon","coordinates":[[[17.097788,48.144956],[17.0977,48.144969],[17.097695,48.14495],[17.097781,48.144938],[17.097788,48.144956]]]}},{"type":"Feature","properties":{"v":6.4,"p":2},"geometry":{"type":"Polygon","coordinates":[[[17.097383,48.14481],[17.09726,48.144828],[17.097249,48.144795],[17.097372,48.144778],[17.097383,48.14481]]]}},{"type":"Feature","properties":{"v":3.9,"p":1},"geometry":{"type":"Polygon","coordinates":[[[17.097291,48.144583],[17.097213,48.144594],[17.097203,48.144566],[17.097281,48.144554],[17.097291,48.144583]]]}},{"type":"Feature","properties":{"v":5.8,"p":2},"geometry":{"type":"Polygon","coordinates":[[[17.097647,48.144343],[17.0974,48.14438],[17.097392,48.144351],[17.097614,48.144318],[17.097636,48.144315],[17.097647,48.144343]]]}},{"type":"Feature","properties":{"v":7.2,"p":2},"geometry":{"type":"Polygon","coordinates":[[[17.097563,48.144196],[17.097492,48.144207],[17.097485,48.144187],[17.097555,48.144176],[17.097563,48.144196]]]}},{"type":"Feature","properties":{"v":3.3,"p":1},"geometry":{"type":"Polygon","coordinates":[[[17.097594,48.144171],[17.097555,48.144176],[17.097485,48.144187],[17.097475,48.144158],[17.097584,48.144142],[17.097594,48.144171]]]}},{"type":"Feature","properties":{"v":16.3,"p":5},"geometry":{"type":"Polygon","coordinates":[[[17.097075,48.144856],[17.09703,48.144858],[17.096911,48.144863],[17.096909,48.144847],[17.0969,48.144742],[17.097064,48.144735],[17.097075,48.144856]]]}},{"type":"Feature","properties":{"v":16,"p":5},"geometry":{"type":"Polygon","coordinates":[[[17.097157,48.145161],[17.097093,48.145174],[17.0971,48.145189],[17.096998,48.14521],[17.096961,48.145129],[17.096921,48.145137],[17.096885,48.145059],[17.097011,48.145033],[17.097092,48.145017],[17.097157,48.145161]]]}},{"type":"Feature","properties":{"v":19.8,"p":7},"geometry":{"type":"Polygon","coordinates":[[[17.097185,48.145394],[17.096911,48.145449],[17.096871,48.145363],[17.096946,48.145347],[17.096929,48.14531],[17.096941,48.145308],[17.096931,48.145287],[17.097119,48.145249],[17.097185,48.145394]]]}},{"type":"Feature","properties":{"v":11.5,"p":4},"geometry":{"type":"Polygon","coordinates":[[[17.097318,48.145554],[17.097222,48.145577],[17.0972,48.145532],[17.097186,48.145502],[17.097143,48.145512],[17.097115,48.145457],[17.097256,48.145427],[17.097318,48.145554]]]}},{"type":"Feature","properties":{"v":15.5,"p":5},"geometry":{"type":"Polygon","coordinates":[[[17.097406,48.145709],[17.097227,48.145746],[17.097192,48.145676],[17.097179,48.145646],[17.0972,48.145641],[17.097356,48.145607],[17.097406,48.145709]]]}},{"type":"Feature","properties":{"v":13.7,"p":5},"geometry":{"type":"Polygon","coordinates":[[[17.097577,48.145871],[17.097523,48.145877],[17.097551,48.145989],[17.097375,48.146006],[17.09734,48.145854],[17.097566,48.14583],[17.097577,48.145871]]]}},{"type":"Feature","properties":{"v":9.9,"p":3},"geometry":{"type":"Polygon","coordinates":[[[17.097891,48.145866],[17.09766,48.145874],[17.097651,48.145765],[17.097882,48.145757],[17.097891,48.145866]]]}},{"type":"Feature","properties":{"v":10.5,"p":4},"geometry":{"type":"Polygon","coordinates":[[[17.097222,48.145577],[17.097089,48.145607],[17.097067,48.145561],[17.0972,48.145532],[17.097222,48.145577]]]}},{"type":"Feature","properties":{"v":4.1,"p":1},"geometry":{"type":"Polygon","coordinates":[[[17.0972,48.145641],[17.097179,48.145646],[17.097192,48.145676],[17.097157,48.145684],[17.097136,48.145641],[17.097193,48.145628],[17.0972,48.145641]]]}},{"type":"Feature","properties":{"v":4.5,"p":2},"geometry":{"type":"Polygon","coordinates":[[[17.097234,48.145601],[17.097009,48.14565],[17.096996,48.145626],[17.097089,48.145607],[17.097222,48.145577],[17.097234,48.145601]]]}},{"type":"Feature","properties":{"v":4,"p":1},"geometry":{"type":"Polygon","coordinates":[[[17.097287,48.145792],[17.097272,48.145858],[17.097191,48.14585],[17.097206,48.145784],[17.097287,48.145792]]]}},{"type":"Feature","properties":{"v":2.9,"p":1},"geometry":{"type":"Polygon","coordinates":[[[17.098061,48.145989],[17.098013,48.145992],[17.098003,48.145927],[17.098051,48.145923],[17.098061,48.145989]]]}},{"type":"Feature","properties":{"v":21.8,"p":7},"geometry":{"type":"Polygon","coordinates":[[[17.098125,48.145535],[17.098042,48.145598],[17.098061,48.14561],[17.098012,48.145647],[17.09799,48.145634],[17.097986,48.145631],[17.097995,48.145624],[17.097878,48.145556],[17.098001,48.145462],[17.098125,48.145535]]]}},{"type":"Feature","properties":{"v":21.4,"p":7},"geometry":{"type":"Polygon","coordinates":[[[17.097995,48.145624],[17.097986,48.145631],[17.09799,48.145634],[17.097902,48.1457],[17.097782,48.145629],[17.097878,48.145556],[17.097995,48.145624]]]}},{"type":"Feature","properties":{"v":22.2,"p":7},"geometry":{"type":"Polygon","coordinates":[[[17.098413,48.145564],[17.098347,48.145576],[17.098265,48.145591],[17.098243,48.145535],[17.098217,48.145537],[17.098209,48.145522],[17.098125,48.145535],[17.098001,48.145462],[17.098046,48.145433],[17.098346,48.145381],[17.098413,48.145564]]]}},{"type":"Feature","properties":{"v":4.4,"p":1},"geometry":{"type":"Polygon","coordinates":[[[17.098378,48.145662],[17.098299,48.145676],[17.098265,48.145591],[17.098347,48.145576],[17.098378,48.145662]]]}},{"type":"Feature","properties":{"v":24.5,"p":8},"geometry":{"type":"Polygon","coordinates":[[[17.098928,48.14561],[17.098659,48.145654],[17.098629,48.145573],[17.098691,48.145563],[17.098674,48.145518],[17.0987,48.145514],[17.098671,48.145434],[17.098688,48.145431],[17.098678,48.145404],[17.098666,48.145406],[17.098661,48.145424],[17.098644,48.145432],[17.098623,48.145428],[17.098613,48.145414],[17.098466,48.145434],[17.098441,48.145324],[17.098621,48.145303],[17.098621,48.145298],[17.098751,48.145278],[17.098792,48.145292],[17.098826,48.145381],[17.098818,48.145382],[17.098863,48.145504],[17.098887,48.1455],[17.098928,48.14561]]]}},{"type":"Feature","properties":{"v":17,"p":6},"geometry":{"type":"Polygon","coordinates":[[[17.099042,48.145868],[17.098854,48.145908],[17.098798,48.145789],[17.09883,48.145782],[17.098825,48.145772],[17.098794,48.145705],[17.098951,48.145673],[17.099042,48.145868]]]}},{"type":"Feature","properties":{"v":12.8,"p":4},"geometry":{"type":"Polygon","coordinates":[[[17.09883,48.145782],[17.098798,48.145789],[17.098854,48.145908],[17.098675,48.145917],[17.098653,48.145783],[17.098825,48.145772],[17.09883,48.145782]]]}},{"type":"Feature","properties":{"v":19.2,"p":6},"geometry":{"type":"Polygon","coordinates":[[[17.098575,48.145932],[17.098379,48.145948],[17.098365,48.14587],[17.098289,48.145876],[17.098287,48.145866],[17.098276,48.145806],[17.098267,48.145754],[17.098266,48.145748],[17.098538,48.145727],[17.098575,48.145932]]]}},{"type":"Feature","properties":{"v":13.7,"p":5},"geometry":{"type":"Polygon","coordinates":[[[17.098287,48.145866],[17.098228,48.145872],[17.098205,48.145874],[17.098194,48.145813],[17.098276,48.145806],[17.098287,48.145866]]]}},{"type":"Feature","properties":{"v":14.2,"p":5},"geometry":{"type":"Polygon","coordinates":[[[17.098241,48.14592],[17.098148,48.145929],[17.098127,48.145931],[17.098108,48.145851],[17.098073,48.145854],[17.098054,48.145776],[17.098267,48.145754],[17.098276,48.145806],[17.098194,48.145813],[17.098205,48.145874],[17.098228,48.145872],[17.098241,48.14592]]]}},{"type":"Feature","properties":{"v":15.6,"p":5},"geometry":{"type":"Polygon","coordinates":[[[17.097012,48.145972],[17.096874,48.145951],[17.096893,48.145895],[17.096835,48.145886],[17.096838,48.145878],[17.096858,48.145815],[17.09692,48.145809],[17.096978,48.145817],[17.096968,48.145847],[17.09706,48.145861],[17.097038,48.145926],[17.097028,48.145925],[17.097012,48.145972]]]}},{"type":"Feature","properties":{"v":6.9,"p":2},"geometry":{"type":"Polygon","coordinates":[[[17.096838,48.145878],[17.096835,48.145886],[17.096893,48.145895],[17.096874,48.145951],[17.096773,48.145936],[17.096795,48.145872],[17.096838,48.145878]]]}},{"type":"Feature","properties":{"v":6.4,"p":2},"geometry":{"type":"Polygon","coordinates":[[[17.097074,48.145821],[17.09706,48.145861],[17.096968,48.145847],[17.096978,48.145817],[17.09698,48.145807],[17.097074,48.145821]]]}},{"type":"Feature","properties":{"v":11.1,"p":4},"geometry":{"type":"Polygon","coordinates":[[[17.096621,48.146155],[17.096565,48.146167],[17.096556,48.146149],[17.096511,48.146159],[17.096487,48.146112],[17.096466,48.146069],[17.096644,48.146029],[17.09669,48.14612],[17.096612,48.146138],[17.096621,48.146155]]]}},{"type":"Feature","properties":{"v":13.2,"p":4},"geometry":{"type":"Polygon","coordinates":[[[17.096337,48.146157],[17.096365,48.146218],[17.096156,48.14626],[17.096099,48.146133],[17.096107,48.146131],[17.096238,48.146105],[17.096307,48.146091],[17.096337,48.146157]]]}},{"type":"Feature","properties":{"v":4,"p":1},"geometry":{"type":"Polygon","coordinates":[[[17.096238,48.146105],[17.096107,48.146131],[17.0961,48.146116],[17.096231,48.146089],[17.096238,48.146105]]]}},{"type":"Feature","properties":{"v":3.9,"p":1},"geometry":{"type":"Polygon","coordinates":[[[17.096407,48.146209],[17.096365,48.146218],[17.096337,48.146157],[17.096379,48.146148],[17.096407,48.146209]]]}},{"type":"Feature","properties":{"v":3.7,"p":1},"geometry":{"type":"Polygon","coordinates":[[[17.096511,48.146159],[17.0965,48.146182],[17.096432,48.146181],[17.096441,48.146121],[17.096487,48.146112],[17.096511,48.146159]]]}},{"type":"Feature","properties":{"v":10.8,"p":4},"geometry":{"type":"Polygon","coordinates":[[[17.096032,48.146285],[17.095889,48.146314],[17.095842,48.146206],[17.095985,48.146178],[17.096032,48.146285]]]}},{"type":"Feature","properties":{"v":17.4,"p":6},"geometry":{"type":"Polygon","coordinates":[[[17.095365,48.146196],[17.095333,48.146155],[17.095314,48.146162],[17.095268,48.146101],[17.095627,48.145979],[17.095671,48.146037],[17.095652,48.146043],[17.095683,48.146084],[17.095622,48.146104],[17.095633,48.146119],[17.095436,48.146186],[17.095427,48.146174],[17.095365,48.146196]]]}},{"type":"Feature","properties":{"v":20.9,"p":7},"geometry":{"type":"Polygon","coordinates":[[[17.095456,48.146415],[17.095451,48.146404],[17.095423,48.14641],[17.095366,48.146286],[17.095417,48.146275],[17.09543,48.146254],[17.095468,48.146245],[17.095494,48.146257],[17.095723,48.146209],[17.095787,48.146346],[17.095456,48.146415]]]}},{"type":"Feature","properties":{"v":7.6,"p":3},"geometry":{"type":"Polygon","coordinates":[[[17.09498,48.145969],[17.094898,48.145992],[17.094857,48.145924],[17.094939,48.145902],[17.09498,48.145969]]]}},{"type":"Feature","properties":{"v":17.1,"p":6},"geometry":{"type":"Polygon","coordinates":[[[17.095159,48.146071],[17.095036,48.146103],[17.094965,48.14598],[17.095088,48.145948],[17.095159,48.146071]]]}},{"type":"Feature","properties":{"v":9.2,"p":3},"geometry":{"type":"Polygon","coordinates":[[[17.095173,48.146096],[17.095049,48.146128],[17.095036,48.146103],[17.095159,48.146071],[17.095173,48.146096]]]}},{"type":"Feature","properties":{"v":13.9,"p":5},"geometry":{"type":"Polygon","coordinates":[[[17.095389,48.146531],[17.095262,48.146556],[17.095204,48.146424],[17.095331,48.146399],[17.095389,48.146531]]]}},{"type":"Feature","properties":{"v":3,"p":1},"geometry":{"type":"Polygon","coordinates":[[[17.095245,48.146604],[17.095089,48.146638],[17.094943,48.146654],[17.094934,48.146565],[17.094985,48.146561],[17.095108,48.146495],[17.095181,48.146455],[17.095245,48.146604]]]}},{"type":"Feature","properties":{"v":10.6,"p":4},"geometry":{"type":"Polygon","coordinates":[[[17.096137,48.145856],[17.096013,48.145848],[17.096014,48.145838],[17.096023,48.145781],[17.096026,48.145761],[17.096133,48.145768],[17.096127,48.145808],[17.096144,48.145809],[17.096137,48.145856]]]}},{"type":"Feature","properties":{"v":7.8,"p":3},"geometry":{"type":"Polygon","coordinates":[[[17.096023,48.145781],[17.096014,48.145838],[17.095935,48.145833],[17.095943,48.145775],[17.096023,48.145781]]]}},{"type":"Feature","properties":{"v":15,"p":5},"geometry":{"type":"Polygon","coordinates":[[[17.096409,48.14576],[17.096385,48.145871],[17.096242,48.145857],[17.096266,48.145746],[17.096409,48.14576]]]}},{"type":"Feature","properties":{"v":15.3,"p":5},"geometry":{"type":"Polygon","coordinates":[[[17.096425,48.145687],[17.096279,48.145675],[17.096292,48.1456],[17.096338,48.145604],[17.096355,48.145512],[17.096584,48.14553],[17.096563,48.145645],[17.096435,48.145634],[17.096425,48.145687]]]}},{"type":"Feature","properties":{"v":15.1,"p":5},"geometry":{"type":"Polygon","coordinates":[[[17.096576,48.145435],[17.096473,48.14542],[17.096471,48.145426],[17.09643,48.14542],[17.096433,48.145413],[17.096398,48.145407],[17.096433,48.145301],[17.096609,48.145327],[17.096599,48.14536],[17.096616,48.145362],[17.096601,48.145408],[17.096586,48.145406],[17.096576,48.145435]]]}},{"type":"Feature","properties":{"v":5.9,"p":2},"geometry":{"type":"Polygon","coordinates":[[[17.096212,48.145546],[17.096199,48.145628],[17.096132,48.145623],[17.096144,48.145542],[17.096212,48.145546]]]}},{"type":"Feature","properties":{"v":2.9,"p":1},"geometry":{"type":"Polygon","coordinates":[[[17.096215,48.145539],[17.096104,48.145531],[17.096169,48.14549],[17.096223,48.145493],[17.096215,48.145539]]]}},{"type":"Feature","properties":{"v":3.7,"p":1},"geometry":{"type":"Polygon","coordinates":[[[17.096222,48.145784],[17.096215,48.145827],[17.096158,48.145823],[17.096165,48.14578],[17.096222,48.145784]]]}},{"type":"Feature","properties":{"v":16,"p":5},"geometry":{"type":"Polygon","coordinates":[[[17.096632,48.145283],[17.096483,48.145255],[17.096486,48.145248],[17.096493,48.145231],[17.096456,48.145224],[17.096469,48.145193],[17.096502,48.145199],[17.096521,48.145154],[17.096677,48.145183],[17.096667,48.145207],[17.096681,48.145209],[17.096657,48.145266],[17.096641,48.145262],[17.096632,48.145283]]]}},{"type":"Feature","properties":{"v":8.5,"p":3},"geometry":{"type":"Polygon","coordinates":[[[17.096632,48.145283],[17.096624,48.145303],[17.096475,48.145274],[17.096483,48.145255],[17.096632,48.145283]]]}},{"type":"Feature","properties":{"v":4,"p":1},"geometry":{"type":"Polygon","coordinates":[[[17.096445,48.145222],[17.096439,48.145238],[17.096486,48.145248],[17.096483,48.145255],[17.096475,48.145274],[17.096434,48.145266],[17.096392,48.145257],[17.096403,48.145215],[17.096445,48.145222]]]}},{"type":"Feature","properties":{"v":3.2,"p":1},"geometry":{"type":"Polygon","coordinates":[[[17.096434,48.145266],[17.096424,48.145302],[17.096379,48.145296],[17.096392,48.145257],[17.096434,48.145266]]]}},{"type":"Feature","properties":{"v":17,"p":6},"geometry":{"type":"Polygon","coordinates":[[[17.096706,48.145042],[17.096568,48.145014],[17.096541,48.145009],[17.096565,48.144956],[17.096592,48.144961],[17.096613,48.144916],[17.096751,48.144944],[17.096706,48.145042]]]}},{"type":"Feature","properties":{"v":7.1,"p":2},"geometry":{"type":"Polygon","coordinates":[[[17.096541,48.145009],[17.096568,48.145014],[17.096539,48.145083],[17.096455,48.145066],[17.096485,48.144997],[17.096541,48.145009]]]}},{"type":"Feature","properties":{"v":7,"p":2},"geometry":{"type":"Polygon","coordinates":[[[17.097064,48.144735],[17.0969,48.144742],[17.096895,48.144694],[17.097059,48.144687],[17.097064,48.144735]]]}},{"type":"Feature","properties":{"v":5.6,"p":2},"geometry":{"type":"Polygon","coordinates":[[[17.097034,48.144891],[17.096861,48.1449],[17.096855,48.14485],[17.096909,48.144847],[17.096911,48.144863],[17.09703,48.144858],[17.097034,48.144891]]]}},{"type":"Feature","properties":{"v":14.2,"p":5},"geometry":{"type":"Polygon","coordinates":[[[17.093896,48.146701],[17.093959,48.146762],[17.093966,48.146769],[17.093851,48.146823],[17.093773,48.146748],[17.093888,48.146694],[17.093896,48.146701]]]}},{"type":"Feature","properties":{"v":6.3,"p":2},"geometry":{"type":"Polygon","coordinates":[[[17.093981,48.146752],[17.093959,48.146762],[17.093896,48.146701],[17.093918,48.146691],[17.093981,48.146752]]]}},{"type":"Feature","properties":{"v":13,"p":4},"geometry":{"type":"Polygon","coordinates":[[[17.095449,48.146721],[17.095479,48.146775],[17.095517,48.146843],[17.095386,48.146876],[17.095383,48.14687],[17.095338,48.14679],[17.095303,48.146726],[17.095434,48.146693],[17.095449,48.146721]]]}},{"type":"Feature","properties":{"v":15.1,"p":5},"geometry":{"type":"Polygon","coordinates":[[[17.095658,48.146758],[17.095662,48.146767],[17.095637,48.146771],[17.095609,48.146698],[17.095638,48.146693],[17.095696,48.146683],[17.095709,48.146714],[17.095751,48.146707],[17.09576,48.146729],[17.095769,48.146754],[17.095707,48.146765],[17.095701,48.14675],[17.095658,48.146758]]]}},{"type":"Feature","properties":{"v":11.8,"p":4},"geometry":{"type":"Polygon","coordinates":[[[17.095788,48.146724],[17.09576,48.146729],[17.095751,48.146707],[17.095709,48.146714],[17.095696,48.146683],[17.095638,48.146693],[17.095619,48.14665],[17.095729,48.146627],[17.095754,48.146687],[17.095772,48.146684],[17.095788,48.146724]]]}},{"type":"Feature","properties":{"v":13.5,"p":4},"geometry":{"type":"Polygon","coordinates":[[[17.095812,48.146918],[17.095818,48.146934],[17.095678,48.14696],[17.095661,48.14692],[17.095678,48.146917],[17.095672,48.146901],[17.095795,48.146878],[17.095812,48.146918]]]}},{"type":"Feature","properties":{"v":11.4,"p":4},"geometry":{"type":"Polygon","coordinates":[[[17.095871,48.146907],[17.095812,48.146918],[17.095795,48.146878],[17.095672,48.146901],[17.095649,48.146851],[17.095832,48.146817],[17.095871,48.146907]]]}},{"type":"Feature","properties":{"v":11.1,"p":4},"geometry":{"type":"Polygon","coordinates":[[[17.095923,48.147075],[17.095774,48.147102],[17.095739,48.147018],[17.095888,48.146991],[17.095923,48.147075]]]}},{"type":"Feature","properties":{"v":11.9,"p":4},"geometry":{"type":"Polygon","coordinates":[[[17.095721,48.147256],[17.095709,48.147227],[17.095671,48.147234],[17.095644,48.147168],[17.095832,48.147133],[17.095871,48.147229],[17.095721,48.147256]]]}},{"type":"Feature","properties":{"v":11.5,"p":4},"geometry":{"type":"Polygon","coordinates":[[[17.095424,48.147133],[17.095185,48.147132],[17.095186,48.147035],[17.095424,48.147036],[17.095424,48.147133]]]}},{"type":"Feature","properties":{"v":17.3,"p":6},"geometry":{"type":"Polygon","coordinates":[[[17.094963,48.146918],[17.09496,48.146907],[17.094911,48.146914],[17.094877,48.1468],[17.095074,48.146774],[17.095086,48.146772],[17.095089,48.146784],[17.095099,48.146816],[17.095121,48.14689],[17.095046,48.1469],[17.095048,48.146907],[17.094963,48.146918]]]}},{"type":"Feature","properties":{"v":13.9,"p":5},"geometry":{"type":"Polygon","coordinates":[[[17.095032,48.147058],[17.095006,48.147134],[17.094973,48.147129],[17.094863,48.147112],[17.094889,48.147036],[17.095032,48.147058]]]}},{"type":"Feature","properties":{"v":12,"p":4},"geometry":{"type":"Polygon","coordinates":[[[17.094889,48.147036],[17.094863,48.147112],[17.094799,48.147102],[17.094821,48.147038],[17.094825,48.147026],[17.094889,48.147036]]]}},{"type":"Feature","properties":{"v":11.3,"p":4},"geometry":{"type":"Polygon","coordinates":[[[17.094863,48.147112],[17.094973,48.147129],[17.094965,48.147152],[17.094792,48.147124],[17.094799,48.147102],[17.094863,48.147112]]]}},{"type":"Feature","properties":{"v":6.5,"p":2},"geometry":{"type":"Polygon","coordinates":[[[17.095134,48.147186],[17.095087,48.147186],[17.095088,48.147123],[17.095135,48.147124],[17.095134,48.147186]]]}},{"type":"Feature","properties":{"v":13.9,"p":5},"geometry":{"type":"Polygon","coordinates":[[[17.094684,48.146947],[17.094544,48.146919],[17.094561,48.146879],[17.094595,48.146886],[17.094603,48.146869],[17.094629,48.146874],[17.094631,48.146869],[17.094635,48.14686],[17.094715,48.146876],[17.094684,48.146947]]]}},{"type":"Feature","properties":{"v":14.1,"p":5},"geometry":{"type":"Polygon","coordinates":[[[17.094643,48.147023],[17.094559,48.147006],[17.094508,48.146996],[17.094522,48.146966],[17.094536,48.146935],[17.094544,48.146919],[17.094684,48.146947],[17.09469,48.146948],[17.094681,48.146968],[17.094672,48.146989],[17.094659,48.146987],[17.094643,48.147023]]]}},{"type":"Feature","properties":{"v":10,"p":3},"geometry":{"type":"Polygon","coordinates":[[[17.094544,48.146919],[17.094536,48.146935],[17.094495,48.146927],[17.094529,48.146849],[17.094631,48.146869],[17.094629,48.146874],[17.094603,48.146869],[17.094595,48.146886],[17.094561,48.146879],[17.094544,48.146919]]]}},{"type":"Feature","properties":{"v":7,"p":2},"geometry":{"type":"Polygon","coordinates":[[[17.094688,48.147033],[17.094683,48.147032],[17.094643,48.147023],[17.094659,48.146987],[17.094672,48.146989],[17.094681,48.146968],[17.094714,48.146975],[17.094688,48.147033]]]}},{"type":"Feature","properties":{"v":14.7,"p":5},"geometry":{"type":"Polygon","coordinates":[[[17.094643,48.147023],[17.094683,48.147032],[17.094635,48.147136],[17.094532,48.147067],[17.094559,48.147006],[17.094643,48.147023]]]}},{"type":"Feature","properties":{"v":7.4,"p":2},"geometry":{"type":"Polygon","coordinates":[[[17.094522,48.146966],[17.094508,48.146996],[17.094559,48.147006],[17.094532,48.147067],[17.094468,48.146992],[17.094484,48.146959],[17.094522,48.146966]]]}},{"type":"Feature","properties":{"v":11,"p":4},"geometry":{"type":"Polygon","coordinates":[[[17.095157,48.146809],[17.095099,48.146816],[17.095089,48.146784],[17.095124,48.146778],[17.095144,48.146776],[17.095144,48.146777],[17.095147,48.146777],[17.095157,48.146809]]]}},{"type":"Feature","properties":{"v":3.3,"p":1},"geometry":{"type":"Polygon","coordinates":[[[17.095124,48.146778],[17.095089,48.146784],[17.095086,48.146772],[17.095074,48.146774],[17.09506,48.146737],[17.095107,48.14673],[17.095124,48.146778]]]}},{"type":"Feature","properties":{"v":10.8,"p":4},"geometry":{"type":"Polygon","coordinates":[[[17.095957,48.147356],[17.095874,48.147371],[17.095816,48.147382],[17.0958,48.147344],[17.095774,48.147349],[17.095757,48.147309],[17.095808,48.147299],[17.095901,48.147282],[17.095917,48.147319],[17.09594,48.147315],[17.095957,48.147356]]]}},{"type":"Feature","properties":{"v":9.8,"p":3},"geometry":{"type":"Polygon","coordinates":[[[17.095986,48.147376],[17.095884,48.147396],[17.095874,48.147371],[17.095957,48.147356],[17.095977,48.147353],[17.095986,48.147376]]]}},{"type":"Feature","properties":{"v":6.1,"p":2},"geometry":{"type":"Polygon","coordinates":[[[17.095901,48.147282],[17.095808,48.147299],[17.095797,48.147274],[17.09589,48.147256],[17.095901,48.147282]]]}},{"type":"Feature","properties":{"v":6.9,"p":2},"geometry":{"type":"Polygon","coordinates":[[[17.096004,48.147348],[17.095977,48.147353],[17.095957,48.147356],[17.09594,48.147315],[17.095987,48.147306],[17.096004,48.147348]]]}},{"type":"Feature","properties":{"v":4,"p":1},"geometry":{"type":"Polygon","coordinates":[[[17.096064,48.147394],[17.095999,48.147405],[17.095986,48.147376],[17.096052,48.147364],[17.096064,48.147394]]]}},{"type":"Feature","properties":{"v":13.2,"p":4},"geometry":{"type":"Polygon","coordinates":[[[17.094045,48.147037],[17.093974,48.146946],[17.094114,48.146898],[17.094156,48.146952],[17.094124,48.146963],[17.094148,48.146993],[17.094152,48.146999],[17.094139,48.147004],[17.094146,48.147013],[17.094089,48.147033],[17.094082,48.147024],[17.094045,48.147037]]]}},{"type":"Feature","properties":{"v":12,"p":4},"geometry":{"type":"Polygon","coordinates":[[[17.093959,48.147062],[17.093829,48.147105],[17.093767,48.147022],[17.093897,48.146979],[17.093959,48.147062]]]}},{"type":"Feature","properties":{"v":11,"p":4},"geometry":{"type":"Polygon","coordinates":[[[17.094024,48.147147],[17.093979,48.147163],[17.093869,48.147155],[17.093829,48.147105],[17.093959,48.147062],[17.094024,48.147147]]]}},{"type":"Feature","properties":{"v":12,"p":4},"geometry":{"type":"Polygon","coordinates":[[[17.094033,48.14736],[17.093996,48.147393],[17.093947,48.147436],[17.093944,48.147438],[17.093845,48.147388],[17.093935,48.14731],[17.094033,48.14736]]]}},{"type":"Feature","properties":{"v":10,"p":3},"geometry":{"type":"Polygon","coordinates":[[[17.094691,48.147377],[17.094714,48.147382],[17.094694,48.147419],[17.094662,48.147411],[17.094523,48.147378],[17.094544,48.147339],[17.094564,48.147343],[17.094593,48.14729],[17.094632,48.147299],[17.09464,48.147283],[17.094729,48.147305],[17.094691,48.147377]]]}},{"type":"Feature","properties":{"v":9.1,"p":3},"geometry":{"type":"Polygon","coordinates":[[[17.094432,48.147236],[17.094488,48.147264],[17.094475,48.147276],[17.094482,48.147279],[17.09444,48.147317],[17.094455,48.147324],[17.094397,48.147376],[17.094276,48.147315],[17.094388,48.147214],[17.094432,48.147236]]]}},{"type":"Feature","properties":{"v":5.8,"p":2},"geometry":{"type":"Polygon","coordinates":[[[17.094487,48.147232],[17.094498,48.147242],[17.094498,48.147255],[17.094488,48.147264],[17.094432,48.147236],[17.09444,48.147228],[17.094452,48.147225],[17.094466,48.147225],[17.094487,48.147232]]]}},{"type":"Feature","properties":{"v":13.7,"p":5},"geometry":{"type":"Polygon","coordinates":[[[17.095223,48.147447],[17.095057,48.147455],[17.095044,48.147328],[17.09513,48.147324],[17.095133,48.147348],[17.095212,48.147345],[17.095223,48.147447]]]}},{"type":"Feature","properties":{"v":17.8,"p":6},"geometry":{"type":"Polygon","coordinates":[[[17.095492,48.147532],[17.095366,48.147459],[17.095348,48.147473],[17.095307,48.14745],[17.095331,48.147431],[17.095321,48.147426],[17.095338,48.147413],[17.095323,48.147404],[17.095427,48.147324],[17.095483,48.147356],[17.095469,48.147367],[17.095603,48.147446],[17.095492,48.147532]]]}},{"type":"Feature","properties":{"v":6.7,"p":2},"geometry":{"type":"Polygon","coordinates":[[[17.094662,48.147411],[17.094649,48.147438],[17.094573,48.14742],[17.09458,48.147406],[17.094517,48.14739],[17.094523,48.147378],[17.094662,48.147411]]]}},{"type":"Feature","properties":{"v":22.4,"p":7},"geometry":{"type":"Polygon","coordinates":[[[17.097418,48.140297],[17.097434,48.140366],[17.097449,48.140429],[17.097451,48.140443],[17.097272,48.140468],[17.09707,48.140492],[17.097013,48.14029],[17.097224,48.140269],[17.097409,48.140256],[17.097418,48.140297]]]}},{"type":"Feature","properties":{"v":12.2,"p":4},"geometry":{"type":"Polygon","coordinates":[[[17.098398,48.140331],[17.098348,48.140335],[17.098349,48.140341],[17.098169,48.140356],[17.098151,48.140257],[17.098196,48.140254],[17.098382,48.140239],[17.098398,48.140331]]]}},{"type":"Feature","properties":{"v":8.4,"p":3},"geometry":{"type":"Polygon","coordinates":[[[17.098466,48.14016],[17.098684,48.140183],[17.098689,48.140305],[17.098408,48.140331],[17.098394,48.140242],[17.098418,48.140154],[17.098466,48.14016]]]}},{"type":"Feature","properties":{"v":6.9,"p":2},"geometry":{"type":"Polygon","coordinates":[[[17.098684,48.140183],[17.098466,48.14016],[17.098475,48.140125],[17.098674,48.14012],[17.098684,48.140183]]]}},{"type":"Feature","properties":{"v":18.7,"p":6},"geometry":{"type":"Polygon","coordinates":[[[17.097634,48.140823],[17.097623,48.140824],[17.097539,48.140832],[17.097548,48.140872],[17.097522,48.14089],[17.097346,48.140908],[17.097314,48.140893],[17.097295,48.140806],[17.097267,48.140683],[17.097292,48.14066],[17.097358,48.140653],[17.097462,48.140643],[17.097495,48.140655],[17.097501,48.140682],[17.097522,48.140774],[17.097556,48.14077],[17.09762,48.140764],[17.097634,48.140823]]]}},{"type":"Feature","properties":{"v":21.3,"p":7},"geometry":{"type":"Polygon","coordinates":[[[17.097256,48.140639],[17.097267,48.140683],[17.097167,48.140697],[17.097113,48.140702],[17.097012,48.14071],[17.096929,48.14071],[17.096896,48.140598],[17.096909,48.140596],[17.09691,48.140586],[17.096918,48.140578],[17.09694,48.140576],[17.096951,48.140579],[17.096959,48.140588],[17.097173,48.140554],[17.097174,48.140545],[17.097184,48.140536],[17.097205,48.140534],[17.097217,48.14054],[17.097223,48.140546],[17.097232,48.140545],[17.097256,48.140639]]]}},{"type":"Feature","properties":{"v":18.8,"p":6},"geometry":{"type":"Polygon","coordinates":[[[17.097295,48.140806],[17.097231,48.140814],[17.097235,48.14083],[17.097203,48.140831],[17.097,48.140839],[17.096971,48.14084],[17.096953,48.140784],[17.096929,48.14071],[17.097012,48.14071],[17.097027,48.140767],[17.097125,48.140759],[17.097129,48.140758],[17.097177,48.140755],[17.097167,48.140697],[17.097267,48.140683],[17.097295,48.140806]]]}},{"type":"Feature","properties":{"v":3.5,"p":1},"geometry":{"type":"Polygon","coordinates":[[[17.096636,48.146599],[17.096542,48.146615],[17.096511,48.146536],[17.096605,48.146519],[17.096636,48.146599]]]}},{"type":"Feature","properties":{"v":3.6,"p":1},"geometry":{"type":"Polygon","coordinates":[[[17.09714,48.146509],[17.097062,48.146524],[17.096997,48.146535],[17.096976,48.146481],[17.097119,48.146456],[17.09714,48.146509]]]}},{"type":"Feature","properties":{"v":4,"p":1},"geometry":{"type":"Polygon","coordinates":[[[17.103477,48.14728],[17.103376,48.147364],[17.103366,48.147358],[17.103315,48.147329],[17.103413,48.147249],[17.103477,48.14728]]]}},{"type":"Feature","properties":{"v":17.8,"p":6},"geometry":{"type":"Polygon","coordinates":[[[17.096249,48.146816],[17.0961,48.146845],[17.096047,48.146723],[17.09618,48.146697],[17.096196,48.146694],[17.096249,48.146816]]]}},{"type":"Feature","properties":{"v":15.7,"p":5},"geometry":{"type":"Polygon","coordinates":[[[17.096356,48.14704],[17.096198,48.147071],[17.096128,48.146912],[17.096286,48.146881],[17.096356,48.14704]]]}},{"type":"Feature","properties":{"v":16.8,"p":6},"geometry":{"type":"Polygon","coordinates":[[[17.096428,48.14727],[17.096264,48.147296],[17.096226,48.147189],[17.09639,48.147163],[17.096428,48.14727]]]}},{"type":"Feature","properties":{"v":8.1,"p":3},"geometry":{"type":"Polygon","coordinates":[[[17.096418,48.147158],[17.09639,48.147163],[17.096226,48.147189],[17.0962,48.147193],[17.096173,48.14712],[17.096392,48.147084],[17.096418,48.147158]]]}},{"type":"Feature","properties":{"v":17,"p":6},"geometry":{"type":"Polygon","coordinates":[[[17.096319,48.146569],[17.096259,48.14658],[17.096263,48.146591],[17.096258,48.146592],[17.096224,48.146598],[17.096195,48.146526],[17.09623,48.14652],[17.096295,48.146509],[17.096319,48.146569]]]}},{"type":"Feature","properties":{"v":18.9,"p":6},"geometry":{"type":"Polygon","coordinates":[[[17.096195,48.146526],[17.096224,48.146598],[17.096227,48.146607],[17.096058,48.146638],[17.096004,48.146507],[17.096015,48.146505],[17.096011,48.146494],[17.096173,48.146465],[17.096195,48.146526]]]}},{"type":"Feature","properties":{"v":15.2,"p":5},"geometry":{"type":"Polygon","coordinates":[[[17.096451,48.146611],[17.096283,48.146642],[17.096263,48.146591],[17.096259,48.14658],[17.096319,48.146569],[17.096295,48.146509],[17.09623,48.14652],[17.096223,48.146501],[17.096393,48.14647],[17.096451,48.146611]]]}},{"type":"Feature","properties":{"v":14.5,"p":5},"geometry":{"type":"Polygon","coordinates":[[[17.09659,48.146511],[17.096585,48.146499],[17.096565,48.146503],[17.096558,48.146486],[17.096554,48.146487],[17.096536,48.146442],[17.096559,48.146438],[17.09654,48.146391],[17.096694,48.146362],[17.096745,48.146482],[17.09659,48.146511]]]}},{"type":"Feature","properties":{"v":8.3,"p":3},"geometry":{"type":"Polygon","coordinates":[[[17.096848,48.146755],[17.096661,48.146788],[17.096642,48.146733],[17.096724,48.14672],[17.0967,48.146657],[17.096807,48.146637],[17.096848,48.146755]]]}},{"type":"Feature","properties":{"v":10,"p":3},"geometry":{"type":"Polygon","coordinates":[[[17.096956,48.147169],[17.096805,48.147208],[17.096751,48.147107],[17.096903,48.147066],[17.096956,48.147169]]]}},{"type":"Feature","properties":{"v":10.7,"p":4},"geometry":{"type":"Polygon","coordinates":[[[17.096963,48.147452],[17.096795,48.147452],[17.096796,48.147297],[17.096964,48.147298],[17.096963,48.147452]]]}},{"type":"Feature","properties":{"v":16.8,"p":6},"geometry":{"type":"Polygon","coordinates":[[[17.096886,48.14692],[17.096861,48.146924],[17.096874,48.146957],[17.096879,48.14697],[17.096847,48.146976],[17.096854,48.146995],[17.096701,48.147022],[17.096634,48.146852],[17.096818,48.14682],[17.096838,48.146871],[17.096865,48.146867],[17.096886,48.14692]]]}},{"type":"Feature","properties":{"v":9.3,"p":3},"geometry":{"type":"Polygon","coordinates":[[[17.097145,48.147133],[17.097055,48.147152],[17.09703,48.147098],[17.097019,48.1471],[17.097005,48.14707],[17.097105,48.147049],[17.097145,48.147133]]]}},{"type":"Feature","properties":{"v":7.4,"p":2},"geometry":{"type":"Polygon","coordinates":[[[17.09618,48.146697],[17.096047,48.146723],[17.096035,48.146693],[17.096169,48.146668],[17.09618,48.146697]]]}},{"type":"Feature","properties":{"v":4.4,"p":1},"geometry":{"type":"Polygon","coordinates":[[[17.096356,48.147352],[17.096265,48.14737],[17.096251,48.147336],[17.096341,48.147319],[17.096356,48.147352]]]}},{"type":"Feature","properties":{"v":13.4,"p":4},"geometry":{"type":"Polygon","coordinates":[[[17.097107,48.146373],[17.096995,48.146392],[17.096977,48.146344],[17.097088,48.146325],[17.097107,48.146373]]]}},{"type":"Feature","properties":{"v":12,"p":4},"geometry":{"type":"Polygon","coordinates":[[[17.097103,48.146631],[17.097038,48.146642],[17.096997,48.146535],[17.097062,48.146524],[17.097103,48.146631]]]}},{"type":"Feature","properties":{"v":10.2,"p":3},"geometry":{"type":"Polygon","coordinates":[[[17.097384,48.146798],[17.097289,48.146821],[17.097293,48.14683],[17.097145,48.146867],[17.097107,48.146799],[17.097135,48.146792],[17.097095,48.14672],[17.097132,48.146711],[17.097215,48.146691],[17.097251,48.146756],[17.097347,48.146732],[17.097384,48.146798]]]}},{"type":"Feature","properties":{"v":9.7,"p":3},"geometry":{"type":"Polygon","coordinates":[[[17.097407,48.146987],[17.097282,48.147022],[17.097234,48.146946],[17.097358,48.146911],[17.097407,48.146987]]]}},{"type":"Feature","properties":{"v":10.9,"p":4},"geometry":{"type":"Polygon","coordinates":[[[17.097562,48.146653],[17.097409,48.146684],[17.097345,48.146538],[17.09739,48.14653],[17.097386,48.14652],[17.097446,48.146508],[17.09745,48.146517],[17.097497,48.146507],[17.097562,48.146653]]]}},{"type":"Feature","properties":{"v":14.5,"p":5},"geometry":{"type":"Polygon","coordinates":[[[17.097364,48.14641],[17.097382,48.146449],[17.097319,48.146462],[17.097284,48.146386],[17.097254,48.146321],[17.097238,48.146316],[17.097228,48.146304],[17.097229,48.146292],[17.097242,48.146282],[17.097257,48.146276],[17.097275,48.146278],[17.09729,48.146286],[17.097295,48.146299],[17.097289,48.146313],[17.097317,48.146308],[17.097364,48.14641]]]}},{"type":"Feature","properties":{"v":13.6,"p":5},"geometry":{"type":"Polygon","coordinates":[[[17.097608,48.146762],[17.097579,48.146768],[17.0976,48.146813],[17.097624,48.146867],[17.09761,48.146889],[17.097519,48.146908],[17.09745,48.146756],[17.097592,48.146727],[17.097608,48.146762]]]}},{"type":"Feature","properties":{"v":9.8,"p":3},"geometry":{"type":"Polygon","coordinates":[[[17.097419,48.146352],[17.097438,48.146395],[17.097364,48.14641],[17.097317,48.146308],[17.097289,48.146313],[17.097295,48.146299],[17.09729,48.146286],[17.097275,48.146278],[17.097379,48.14626],[17.097419,48.146352]]]}},{"type":"Feature","properties":{"v":5.2,"p":2},"geometry":{"type":"Polygon","coordinates":[[[17.096947,48.146979],[17.096854,48.146995],[17.096847,48.146976],[17.096879,48.14697],[17.096874,48.146957],[17.096934,48.146948],[17.096947,48.146979]]]}},{"type":"Feature","properties":{"v":10.6,"p":4},"geometry":{"type":"Polygon","coordinates":[[[17.096977,48.146344],[17.096995,48.146392],[17.096945,48.146402],[17.096914,48.146324],[17.097132,48.146287],[17.097163,48.146364],[17.097107,48.146373],[17.097088,48.146325],[17.096977,48.146344]]]}},{"type":"Feature","properties":{"v":9.2,"p":3},"geometry":{"type":"Polygon","coordinates":[[[17.097173,48.146592],[17.09713,48.1466],[17.097138,48.146624],[17.097103,48.146631],[17.097062,48.146524],[17.09714,48.146509],[17.097173,48.146592]]]}},{"type":"Feature","properties":{"v":4.7,"p":2},"geometry":{"type":"Polygon","coordinates":[[[17.097319,48.146462],[17.097264,48.146472],[17.09723,48.146397],[17.097284,48.146386],[17.097319,48.146462]]]}},{"type":"Feature","properties":{"v":6.5,"p":2},"geometry":{"type":"Polygon","coordinates":[[[17.097517,48.146423],[17.097382,48.146449],[17.097364,48.14641],[17.097438,48.146395],[17.097419,48.146352],[17.097433,48.14635],[17.097453,48.146395],[17.097501,48.146387],[17.097517,48.146423]]]}},{"type":"Feature","properties":{"v":3.7,"p":1},"geometry":{"type":"Polygon","coordinates":[[[17.097132,48.146711],[17.097095,48.14672],[17.097039,48.146734],[17.09701,48.14668],[17.097103,48.146658],[17.097132,48.146711]]]}},{"type":"Feature","properties":{"v":9.7,"p":3},"geometry":{"type":"Polygon","coordinates":[[[17.097642,48.146805],[17.0976,48.146813],[17.097579,48.146768],[17.097608,48.146762],[17.097621,48.14676],[17.097642,48.146805]]]}},{"type":"Feature","properties":{"v":13.4,"p":4},"geometry":{"type":"Polygon","coordinates":[[[17.09969,48.147138],[17.099449,48.147225],[17.099432,48.147204],[17.099386,48.147147],[17.099372,48.14713],[17.099619,48.147043],[17.09969,48.147138]]]}},{"type":"Feature","properties":{"v":8.9,"p":3},"geometry":{"type":"Polygon","coordinates":[[[17.099432,48.147204],[17.099414,48.147209],[17.099379,48.147203],[17.099359,48.147178],[17.09937,48.147154],[17.099386,48.147147],[17.099432,48.147204]]]}},{"type":"Feature","properties":{"v":8.6,"p":3},"geometry":{"type":"Polygon","coordinates":[[[17.09866,48.147062],[17.098607,48.14708],[17.098562,48.147022],[17.098614,48.147004],[17.09866,48.147062]]]}},{"type":"Feature","properties":{"v":6.9,"p":2},"geometry":{"type":"Polygon","coordinates":[[[17.098723,48.147158],[17.098667,48.147177],[17.098607,48.14708],[17.09866,48.147062],[17.098723,48.147158]]]}},{"type":"Feature","properties":{"v":6.6,"p":2},"geometry":{"type":"Polygon","coordinates":[[[17.098614,48.147004],[17.098562,48.147022],[17.09848,48.146938],[17.098533,48.14692],[17.098614,48.147004]]]}},{"type":"Feature","properties":{"v":24.9,"p":8},"geometry":{"type":"Polygon","coordinates":[[[17.099814,48.146386],[17.099815,48.146388],[17.099765,48.146397],[17.099769,48.146405],[17.09961,48.146435],[17.09961,48.146437],[17.099544,48.146449],[17.099507,48.14636],[17.099492,48.146324],[17.099522,48.146319],[17.099521,48.146314],[17.099524,48.146314],[17.099499,48.146254],[17.099375,48.145952],[17.099534,48.145923],[17.099663,48.146239],[17.09966,48.146239],[17.09968,48.146287],[17.099717,48.14628],[17.099721,48.14629],[17.099851,48.146266],[17.099829,48.146211],[17.09994,48.14619],[17.099942,48.146195],[17.100095,48.146167],[17.1001,48.146178],[17.100147,48.14617],[17.100174,48.146165],[17.100237,48.146319],[17.100013,48.14636],[17.100009,48.14635],[17.099814,48.146386]]]}},{"type":"Feature","properties":{"v":9.6,"p":3},"geometry":{"type":"Polygon","coordinates":[[[17.100283,48.146106],[17.100093,48.14614],[17.099958,48.145802],[17.100148,48.145768],[17.100283,48.146106]]]}},{"type":"Feature","properties":{"v":12.2,"p":4},"geometry":{"type":"Polygon","coordinates":[[[17.100378,48.146294],[17.100237,48.146319],[17.100174,48.146165],[17.100147,48.14617],[17.100135,48.146143],[17.100303,48.146112],[17.100378,48.146294]]]}},{"type":"Feature","properties":{"v":25.2,"p":8},"geometry":{"type":"Polygon","coordinates":[[[17.100945,48.146072],[17.100678,48.146122],[17.10065,48.146056],[17.10066,48.146054],[17.100585,48.145874],[17.100576,48.145876],[17.100547,48.145807],[17.100814,48.145757],[17.100841,48.145824],[17.100792,48.145833],[17.100868,48.146015],[17.100917,48.146005],[17.100945,48.146072]]]}},{"type":"Feature","properties":{"v":22.3,"p":7},"geometry":{"type":"Polygon","coordinates":[[[17.101647,48.145972],[17.101651,48.145981],[17.101309,48.146046],[17.101273,48.145959],[17.101326,48.145949],[17.101237,48.145738],[17.101184,48.145748],[17.101147,48.14566],[17.101485,48.145596],[17.101522,48.145684],[17.101508,48.145687],[17.101516,48.145705],[17.101468,48.145714],[17.10147,48.145721],[17.101414,48.145731],[17.101403,48.145705],[17.101387,48.145708],[17.101476,48.145917],[17.101613,48.145891],[17.101647,48.145972]]]}},{"type":"Feature","properties":{"v":18,"p":6},"geometry":{"type":"Polygon","coordinates":[[[17.101809,48.145966],[17.101693,48.145987],[17.101683,48.145965],[17.101651,48.145884],[17.101647,48.145873],[17.101706,48.145863],[17.101763,48.145853],[17.101809,48.145966]]]}},{"type":"Feature","properties":{"v":23.8,"p":8},"geometry":{"type":"Polygon","coordinates":[[[17.101961,48.145738],[17.101989,48.145808],[17.10203,48.14591],[17.101937,48.145927],[17.101838,48.145678],[17.102184,48.145616],[17.102197,48.145648],[17.102243,48.145764],[17.102156,48.14578],[17.102128,48.145708],[17.101961,48.145738]]]}},{"type":"Feature","properties":{"v":22.9,"p":8},"geometry":{"type":"Polygon","coordinates":[[[17.102245,48.145771],[17.10226,48.145808],[17.102283,48.145866],[17.10203,48.14591],[17.101989,48.145808],[17.102156,48.14578],[17.102243,48.145764],[17.102245,48.145771]]]}},{"type":"Feature","properties":{"v":18.1,"p":6},"geometry":{"type":"Polygon","coordinates":[[[17.10237,48.145742],[17.102373,48.145748],[17.102245,48.145771],[17.102243,48.145764],[17.102197,48.145648],[17.102321,48.145625],[17.10237,48.145742]]]}},{"type":"Feature","properties":{"v":19.7,"p":7},"geometry":{"type":"Polygon","coordinates":[[[17.101716,48.145712],[17.101648,48.145725],[17.101576,48.145739],[17.101551,48.145679],[17.101522,48.145684],[17.101485,48.145596],[17.101515,48.14559],[17.101509,48.145576],[17.101647,48.145549],[17.101716,48.145712]]]}},{"type":"Feature","properties":{"v":15.1,"p":5},"geometry":{"type":"Polygon","coordinates":[[[17.101837,48.145989],[17.101703,48.146014],[17.101693,48.145987],[17.101809,48.145966],[17.101827,48.145963],[17.101837,48.145989]]]}},{"type":"Feature","properties":{"v":23,"p":8},"geometry":{"type":"Polygon","coordinates":[[[17.10298,48.145353],[17.102649,48.145419],[17.102637,48.145422],[17.102592,48.145322],[17.102936,48.145253],[17.10298,48.145353]]]}},{"type":"Feature","properties":{"v":15.1,"p":5},"geometry":{"type":"Polygon","coordinates":[[[17.103098,48.145477],[17.102991,48.145638],[17.102841,48.145593],[17.102948,48.145432],[17.103098,48.145477]]]}},{"type":"Feature","properties":{"v":27.6,"p":9},"geometry":{"type":"Polygon","coordinates":[[[17.102775,48.145862],[17.102703,48.145685],[17.102833,48.145659],[17.102863,48.145733],[17.103133,48.145679],[17.103124,48.145653],[17.103139,48.145632],[17.10312,48.145625],[17.103115,48.145623],[17.103167,48.145548],[17.103172,48.145549],[17.103195,48.145555],[17.10321,48.145533],[17.103242,48.14552],[17.103132,48.145369],[17.103051,48.145395],[17.102979,48.145293],[17.103061,48.145266],[17.103024,48.145215],[17.102585,48.145302],[17.102573,48.145304],[17.102535,48.145222],[17.102528,48.145203],[17.103106,48.145084],[17.103447,48.145548],[17.103302,48.14576],[17.102775,48.145862]]]}},{"type":"Feature","properties":{"v":13.4,"p":4},"geometry":{"type":"Polygon","coordinates":[[[17.103115,48.145623],[17.10312,48.145625],[17.103091,48.145669],[17.102991,48.145638],[17.103098,48.145477],[17.103198,48.145509],[17.103172,48.145549],[17.103167,48.145548],[17.103115,48.145623]]]}},{"type":"Feature","properties":{"v":16.6,"p":6},"geometry":{"type":"Polygon","coordinates":[[[17.10233,48.145855],[17.102307,48.145799],[17.10226,48.145808],[17.102245,48.145771],[17.102373,48.145748],[17.10237,48.145742],[17.102593,48.145703],[17.10263,48.145801],[17.10233,48.145855]]]}},{"type":"Feature","properties":{"v":15.6,"p":5},"geometry":{"type":"Polygon","coordinates":[[[17.102673,48.145478],[17.102727,48.145613],[17.102734,48.145631],[17.102632,48.14565],[17.102548,48.145446],[17.102504,48.145337],[17.102496,48.145318],[17.102447,48.145327],[17.10241,48.145246],[17.102535,48.145222],[17.102573,48.145304],[17.102585,48.145302],[17.102592,48.145322],[17.102637,48.145422],[17.102649,48.145419],[17.102673,48.145478]]]}},{"type":"Feature","properties":{"v":9.8,"p":3},"geometry":{"type":"Polygon","coordinates":[[[17.102548,48.145446],[17.102501,48.145455],[17.102456,48.145347],[17.102504,48.145337],[17.102548,48.145446]]]}},{"type":"Feature","properties":{"v":5.9,"p":2},"geometry":{"type":"Polygon","coordinates":[[[17.10241,48.145246],[17.102447,48.145327],[17.102171,48.145383],[17.102127,48.145284],[17.102403,48.14523],[17.10241,48.145246]]]}},{"type":"Feature","properties":{"v":14,"p":5},"geometry":{"type":"Polygon","coordinates":[[[17.101683,48.145965],[17.101647,48.145972],[17.101613,48.145891],[17.101651,48.145884],[17.101683,48.145965]]]}},{"type":"Feature","properties":{"v":19.6,"p":7},"geometry":{"type":"Polygon","coordinates":[[[17.099133,48.146432],[17.09902,48.146459],[17.09901,48.14644],[17.098999,48.14642],[17.099074,48.146402],[17.099112,48.146393],[17.099133,48.146432]]]}},{"type":"Feature","properties":{"v":23.3,"p":8},"geometry":{"type":"Polygon","coordinates":[[[17.099112,48.146393],[17.099074,48.146402],[17.099039,48.146336],[17.099078,48.146328],[17.099112,48.146393]]]}},{"type":"Feature","properties":{"v":25.3,"p":8},"geometry":{"type":"Polygon","coordinates":[[[17.099298,48.146487],[17.099065,48.146544],[17.09902,48.146459],[17.099133,48.146432],[17.099112,48.146393],[17.099078,48.146328],[17.099007,48.146176],[17.098908,48.146186],[17.098901,48.14615],[17.098893,48.146114],[17.098881,48.14605],[17.099097,48.146034],[17.099298,48.146487]]]}},{"type":"Feature","properties":{"v":30.8,"p":10},"geometry":{"type":"Polygon","coordinates":[[[17.099065,48.146544],[17.098953,48.146572],[17.098912,48.146495],[17.098908,48.146487],[17.09902,48.146459],[17.099065,48.146544]]]}},{"type":"Feature","properties":{"v":21.9,"p":7},"geometry":{"type":"Polygon","coordinates":[[[17.098467,48.146708],[17.098393,48.14658],[17.098576,48.146536],[17.098597,48.146575],[17.098912,48.146495],[17.098953,48.146572],[17.098957,48.146578],[17.098467,48.146708]]]}},{"type":"Feature","properties":{"v":16.8,"p":6},"geometry":{"type":"Polygon","coordinates":[[[17.098912,48.146495],[17.098597,48.146575],[17.098576,48.146536],[17.09857,48.146521],[17.098815,48.146458],[17.098831,48.146483],[17.09901,48.14644],[17.09902,48.146459],[17.098908,48.146487],[17.098912,48.146495]]]}},{"type":"Feature","properties":{"v":21.3,"p":7},"geometry":{"type":"Polygon","coordinates":[[[17.098449,48.146175],[17.098457,48.146223],[17.098258,48.146237],[17.098243,48.146147],[17.098317,48.146142],[17.098309,48.146096],[17.098782,48.146062],[17.098792,48.146119],[17.098798,48.146157],[17.098808,48.146224],[17.098757,48.146228],[17.098629,48.146237],[17.098625,48.146237],[17.098619,48.146202],[17.098524,48.146209],[17.098518,48.14617],[17.098449,48.146175]]]}},{"type":"Feature","properties":{"v":12.6,"p":4},"geometry":{"type":"Polygon","coordinates":[[[17.098524,48.146209],[17.098525,48.146218],[17.098457,48.146223],[17.098449,48.146175],[17.098518,48.14617],[17.098524,48.146209]]]}},{"type":"Feature","properties":{"v":11.1,"p":4},"geometry":{"type":"Polygon","coordinates":[[[17.098317,48.146142],[17.098243,48.146147],[17.098223,48.146148],[17.098215,48.146103],[17.098309,48.146096],[17.098317,48.146142]]]}},{"type":"Feature","properties":{"v":15.7,"p":5},"geometry":{"type":"Polygon","coordinates":[[[17.098901,48.14615],[17.098798,48.146157],[17.098792,48.146119],[17.098893,48.146114],[17.098901,48.14615]]]}},{"type":"Feature","properties":{"v":17.7,"p":6},"geometry":{"type":"Polygon","coordinates":[[[17.101476,48.144918],[17.100584,48.145126],[17.100544,48.145048],[17.101435,48.14484],[17.101476,48.144918]]]}},{"type":"Feature","properties":{"v":23,"p":8},"geometry":{"type":"Polygon","coordinates":[[[17.101208,48.145164],[17.10126,48.145279],[17.100895,48.145353],[17.100839,48.145229],[17.100933,48.14521],[17.100931,48.145204],[17.101201,48.14515],[17.101208,48.145164]]]}},{"type":"Feature","properties":{"v":18.5,"p":6},"geometry":{"type":"Polygon","coordinates":[[[17.102019,48.145124],[17.101662,48.145195],[17.10162,48.145099],[17.101668,48.14509],[17.101662,48.145076],[17.101916,48.145025],[17.101921,48.145038],[17.101976,48.145028],[17.102019,48.145124]]]}},{"type":"Feature","properties":{"v":23.6,"p":8},"geometry":{"type":"Polygon","coordinates":[[[17.102495,48.145031],[17.102177,48.145094],[17.10211,48.144943],[17.102428,48.14488],[17.102495,48.145031]]]}},{"type":"Feature","properties":{"v":22.7,"p":8},"geometry":{"type":"Polygon","coordinates":[[[17.102905,48.144948],[17.102585,48.145011],[17.102518,48.144859],[17.102838,48.144796],[17.102905,48.144948]]]}},{"type":"Feature","properties":{"v":11.7,"p":4},"geometry":{"type":"Polygon","coordinates":[[[17.102451,48.144758],[17.102459,48.144798],[17.102086,48.144832],[17.102065,48.144729],[17.102438,48.144695],[17.102451,48.144758]]]}},{"type":"Feature","properties":{"v":5.5,"p":2},"geometry":{"type":"Polygon","coordinates":[[[17.10252,48.144752],[17.102451,48.144758],[17.102438,48.144695],[17.102508,48.144688],[17.10252,48.144752]]]}},{"type":"Feature","properties":{"v":4.5,"p":2},"geometry":{"type":"Polygon","coordinates":[[[17.102527,48.144792],[17.102459,48.144798],[17.102451,48.144758],[17.10252,48.144752],[17.102527,48.144792]]]}},{"type":"Feature","properties":{"v":20,"p":7},"geometry":{"type":"Polygon","coordinates":[[[17.10162,48.145099],[17.101662,48.145195],[17.101442,48.14524],[17.101391,48.145129],[17.101614,48.145085],[17.10162,48.145099]]]}},{"type":"Feature","properties":{"v":19.7,"p":7},"geometry":{"type":"Polygon","coordinates":[[[17.101442,48.14524],[17.10126,48.145279],[17.101208,48.145164],[17.101391,48.145129],[17.101442,48.14524]]]}},{"type":"Feature","properties":{"v":17.1,"p":6},"geometry":{"type":"Polygon","coordinates":[[[17.100731,48.14547],[17.100287,48.145574],[17.100234,48.145472],[17.100527,48.145404],[17.100433,48.145224],[17.100428,48.145214],[17.100578,48.145179],[17.100731,48.14547]]]}},{"type":"Feature","properties":{"v":18.6,"p":6},"geometry":{"type":"Polygon","coordinates":[[[17.100287,48.145574],[17.100191,48.145597],[17.10016,48.145539],[17.100086,48.145556],[17.100063,48.145512],[17.100093,48.145505],[17.100234,48.145472],[17.100287,48.145574]]]}},{"type":"Feature","properties":{"v":15.3,"p":5},"geometry":{"type":"Polygon","coordinates":[[[17.100191,48.145597],[17.100117,48.145614],[17.100086,48.145556],[17.10016,48.145539],[17.100191,48.145597]]]}},{"type":"Feature","properties":{"v":15.2,"p":5},"geometry":{"type":"Polygon","coordinates":[[[17.100242,48.145249],[17.100192,48.145142],[17.100524,48.145068],[17.100578,48.145179],[17.100428,48.145214],[17.100433,48.145224],[17.100373,48.145236],[17.100365,48.145224],[17.100242,48.145249]]]}},{"type":"Feature","properties":{"v":25.9,"p":9},"geometry":{"type":"Polygon","coordinates":[[[17.099948,48.145309],[17.099765,48.145347],[17.099764,48.145344],[17.099716,48.145243],[17.099899,48.145204],[17.099948,48.145309]]]}},{"type":"Feature","properties":{"v":26.4,"p":9},"geometry":{"type":"Polygon","coordinates":[[[17.099948,48.145309],[17.099899,48.145204],[17.100192,48.145142],[17.100242,48.145249],[17.100132,48.145272],[17.100137,48.145285],[17.100078,48.145298],[17.100072,48.145285],[17.099948,48.145309]]]}},{"type":"Feature","properties":{"v":20.7,"p":7},"geometry":{"type":"Polygon","coordinates":[[[17.099764,48.145344],[17.099466,48.145404],[17.099446,48.145361],[17.099419,48.145302],[17.099508,48.145284],[17.099677,48.145251],[17.099716,48.145243],[17.099764,48.145344]]]}},{"type":"Feature","properties":{"v":21.4,"p":7},"geometry":{"type":"Polygon","coordinates":[[[17.099356,48.145426],[17.099296,48.145439],[17.09924,48.145451],[17.099221,48.14541],[17.099337,48.145385],[17.099356,48.145426]]]}},{"type":"Feature","properties":{"v":18.7,"p":6},"geometry":{"type":"Polygon","coordinates":[[[17.099466,48.145404],[17.099356,48.145426],[17.099337,48.145385],[17.099446,48.145361],[17.099466,48.145404]]]}},{"type":"Feature","properties":{"v":3.7,"p":1},"geometry":{"type":"Polygon","coordinates":[[[17.099832,48.145601],[17.099665,48.145641],[17.099661,48.145634],[17.099657,48.145626],[17.099632,48.14558],[17.099799,48.145539],[17.099832,48.145601]]]}},{"type":"Feature","properties":{"v":4.6,"p":2},"geometry":{"type":"Polygon","coordinates":[[[17.099867,48.145667],[17.099701,48.145708],[17.099665,48.145641],[17.099832,48.145601],[17.099867,48.145667]]]}},{"type":"Feature","properties":{"v":4.4,"p":1},"geometry":{"type":"Polygon","coordinates":[[[17.099665,48.145641],[17.099701,48.145708],[17.099622,48.145728],[17.099582,48.145652],[17.099661,48.145634],[17.099665,48.145641]]]}},{"type":"Feature","properties":{"v":4.2,"p":1},"geometry":{"type":"Polygon","coordinates":[[[17.099657,48.145626],[17.099613,48.145636],[17.099589,48.14559],[17.099632,48.14558],[17.099657,48.145626]]]}},{"type":"Feature","properties":{"v":5.3,"p":2},"geometry":{"type":"Polygon","coordinates":[[[17.100023,48.145454],[17.099843,48.145491],[17.099793,48.145383],[17.099973,48.145346],[17.100023,48.145454]]]}},{"type":"Feature","properties":{"v":4.5,"p":2},"geometry":{"type":"Polygon","coordinates":[[[17.100086,48.145556],[17.100117,48.145614],[17.09993,48.14566],[17.099854,48.145511],[17.099972,48.145485],[17.099994,48.145527],[17.100063,48.145512],[17.100086,48.145556]]]}},{"type":"Feature","properties":{"v":19,"p":6},"geometry":{"type":"Polygon","coordinates":[[[17.099377,48.145611],[17.099267,48.145635],[17.099186,48.145469],[17.099243,48.145457],[17.09924,48.145451],[17.099296,48.145439],[17.099377,48.145611]]]}},{"type":"Feature","properties":{"v":15.2,"p":5},"geometry":{"type":"Polygon","coordinates":[[[17.099267,48.145635],[17.099238,48.145641],[17.099159,48.145475],[17.099186,48.145469],[17.099267,48.145635]]]}},{"type":"Feature","properties":{"v":19.3,"p":6},"geometry":{"type":"Polygon","coordinates":[[[17.099413,48.145688],[17.099363,48.145729],[17.099303,48.145741],[17.099267,48.145635],[17.099377,48.145611],[17.099413,48.145688]]]}},{"type":"Feature","properties":{"v":19.4,"p":6},"geometry":{"type":"Polygon","coordinates":[[[17.099561,48.145745],[17.099388,48.145784],[17.099385,48.145779],[17.099363,48.145729],[17.099413,48.145688],[17.099435,48.145683],[17.099426,48.145663],[17.099511,48.145645],[17.099561,48.145745]]]}},{"type":"Feature","properties":{"v":21.1,"p":7},"geometry":{"type":"Polygon","coordinates":[[[17.099385,48.145779],[17.099319,48.145793],[17.099296,48.145742],[17.099303,48.145741],[17.099363,48.145729],[17.099385,48.145779]]]}},{"type":"Feature","properties":{"v":16,"p":5},"geometry":{"type":"Polygon","coordinates":[[[17.099303,48.145741],[17.099296,48.145742],[17.099283,48.145745],[17.099238,48.145641],[17.099267,48.145635],[17.099303,48.145741]]]}},{"type":"Feature","properties":{"v":12.7,"p":4},"geometry":{"type":"Polygon","coordinates":[[[17.099677,48.145251],[17.099508,48.145284],[17.099452,48.145157],[17.0995,48.145148],[17.099493,48.145134],[17.099566,48.145119],[17.099571,48.145131],[17.099621,48.145121],[17.099677,48.145251]]]}},{"type":"Feature","properties":{"v":7.6,"p":3},"geometry":{"type":"Polygon","coordinates":[[[17.100093,48.145505],[17.100063,48.145512],[17.100022,48.145427],[17.100052,48.14542],[17.100093,48.145505]]]}},{"type":"Feature","properties":{"v":19.1,"p":6},"geometry":{"type":"Polygon","coordinates":[[[17.102532,48.146066],[17.102563,48.146107],[17.102222,48.146168],[17.102217,48.146163],[17.102187,48.146132],[17.102139,48.146083],[17.102124,48.146068],[17.102484,48.146003],[17.102532,48.146066]]]}},{"type":"Feature","properties":{"v":16.3,"p":5},"geometry":{"type":"Polygon","coordinates":[[[17.101756,48.146155],[17.101779,48.14621],[17.101789,48.146234],[17.101794,48.146246],[17.10177,48.146252],[17.101742,48.146259],[17.101659,48.14628],[17.101594,48.146171],[17.101749,48.146139],[17.101756,48.146155]]]}},{"type":"Feature","properties":{"v":21.4,"p":7},"geometry":{"type":"Polygon","coordinates":[[[17.101735,48.146511],[17.101783,48.146594],[17.101601,48.146641],[17.101521,48.146502],[17.101757,48.146442],[17.10184,48.146419],[17.101867,48.146412],[17.101893,48.146406],[17.101903,48.146424],[17.10195,48.146412],[17.102019,48.146533],[17.102014,48.146534],[17.101951,48.14655],[17.101935,48.146554],[17.101888,48.146472],[17.101735,48.146511]]]}},{"type":"Feature","properties":{"v":16.3,"p":5},"geometry":{"type":"Polygon","coordinates":[[[17.10184,48.146419],[17.101757,48.146442],[17.101726,48.14639],[17.101659,48.14628],[17.101742,48.146259],[17.10184,48.146419]]]}},{"type":"Feature","properties":{"v":20.8,"p":7},"geometry":{"type":"Polygon","coordinates":[[[17.101757,48.146442],[17.101521,48.146502],[17.101464,48.146403],[17.101507,48.146391],[17.101469,48.14633],[17.101555,48.146305],[17.101626,48.146416],[17.101726,48.14639],[17.101757,48.146442]]]}},{"type":"Feature","properties":{"v":14,"p":5},"geometry":{"type":"Polygon","coordinates":[[[17.101507,48.146391],[17.101464,48.146403],[17.101424,48.146341],[17.101469,48.14633],[17.101507,48.146391]]]}},{"type":"Feature","properties":{"v":21.9,"p":7},"geometry":{"type":"Polygon","coordinates":[[[17.101574,48.146259],[17.101596,48.146295],[17.101555,48.146305],[17.101469,48.14633],[17.101424,48.146341],[17.101357,48.146232],[17.101371,48.146209],[17.10152,48.14617],[17.101574,48.146259]]]}},{"type":"Feature","properties":{"v":15.6,"p":5},"geometry":{"type":"Polygon","coordinates":[[[17.101642,48.146281],[17.101596,48.146295],[17.101574,48.146259],[17.10162,48.146247],[17.101642,48.146281]]]}},{"type":"Feature","properties":{"v":22.7,"p":8},"geometry":{"type":"Polygon","coordinates":[[[17.101975,48.146729],[17.101931,48.14674],[17.101941,48.146761],[17.101705,48.146822],[17.101601,48.146641],[17.101783,48.146594],[17.101808,48.14664],[17.101834,48.146634],[17.101847,48.146659],[17.101923,48.14664],[17.101975,48.146729]]]}},{"type":"Feature","properties":{"v":6,"p":2},"geometry":{"type":"Polygon","coordinates":[[[17.101923,48.14664],[17.101847,48.146659],[17.101834,48.146634],[17.101808,48.14664],[17.101783,48.146594],[17.10188,48.146569],[17.101923,48.14664]]]}},{"type":"Feature","properties":{"v":4.9,"p":2},"geometry":{"type":"Polygon","coordinates":[[[17.101982,48.146605],[17.102043,48.146712],[17.102001,48.146722],[17.101975,48.146729],[17.101923,48.14664],[17.10188,48.146569],[17.101935,48.146554],[17.101951,48.14655],[17.101982,48.146605]]]}},{"type":"Feature","properties":{"v":5.1,"p":2},"geometry":{"type":"Polygon","coordinates":[[[17.102045,48.146588],[17.101982,48.146605],[17.101951,48.14655],[17.102014,48.146534],[17.102045,48.146588]]]}},{"type":"Feature","properties":{"v":25,"p":8},"geometry":{"type":"Polygon","coordinates":[[[17.103769,48.145962],[17.103424,48.14617],[17.103345,48.146109],[17.103403,48.146069],[17.103572,48.145968],[17.103541,48.145941],[17.103608,48.145841],[17.103769,48.145962]]]}},{"type":"Feature","properties":{"v":24.8,"p":8},"geometry":{"type":"Polygon","coordinates":[[[17.103608,48.145841],[17.103541,48.145941],[17.10332,48.145983],[17.103403,48.146069],[17.103345,48.146109],[17.103308,48.146133],[17.103287,48.146146],[17.103227,48.146101],[17.103274,48.146078],[17.103191,48.145993],[17.103181,48.145982],[17.103158,48.145958],[17.103126,48.145907],[17.103522,48.145835],[17.103608,48.145841]]]}},{"type":"Feature","properties":{"v":20.6,"p":7},"geometry":{"type":"Polygon","coordinates":[[[17.103422,48.146215],[17.103308,48.146133],[17.103345,48.146109],[17.103424,48.14617],[17.103769,48.145962],[17.103608,48.145841],[17.103522,48.145835],[17.103126,48.145907],[17.103115,48.145884],[17.10348,48.145814],[17.103664,48.145832],[17.103835,48.145995],[17.103652,48.146105],[17.103629,48.146088],[17.103422,48.146215]]]}},{"type":"Feature","properties":{"v":17.2,"p":6},"geometry":{"type":"Polygon","coordinates":[[[17.102325,48.146905],[17.102164,48.146785],[17.102206,48.146759],[17.102218,48.146768],[17.102296,48.146721],[17.102223,48.146666],[17.102245,48.146652],[17.102241,48.146649],[17.102322,48.146601],[17.102343,48.146616],[17.102549,48.14677],[17.102325,48.146905]]]}},{"type":"Feature","properties":{"v":22.4,"p":7},"geometry":{"type":"Polygon","coordinates":[[[17.102756,48.146653],[17.102549,48.14677],[17.102343,48.146616],[17.102411,48.146579],[17.102453,48.14661],[17.102509,48.146578],[17.102462,48.146542],[17.102536,48.146499],[17.102632,48.146576],[17.102646,48.146569],[17.102694,48.146605],[17.102756,48.146653]]]}},{"type":"Feature","properties":{"v":17.7,"p":6},"geometry":{"type":"Polygon","coordinates":[[[17.102877,48.146502],[17.10292,48.146558],[17.102756,48.146653],[17.102694,48.146605],[17.102751,48.146574],[17.102698,48.146525],[17.102836,48.14645],[17.102877,48.146502]]]}},{"type":"Feature","properties":{"v":18,"p":6},"geometry":{"type":"Polygon","coordinates":[[[17.102694,48.146605],[17.102646,48.146569],[17.102632,48.146576],[17.102536,48.146499],[17.102521,48.146487],[17.10266,48.14642],[17.102712,48.146466],[17.102658,48.146492],[17.102698,48.146525],[17.102751,48.146574],[17.102694,48.146605]]]}},{"type":"Feature","properties":{"v":22.7,"p":8},"geometry":{"type":"Polygon","coordinates":[[[17.102164,48.146785],[17.102325,48.146905],[17.102175,48.146997],[17.102031,48.146891],[17.102001,48.146867],[17.102151,48.146775],[17.102164,48.146785]]]}},{"type":"Feature","properties":{"v":23,"p":8},"geometry":{"type":"Polygon","coordinates":[[[17.102175,48.146997],[17.102182,48.147002],[17.101937,48.14715],[17.101884,48.147144],[17.101772,48.146944],[17.101778,48.146942],[17.101864,48.14692],[17.101924,48.146903],[17.10196,48.146934],[17.102031,48.146891],[17.102175,48.146997]]]}},{"type":"Feature","properties":{"v":5.4,"p":2},"geometry":{"type":"Polygon","coordinates":[[[17.102214,48.146755],[17.102206,48.146759],[17.102164,48.146785],[17.1021,48.146683],[17.102148,48.146669],[17.102214,48.146755]]]}},{"type":"Feature","properties":{"v":3.9,"p":1},"geometry":{"type":"Polygon","coordinates":[[[17.102022,48.146758],[17.10195,48.146776],[17.101941,48.146761],[17.101931,48.14674],[17.101975,48.146729],[17.102001,48.146722],[17.102022,48.146758]]]}},{"type":"Feature","properties":{"v":19.8,"p":7},"geometry":{"type":"Polygon","coordinates":[[[17.103073,48.146456],[17.10292,48.146558],[17.102877,48.146502],[17.103028,48.146406],[17.103073,48.146456]]]}},{"type":"Feature","properties":{"v":18.8,"p":6},"geometry":{"type":"Polygon","coordinates":[[[17.102993,48.146372],[17.103028,48.146406],[17.102877,48.146502],[17.102836,48.14645],[17.102832,48.146444],[17.102922,48.146389],[17.102861,48.146324],[17.102921,48.1463],[17.102993,48.146372]]]}},{"type":"Feature","properties":{"v":15.3,"p":5},"geometry":{"type":"Polygon","coordinates":[[[17.103215,48.14637],[17.103073,48.146456],[17.103028,48.146406],[17.102993,48.146372],[17.10305,48.146335],[17.103104,48.146301],[17.103215,48.14637]]]}},{"type":"Feature","properties":{"v":11.4,"p":4},"geometry":{"type":"Polygon","coordinates":[[[17.10332,48.146301],[17.10326,48.146248],[17.103228,48.14622],[17.103233,48.146218],[17.103255,48.146236],[17.103297,48.146207],[17.103247,48.146172],[17.103287,48.146146],[17.103308,48.146133],[17.103422,48.146215],[17.103441,48.14623],[17.10332,48.146301]]]}},{"type":"Feature","properties":{"v":19.8,"p":7},"geometry":{"type":"Polygon","coordinates":[[[17.103287,48.146146],[17.103247,48.146172],[17.103208,48.146197],[17.10317,48.146165],[17.103209,48.146142],[17.103184,48.146119],[17.103227,48.146101],[17.103287,48.146146]]]}},{"type":"Feature","properties":{"v":16.3,"p":5},"geometry":{"type":"Polygon","coordinates":[[[17.103297,48.146207],[17.103255,48.146236],[17.103233,48.146218],[17.103208,48.146197],[17.103247,48.146172],[17.103297,48.146207]]]}},{"type":"Feature","properties":{"v":15.7,"p":5},"geometry":{"type":"Polygon","coordinates":[[[17.102825,48.146329],[17.102847,48.146353],[17.102784,48.14638],[17.102779,48.146374],[17.102701,48.146291],[17.102769,48.146262],[17.102775,48.146269],[17.102825,48.146247],[17.102812,48.146233],[17.102847,48.14622],[17.102921,48.1463],[17.102861,48.146324],[17.102854,48.146316],[17.102825,48.146329]]]}},{"type":"Feature","properties":{"v":8.7,"p":3},"geometry":{"type":"Polygon","coordinates":[[[17.102701,48.146291],[17.102779,48.146374],[17.102702,48.146407],[17.102595,48.146296],[17.102675,48.146262],[17.102701,48.146291]]]}},{"type":"Feature","properties":{"v":6.2,"p":2},"geometry":{"type":"Polygon","coordinates":[[[17.10307,48.146271],[17.103017,48.146303],[17.10305,48.146335],[17.102993,48.146372],[17.102921,48.1463],[17.103025,48.146237],[17.10307,48.146271]]]}},{"type":"Feature","properties":{"v":27.6,"p":9},"geometry":{"type":"Polygon","coordinates":[[[17.101169,48.146618],[17.101108,48.146633],[17.101097,48.146613],[17.101042,48.146626],[17.100999,48.146523],[17.101039,48.146514],[17.101038,48.146512],[17.101133,48.146489],[17.101137,48.146496],[17.101173,48.146487],[17.101059,48.146274],[17.101244,48.14623],[17.101421,48.146562],[17.101311,48.146588],[17.101303,48.146573],[17.101206,48.146596],[17.101163,48.146606],[17.101169,48.146618]]]}},{"type":"Feature","properties":{"v":28,"p":9},"geometry":{"type":"Polygon","coordinates":[[[17.101042,48.146626],[17.101054,48.146655],[17.101035,48.146659],[17.101038,48.146669],[17.100923,48.146697],[17.10089,48.14662],[17.100907,48.146616],[17.100898,48.146589],[17.100797,48.146608],[17.100768,48.146538],[17.100858,48.146522],[17.100811,48.146413],[17.10072,48.146431],[17.100589,48.146453],[17.100543,48.146366],[17.10091,48.146298],[17.100999,48.146523],[17.101042,48.146626]]]}},{"type":"Feature","properties":{"v":28.2,"p":9},"geometry":{"type":"Polygon","coordinates":[[[17.100603,48.146744],[17.10051,48.146651],[17.10064,48.146625],[17.100654,48.146608],[17.100589,48.146453],[17.10072,48.146431],[17.100768,48.146538],[17.100797,48.146608],[17.100844,48.146717],[17.100726,48.146744],[17.100714,48.146721],[17.100603,48.146744]]]}},{"type":"Feature","properties":{"v":22.8,"p":8},"geometry":{"type":"Polygon","coordinates":[[[17.10141,48.14684],[17.10142,48.146858],[17.101344,48.14688],[17.101336,48.146882],[17.101333,48.146876],[17.101279,48.14678],[17.101309,48.146775],[17.101206,48.146596],[17.101303,48.146573],[17.101311,48.146588],[17.101421,48.146562],[17.101428,48.146561],[17.101573,48.146813],[17.101469,48.146843],[17.10146,48.146828],[17.10141,48.14684]]]}},{"type":"Feature","properties":{"v":17.7,"p":6},"geometry":{"type":"Polygon","coordinates":[[[17.101333,48.146876],[17.101148,48.146923],[17.101073,48.146842],[17.101066,48.146834],[17.101279,48.14678],[17.101333,48.146876]]]}},{"type":"Feature","properties":{"v":18.1,"p":6},"geometry":{"type":"Polygon","coordinates":[[[17.101066,48.146834],[17.101073,48.146842],[17.100846,48.146936],[17.100767,48.146856],[17.101001,48.14676],[17.101066,48.146834]]]}},{"type":"Feature","properties":{"v":18.3,"p":6},"geometry":{"type":"Polygon","coordinates":[[[17.101627,48.147321],[17.101522,48.147379],[17.101409,48.147288],[17.10144,48.147271],[17.101478,48.14725],[17.10149,48.147261],[17.101527,48.14724],[17.101627,48.147321]]]}},{"type":"Feature","properties":{"v":20.8,"p":7},"geometry":{"type":"Polygon","coordinates":[[[17.101409,48.147288],[17.101522,48.147379],[17.101444,48.14742],[17.101334,48.147332],[17.101326,48.147326],[17.101403,48.147283],[17.101409,48.147288]]]}},{"type":"Feature","properties":{"v":23.6,"p":8},"geometry":{"type":"Polygon","coordinates":[[[17.101809,48.147219],[17.101637,48.147328],[17.101627,48.147321],[17.101527,48.14724],[17.101567,48.147214],[17.101508,48.147115],[17.101719,48.147059],[17.101809,48.147219]]]}},{"type":"Feature","properties":{"v":23,"p":8},"geometry":{"type":"Polygon","coordinates":[[[17.101719,48.147059],[17.101508,48.147115],[17.101448,48.14702],[17.101662,48.146963],[17.101719,48.147059]]]}},{"type":"Feature","properties":{"v":19.3,"p":6},"geometry":{"type":"Polygon","coordinates":[[[17.101662,48.146963],[17.101448,48.14702],[17.101429,48.147025],[17.101344,48.14688],[17.10142,48.146858],[17.10141,48.14684],[17.10146,48.146828],[17.101469,48.146843],[17.101573,48.146813],[17.101662,48.146963]]]}},{"type":"Feature","properties":{"v":5.4,"p":2},"geometry":{"type":"Polygon","coordinates":[[[17.101286,48.147223],[17.101246,48.147245],[17.101269,48.147264],[17.101239,48.14728],[17.101177,48.147313],[17.101049,48.147206],[17.101088,48.147185],[17.101033,48.147139],[17.10116,48.147072],[17.101244,48.147143],[17.101182,48.147176],[17.101226,48.147213],[17.101255,48.147197],[17.101286,48.147223]]]}},{"type":"Feature","properties":{"v":6.1,"p":2},"geometry":{"type":"Polygon","coordinates":[[[17.101326,48.147326],[17.101334,48.147332],[17.101311,48.147344],[17.101239,48.14728],[17.101269,48.147264],[17.101309,48.147243],[17.101286,48.147223],[17.101255,48.147197],[17.101382,48.147131],[17.101466,48.1472],[17.101399,48.147236],[17.10144,48.147271],[17.101409,48.147288],[17.101403,48.147283],[17.101326,48.147326]]]}},{"type":"Feature","properties":{"v":25.6,"p":9},"geometry":{"type":"Polygon","coordinates":[[[17.099993,48.146911],[17.099985,48.146914],[17.099854,48.146955],[17.099778,48.146845],[17.099916,48.146802],[17.099993,48.146911]]]}},{"type":"Feature","properties":{"v":24.9,"p":8},"geometry":{"type":"Polygon","coordinates":[[[17.099916,48.146802],[17.099778,48.146845],[17.099679,48.146705],[17.099826,48.146675],[17.099916,48.146802]]]}},{"type":"Feature","properties":{"v":24.4,"p":8},"geometry":{"type":"Polygon","coordinates":[[[17.099822,48.146605],[17.099796,48.146611],[17.099826,48.146675],[17.099679,48.146705],[17.099595,48.146566],[17.099617,48.146541],[17.09978,48.146509],[17.099822,48.146605]]]}},{"type":"Feature","properties":{"v":24.4,"p":8},"geometry":{"type":"Polygon","coordinates":[[[17.099822,48.146605],[17.09978,48.146509],[17.099951,48.146476],[17.09999,48.14657],[17.099941,48.146579],[17.099945,48.146588],[17.099883,48.146602],[17.099879,48.146594],[17.099822,48.146605]]]}},{"type":"Feature","properties":{"v":27.8,"p":9},"geometry":{"type":"Polygon","coordinates":[[[17.100237,48.14652],[17.100207,48.146526],[17.100138,48.14654],[17.09999,48.14657],[17.099951,48.146476],[17.100215,48.146423],[17.100237,48.14652]]]}},{"type":"Feature","properties":{"v":23.8,"p":8},"geometry":{"type":"Polygon","coordinates":[[[17.100223,48.146562],[17.100154,48.146577],[17.100138,48.14654],[17.100207,48.146526],[17.100223,48.146562]]]}},{"type":"Feature","properties":{"v":25.4,"p":8},"geometry":{"type":"Polygon","coordinates":[[[17.100461,48.146572],[17.100454,48.146573],[17.100292,48.14661],[17.100256,48.146516],[17.100237,48.14652],[17.100215,48.146423],[17.100391,48.146392],[17.100461,48.146572]]]}},{"type":"Feature","properties":{"v":26.9,"p":9},"geometry":{"type":"Polygon","coordinates":[[[17.10025,48.146868],[17.100106,48.146914],[17.100049,48.146832],[17.100029,48.146839],[17.100009,48.14681],[17.100028,48.146804],[17.100011,48.146779],[17.099994,48.146785],[17.099943,48.146713],[17.100072,48.146672],[17.100093,48.146666],[17.100099,48.146673],[17.100114,48.146668],[17.100197,48.146642],[17.100179,48.146616],[17.100169,48.146602],[17.10022,48.146586],[17.100244,48.14662],[17.100292,48.14661],[17.100328,48.146674],[17.100151,48.146728],[17.10025,48.146868]]]}},{"type":"Feature","properties":{"v":22.7,"p":8},"geometry":{"type":"Polygon","coordinates":[[[17.100197,48.146642],[17.100114,48.146668],[17.100088,48.14663],[17.100131,48.146618],[17.100139,48.146629],[17.100179,48.146616],[17.100197,48.146642]]]}},{"type":"Feature","properties":{"v":20.5,"p":7},"geometry":{"type":"Polygon","coordinates":[[[17.100072,48.146672],[17.100051,48.146641],[17.100088,48.14663],[17.100114,48.146668],[17.100099,48.146673],[17.100093,48.146666],[17.100072,48.146672]]]}},{"type":"Feature","properties":{"v":26.5,"p":9},"geometry":{"type":"Polygon","coordinates":[[[17.100343,48.147082],[17.100235,48.147121],[17.100181,48.14705],[17.100204,48.147042],[17.100189,48.147022],[17.100167,48.147029],[17.100145,48.147],[17.100165,48.146994],[17.100106,48.146914],[17.10025,48.146868],[17.100345,48.147006],[17.100517,48.146934],[17.100525,48.146916],[17.10043,48.14675],[17.1004,48.14674],[17.100372,48.14669],[17.100328,48.146674],[17.100292,48.14661],[17.100454,48.146573],[17.100481,48.146638],[17.10051,48.146651],[17.100603,48.146744],[17.100608,48.146753],[17.100625,48.146749],[17.100647,48.146797],[17.100618,48.146803],[17.100626,48.14682],[17.100646,48.146816],[17.100659,48.146844],[17.100641,48.146848],[17.100652,48.146873],[17.100673,48.146868],[17.100709,48.146932],[17.100634,48.146962],[17.100604,48.146974],[17.100631,48.147004],[17.100577,48.147028],[17.10054,48.147045],[17.100557,48.147063],[17.100518,48.14708],[17.100501,48.147062],[17.100458,48.14708],[17.100407,48.147101],[17.100374,48.147071],[17.100343,48.147082]]]}},{"type":"Feature","properties":{"v":19.9,"p":7},"geometry":{"type":"Polygon","coordinates":[[[17.100393,48.147133],[17.100343,48.147082],[17.100374,48.147071],[17.100407,48.147101],[17.100458,48.14708],[17.100475,48.147098],[17.100393,48.147133]]]}},{"type":"Feature","properties":{"v":20.5,"p":7},"geometry":{"type":"Polygon","coordinates":[[[17.100677,48.147011],[17.100595,48.147048],[17.100577,48.147028],[17.100631,48.147004],[17.100604,48.146974],[17.100634,48.146962],[17.100677,48.147011]]]}},{"type":"Feature","properties":{"v":4.2,"p":1},"geometry":{"type":"Polygon","coordinates":[[[17.100792,48.147049],[17.10077,48.147027],[17.100729,48.147044],[17.100688,48.147002],[17.100818,48.146946],[17.10088,48.147012],[17.100792,48.147049]]]}},{"type":"Feature","properties":{"v":23.7,"p":8},"geometry":{"type":"Polygon","coordinates":[[[17.100243,48.147221],[17.100104,48.147271],[17.100009,48.147151],[17.100007,48.147152],[17.099908,48.147027],[17.100033,48.146982],[17.100049,48.146977],[17.100243,48.147221]]]}},{"type":"Feature","properties":{"v":22.8,"p":8},"geometry":{"type":"Polygon","coordinates":[[[17.100341,48.147329],[17.100206,48.147384],[17.100104,48.147271],[17.100243,48.147221],[17.100341,48.147329]]]}},{"type":"Feature","properties":{"v":11,"p":4},"geometry":{"type":"Polygon","coordinates":[[[17.100033,48.146982],[17.099908,48.147027],[17.099882,48.146991],[17.100006,48.146948],[17.100033,48.146982]]]}},{"type":"Feature","properties":{"v":10.6,"p":4},"geometry":{"type":"Polygon","coordinates":[[[17.100006,48.146948],[17.099882,48.146991],[17.099854,48.146955],[17.099985,48.146914],[17.100006,48.146948]]]}},{"type":"Feature","properties":{"v":6.4,"p":2},"geometry":{"type":"Polygon","coordinates":[[[17.100653,48.147187],[17.100664,48.147191],[17.100672,48.147197],[17.100677,48.147205],[17.100679,48.147213],[17.100676,48.147222],[17.10067,48.147229],[17.10066,48.147235],[17.100649,48.147238],[17.100636,48.147239],[17.100624,48.147237],[17.100613,48.147233],[17.100604,48.147227],[17.100599,48.147219],[17.100598,48.147211],[17.1006,48.147202],[17.100607,48.147195],[17.100616,48.147189],[17.100628,48.147186],[17.10064,48.147185],[17.100653,48.147187]]]}},{"type":"Feature","properties":{"v":23.4,"p":8},"geometry":{"type":"Polygon","coordinates":[[[17.103941,48.146716],[17.103931,48.146731],[17.103908,48.146768],[17.103882,48.146809],[17.103863,48.146839],[17.103858,48.146846],[17.103552,48.14676],[17.103621,48.14665],[17.103634,48.146629],[17.103941,48.146716]]]}},{"type":"Feature","properties":{"v":20.7,"p":7},"geometry":{"type":"Polygon","coordinates":[[[17.10456,48.146813],[17.104446,48.146993],[17.104301,48.146951],[17.104344,48.146883],[17.104354,48.146868],[17.104415,48.146772],[17.10456,48.146813]]]}},{"type":"Feature","properties":{"v":23,"p":8},"geometry":{"type":"Polygon","coordinates":[[[17.104576,48.146694],[17.10455,48.146677],[17.104542,48.146683],[17.104505,48.14666],[17.104472,48.14664],[17.104465,48.146645],[17.10392,48.146295],[17.103912,48.1463],[17.103875,48.146278],[17.103865,48.146271],[17.103801,48.146233],[17.103734,48.146192],[17.103712,48.146179],[17.103854,48.146088],[17.103919,48.146129],[17.104029,48.146199],[17.104627,48.146577],[17.104661,48.146598],[17.104579,48.146656],[17.104606,48.146673],[17.104576,48.146694]]]}},{"type":"Feature","properties":{"v":23.1,"p":8},"geometry":{"type":"Polygon","coordinates":[[[17.103415,48.146368],[17.10344,48.14638],[17.103539,48.146428],[17.103478,48.146467],[17.103281,48.146594],[17.103365,48.146616],[17.103321,48.146692],[17.103035,48.146616],[17.103033,48.146576],[17.103384,48.146354],[17.103415,48.146368]]]}},{"type":"Feature","properties":{"v":15.7,"p":5},"geometry":{"type":"Polygon","coordinates":[[[17.103591,48.146447],[17.103755,48.146511],[17.103713,48.146557],[17.103478,48.146467],[17.103539,48.146428],[17.103591,48.146447]]]}},{"type":"Feature","properties":{"v":19.3,"p":6},"geometry":{"type":"Polygon","coordinates":[[[17.103567,48.146617],[17.103558,48.146633],[17.103621,48.14665],[17.103552,48.14676],[17.103318,48.146698],[17.103321,48.146692],[17.103365,48.146616],[17.103376,48.146602],[17.103407,48.146593],[17.103458,48.146605],[17.103466,48.146591],[17.103567,48.146617]]]}},{"type":"Feature","properties":{"v":18.7,"p":6},"geometry":{"type":"Polygon","coordinates":[[[17.103568,48.14656],[17.103639,48.146578],[17.10361,48.146628],[17.103567,48.146617],[17.103466,48.146591],[17.103433,48.146583],[17.103453,48.146546],[17.103468,48.14655],[17.103482,48.146527],[17.103573,48.14655],[17.103568,48.14656]]]}},{"type":"Feature","properties":{"v":23.1,"p":8},"geometry":{"type":"Polygon","coordinates":[[[17.103801,48.146233],[17.103865,48.146271],[17.103591,48.146447],[17.103539,48.146428],[17.10344,48.14638],[17.103734,48.146192],[17.103801,48.146233]]]}},{"type":"Feature","properties":{"v":17.1,"p":6},"geometry":{"type":"Polygon","coordinates":[[[17.103712,48.146179],[17.103734,48.146192],[17.10344,48.14638],[17.103415,48.146368],[17.103708,48.146177],[17.103712,48.146179]]]}},{"type":"Feature","properties":{"v":17.7,"p":6},"geometry":{"type":"Polygon","coordinates":[[[17.104341,48.146862],[17.10433,48.14688],[17.104344,48.146883],[17.104301,48.146951],[17.104294,48.146962],[17.104199,48.146936],[17.104257,48.14684],[17.104341,48.146862]]]}},{"type":"Feature","properties":{"v":18.6,"p":6},"geometry":{"type":"Polygon","coordinates":[[[17.104635,48.146714],[17.10456,48.146813],[17.104415,48.146772],[17.104505,48.14666],[17.104542,48.146683],[17.10455,48.146677],[17.104576,48.146694],[17.104606,48.146673],[17.104579,48.146656],[17.104661,48.146598],[17.104627,48.146577],[17.104683,48.146538],[17.104787,48.146605],[17.104635,48.146714]]]}},{"type":"Feature","properties":{"v":4.5,"p":2},"geometry":{"type":"Polygon","coordinates":[[[17.104073,48.146169],[17.104029,48.146199],[17.103919,48.146129],[17.103962,48.146098],[17.104073,48.146169]]]}},{"type":"Feature","properties":{"v":20.8,"p":7},"geometry":{"type":"Polygon","coordinates":[[[17.104877,48.147202],[17.104782,48.147372],[17.104563,48.147317],[17.104619,48.147217],[17.104554,48.1472],[17.104593,48.147131],[17.104877,48.147202]]]}},{"type":"Feature","properties":{"v":20.7,"p":7},"geometry":{"type":"Polygon","coordinates":[[[17.104113,48.14716],[17.104077,48.147218],[17.103993,48.147196],[17.104041,48.147118],[17.103966,48.147097],[17.103919,48.147174],[17.103841,48.147153],[17.103959,48.146959],[17.104196,48.147023],[17.104113,48.14716]]]}},{"type":"Feature","properties":{"v":17.9,"p":6},"geometry":{"type":"Polygon","coordinates":[[[17.103637,48.147031],[17.103552,48.147008],[17.103562,48.146993],[17.10349,48.146974],[17.103481,48.14699],[17.103167,48.146906],[17.103234,48.146794],[17.103254,48.146762],[17.103723,48.146888],[17.103637,48.147031]]]}},{"type":"Feature","properties":{"v":23.8,"p":8},"geometry":{"type":"Polygon","coordinates":[[[17.103598,48.147235],[17.103522,48.147213],[17.103637,48.147031],[17.103723,48.146888],[17.103963,48.146953],[17.103959,48.146959],[17.103841,48.147153],[17.103759,48.14713],[17.1038,48.147063],[17.103719,48.14704],[17.103598,48.147235]]]}},{"type":"Feature","properties":{"v":14.1,"p":5},"geometry":{"type":"Polygon","coordinates":[[[17.103637,48.147031],[17.103522,48.147213],[17.103442,48.147191],[17.103552,48.147008],[17.103637,48.147031]]]}},{"type":"Feature","properties":{"v":18.8,"p":6},"geometry":{"type":"Polygon","coordinates":[[[17.104484,48.147261],[17.104113,48.14716],[17.104196,48.147023],[17.104593,48.147131],[17.104554,48.1472],[17.104524,48.147193],[17.104484,48.147261]]]}},{"type":"Feature","properties":{"v":17.6,"p":6},"geometry":{"type":"Polygon","coordinates":[[[17.102794,48.146982],[17.102637,48.146867],[17.102649,48.14686],[17.102723,48.146815],[17.102866,48.146731],[17.102963,48.146719],[17.103136,48.146767],[17.103234,48.146794],[17.103167,48.146906],[17.103149,48.146935],[17.103019,48.146901],[17.102997,48.14692],[17.10293,48.146929],[17.102903,48.146916],[17.102794,48.146982]]]}},{"type":"Feature","properties":{"v":11.1,"p":4},"geometry":{"type":"Polygon","coordinates":[[[17.103254,48.146762],[17.103234,48.146794],[17.103136,48.146767],[17.103157,48.146734],[17.103254,48.146762]]]}},{"type":"Feature","properties":{"v":10,"p":3},"geometry":{"type":"Polygon","coordinates":[[[17.102723,48.146815],[17.102649,48.14686],[17.102619,48.146835],[17.102693,48.146791],[17.102723,48.146815]]]}},{"type":"Feature","properties":{"v":17.9,"p":6},"geometry":{"type":"Polygon","coordinates":[[[17.103082,48.14706],[17.103262,48.147121],[17.103174,48.147189],[17.103108,48.14715],[17.103017,48.147095],[17.103069,48.147056],[17.103082,48.14706]]]}},{"type":"Feature","properties":{"v":15.7,"p":5},"geometry":{"type":"Polygon","coordinates":[[[17.103175,48.146996],[17.103161,48.147018],[17.103337,48.147076],[17.103295,48.147132],[17.103262,48.147121],[17.103082,48.14706],[17.103084,48.147057],[17.103102,48.147028],[17.103086,48.147024],[17.103114,48.14698],[17.103175,48.146996]]]}},{"type":"Feature","properties":{"v":13.4,"p":4},"geometry":{"type":"Polygon","coordinates":[[[17.103174,48.147189],[17.102992,48.147324],[17.102935,48.147367],[17.102869,48.147326],[17.103108,48.14715],[17.103174,48.147189]]]}},{"type":"Feature","properties":{"v":17.4,"p":6},"geometry":{"type":"Polygon","coordinates":[[[17.103004,48.147202],[17.102887,48.14729],[17.102817,48.147249],[17.102933,48.14716],[17.103004,48.147202]]]}},{"type":"Feature","properties":{"v":6.6,"p":2},"geometry":{"type":"Polygon","coordinates":[[[17.104151,48.147295],[17.104141,48.147336],[17.104021,48.147322],[17.104031,48.147281],[17.104151,48.147295]]]}},{"type":"Feature","properties":{"v":3.6,"p":1},"geometry":{"type":"Polygon","coordinates":[[[17.103405,48.147095],[17.103362,48.147157],[17.103295,48.147132],[17.103337,48.147076],[17.103338,48.147074],[17.103405,48.147095]]]}},{"type":"Feature","properties":{"v":4,"p":1},"geometry":{"type":"Polygon","coordinates":[[[17.103559,48.147241],[17.103538,48.147279],[17.103477,48.14728],[17.103413,48.147249],[17.103462,48.147208],[17.103559,48.147241]]]}},{"type":"Feature","properties":{"v":4.2,"p":1},"geometry":{"type":"Polygon","coordinates":[[[17.1027,48.14728],[17.102581,48.147213],[17.102674,48.147138],[17.102533,48.147059],[17.102552,48.147043],[17.102848,48.147209],[17.102828,48.147225],[17.102792,48.147205],[17.1027,48.14728]]]}},{"type":"Feature","properties":{"v":22.4,"p":7},"geometry":{"type":"Polygon","coordinates":[[[17.102249,48.14723],[17.102325,48.147278],[17.102228,48.147357],[17.102221,48.147363],[17.102032,48.147253],[17.102034,48.147216],[17.102264,48.147078],[17.102324,48.147123],[17.102383,48.147168],[17.10233,48.147199],[17.102315,48.14719],[17.102249,48.14723]]]}},{"type":"Feature","properties":{"v":21.7,"p":7},"geometry":{"type":"Polygon","coordinates":[[[17.102518,48.147334],[17.102554,48.147356],[17.102548,48.147361],[17.102529,48.147376],[17.102598,48.147416],[17.102487,48.147501],[17.102228,48.147357],[17.102325,48.147278],[17.102337,48.147268],[17.102403,48.147306],[17.102422,48.147292],[17.102428,48.147288],[17.102463,48.147308],[17.102508,48.147273],[17.102559,48.147304],[17.102518,48.147334]]]}},{"type":"Feature","properties":{"v":16.6,"p":6},"geometry":{"type":"Polygon","coordinates":[[[17.102463,48.147308],[17.102428,48.147288],[17.102422,48.147292],[17.102403,48.147282],[17.102454,48.147242],[17.102508,48.147273],[17.102463,48.147308]]]}},{"type":"Feature","properties":{"v":16.6,"p":6},"geometry":{"type":"Polygon","coordinates":[[[17.10261,48.147334],[17.102563,48.14737],[17.102548,48.147361],[17.102554,48.147356],[17.102518,48.147334],[17.102559,48.147304],[17.10261,48.147334]]]}},{"type":"Feature","properties":{"v":10,"p":3},"geometry":{"type":"Polygon","coordinates":[[[17.102324,48.147123],[17.102264,48.147078],[17.102246,48.147064],[17.102522,48.146898],[17.102574,48.146936],[17.102604,48.146958],[17.102532,48.147001],[17.102563,48.147025],[17.102432,48.147104],[17.102398,48.14708],[17.102324,48.147123]]]}},{"type":"Feature","properties":{"v":20.1,"p":7},"geometry":{"type":"Polygon","coordinates":[[[17.099446,48.145361],[17.099337,48.145385],[17.099221,48.14541],[17.09924,48.145451],[17.099243,48.145457],[17.099186,48.145469],[17.099159,48.145475],[17.099109,48.145366],[17.099419,48.145302],[17.099446,48.145361]]]}},{"type":"Feature","properties":{"v":3.2,"p":1},"geometry":{"type":"Polygon","coordinates":[[[17.102869,48.147326],[17.102862,48.147322],[17.102782,48.147275],[17.102817,48.147249],[17.102887,48.14729],[17.103004,48.147202],[17.102933,48.14716],[17.103017,48.147095],[17.103108,48.14715],[17.102869,48.147326]]]}},{"type":"Feature","properties":{"v":3.7,"p":1},"geometry":{"type":"Polygon","coordinates":[[[17.103387,48.142185],[17.103312,48.142195],[17.103281,48.142084],[17.103355,48.142075],[17.103387,48.142185]]]}},{"type":"Feature","properties":{"v":5.3,"p":2},"geometry":{"type":"Polygon","coordinates":[[[17.103355,48.142075],[17.103281,48.142084],[17.10327,48.14205],[17.103345,48.142041],[17.103355,48.142075]]]}},{"type":"Feature","properties":{"v":4,"p":1},"geometry":{"type":"Polygon","coordinates":[[[17.103345,48.142041],[17.10327,48.14205],[17.103253,48.141996],[17.103331,48.141987],[17.103345,48.142041]]]}},{"type":"Feature","properties":{"v":3.6,"p":1},"geometry":{"type":"Polygon","coordinates":[[[17.103311,48.141923],[17.103233,48.141934],[17.1032,48.141843],[17.10328,48.141832],[17.103311,48.141923]]]}},{"type":"Feature","properties":{"v":3.1,"p":1},"geometry":{"type":"Polygon","coordinates":[[[17.103855,48.140732],[17.103824,48.140765],[17.103857,48.140802],[17.103857,48.140826],[17.103782,48.140822],[17.103724,48.140752],[17.103773,48.140699],[17.103855,48.140732]]]}},{"type":"Feature","properties":{"v":3,"p":1},"geometry":{"type":"Polygon","coordinates":[[[17.104116,48.1406],[17.104125,48.140603],[17.104133,48.140609],[17.104137,48.140616],[17.104124,48.140679],[17.104105,48.140694],[17.104111,48.1407],[17.104112,48.140704],[17.10411,48.14071],[17.104079,48.14074],[17.104028,48.14071],[17.103963,48.140672],[17.104025,48.14061],[17.104067,48.140599],[17.104085,48.140597],[17.104104,48.140597],[17.104116,48.1406]]]}},{"type":"Feature","properties":{"v":4.3,"p":1},"geometry":{"type":"Polygon","coordinates":[[[17.100007,48.144447],[17.099993,48.144484],[17.099956,48.144582],[17.099947,48.144608],[17.099881,48.144585],[17.099909,48.144555],[17.099953,48.144434],[17.100007,48.144447]]]}},{"type":"Feature","properties":{"v":3.6,"p":1},"geometry":{"type":"Polygon","coordinates":[[[17.100067,48.144497],[17.100061,48.144511],[17.100023,48.144594],[17.099956,48.144582],[17.099993,48.144484],[17.100067,48.144497]]]}},{"type":"Feature","properties":{"v":3.7,"p":1},"geometry":{"type":"Polygon","coordinates":[[[17.100333,48.144566],[17.100397,48.144578],[17.100352,48.144688],[17.100278,48.144674],[17.100326,48.144565],[17.100333,48.144566]]]}},{"type":"Feature","properties":{"v":3,"p":1},"geometry":{"type":"Polygon","coordinates":[[[17.100352,48.144688],[17.100339,48.144721],[17.100333,48.144731],[17.10026,48.144716],[17.100278,48.144674],[17.100352,48.144688]]]}},{"type":"Feature","properties":{"v":4.4,"p":1},"geometry":{"type":"Polygon","coordinates":[[[17.101089,48.144662],[17.101113,48.144729],[17.101037,48.144743],[17.100989,48.14465],[17.100974,48.144653],[17.100963,48.144629],[17.101066,48.144609],[17.101089,48.144662]]]}},{"type":"Feature","properties":{"v":3,"p":1},"geometry":{"type":"Polygon","coordinates":[[[17.095954,48.146945],[17.095847,48.146965],[17.095831,48.146931],[17.095939,48.14691],[17.095954,48.146945]]]}},{"type":"Feature","properties":{"v":2.5,"p":1},"geometry":{"type":"Polygon","coordinates":[[[17.095459,48.143341],[17.095434,48.143359],[17.095421,48.143366],[17.095409,48.143371],[17.095398,48.143371],[17.095387,48.143369],[17.095377,48.143365],[17.095369,48.14336],[17.095361,48.143355],[17.095336,48.14334],[17.095396,48.143302],[17.095459,48.143341]]]}},{"type":"Feature","properties":{"v":2.5,"p":1},"geometry":{"type":"Polygon","coordinates":[[[17.101115,48.140186],[17.101091,48.140257],[17.101049,48.14025],[17.101073,48.14018],[17.101115,48.140186]]]}},{"type":"Feature","properties":{"v":6.7,"p":2},"geometry":{"type":"Polygon","coordinates":[[[17.102911,48.143921],[17.102944,48.143935],[17.102977,48.143949],[17.102979,48.14395],[17.1028,48.144141],[17.102784,48.144134],[17.102792,48.144125],[17.102717,48.144094],[17.102888,48.143911],[17.102911,48.143921]]]}},{"type":"Feature","properties":{"v":25,"p":8},"geometry":{"type":"Polygon","coordinates":[[[17.097559,48.141777],[17.097595,48.141878],[17.097611,48.141922],[17.097326,48.141968],[17.097257,48.141776],[17.097542,48.14173],[17.097559,48.141777]]]}},{"type":"Feature","properties":{"v":18,"p":6},"geometry":{"type":"Polygon","coordinates":[[[17.097717,48.141917],[17.097615,48.141934],[17.097611,48.141922],[17.097595,48.141878],[17.097697,48.141861],[17.097717,48.141917]]]}},{"type":"Feature","properties":{"v":21.6,"p":7},"geometry":{"type":"Polygon","coordinates":[[[17.09766,48.141761],[17.097559,48.141777],[17.097542,48.14173],[17.097539,48.14172],[17.097639,48.141704],[17.09766,48.141761]]]}},{"type":"Feature","properties":{"v":23.7,"p":8},"geometry":{"type":"Polygon","coordinates":[[[17.097031,48.142088],[17.096994,48.141983],[17.097011,48.141969],[17.097053,48.141963],[17.097065,48.141999],[17.097078,48.141998],[17.097107,48.142009],[17.097108,48.142018],[17.097225,48.141996],[17.097222,48.141986],[17.097326,48.141968],[17.097611,48.141922],[17.097615,48.141934],[17.097717,48.141917],[17.097697,48.141861],[17.097742,48.141853],[17.097707,48.141754],[17.09766,48.141761],[17.097639,48.141704],[17.097539,48.14172],[17.097542,48.14173],[17.097257,48.141776],[17.097163,48.14179],[17.09716,48.14178],[17.097041,48.141799],[17.097044,48.141807],[17.097025,48.141821],[17.097007,48.141824],[17.097018,48.141859],[17.09697,48.141866],[17.096952,48.141859],[17.096917,48.141761],[17.097226,48.141708],[17.097225,48.141696],[17.097245,48.141673],[17.097481,48.141637],[17.097514,48.141648],[17.097519,48.14166],[17.097712,48.14163],[17.097833,48.141612],[17.097852,48.141619],[17.097957,48.141926],[17.097947,48.141941],[17.097639,48.141991],[17.097644,48.142003],[17.097614,48.142029],[17.097389,48.142064],[17.097348,48.142047],[17.097345,48.142038],[17.097031,48.142088]]]}},{"type":"Feature","properties":{"v":23.6,"p":8},"geometry":{"type":"Polygon","coordinates":[[[17.097108,48.142018],[17.097107,48.142009],[17.097078,48.141998],[17.097065,48.141999],[17.097053,48.141963],[17.097162,48.141947],[17.097127,48.141842],[17.097018,48.141859],[17.097007,48.141824],[17.097025,48.141821],[17.097044,48.141807],[17.097041,48.141799],[17.09716,48.14178],[17.097163,48.14179],[17.097257,48.141776],[17.097326,48.141968],[17.097222,48.141986],[17.097225,48.141996],[17.097108,48.142018]]]}},{"type":"Feature","properties":{"v":13.8,"p":5},"geometry":{"type":"Polygon","coordinates":[[[17.097742,48.141853],[17.097697,48.141861],[17.097595,48.141878],[17.097559,48.141777],[17.09766,48.141761],[17.097707,48.141754],[17.097742,48.141853]]]}},{"type":"Feature","properties":{"v":6.9,"p":2},"geometry":{"type":"Polygon","coordinates":[[[17.097897,48.141601],[17.097833,48.141612],[17.097712,48.14163],[17.097692,48.141571],[17.097877,48.141541],[17.097897,48.141601]]]}},{"type":"Feature","properties":{"v":13.9,"p":5},"geometry":{"type":"Polygon","coordinates":[[[17.097571,48.142108],[17.097379,48.142137],[17.097348,48.142047],[17.097389,48.142064],[17.097614,48.142029],[17.097644,48.142003],[17.097639,48.141991],[17.097947,48.141941],[17.097957,48.141926],[17.097852,48.141619],[17.097833,48.141612],[17.097897,48.141601],[17.097877,48.141541],[17.097865,48.141511],[17.097818,48.141389],[17.097837,48.141371],[17.097996,48.141347],[17.098022,48.141355],[17.098066,48.141481],[17.097969,48.141497],[17.097979,48.141524],[17.098071,48.141513],[17.098093,48.141577],[17.097996,48.141596],[17.098112,48.141919],[17.098016,48.142036],[17.097571,48.142108]]]}},{"type":"Feature","properties":{"v":11.7,"p":4},"geometry":{"type":"Polygon","coordinates":[[[17.098694,48.141275],[17.098724,48.141363],[17.098711,48.141378],[17.098357,48.141433],[17.098334,48.141424],[17.098304,48.141335],[17.098318,48.14132],[17.098673,48.141266],[17.098694,48.141275]]]}},{"type":"Feature","properties":{"v":14.4,"p":5},"geometry":{"type":"Polygon","coordinates":[[[17.098183,48.141561],[17.098306,48.141893],[17.098213,48.141908],[17.098093,48.141577],[17.098071,48.141513],[17.097979,48.141524],[17.097969,48.141497],[17.098066,48.141481],[17.098022,48.141355],[17.097996,48.141347],[17.097837,48.141371],[17.097818,48.141389],[17.097865,48.141511],[17.097582,48.141557],[17.097566,48.141503],[17.097557,48.141495],[17.097577,48.141472],[17.097572,48.141453],[17.097585,48.141445],[17.097613,48.14144],[17.09761,48.141433],[17.097655,48.141388],[17.097645,48.141368],[17.097683,48.141362],[17.097695,48.141332],[17.097729,48.141327],[17.097727,48.141321],[17.097769,48.141315],[17.097771,48.141322],[17.097827,48.141314],[17.097825,48.141307],[17.097871,48.141301],[17.097873,48.141306],[17.097923,48.141298],[17.097921,48.141291],[17.097961,48.141285],[17.097963,48.14129],[17.098012,48.141283],[17.09801,48.141276],[17.098057,48.141269],[17.098059,48.141276],[17.09809,48.141271],[17.098095,48.141288],[17.098595,48.141207],[17.0986,48.141222],[17.098642,48.141214],[17.098648,48.141229],[17.098674,48.141226],[17.098684,48.141249],[17.098694,48.141275],[17.098673,48.141266],[17.098318,48.14132],[17.098304,48.141335],[17.098334,48.141424],[17.098357,48.141433],[17.098711,48.141378],[17.09866,48.141415],[17.098265,48.141472],[17.098183,48.141561]]]}},{"type":"Feature","properties":{"v":6.1,"p":2},"geometry":{"type":"Polygon","coordinates":[[[17.098823,48.14136],[17.098729,48.141377],[17.098724,48.141363],[17.098694,48.141275],[17.098684,48.141249],[17.098715,48.141259],[17.098745,48.141255],[17.09876,48.141261],[17.098768,48.141276],[17.098791,48.141271],[17.098823,48.14136]]]}},{"type":"Feature","properties":{"v":15.8,"p":5},"geometry":{"type":"Polygon","coordinates":[[[17.097053,48.141963],[17.097048,48.141946],[17.097037,48.141948],[17.097013,48.141882],[17.097025,48.14188],[17.097018,48.141859],[17.097127,48.141842],[17.097162,48.141947],[17.097053,48.141963]]]}},{"type":"Feature","properties":{"v":13.5,"p":4},"geometry":{"type":"Polygon","coordinates":[[[17.096483,48.142066],[17.09636,48.142086],[17.096341,48.142036],[17.096322,48.142039],[17.096313,48.142013],[17.096337,48.142009],[17.096319,48.141962],[17.096437,48.141942],[17.096483,48.142066]]]}},{"type":"Feature","properties":{"v":19.2,"p":6},"geometry":{"type":"Polygon","coordinates":[[[17.09639,48.142184],[17.09636,48.142086],[17.096483,48.142066],[17.096437,48.141942],[17.096319,48.141962],[17.096287,48.141864],[17.096436,48.141838],[17.096435,48.141828],[17.096448,48.141814],[17.096577,48.141796],[17.096597,48.141803],[17.0966,48.141808],[17.096624,48.141804],[17.096623,48.141799],[17.096637,48.141786],[17.096863,48.141748],[17.096886,48.141765],[17.096917,48.141761],[17.096952,48.141859],[17.09697,48.141866],[17.096974,48.14188],[17.096824,48.141905],[17.096802,48.141896],[17.096695,48.141913],[17.096682,48.141927],[17.096535,48.14195],[17.096519,48.141942],[17.096467,48.14195],[17.096472,48.141965],[17.09648,48.141964],[17.096504,48.142032],[17.0965,48.142033],[17.096508,48.142053],[17.096658,48.14203],[17.09667,48.142034],[17.096673,48.14204],[17.096709,48.142035],[17.096708,48.142029],[17.096723,48.142017],[17.096852,48.141998],[17.096865,48.142002],[17.096869,48.142009],[17.096904,48.142004],[17.096902,48.141998],[17.096919,48.141984],[17.097011,48.141969],[17.096994,48.141983],[17.097031,48.142088],[17.09639,48.142184]]]}},{"type":"Feature","properties":{"v":11.4,"p":4},"geometry":{"type":"Polygon","coordinates":[[[17.097177,48.140755],[17.097129,48.140758],[17.097125,48.140759],[17.097113,48.140702],[17.097167,48.140697],[17.097177,48.140755]]]}},{"type":"Feature","properties":{"v":11.5,"p":4},"geometry":{"type":"Polygon","coordinates":[[[17.097314,48.140893],[17.0973,48.140895],[17.097238,48.140869],[17.097235,48.14086],[17.097208,48.140861],[17.097203,48.140831],[17.097235,48.14083],[17.097231,48.140814],[17.097295,48.140806],[17.097314,48.140893]]]}},{"type":"Feature","properties":{"v":15,"p":5},"geometry":{"type":"Polygon","coordinates":[[[17.097724,48.140741],[17.097634,48.140823],[17.09762,48.140764],[17.0976,48.140673],[17.097536,48.140679],[17.097501,48.140682],[17.097495,48.140655],[17.097464,48.140496],[17.097923,48.140451],[17.097935,48.140509],[17.097845,48.140607],[17.097718,48.140621],[17.097699,48.140623],[17.097724,48.140741]]]}},{"type":"Feature","properties":{"v":16.6,"p":6},"geometry":{"type":"Polygon","coordinates":[[[17.097353,48.140626],[17.097256,48.140639],[17.097232,48.140545],[17.097323,48.140528],[17.097353,48.140626]]]}},{"type":"Feature","properties":{"v":15.9,"p":5},"geometry":{"type":"Polygon","coordinates":[[[17.097472,48.140612],[17.097353,48.140626],[17.097323,48.140528],[17.097399,48.140513],[17.097396,48.140503],[17.097451,48.140496],[17.097472,48.140612]]]}},{"type":"Feature","properties":{"v":3.5,"p":1},"geometry":{"type":"Polygon","coordinates":[[[17.097478,48.140426],[17.097449,48.140429],[17.097434,48.140366],[17.097464,48.140363],[17.097478,48.140426]]]}},{"type":"Feature","properties":{"v":3.6,"p":1},"geometry":{"type":"Polygon","coordinates":[[[17.097473,48.140361],[17.097464,48.140363],[17.097434,48.140366],[17.097418,48.140297],[17.097458,48.140293],[17.097473,48.140361]]]}},{"type":"Feature","properties":{"v":16.8,"p":6},"geometry":{"type":"Polygon","coordinates":[[[17.098276,48.140722],[17.098074,48.140762],[17.098034,48.140671],[17.098135,48.140651],[17.098114,48.140604],[17.098073,48.140511],[17.098174,48.140491],[17.098276,48.140722]]]}},{"type":"Feature","properties":{"v":5.9,"p":2},"geometry":{"type":"Polygon","coordinates":[[[17.098135,48.140651],[17.098034,48.140671],[17.098014,48.140623],[17.098114,48.140604],[17.098135,48.140651]]]}},{"type":"Feature","properties":{"v":12.1,"p":4},"geometry":{"type":"Polygon","coordinates":[[[17.098174,48.140491],[17.098073,48.140511],[17.097973,48.140516],[17.097969,48.140448],[17.098162,48.140441],[17.098174,48.140491]]]}},{"type":"Feature","properties":{"v":8.1,"p":3},"geometry":{"type":"Polygon","coordinates":[[[17.097052,48.141012],[17.096961,48.141021],[17.096951,48.140986],[17.096833,48.141],[17.096785,48.140978],[17.096771,48.140928],[17.096804,48.140894],[17.09692,48.140876],[17.096905,48.140819],[17.096953,48.140784],[17.096971,48.14084],[17.097,48.140839],[17.097052,48.141012]]]}},{"type":"Feature","properties":{"v":10.6,"p":4},"geometry":{"type":"Polygon","coordinates":[[[17.097057,48.141031],[17.09681,48.14106],[17.09676,48.141037],[17.096684,48.140762],[17.09671,48.140758],[17.096729,48.140818],[17.096737,48.140816],[17.096685,48.140657],[17.096718,48.140625],[17.096819,48.140613],[17.09686,48.140633],[17.096879,48.140705],[17.096929,48.14071],[17.096953,48.140784],[17.096905,48.140819],[17.09692,48.140876],[17.096804,48.140894],[17.096771,48.140928],[17.096785,48.140978],[17.096833,48.141],[17.096951,48.140986],[17.096961,48.141021],[17.097052,48.141012],[17.097057,48.141031]]]}},{"type":"Feature","properties":{"v":8.7,"p":3},"geometry":{"type":"Polygon","coordinates":[[[17.102632,48.1469],[17.102574,48.146936],[17.102522,48.146898],[17.10258,48.146862],[17.102632,48.1469]]]}},{"type":"Feature","properties":{"v":5.5,"p":2},"geometry":{"type":"Polygon","coordinates":[[[17.102752,48.146973],[17.102705,48.147005],[17.102612,48.146953],[17.102604,48.146958],[17.102574,48.146936],[17.102632,48.1469],[17.102752,48.146973]]]}},{"type":"Feature","properties":{"v":3.7,"p":1},"geometry":{"type":"Polygon","coordinates":[[[17.102853,48.14701],[17.10279,48.147049],[17.102705,48.147005],[17.102752,48.146973],[17.102798,48.146997],[17.102818,48.146987],[17.102853,48.14701]]]}},{"type":"Feature","properties":{"v":4.2,"p":1},"geometry":{"type":"Polygon","coordinates":[[[17.10295,48.147139],[17.102859,48.14721],[17.102722,48.147131],[17.102759,48.147102],[17.102773,48.14711],[17.102792,48.147095],[17.102776,48.147086],[17.102811,48.147059],[17.10295,48.147139]]]}},{"type":"Feature","properties":{"v":4.6,"p":2},"geometry":{"type":"Polygon","coordinates":[[[17.10274,48.14737],[17.102755,48.147379],[17.10273,48.147398],[17.102675,48.147366],[17.102782,48.147282],[17.102843,48.147317],[17.102816,48.147338],[17.102795,48.147327],[17.10274,48.14737]]]}},{"type":"Feature","properties":{"v":2.8,"p":1},"geometry":{"type":"Polygon","coordinates":[[[17.103943,48.145788],[17.103837,48.14581],[17.103772,48.145675],[17.103825,48.145664],[17.103878,48.145652],[17.103943,48.145788]]]}},{"type":"Feature","properties":{"v":17.4,"p":6},"geometry":{"type":"Polygon","coordinates":[[[17.103505,48.141704],[17.103373,48.141602],[17.103426,48.141566],[17.103469,48.141569],[17.103536,48.141617],[17.103602,48.14158],[17.103676,48.141622],[17.103671,48.141625],[17.103505,48.141704]]]}},{"type":"Feature","properties":{"v":17.9,"p":6},"geometry":{"type":"Polygon","coordinates":[[[17.103739,48.141663],[17.103773,48.141739],[17.103611,48.141795],[17.103505,48.141704],[17.103671,48.141625],[17.103739,48.141663]]]}},{"type":"Feature","properties":{"v":20.7,"p":7},"geometry":{"type":"Polygon","coordinates":[[[17.103809,48.141815],[17.103659,48.141865],[17.103611,48.141795],[17.103773,48.141739],[17.103809,48.141815]]]}},{"type":"Feature","properties":{"v":16.6,"p":6},"geometry":{"type":"Polygon","coordinates":[[[17.103828,48.141908],[17.103693,48.141948],[17.103663,48.141884],[17.103797,48.141841],[17.103828,48.141908]]]}},{"type":"Feature","properties":{"v":19.7,"p":7},"geometry":{"type":"Polygon","coordinates":[[[17.104022,48.142081],[17.103766,48.14208],[17.103693,48.141948],[17.103828,48.141908],[17.103834,48.141922],[17.103889,48.142033],[17.10391,48.142033],[17.103964,48.141927],[17.103976,48.141904],[17.103997,48.141909],[17.104101,48.141935],[17.104022,48.142081]]]}},{"type":"Feature","properties":{"v":16.8,"p":6},"geometry":{"type":"Polygon","coordinates":[[[17.10391,48.142033],[17.103889,48.142033],[17.103834,48.141922],[17.103964,48.141927],[17.10391,48.142033]]]}},{"type":"Feature","properties":{"v":19.9,"p":7},"geometry":{"type":"Polygon","coordinates":[[[17.103974,48.142191],[17.103861,48.14218],[17.103832,48.142155],[17.103824,48.142158],[17.103766,48.14208],[17.104022,48.142081],[17.103974,48.142191]]]}},{"type":"Feature","properties":{"v":16.9,"p":6},"geometry":{"type":"Polygon","coordinates":[[[17.104121,48.141898],[17.104142,48.141903],[17.104122,48.14194],[17.104101,48.141935],[17.103997,48.141909],[17.104041,48.141823],[17.104159,48.141826],[17.104121,48.141898]]]}},{"type":"Feature","properties":{"v":17.8,"p":6},"geometry":{"type":"Polygon","coordinates":[[[17.104166,48.141741],[17.104159,48.141826],[17.104041,48.141823],[17.103966,48.141822],[17.103938,48.141726],[17.10408,48.141707],[17.104156,48.141683],[17.104166,48.141741]]]}},{"type":"Feature","properties":{"v":16.2,"p":5},"geometry":{"type":"Polygon","coordinates":[[[17.103966,48.141822],[17.103969,48.14183],[17.10382,48.141819],[17.103806,48.141746],[17.103813,48.141748],[17.103802,48.141689],[17.103938,48.141726],[17.103966,48.141822]]]}},{"type":"Feature","properties":{"v":18.8,"p":6},"geometry":{"type":"Polygon","coordinates":[[[17.104063,48.141649],[17.104017,48.141697],[17.10394,48.141708],[17.103803,48.141646],[17.103867,48.141582],[17.103915,48.141604],[17.103931,48.141589],[17.104063,48.141649]]]}},{"type":"Feature","properties":{"v":16.2,"p":5},"geometry":{"type":"Polygon","coordinates":[[[17.103445,48.141715],[17.103341,48.141752],[17.103308,48.141764],[17.103271,48.141737],[17.103318,48.14171],[17.103272,48.141674],[17.103223,48.141703],[17.103177,48.141668],[17.103225,48.14164],[17.103297,48.141599],[17.103445,48.141715]]]}},{"type":"Feature","properties":{"v":12.7,"p":4},"geometry":{"type":"Polygon","coordinates":[[[17.103105,48.14165],[17.10306,48.14162],[17.103122,48.14158],[17.103137,48.14157],[17.103154,48.141578],[17.103184,48.141549],[17.103189,48.141544],[17.103297,48.141599],[17.103225,48.14164],[17.103171,48.141608],[17.103105,48.14165]]]}},{"type":"Feature","properties":{"v":11.2,"p":4},"geometry":{"type":"Polygon","coordinates":[[[17.103318,48.14171],[17.103271,48.141737],[17.103223,48.141703],[17.103272,48.141674],[17.103318,48.14171]]]}},{"type":"Feature","properties":{"v":16.4,"p":5},"geometry":{"type":"Polygon","coordinates":[[[17.103559,48.14183],[17.103402,48.141848],[17.10338,48.141786],[17.103359,48.14179],[17.103341,48.141752],[17.103445,48.141715],[17.103512,48.141765],[17.103559,48.14183]]]}},{"type":"Feature","properties":{"v":15.4,"p":5},"geometry":{"type":"Polygon","coordinates":[[[17.103654,48.141979],[17.103501,48.14198],[17.103446,48.14198],[17.103402,48.141848],[17.103559,48.14183],[17.103585,48.141827],[17.103654,48.141979]]]}},{"type":"Feature","properties":{"v":17.8,"p":6},"geometry":{"type":"Polygon","coordinates":[[[17.10369,48.142072],[17.103529,48.142078],[17.103501,48.14198],[17.103654,48.141979],[17.10369,48.142072]]]}},{"type":"Feature","properties":{"v":15.4,"p":5},"geometry":{"type":"Polygon","coordinates":[[[17.10373,48.142166],[17.103558,48.142174],[17.103529,48.142078],[17.10369,48.142072],[17.103697,48.142072],[17.10373,48.142166]]]}},{"type":"Feature","properties":{"v":16.2,"p":5},"geometry":{"type":"Polygon","coordinates":[[[17.103743,48.1422],[17.103724,48.142203],[17.103696,48.14226],[17.103688,48.142259],[17.103542,48.142236],[17.103558,48.142174],[17.10373,48.142166],[17.103743,48.1422]]]}},{"type":"Feature","properties":{"v":10.2,"p":3},"geometry":{"type":"Polygon","coordinates":[[[17.103652,48.142318],[17.103638,48.142343],[17.103619,48.142377],[17.103508,48.14235],[17.10354,48.142291],[17.103652,48.142318]]]}},{"type":"Feature","properties":{"v":10.8,"p":4},"geometry":{"type":"Polygon","coordinates":[[[17.103833,48.142407],[17.103638,48.142343],[17.103652,48.142318],[17.10373,48.142317],[17.103783,48.142332],[17.103805,48.142301],[17.103926,48.142258],[17.103833,48.142407]]]}},{"type":"Feature","properties":{"v":10.4,"p":3},"geometry":{"type":"Polygon","coordinates":[[[17.10373,48.142317],[17.103652,48.142318],[17.103688,48.142259],[17.103696,48.14226],[17.103724,48.142203],[17.103743,48.1422],[17.103926,48.142258],[17.103805,48.142301],[17.103752,48.142285],[17.10373,48.142317]]]}},{"type":"Feature","properties":{"v":3.3,"p":1},"geometry":{"type":"Polygon","coordinates":[[[17.103402,48.142341],[17.103336,48.142344],[17.103324,48.142225],[17.103391,48.142222],[17.103402,48.142341]]]}},{"type":"Feature","properties":{"v":3.2,"p":1},"geometry":{"type":"Polygon","coordinates":[[[17.10333,48.14198],[17.103252,48.141991],[17.103233,48.141934],[17.103311,48.141923],[17.10333,48.14198]]]}},{"type":"Feature","properties":{"v":16.9,"p":6},"geometry":{"type":"Polygon","coordinates":[[[17.103809,48.142539],[17.10394,48.142559],[17.10396,48.142562],[17.103944,48.142642],[17.103931,48.14264],[17.103773,48.142628],[17.103798,48.142537],[17.103809,48.142539]]]}},{"type":"Feature","properties":{"v":19.8,"p":7},"geometry":{"type":"Polygon","coordinates":[[[17.103773,48.142628],[17.103931,48.14264],[17.103909,48.142753],[17.103737,48.14274],[17.103763,48.142626],[17.103773,48.142628]]]}},{"type":"Feature","properties":{"v":20,"p":7},"geometry":{"type":"Polygon","coordinates":[[[17.103889,48.14285],[17.103725,48.142838],[17.10372,48.142837],[17.103737,48.14274],[17.103909,48.142753],[17.103889,48.14285]]]}},{"type":"Feature","properties":{"v":21,"p":7},"geometry":{"type":"Polygon","coordinates":[[[17.103889,48.14285],[17.103886,48.142866],[17.103902,48.142868],[17.103888,48.142949],[17.103877,48.142948],[17.103874,48.142962],[17.103737,48.142951],[17.103722,48.14295],[17.103726,48.142932],[17.103704,48.14293],[17.10372,48.142837],[17.103725,48.142838],[17.103889,48.14285]]]}},{"type":"Feature","properties":{"v":16.8,"p":6},"geometry":{"type":"Polygon","coordinates":[[[17.103874,48.142962],[17.103892,48.142963],[17.103873,48.143077],[17.103732,48.143065],[17.103742,48.143017],[17.103725,48.143015],[17.103737,48.142951],[17.103874,48.142962]]]}},{"type":"Feature","properties":{"v":3.3,"p":1},"geometry":{"type":"Polygon","coordinates":[[[17.104095,48.140408],[17.104076,48.140409],[17.104017,48.140394],[17.104018,48.140354],[17.104073,48.140318],[17.104095,48.140318],[17.104095,48.140408]]]}},{"type":"Feature","properties":{"v":14.3,"p":5},"geometry":{"type":"Polygon","coordinates":[[[17.104065,48.142263],[17.104035,48.142338],[17.103965,48.142317],[17.104011,48.142248],[17.104065,48.142263]]]}},{"type":"Feature","properties":{"v":14,"p":5},"geometry":{"type":"Polygon","coordinates":[[[17.103965,48.142317],[17.104035,48.142338],[17.104005,48.142406],[17.103917,48.142382],[17.103955,48.14232],[17.103957,48.142315],[17.103965,48.142317]]]}},{"type":"Feature","properties":{"v":15.6,"p":5},"geometry":{"type":"Polygon","coordinates":[[[17.10394,48.142559],[17.103809,48.142539],[17.103876,48.142422],[17.103885,48.142425],[17.10389,48.142417],[17.103875,48.142412],[17.103896,48.142377],[17.103917,48.142382],[17.104005,48.142406],[17.10402,48.142411],[17.103999,48.142451],[17.10398,48.142447],[17.103976,48.142456],[17.103998,48.142461],[17.103982,48.142496],[17.103966,48.142492],[17.103956,48.142511],[17.103979,48.142517],[17.103962,48.142552],[17.103945,48.14255],[17.10394,48.142559]]]}},{"type":"Feature","properties":{"v":19.1,"p":6},"geometry":{"type":"Polygon","coordinates":[[[17.103642,48.14245],[17.103634,48.142459],[17.103759,48.142506],[17.10363,48.142659],[17.103406,48.142665],[17.103429,48.142619],[17.103373,48.142606],[17.103436,48.142466],[17.103394,48.142457],[17.103396,48.14245],[17.103383,48.142449],[17.103393,48.142399],[17.103422,48.1424],[17.103513,48.142416],[17.103568,48.142434],[17.103574,48.142426],[17.103642,48.14245]]]}},{"type":"Feature","properties":{"v":12.1,"p":4},"geometry":{"type":"Polygon","coordinates":[[[17.103373,48.142606],[17.103429,48.142619],[17.103406,48.142665],[17.103308,48.142665],[17.103335,48.142598],[17.103373,48.142606]]]}},{"type":"Feature","properties":{"v":17.9,"p":6},"geometry":{"type":"Polygon","coordinates":[[[17.103466,48.142833],[17.1034,48.142792],[17.103314,48.142768],[17.103323,48.142678],[17.103619,48.14268],[17.103466,48.142833]]]}},{"type":"Feature","properties":{"v":14.8,"p":5},"geometry":{"type":"Polygon","coordinates":[[[17.1034,48.142792],[17.103466,48.142833],[17.103328,48.142891],[17.103262,48.142789],[17.103314,48.142768],[17.1034,48.142792]]]}},{"type":"Feature","properties":{"v":14.1,"p":5},"geometry":{"type":"Polygon","coordinates":[[[17.103328,48.142891],[17.103142,48.142883],[17.10314,48.14282],[17.10308,48.142818],[17.103073,48.142739],[17.103185,48.142742],[17.103185,48.142788],[17.103262,48.142789],[17.103328,48.142891]]]}},{"type":"Feature","properties":{"v":9.4,"p":3},"geometry":{"type":"Polygon","coordinates":[[[17.102865,48.142738],[17.102715,48.142734],[17.102718,48.142678],[17.102868,48.142682],[17.102865,48.142738]]]}},{"type":"Feature","properties":{"v":10.8,"p":4},"geometry":{"type":"Polygon","coordinates":[[[17.102981,48.142848],[17.102893,48.142844],[17.102717,48.142837],[17.102719,48.142818],[17.102692,48.142817],[17.102696,48.142765],[17.102724,48.142766],[17.102725,48.142747],[17.102989,48.142758],[17.102981,48.142848]]]}},{"type":"Feature","properties":{"v":10.6,"p":4},"geometry":{"type":"Polygon","coordinates":[[[17.102889,48.142874],[17.102936,48.14288],[17.102919,48.142943],[17.102703,48.142916],[17.102721,48.142853],[17.102889,48.142874]]]}},{"type":"Feature","properties":{"v":7.5,"p":2},"geometry":{"type":"Polygon","coordinates":[[[17.102889,48.142874],[17.102721,48.142853],[17.102716,48.142853],[17.102717,48.142837],[17.102893,48.142844],[17.102889,48.142874]]]}},{"type":"Feature","properties":{"v":6,"p":2},"geometry":{"type":"Polygon","coordinates":[[[17.103122,48.143012],[17.103107,48.143055],[17.103067,48.143049],[17.103083,48.143006],[17.103122,48.143012]]]}},{"type":"Feature","properties":{"v":4.8,"p":2},"geometry":{"type":"Polygon","coordinates":[[[17.103107,48.143055],[17.103093,48.143091],[17.103054,48.143084],[17.103067,48.143049],[17.103107,48.143055]]]}},{"type":"Feature","properties":{"v":14.7,"p":5},"geometry":{"type":"Polygon","coordinates":[[[17.103573,48.142894],[17.103411,48.142945],[17.103374,48.142892],[17.103485,48.142855],[17.103481,48.142848],[17.103519,48.142835],[17.103523,48.142842],[17.103534,48.142838],[17.103573,48.142894]]]}},{"type":"Feature","properties":{"v":14,"p":5},"geometry":{"type":"Polygon","coordinates":[[[17.103641,48.143001],[17.103474,48.14304],[17.103446,48.142994],[17.10361,48.142946],[17.103641,48.143001]]]}},{"type":"Feature","properties":{"v":14.4,"p":5},"geometry":{"type":"Polygon","coordinates":[[[17.103666,48.143063],[17.10349,48.143088],[17.103474,48.14304],[17.103641,48.143001],[17.103666,48.143063]]]}},{"type":"Feature","properties":{"v":15.7,"p":5},"geometry":{"type":"Polygon","coordinates":[[[17.103683,48.143119],[17.103501,48.143134],[17.10349,48.143088],[17.103666,48.143063],[17.103683,48.143119]]]}},{"type":"Feature","properties":{"v":15.3,"p":5},"geometry":{"type":"Polygon","coordinates":[[[17.1037,48.143179],[17.103521,48.143186],[17.103501,48.143134],[17.103683,48.143119],[17.1037,48.143179]]]}},{"type":"Feature","properties":{"v":15.4,"p":5},"geometry":{"type":"Polygon","coordinates":[[[17.1037,48.143259],[17.103523,48.143263],[17.10352,48.143204],[17.103696,48.143199],[17.1037,48.143259]]]}},{"type":"Feature","properties":{"v":14.7,"p":5},"geometry":{"type":"Polygon","coordinates":[[[17.103697,48.143317],[17.103521,48.143312],[17.103523,48.143263],[17.1037,48.143259],[17.103697,48.143317]]]}},{"type":"Feature","properties":{"v":14.8,"p":5},"geometry":{"type":"Polygon","coordinates":[[[17.103688,48.143376],[17.103599,48.14337],[17.103513,48.143363],[17.103521,48.143312],[17.103697,48.143317],[17.103688,48.143376]]]}},{"type":"Feature","properties":{"v":18.8,"p":6},"geometry":{"type":"Polygon","coordinates":[[[17.103513,48.143363],[17.103599,48.14337],[17.103582,48.143452],[17.103511,48.143447],[17.103366,48.143435],[17.103381,48.143354],[17.103513,48.143363]]]}},{"type":"Feature","properties":{"v":10.7,"p":4},"geometry":{"type":"Polygon","coordinates":[[[17.103366,48.143435],[17.103336,48.143433],[17.10335,48.143352],[17.103381,48.143354],[17.103366,48.143435]]]}},{"type":"Feature","properties":{"v":14.5,"p":5},"geometry":{"type":"Polygon","coordinates":[[[17.103688,48.143376],[17.103672,48.14346],[17.103582,48.143452],[17.103599,48.14337],[17.103688,48.143376]]]}},{"type":"Feature","properties":{"v":14.9,"p":5},"geometry":{"type":"Polygon","coordinates":[[[17.103672,48.14346],[17.103655,48.143535],[17.103566,48.143528],[17.103568,48.143519],[17.103582,48.143452],[17.103672,48.14346]]]}},{"type":"Feature","properties":{"v":19.3,"p":6},"geometry":{"type":"Polygon","coordinates":[[[17.103582,48.143452],[17.103568,48.143519],[17.103497,48.143514],[17.103511,48.143447],[17.103582,48.143452]]]}},{"type":"Feature","properties":{"v":16.5,"p":6},"geometry":{"type":"Polygon","coordinates":[[[17.103655,48.143535],[17.103649,48.143563],[17.103658,48.143563],[17.103653,48.143609],[17.103582,48.143605],[17.103553,48.143604],[17.103562,48.143551],[17.103566,48.143528],[17.103655,48.143535]]]}},{"type":"Feature","properties":{"v":17.2,"p":6},"geometry":{"type":"Polygon","coordinates":[[[17.103469,48.143545],[17.103472,48.143601],[17.103396,48.143599],[17.103389,48.143599],[17.103381,48.143537],[17.103469,48.143545]]]}},{"type":"Feature","properties":{"v":17.8,"p":6},"geometry":{"type":"Polygon","coordinates":[[[17.103478,48.143643],[17.10351,48.143701],[17.103418,48.143702],[17.103385,48.143649],[17.103396,48.143599],[17.103472,48.143601],[17.103484,48.143601],[17.103478,48.143643]]]}},{"type":"Feature","properties":{"v":16.6,"p":6},"geometry":{"type":"Polygon","coordinates":[[[17.103553,48.143604],[17.103484,48.143601],[17.103472,48.143601],[17.103469,48.143545],[17.103562,48.143551],[17.103553,48.143604]]]}},{"type":"Feature","properties":{"v":18.7,"p":6},"geometry":{"type":"Polygon","coordinates":[[[17.103642,48.143667],[17.10363,48.143667],[17.103573,48.143665],[17.103582,48.143605],[17.103653,48.143609],[17.103642,48.143667]]]}},{"type":"Feature","properties":{"v":18.7,"p":6},"geometry":{"type":"Polygon","coordinates":[[[17.103624,48.143716],[17.103647,48.143718],[17.10369,48.143818],[17.103683,48.143884],[17.10364,48.143871],[17.103617,48.143864],[17.103622,48.143823],[17.103573,48.143712],[17.103624,48.143716]]]}},{"type":"Feature","properties":{"v":13.8,"p":5},"geometry":{"type":"Polygon","coordinates":[[[17.103624,48.143716],[17.103573,48.143712],[17.103539,48.14371],[17.103545,48.143664],[17.103573,48.143665],[17.10363,48.143667],[17.103624,48.143716]]]}},{"type":"Feature","properties":{"v":18.1,"p":6},"geometry":{"type":"Polygon","coordinates":[[[17.10353,48.143889],[17.10345,48.143864],[17.103463,48.143844],[17.103454,48.143843],[17.103442,48.14381],[17.103401,48.143782],[17.103413,48.143773],[17.103434,48.143756],[17.103485,48.14379],[17.103506,48.143842],[17.103569,48.143843],[17.10353,48.143889]]]}},{"type":"Feature","properties":{"v":17.7,"p":6},"geometry":{"type":"Polygon","coordinates":[[[17.103485,48.14379],[17.103434,48.143756],[17.103413,48.143773],[17.103404,48.14376],[17.103418,48.143702],[17.10351,48.143701],[17.103485,48.14379]]]}},{"type":"Feature","properties":{"v":18.4,"p":6},"geometry":{"type":"Polygon","coordinates":[[[17.103617,48.143864],[17.10364,48.143871],[17.103635,48.143924],[17.103586,48.14392],[17.10359,48.143903],[17.10353,48.143889],[17.103569,48.143843],[17.103506,48.143842],[17.103485,48.14379],[17.10351,48.143701],[17.103478,48.143643],[17.103484,48.143601],[17.103553,48.143604],[17.103582,48.143605],[17.103573,48.143665],[17.103545,48.143664],[17.103539,48.14371],[17.103573,48.143712],[17.103622,48.143823],[17.103617,48.143864]]]}},{"type":"Feature","properties":{"v":14,"p":5},"geometry":{"type":"Polygon","coordinates":[[[17.103683,48.143884],[17.103676,48.143935],[17.103635,48.143924],[17.10364,48.143871],[17.103683,48.143884]]]}},{"type":"Feature","properties":{"v":19,"p":6},"geometry":{"type":"Polygon","coordinates":[[[17.103538,48.144133],[17.103468,48.144105],[17.103395,48.144075],[17.103309,48.144041],[17.103355,48.143989],[17.103366,48.143977],[17.103439,48.144007],[17.103457,48.143987],[17.103384,48.143957],[17.10344,48.143895],[17.103669,48.143987],[17.103538,48.144133]]]}},{"type":"Feature","properties":{"v":15.8,"p":5},"geometry":{"type":"Polygon","coordinates":[[[17.103384,48.143957],[17.103339,48.143913],[17.10332,48.143923],[17.103287,48.143927],[17.103257,48.143929],[17.103229,48.143926],[17.103166,48.143901],[17.103194,48.143875],[17.103237,48.143892],[17.103263,48.143894],[17.103299,48.143891],[17.103323,48.143881],[17.103343,48.143863],[17.10344,48.143895],[17.103384,48.143957]]]}},{"type":"Feature","properties":{"v":17.3,"p":6},"geometry":{"type":"Polygon","coordinates":[[[17.103163,48.143969],[17.103117,48.143949],[17.103166,48.143901],[17.103229,48.143926],[17.103215,48.143957],[17.103184,48.143945],[17.103163,48.143969]]]}},{"type":"Feature","properties":{"v":12.5,"p":4},"geometry":{"type":"Polygon","coordinates":[[[17.103281,48.143963],[17.103242,48.144003],[17.103163,48.143969],[17.103184,48.143945],[17.103215,48.143957],[17.103229,48.143926],[17.103257,48.143929],[17.103287,48.143927],[17.10332,48.143923],[17.103339,48.143913],[17.103384,48.143957],[17.103366,48.143977],[17.103355,48.143989],[17.103297,48.143962],[17.103281,48.143963]]]}},{"type":"Feature","properties":{"v":18.5,"p":6},"geometry":{"type":"Polygon","coordinates":[[[17.103138,48.14412],[17.103126,48.144115],[17.103058,48.14409],[17.103163,48.143969],[17.103242,48.144003],[17.103216,48.144034],[17.103229,48.14404],[17.103172,48.144103],[17.103158,48.144098],[17.103138,48.14412]]]}},{"type":"Feature","properties":{"v":16.6,"p":6},"geometry":{"type":"Polygon","coordinates":[[[17.103117,48.143949],[17.103163,48.143969],[17.103058,48.14409],[17.102996,48.144066],[17.103101,48.143943],[17.103117,48.143949]]]}},{"type":"Feature","properties":{"v":17.3,"p":6},"geometry":{"type":"Polygon","coordinates":[[[17.103124,48.144293],[17.103055,48.144327],[17.102979,48.144261],[17.102962,48.14423],[17.102967,48.14421],[17.102982,48.144189],[17.103058,48.14409],[17.103126,48.144115],[17.103071,48.144183],[17.103086,48.144189],[17.103061,48.144217],[17.103044,48.14421],[17.103026,48.144229],[17.10304,48.144225],[17.103069,48.144252],[17.103055,48.144258],[17.103071,48.144273],[17.103092,48.144262],[17.103124,48.144293]]]}},{"type":"Feature","properties":{"v":17,"p":6},"geometry":{"type":"Polygon","coordinates":[[[17.103055,48.144327],[17.103081,48.144351],[17.103009,48.144388],[17.102906,48.144297],[17.102979,48.144261],[17.103055,48.144327]]]}},{"type":"Feature","properties":{"v":17,"p":6},"geometry":{"type":"Polygon","coordinates":[[[17.102982,48.144189],[17.102967,48.14421],[17.102962,48.14423],[17.102979,48.144261],[17.102906,48.144297],[17.102879,48.144197],[17.102913,48.144159],[17.102982,48.144189]]]}},{"type":"Feature","properties":{"v":17.5,"p":6},"geometry":{"type":"Polygon","coordinates":[[[17.103058,48.14409],[17.102982,48.144189],[17.102913,48.144159],[17.102996,48.144066],[17.103058,48.14409]]]}},{"type":"Feature","properties":{"v":20.1,"p":7},"geometry":{"type":"Polygon","coordinates":[[[17.103468,48.144105],[17.103372,48.144227],[17.103328,48.144212],[17.103315,48.144207],[17.103338,48.144175],[17.103322,48.14417],[17.103395,48.144075],[17.103468,48.144105]]]}},{"type":"Feature","properties":{"v":17.3,"p":6},"geometry":{"type":"Polygon","coordinates":[[[17.103538,48.144133],[17.103468,48.144261],[17.103461,48.144259],[17.103393,48.144235],[17.103372,48.144227],[17.103468,48.144105],[17.103538,48.144133]]]}},{"type":"Feature","properties":{"v":17.6,"p":6},"geometry":{"type":"Polygon","coordinates":[[[17.103171,48.144422],[17.103135,48.144441],[17.103121,48.144429],[17.103143,48.144417],[17.103081,48.144351],[17.103055,48.144327],[17.103124,48.144293],[17.103161,48.144331],[17.10314,48.144341],[17.103179,48.144376],[17.103198,48.144375],[17.103226,48.144339],[17.103206,48.144331],[17.103248,48.144279],[17.103266,48.144285],[17.103328,48.144212],[17.103372,48.144227],[17.103393,48.144235],[17.103246,48.14441],[17.103269,48.144419],[17.10326,48.144432],[17.103223,48.144418],[17.103171,48.144422]]]}},{"type":"Feature","properties":{"v":14.4,"p":5},"geometry":{"type":"Polygon","coordinates":[[[17.103275,48.144461],[17.103129,48.144471],[17.103098,48.144446],[17.103084,48.144454],[17.103009,48.144388],[17.103081,48.144351],[17.103143,48.144417],[17.103121,48.144429],[17.103135,48.144441],[17.103171,48.144422],[17.103223,48.144418],[17.10326,48.144432],[17.103269,48.144419],[17.103246,48.14441],[17.103393,48.144235],[17.103461,48.144259],[17.103313,48.144438],[17.103296,48.144431],[17.103275,48.144461]]]}},{"type":"Feature","properties":{"v":20.9,"p":7},"geometry":{"type":"Polygon","coordinates":[[[17.098987,48.144488],[17.099012,48.144566],[17.098925,48.144581],[17.098819,48.1446],[17.098771,48.144609],[17.098736,48.144504],[17.09872,48.144298],[17.098782,48.144285],[17.098804,48.14428],[17.09882,48.144318],[17.098892,48.144305],[17.098919,48.144382],[17.098934,48.144423],[17.098965,48.144419],[17.098987,48.144488]]]}},{"type":"Feature","properties":{"v":15.3,"p":5},"geometry":{"type":"Polygon","coordinates":[[[17.09901,48.144279],[17.09899,48.144282],[17.099004,48.144324],[17.09902,48.144368],[17.098919,48.144382],[17.098892,48.144305],[17.098914,48.144288],[17.098929,48.144283],[17.098917,48.14425],[17.098967,48.144235],[17.098992,48.144228],[17.09901,48.144279]]]}},{"type":"Feature","properties":{"v":15.2,"p":5},"geometry":{"type":"Polygon","coordinates":[[[17.098886,48.143975],[17.098767,48.143991],[17.098753,48.143945],[17.098745,48.143918],[17.098864,48.143902],[17.098886,48.143975]]]}},{"type":"Feature","properties":{"v":12.9,"p":4},"geometry":{"type":"Polygon","coordinates":[[[17.098897,48.144008],[17.098764,48.144025],[17.09874,48.143947],[17.098753,48.143945],[17.098767,48.143991],[17.098886,48.143975],[17.098897,48.144008]]]}},{"type":"Feature","properties":{"v":17.5,"p":6},"geometry":{"type":"Polygon","coordinates":[[[17.098946,48.144051],[17.098966,48.144093],[17.098955,48.144132],[17.098938,48.14415],[17.09893,48.144159],[17.098817,48.144168],[17.098792,48.144163],[17.098777,48.14415],[17.098747,48.144027],[17.098764,48.144025],[17.098897,48.144008],[17.098946,48.144051]]]}},{"type":"Feature","properties":{"v":17.1,"p":6},"geometry":{"type":"Polygon","coordinates":[[[17.098967,48.144235],[17.098917,48.14425],[17.098804,48.14428],[17.098782,48.144285],[17.098762,48.144207],[17.09878,48.144206],[17.098773,48.144173],[17.098817,48.144168],[17.09893,48.144159],[17.098947,48.144158],[17.098967,48.144235]]]}},{"type":"Feature","properties":{"v":15.8,"p":5},"geometry":{"type":"Polygon","coordinates":[[[17.098777,48.14415],[17.098792,48.144163],[17.098817,48.144168],[17.098773,48.144173],[17.098752,48.144175],[17.098744,48.14417],[17.098747,48.144027],[17.098777,48.14415]]]}},{"type":"Feature","properties":{"v":14.7,"p":5},"geometry":{"type":"Polygon","coordinates":[[[17.098978,48.144132],[17.098975,48.144146],[17.098965,48.144155],[17.098947,48.144158],[17.09893,48.144159],[17.098938,48.14415],[17.098955,48.144132],[17.098966,48.144093],[17.098946,48.144051],[17.098897,48.144008],[17.098947,48.144002],[17.098978,48.144132]]]}},{"type":"Feature","properties":{"v":15.9,"p":5},"geometry":{"type":"Polygon","coordinates":[[[17.099068,48.144474],[17.098987,48.144488],[17.098965,48.144419],[17.098934,48.144423],[17.098919,48.144382],[17.09902,48.144368],[17.099068,48.144474]]]}},{"type":"Feature","properties":{"v":17.4,"p":6},"geometry":{"type":"Polygon","coordinates":[[[17.099048,48.144491],[17.099113,48.144543],[17.099012,48.144566],[17.098987,48.144488],[17.099068,48.144474],[17.099048,48.144491]]]}},{"type":"Feature","properties":{"v":11,"p":4},"geometry":{"type":"Polygon","coordinates":[[[17.099045,48.144318],[17.099004,48.144324],[17.09899,48.144282],[17.09901,48.144279],[17.098992,48.144228],[17.099013,48.144228],[17.099045,48.144318]]]}},{"type":"Feature","properties":{"v":7.7,"p":3},"geometry":{"type":"Polygon","coordinates":[[[17.09906,48.144362],[17.09902,48.144368],[17.099004,48.144324],[17.099045,48.144318],[17.09906,48.144362]]]}},{"type":"Feature","properties":{"v":9.3,"p":3},"geometry":{"type":"Polygon","coordinates":[[[17.099146,48.144436],[17.099048,48.144491],[17.099068,48.144474],[17.09902,48.144368],[17.09906,48.144362],[17.099146,48.144436]]]}},{"type":"Feature","properties":{"v":18.2,"p":6},"geometry":{"type":"Polygon","coordinates":[[[17.098976,48.144702],[17.098872,48.144722],[17.098819,48.1446],[17.098925,48.144581],[17.098976,48.144702]]]}},{"type":"Feature","properties":{"v":19.2,"p":6},"geometry":{"type":"Polygon","coordinates":[[[17.099187,48.145069],[17.099063,48.145093],[17.099044,48.145057],[17.098989,48.14507],[17.098972,48.145031],[17.09892,48.145042],[17.098883,48.14496],[17.098922,48.144952],[17.098804,48.144692],[17.098768,48.144699],[17.098733,48.144616],[17.098771,48.144609],[17.098819,48.1446],[17.098872,48.144722],[17.098976,48.144702],[17.099091,48.144955],[17.099129,48.144948],[17.099172,48.145039],[17.099187,48.145069]]]}},{"type":"Feature","properties":{"v":14.5,"p":5},"geometry":{"type":"Polygon","coordinates":[[[17.099488,48.144975],[17.099442,48.144984],[17.099172,48.145039],[17.099129,48.144948],[17.099127,48.144943],[17.099443,48.144878],[17.099488,48.144975]]]}},{"type":"Feature","properties":{"v":7.2,"p":2},"geometry":{"type":"Polygon","coordinates":[[[17.099731,48.144922],[17.099707,48.144928],[17.099488,48.144975],[17.099443,48.144878],[17.099439,48.144868],[17.099686,48.144817],[17.099731,48.144922]]]}},{"type":"Feature","properties":{"v":5.8,"p":2},"geometry":{"type":"Polygon","coordinates":[[[17.099722,48.144962],[17.099458,48.145017],[17.099442,48.144984],[17.099488,48.144975],[17.099707,48.144928],[17.099722,48.144962]]]}},{"type":"Feature","properties":{"v":5,"p":2},"geometry":{"type":"Polygon","coordinates":[[[17.096508,48.142053],[17.0965,48.142033],[17.096504,48.142032],[17.09648,48.141964],[17.096472,48.141965],[17.096467,48.14195],[17.096519,48.141942],[17.096535,48.14195],[17.096682,48.141927],[17.096695,48.141913],[17.096802,48.141896],[17.096824,48.141905],[17.096974,48.14188],[17.09697,48.141866],[17.097018,48.141859],[17.097025,48.14188],[17.097013,48.141882],[17.097037,48.141948],[17.097048,48.141946],[17.097053,48.141963],[17.097011,48.141969],[17.096919,48.141984],[17.096902,48.141998],[17.096904,48.142004],[17.096869,48.142009],[17.096865,48.142002],[17.096852,48.141998],[17.096723,48.142017],[17.096708,48.142029],[17.096709,48.142035],[17.096673,48.14204],[17.09667,48.142034],[17.096658,48.14203],[17.096508,48.142053]]]}},{"type":"Feature","properties":{"v":8.7,"p":3},"geometry":{"type":"Polygon","coordinates":[[[17.096637,48.141786],[17.096623,48.141799],[17.096618,48.141775],[17.097162,48.141689],[17.097199,48.141645],[17.097692,48.141571],[17.097712,48.14163],[17.097519,48.14166],[17.097514,48.141648],[17.097481,48.141637],[17.097245,48.141673],[17.097225,48.141696],[17.097226,48.141708],[17.096917,48.141761],[17.096886,48.141765],[17.096863,48.141748],[17.096637,48.141786]]]}},{"type":"Feature","properties":{"v":11.2,"p":4},"geometry":{"type":"Polygon","coordinates":[[[17.097559,48.140869],[17.097548,48.140872],[17.097539,48.140832],[17.097623,48.140824],[17.097559,48.140869]]]}},{"type":"Feature","properties":{"v":13.3,"p":4},"geometry":{"type":"Polygon","coordinates":[[[17.09762,48.140764],[17.097556,48.14077],[17.097536,48.140679],[17.0976,48.140673],[17.09762,48.140764]]]}},{"type":"Feature","properties":{"v":11.5,"p":4},"geometry":{"type":"Polygon","coordinates":[[[17.097556,48.14077],[17.097522,48.140774],[17.097501,48.140682],[17.097536,48.140679],[17.097556,48.14077]]]}},{"type":"Feature","properties":{"v":13.2,"p":4},"geometry":{"type":"Polygon","coordinates":[[[17.09801,48.140781],[17.097634,48.140823],[17.097724,48.140741],[17.097743,48.140739],[17.097879,48.140726],[17.097845,48.140607],[17.097935,48.140509],[17.09801,48.140781]]]}},{"type":"Feature","properties":{"v":4.4,"p":1},"geometry":{"type":"Polygon","coordinates":[[[17.097743,48.140739],[17.097724,48.140741],[17.097699,48.140623],[17.097718,48.140621],[17.097743,48.140739]]]}},{"type":"Feature","properties":{"v":11.3,"p":4},"geometry":{"type":"Polygon","coordinates":[[[17.097358,48.140653],[17.097292,48.14066],[17.097267,48.140683],[17.097256,48.140639],[17.097353,48.140626],[17.097358,48.140653]]]}},{"type":"Feature","properties":{"v":13.7,"p":5},"geometry":{"type":"Polygon","coordinates":[[[17.099113,48.143082],[17.099234,48.143108],[17.099275,48.143165],[17.098906,48.143209],[17.098838,48.14309],[17.098853,48.143067],[17.098998,48.143036],[17.099113,48.143082]]]}},{"type":"Feature","properties":{"v":15.5,"p":5},"geometry":{"type":"Polygon","coordinates":[[[17.099077,48.143249],[17.0991,48.143339],[17.098952,48.143354],[17.098906,48.143209],[17.099275,48.143165],[17.09932,48.143306],[17.099179,48.143322],[17.099155,48.143241],[17.099077,48.143249]]]}},{"type":"Feature","properties":{"v":15.5,"p":5},"geometry":{"type":"Polygon","coordinates":[[[17.099131,48.143457],[17.099142,48.143499],[17.098997,48.143518],[17.098977,48.14352],[17.098947,48.143386],[17.098961,48.143384],[17.098952,48.143354],[17.0991,48.143339],[17.099103,48.143348],[17.099158,48.143342],[17.099154,48.143325],[17.099179,48.143322],[17.09932,48.143306],[17.099372,48.143472],[17.099224,48.143489],[17.099212,48.143448],[17.099131,48.143457]]]}},{"type":"Feature","properties":{"v":15.6,"p":5},"geometry":{"type":"Polygon","coordinates":[[[17.099409,48.143615],[17.099263,48.143633],[17.099177,48.143643],[17.099015,48.143663],[17.098977,48.14352],[17.098997,48.143518],[17.099142,48.143499],[17.099153,48.143538],[17.099235,48.143529],[17.099224,48.143489],[17.099372,48.143472],[17.099409,48.143615]]]}},{"type":"Feature","properties":{"v":16.4,"p":5},"geometry":{"type":"Polygon","coordinates":[[[17.099427,48.143685],[17.099378,48.143698],[17.09929,48.143723],[17.099276,48.14368],[17.099263,48.143633],[17.099409,48.143615],[17.099427,48.143685]]]}},{"type":"Feature","properties":{"v":13.3,"p":4},"geometry":{"type":"Polygon","coordinates":[[[17.099398,48.143761],[17.099358,48.143769],[17.099353,48.143757],[17.099313,48.143765],[17.09929,48.143723],[17.099378,48.143698],[17.099405,48.143759],[17.099398,48.143761]]]}},{"type":"Feature","properties":{"v":14.9,"p":5},"geometry":{"type":"Polygon","coordinates":[[[17.099193,48.143692],[17.099211,48.143748],[17.099045,48.143774],[17.099015,48.143663],[17.099177,48.143643],[17.099193,48.143692]]]}},{"type":"Feature","properties":{"v":12.3,"p":4},"geometry":{"type":"Polygon","coordinates":[[[17.099276,48.14368],[17.099193,48.143692],[17.099177,48.143643],[17.099263,48.143633],[17.099276,48.14368]]]}},{"type":"Feature","properties":{"v":13.9,"p":5},"geometry":{"type":"Polygon","coordinates":[[[17.099419,48.143805],[17.099388,48.143812],[17.099227,48.143848],[17.0992,48.14379],[17.099235,48.143783],[17.099313,48.143765],[17.099353,48.143757],[17.099358,48.143769],[17.099398,48.143761],[17.099419,48.143805]]]}},{"type":"Feature","properties":{"v":14.2,"p":5},"geometry":{"type":"Polygon","coordinates":[[[17.099412,48.143863],[17.099383,48.143869],[17.099266,48.143894],[17.099249,48.143897],[17.099227,48.143848],[17.099388,48.143812],[17.099412,48.143863]]]}},{"type":"Feature","properties":{"v":15,"p":5},"geometry":{"type":"Polygon","coordinates":[[[17.09943,48.144022],[17.099269,48.144045],[17.099242,48.143955],[17.099285,48.143948],[17.099266,48.143894],[17.099383,48.143869],[17.09943,48.144022]]]}},{"type":"Feature","properties":{"v":12.3,"p":4},"geometry":{"type":"Polygon","coordinates":[[[17.099235,48.143783],[17.0992,48.14379],[17.099227,48.143848],[17.099249,48.143897],[17.099208,48.143906],[17.099083,48.143931],[17.099045,48.143774],[17.099211,48.143748],[17.09922,48.143747],[17.099235,48.143783]]]}},{"type":"Feature","properties":{"v":13.9,"p":5},"geometry":{"type":"Polygon","coordinates":[[[17.099269,48.144045],[17.099287,48.144103],[17.09926,48.144106],[17.099266,48.144134],[17.099135,48.14415],[17.099083,48.143931],[17.099208,48.143906],[17.099224,48.143958],[17.099242,48.143955],[17.099269,48.144045]]]}},{"type":"Feature","properties":{"v":14.3,"p":5},"geometry":{"type":"Polygon","coordinates":[[[17.099469,48.14411],[17.099341,48.144127],[17.099333,48.144096],[17.099287,48.144103],[17.099269,48.144045],[17.09943,48.144022],[17.099442,48.14402],[17.099469,48.14411]]]}},{"type":"Feature","properties":{"v":16.9,"p":6},"geometry":{"type":"Polygon","coordinates":[[[17.099487,48.144192],[17.099471,48.144202],[17.099484,48.144211],[17.099428,48.144245],[17.099401,48.144263],[17.099351,48.144227],[17.099395,48.1442],[17.09945,48.144166],[17.099487,48.144192]]]}},{"type":"Feature","properties":{"v":15.9,"p":5},"geometry":{"type":"Polygon","coordinates":[[[17.099401,48.144263],[17.099419,48.144275],[17.099395,48.14429],[17.099477,48.144352],[17.099426,48.144382],[17.099372,48.144341],[17.099324,48.144305],[17.09928,48.14427],[17.099302,48.144257],[17.099351,48.144227],[17.099401,48.144263]]]}},{"type":"Feature","properties":{"v":15.8,"p":5},"geometry":{"type":"Polygon","coordinates":[[[17.099372,48.144341],[17.099337,48.144361],[17.09929,48.144325],[17.099324,48.144305],[17.099372,48.144341]]]}},{"type":"Feature","properties":{"v":15.5,"p":5},"geometry":{"type":"Polygon","coordinates":[[[17.099505,48.144334],[17.099488,48.144345],[17.099477,48.144352],[17.099395,48.14429],[17.099419,48.144275],[17.099425,48.144272],[17.099505,48.144334]]]}},{"type":"Feature","properties":{"v":14.3,"p":5},"geometry":{"type":"Polygon","coordinates":[[[17.099395,48.1442],[17.099351,48.144227],[17.099302,48.144257],[17.099295,48.144226],[17.099285,48.144177],[17.099282,48.144167],[17.099347,48.14416],[17.099354,48.144156],[17.099358,48.14415],[17.099383,48.144152],[17.099395,48.1442]]]}},{"type":"Feature","properties":{"v":14.5,"p":5},"geometry":{"type":"Polygon","coordinates":[[[17.09945,48.144166],[17.099395,48.1442],[17.099383,48.144152],[17.099358,48.14415],[17.099348,48.144151],[17.099341,48.144127],[17.099469,48.14411],[17.099481,48.144147],[17.09945,48.144166]]]}},{"type":"Feature","properties":{"v":13.3,"p":4},"geometry":{"type":"Polygon","coordinates":[[[17.099295,48.144226],[17.099229,48.144233],[17.099217,48.144184],[17.099285,48.144177],[17.099295,48.144226]]]}},{"type":"Feature","properties":{"v":12.3,"p":4},"geometry":{"type":"Polygon","coordinates":[[[17.099285,48.144177],[17.099217,48.144184],[17.099229,48.144233],[17.099163,48.144241],[17.099135,48.14415],[17.099266,48.144134],[17.099276,48.144168],[17.099282,48.144167],[17.099285,48.144177]]]}},{"type":"Feature","properties":{"v":12.2,"p":4},"geometry":{"type":"Polygon","coordinates":[[[17.099302,48.144257],[17.09928,48.14427],[17.099221,48.144305],[17.099163,48.144241],[17.099229,48.144233],[17.099295,48.144226],[17.099302,48.144257]]]}},{"type":"Feature","properties":{"v":14.1,"p":5},"geometry":{"type":"Polygon","coordinates":[[[17.099426,48.144382],[17.099422,48.144385],[17.099343,48.144431],[17.099287,48.144387],[17.099299,48.144379],[17.099256,48.144347],[17.099266,48.144341],[17.099221,48.144305],[17.09928,48.14427],[17.099324,48.144305],[17.09929,48.144325],[17.099337,48.144361],[17.099372,48.144341],[17.099426,48.144382]]]}},{"type":"Feature","properties":{"v":14.3,"p":5},"geometry":{"type":"Polygon","coordinates":[[[17.099544,48.144177],[17.099516,48.144193],[17.099567,48.144231],[17.099462,48.144274],[17.099428,48.144245],[17.099484,48.144211],[17.099471,48.144202],[17.099487,48.144192],[17.099529,48.144166],[17.099544,48.144177]]]}},{"type":"Feature","properties":{"v":14.6,"p":5},"geometry":{"type":"Polygon","coordinates":[[[17.09961,48.144212],[17.099567,48.144231],[17.099516,48.144193],[17.099544,48.144177],[17.099529,48.144166],[17.099487,48.144192],[17.09945,48.144166],[17.099481,48.144147],[17.099509,48.144133],[17.09961,48.144212]]]}},{"type":"Feature","properties":{"v":11.1,"p":4},"geometry":{"type":"Polygon","coordinates":[[[17.099623,48.144227],[17.09948,48.144284],[17.099462,48.144274],[17.099567,48.144231],[17.09961,48.144212],[17.099623,48.144227]]]}},{"type":"Feature","properties":{"v":10,"p":3},"geometry":{"type":"Polygon","coordinates":[[[17.099632,48.14424],[17.099503,48.144298],[17.09948,48.144284],[17.099623,48.144227],[17.099632,48.14424]]]}},{"type":"Feature","properties":{"v":8.5,"p":3},"geometry":{"type":"Polygon","coordinates":[[[17.099644,48.144252],[17.099635,48.144258],[17.099531,48.144319],[17.099503,48.144298],[17.099632,48.14424],[17.099644,48.144252]]]}},{"type":"Feature","properties":{"v":14.8,"p":5},"geometry":{"type":"Polygon","coordinates":[[[17.099736,48.144406],[17.099823,48.144435],[17.099799,48.144466],[17.09974,48.144446],[17.099663,48.144419],[17.099686,48.144388],[17.099736,48.144406]]]}},{"type":"Feature","properties":{"v":14.7,"p":5},"geometry":{"type":"Polygon","coordinates":[[[17.099799,48.144466],[17.099767,48.144509],[17.099707,48.144489],[17.099724,48.144467],[17.09974,48.144446],[17.099799,48.144466]]]}},{"type":"Feature","properties":{"v":13.9,"p":5},"geometry":{"type":"Polygon","coordinates":[[[17.099767,48.144509],[17.099737,48.144547],[17.099719,48.144573],[17.099584,48.144524],[17.099588,48.144519],[17.099627,48.14447],[17.099701,48.144495],[17.099707,48.144489],[17.099767,48.144509]]]}},{"type":"Feature","properties":{"v":14.8,"p":5},"geometry":{"type":"Polygon","coordinates":[[[17.099654,48.144443],[17.099724,48.144467],[17.099707,48.144489],[17.099701,48.144495],[17.099627,48.14447],[17.099563,48.144423],[17.099584,48.144413],[17.099602,48.144404],[17.099654,48.144443]]]}},{"type":"Feature","properties":{"v":15,"p":5},"geometry":{"type":"Polygon","coordinates":[[[17.099627,48.14447],[17.099588,48.144519],[17.099511,48.144494],[17.099478,48.144474],[17.099511,48.144455],[17.099563,48.144423],[17.099627,48.14447]]]}},{"type":"Feature","properties":{"v":15.9,"p":5},"geometry":{"type":"Polygon","coordinates":[[[17.099518,48.144348],[17.09953,48.144357],[17.099539,48.144377],[17.099567,48.144384],[17.099585,48.1444],[17.099584,48.144413],[17.099563,48.144423],[17.099511,48.144455],[17.099422,48.144385],[17.099426,48.144382],[17.099477,48.144352],[17.099488,48.144345],[17.099518,48.144348]]]}},{"type":"Feature","properties":{"v":14.3,"p":5},"geometry":{"type":"Polygon","coordinates":[[[17.099511,48.144455],[17.099478,48.144474],[17.099435,48.1445],[17.099343,48.144431],[17.099422,48.144385],[17.099511,48.144455]]]}},{"type":"Feature","properties":{"v":13.1,"p":4},"geometry":{"type":"Polygon","coordinates":[[[17.099511,48.144494],[17.099588,48.144519],[17.099584,48.144524],[17.099558,48.144556],[17.099459,48.144521],[17.099435,48.1445],[17.099478,48.144474],[17.099511,48.144494]]]}},{"type":"Feature","properties":{"v":14.2,"p":5},"geometry":{"type":"Polygon","coordinates":[[[17.099719,48.144573],[17.099676,48.144628],[17.099604,48.144602],[17.099614,48.144589],[17.09955,48.144567],[17.099558,48.144556],[17.099584,48.144524],[17.099719,48.144573]]]}},{"type":"Feature","properties":{"v":14.2,"p":5},"geometry":{"type":"Polygon","coordinates":[[[17.099763,48.144371],[17.099736,48.144406],[17.099686,48.144388],[17.099713,48.144354],[17.099763,48.144371]]]}},{"type":"Feature","properties":{"v":12,"p":4},"geometry":{"type":"Polygon","coordinates":[[[17.099808,48.144362],[17.099853,48.144397],[17.099843,48.14441],[17.099823,48.144435],[17.099736,48.144406],[17.099763,48.144371],[17.099713,48.144354],[17.099728,48.144335],[17.099808,48.144362]]]}},{"type":"Feature","properties":{"v":10.1,"p":3},"geometry":{"type":"Polygon","coordinates":[[[17.099728,48.144335],[17.099713,48.144354],[17.099686,48.144388],[17.099663,48.144419],[17.099619,48.144388],[17.099718,48.144327],[17.099728,48.144335]]]}},{"type":"Feature","properties":{"v":3.5,"p":1},"geometry":{"type":"Polygon","coordinates":[[[17.099663,48.144419],[17.09974,48.144446],[17.099724,48.144467],[17.099654,48.144443],[17.099602,48.144404],[17.099584,48.144413],[17.099585,48.1444],[17.099567,48.144384],[17.099539,48.144377],[17.09953,48.144357],[17.099518,48.144348],[17.099488,48.144345],[17.099505,48.144334],[17.099425,48.144272],[17.099419,48.144275],[17.099401,48.144263],[17.099428,48.144245],[17.099462,48.144274],[17.09948,48.144284],[17.099503,48.144298],[17.099531,48.144319],[17.099585,48.144352],[17.099619,48.144388],[17.099663,48.144419]]]}},{"type":"Feature","properties":{"v":18,"p":6},"geometry":{"type":"Polygon","coordinates":[[[17.101827,48.144279],[17.10184,48.144302],[17.101648,48.14436],[17.101577,48.144397],[17.10155,48.144357],[17.101618,48.144319],[17.101815,48.144259],[17.101827,48.144279]]]}},{"type":"Feature","properties":{"v":20.2,"p":7},"geometry":{"type":"Polygon","coordinates":[[[17.101843,48.144307],[17.101864,48.144339],[17.101796,48.144359],[17.101804,48.144371],[17.101723,48.144397],[17.101729,48.144405],[17.101607,48.144442],[17.101577,48.144397],[17.101648,48.14436],[17.10184,48.144302],[17.101843,48.144307]]]}},{"type":"Feature","properties":{"v":20.6,"p":7},"geometry":{"type":"Polygon","coordinates":[[[17.101772,48.144469],[17.101726,48.144482],[17.10174,48.144501],[17.101662,48.144515],[17.101607,48.144442],[17.101729,48.144405],[17.101772,48.144469]]]}},{"type":"Feature","properties":{"v":19.9,"p":7},"geometry":{"type":"Polygon","coordinates":[[[17.101577,48.144397],[17.101607,48.144442],[17.101662,48.144515],[17.101712,48.144594],[17.101547,48.144633],[17.101507,48.144562],[17.101414,48.144396],[17.101508,48.144381],[17.10155,48.144357],[17.101577,48.144397]]]}},{"type":"Feature","properties":{"v":18.4,"p":6},"geometry":{"type":"Polygon","coordinates":[[[17.101547,48.144633],[17.101551,48.144642],[17.101415,48.144674],[17.101326,48.144694],[17.101195,48.144724],[17.101155,48.144646],[17.101507,48.144562],[17.101547,48.144633]]]}},{"type":"Feature","properties":{"v":19.7,"p":7},"geometry":{"type":"Polygon","coordinates":[[[17.10143,48.144706],[17.101342,48.144725],[17.101326,48.144694],[17.101415,48.144674],[17.10143,48.144706]]]}},{"type":"Feature","properties":{"v":17.7,"p":6},"geometry":{"type":"Polygon","coordinates":[[[17.101129,48.144774],[17.101128,48.14477],[17.101113,48.144729],[17.101089,48.144662],[17.101155,48.144646],[17.101195,48.144724],[17.101326,48.144694],[17.101342,48.144725],[17.101129,48.144774]]]}},{"type":"Feature","properties":{"v":17.2,"p":6},"geometry":{"type":"Polygon","coordinates":[[[17.101565,48.14467],[17.101567,48.144674],[17.10143,48.144706],[17.101415,48.144674],[17.101551,48.144642],[17.101565,48.14467]]]}},{"type":"Feature","properties":{"v":18.6,"p":6},"geometry":{"type":"Polygon","coordinates":[[[17.102022,48.144358],[17.101917,48.14437],[17.101912,48.144351],[17.101899,48.144298],[17.102003,48.144286],[17.102022,48.144358]]]}},{"type":"Feature","properties":{"v":16.6,"p":6},"geometry":{"type":"Polygon","coordinates":[[[17.101912,48.144351],[17.101876,48.144358],[17.101811,48.144381],[17.101804,48.144371],[17.101796,48.144359],[17.101864,48.144339],[17.101843,48.144307],[17.101899,48.144298],[17.101912,48.144351]]]}},{"type":"Feature","properties":{"v":17.3,"p":6},"geometry":{"type":"Polygon","coordinates":[[[17.10201,48.144555],[17.101917,48.144572],[17.101903,48.144542],[17.101869,48.144469],[17.101811,48.144381],[17.101876,48.144358],[17.101914,48.144414],[17.101873,48.144419],[17.101894,48.144462],[17.101952,48.144454],[17.10201,48.144555]]]}},{"type":"Feature","properties":{"v":19.2,"p":6},"geometry":{"type":"Polygon","coordinates":[[[17.102318,48.144513],[17.10201,48.144555],[17.101952,48.144454],[17.102032,48.144443],[17.102024,48.144429],[17.102144,48.1444],[17.102162,48.144424],[17.102257,48.144412],[17.102318,48.144513]]]}},{"type":"Feature","properties":{"v":16.2,"p":5},"geometry":{"type":"Polygon","coordinates":[[[17.102024,48.144429],[17.102008,48.144405],[17.101914,48.144414],[17.101876,48.144358],[17.101912,48.144351],[17.101917,48.14437],[17.102022,48.144358],[17.102003,48.144286],[17.101899,48.144298],[17.101843,48.144307],[17.10184,48.144302],[17.101827,48.144279],[17.101932,48.144255],[17.102079,48.144248],[17.102138,48.144293],[17.10214,48.144322],[17.102102,48.144326],[17.102144,48.1444],[17.102024,48.144429]]]}},{"type":"Feature","properties":{"v":12.2,"p":4},"geometry":{"type":"Polygon","coordinates":[[[17.102079,48.144248],[17.101932,48.144255],[17.101827,48.144279],[17.101839,48.144244],[17.101926,48.144225],[17.102055,48.144218],[17.102079,48.144248]]]}},{"type":"Feature","properties":{"v":15.8,"p":5},"geometry":{"type":"Polygon","coordinates":[[[17.101917,48.144572],[17.101827,48.144588],[17.101717,48.144609],[17.101712,48.144594],[17.101662,48.144515],[17.10174,48.144501],[17.101726,48.144482],[17.101772,48.144469],[17.101811,48.144557],[17.101903,48.144542],[17.101917,48.144572]]]}},{"type":"Feature","properties":{"v":17.2,"p":6},"geometry":{"type":"Polygon","coordinates":[[[17.101565,48.14467],[17.101551,48.144642],[17.101547,48.144633],[17.101712,48.144594],[17.101717,48.144609],[17.101729,48.144631],[17.101684,48.144641],[17.101686,48.144646],[17.101634,48.144658],[17.101632,48.144654],[17.101565,48.14467]]]}},{"type":"Feature","properties":{"v":18.8,"p":6},"geometry":{"type":"Polygon","coordinates":[[[17.10175,48.144671],[17.101587,48.14471],[17.101567,48.144674],[17.101565,48.14467],[17.101632,48.144654],[17.101634,48.144658],[17.101686,48.144646],[17.101684,48.144641],[17.101729,48.144631],[17.101741,48.144653],[17.10175,48.144671]]]}},{"type":"Feature","properties":{"v":17.4,"p":6},"geometry":{"type":"Polygon","coordinates":[[[17.100664,48.144759],[17.100664,48.144787],[17.100577,48.144817],[17.100511,48.144807],[17.100516,48.144791],[17.100319,48.144759],[17.100333,48.144731],[17.100339,48.144721],[17.100415,48.144734],[17.100418,48.144722],[17.100473,48.144731],[17.100519,48.144625],[17.100636,48.144648],[17.100642,48.144737],[17.100664,48.144736],[17.100664,48.144759]]]}},{"type":"Feature","properties":{"v":14.7,"p":5},"geometry":{"type":"Polygon","coordinates":[[[17.100473,48.144731],[17.100418,48.144722],[17.100412,48.144721],[17.100471,48.144585],[17.100655,48.144618],[17.100657,48.144634],[17.100662,48.144707],[17.100664,48.144736],[17.100642,48.144737],[17.100636,48.144648],[17.100519,48.144625],[17.100473,48.144731]]]}},{"type":"Feature","properties":{"v":9.7,"p":3},"geometry":{"type":"Polygon","coordinates":[[[17.100676,48.144598],[17.100657,48.144634],[17.100655,48.144618],[17.100471,48.144585],[17.10049,48.144555],[17.100552,48.144565],[17.100544,48.144582],[17.10061,48.144585],[17.100676,48.144598]]]}},{"type":"Feature","properties":{"v":15.1,"p":5},"geometry":{"type":"Polygon","coordinates":[[[17.100278,48.144674],[17.10026,48.144716],[17.100256,48.144724],[17.100128,48.144698],[17.099988,48.144671],[17.099992,48.144662],[17.100023,48.144594],[17.100061,48.144511],[17.100111,48.144522],[17.100106,48.144534],[17.100124,48.144537],[17.100261,48.144563],[17.100286,48.144568],[17.10029,48.144559],[17.100326,48.144565],[17.100278,48.144674]]]}},{"type":"Feature","properties":{"v":15.1,"p":5},"geometry":{"type":"Polygon","coordinates":[[[17.100305,48.144522],[17.10029,48.144559],[17.100286,48.144568],[17.100261,48.144563],[17.100124,48.144537],[17.100106,48.144534],[17.100111,48.144522],[17.100127,48.144487],[17.100305,48.144522]]]}},{"type":"Feature","properties":{"v":4.4,"p":1},"geometry":{"type":"Polygon","coordinates":[[[17.100347,48.144529],[17.100333,48.144566],[17.100326,48.144565],[17.10029,48.144559],[17.100305,48.144522],[17.100347,48.144529]]]}},{"type":"Feature","properties":{"v":16,"p":5},"geometry":{"type":"Polygon","coordinates":[[[17.099905,48.144432],[17.09993,48.144441],[17.099909,48.1445],[17.099841,48.144581],[17.099737,48.144547],[17.099767,48.144509],[17.099799,48.144466],[17.099823,48.144435],[17.099843,48.14441],[17.099905,48.144432]]]}},{"type":"Feature","properties":{"v":14.4,"p":5},"geometry":{"type":"Polygon","coordinates":[[[17.099881,48.144585],[17.099947,48.144608],[17.099933,48.144648],[17.099928,48.144661],[17.099841,48.144634],[17.099782,48.144612],[17.09975,48.144584],[17.099719,48.144573],[17.099737,48.144547],[17.099841,48.144581],[17.099909,48.1445],[17.09993,48.144441],[17.099905,48.144432],[17.099914,48.144421],[17.099953,48.144434],[17.099909,48.144555],[17.099881,48.144585]]]}},{"type":"Feature","properties":{"v":12.5,"p":4},"geometry":{"type":"Polygon","coordinates":[[[17.099992,48.144662],[17.099988,48.144671],[17.100128,48.144698],[17.100117,48.144727],[17.099921,48.144684],[17.099928,48.144661],[17.099933,48.144648],[17.099992,48.144662]]]}},{"type":"Feature","properties":{"v":14.6,"p":5},"geometry":{"type":"Polygon","coordinates":[[[17.100333,48.144731],[17.100319,48.144759],[17.100314,48.144769],[17.100117,48.144727],[17.100128,48.144698],[17.100256,48.144724],[17.10026,48.144716],[17.100333,48.144731]]]}},{"type":"Feature","properties":{"v":15.4,"p":5},"geometry":{"type":"Polygon","coordinates":[[[17.100117,48.144727],[17.100314,48.144769],[17.100297,48.144812],[17.099905,48.144723],[17.099921,48.144684],[17.100117,48.144727]]]}},{"type":"Feature","properties":{"v":17.4,"p":6},"geometry":{"type":"Polygon","coordinates":[[[17.100673,48.144829],[17.100578,48.144861],[17.100561,48.144853],[17.100297,48.144812],[17.100314,48.144769],[17.100319,48.144759],[17.100516,48.144791],[17.100511,48.144807],[17.100577,48.144817],[17.100664,48.144787],[17.100673,48.144829]]]}},{"type":"Feature","properties":{"v":16.8,"p":6},"geometry":{"type":"Polygon","coordinates":[[[17.09975,48.144584],[17.099782,48.144612],[17.099841,48.144634],[17.099928,48.144661],[17.099921,48.144684],[17.099905,48.144723],[17.099776,48.144682],[17.099676,48.144628],[17.099719,48.144573],[17.09975,48.144584]]]}},{"type":"Feature","properties":{"v":17.4,"p":6},"geometry":{"type":"Polygon","coordinates":[[[17.101844,48.144625],[17.101847,48.144631],[17.101741,48.144653],[17.101729,48.144631],[17.101717,48.144609],[17.101827,48.144588],[17.101844,48.144625]]]}},{"type":"Feature","properties":{"v":17.5,"p":6},"geometry":{"type":"Polygon","coordinates":[[[17.101927,48.144609],[17.101844,48.144625],[17.101827,48.144588],[17.101917,48.144572],[17.101927,48.144609]]]}},{"type":"Feature","properties":{"v":18.1,"p":6},"geometry":{"type":"Polygon","coordinates":[[[17.102029,48.144593],[17.101929,48.144613],[17.101927,48.144609],[17.101917,48.144572],[17.10201,48.144555],[17.102029,48.144593]]]}},{"type":"Feature","properties":{"v":20,"p":7},"geometry":{"type":"Polygon","coordinates":[[[17.102334,48.14454],[17.102351,48.144567],[17.102037,48.14461],[17.102029,48.144593],[17.10201,48.144555],[17.102318,48.144513],[17.102334,48.14454]]]}},{"type":"Feature","properties":{"v":21.2,"p":7},"geometry":{"type":"Polygon","coordinates":[[[17.102656,48.14448],[17.102334,48.14454],[17.102318,48.144513],[17.102257,48.144412],[17.102358,48.1444],[17.102382,48.144436],[17.102484,48.14442],[17.102429,48.144395],[17.102357,48.144305],[17.102313,48.144298],[17.102229,48.144309],[17.102183,48.144245],[17.102292,48.144214],[17.102301,48.144228],[17.102425,48.144213],[17.102458,48.144246],[17.102656,48.14448]]]}},{"type":"Feature","properties":{"v":23.3,"p":8},"geometry":{"type":"Polygon","coordinates":[[[17.102729,48.144471],[17.102691,48.144519],[17.102357,48.144577],[17.102351,48.144567],[17.102334,48.14454],[17.102656,48.14448],[17.102458,48.144246],[17.102425,48.144213],[17.102301,48.144228],[17.102292,48.144214],[17.102183,48.144245],[17.102151,48.144206],[17.102273,48.144169],[17.102295,48.144202],[17.102442,48.144183],[17.102458,48.144172],[17.102511,48.144208],[17.102729,48.144471]]]}},{"type":"Feature","properties":{"v":16.1,"p":5},"geometry":{"type":"Polygon","coordinates":[[[17.101004,48.144727],[17.100991,48.144742],[17.100906,48.144765],[17.100915,48.14478],[17.100877,48.144789],[17.100869,48.144775],[17.100851,48.144774],[17.100838,48.144753],[17.100828,48.144687],[17.100974,48.144653],[17.101004,48.144727]]]}},{"type":"Feature","properties":{"v":12.8,"p":4},"geometry":{"type":"Polygon","coordinates":[[[17.100963,48.144629],[17.100974,48.144653],[17.100828,48.144687],[17.10079,48.144628],[17.100944,48.144588],[17.100963,48.144629]]]}},{"type":"Feature","properties":{"v":16.1,"p":5},"geometry":{"type":"Polygon","coordinates":[[[17.100828,48.144687],[17.100838,48.144753],[17.100851,48.144774],[17.100869,48.144775],[17.100877,48.144789],[17.100895,48.144832],[17.100821,48.14483],[17.100737,48.144828],[17.100735,48.144757],[17.100803,48.144756],[17.10079,48.144628],[17.100828,48.144687]]]}},{"type":"Feature","properties":{"v":15.6,"p":5},"geometry":{"type":"Polygon","coordinates":[[[17.100737,48.144828],[17.100673,48.144829],[17.100664,48.144787],[17.100664,48.144759],[17.100735,48.144757],[17.100737,48.144828]]]}},{"type":"Feature","properties":{"v":4.9,"p":2},"geometry":{"type":"Polygon","coordinates":[[[17.100735,48.144757],[17.100664,48.144759],[17.100664,48.144736],[17.100662,48.144707],[17.100738,48.144707],[17.100735,48.144757]]]}},{"type":"Feature","properties":{"v":4.6,"p":2},"geometry":{"type":"Polygon","coordinates":[[[17.100739,48.144619],[17.100738,48.144707],[17.100662,48.144707],[17.100657,48.144634],[17.100676,48.144598],[17.100739,48.144619]]]}},{"type":"Feature","properties":{"v":11.5,"p":4},"geometry":{"type":"Polygon","coordinates":[[[17.100915,48.14478],[17.100906,48.144765],[17.100991,48.144742],[17.101004,48.144727],[17.100974,48.144653],[17.100989,48.14465],[17.101037,48.144743],[17.10103,48.144764],[17.100956,48.144781],[17.10095,48.144771],[17.100915,48.14478]]]}},{"type":"Feature","properties":{"v":18.5,"p":6},"geometry":{"type":"Polygon","coordinates":[[[17.100956,48.144781],[17.100966,48.144804],[17.10097,48.144814],[17.100895,48.144832],[17.100877,48.144789],[17.100915,48.14478],[17.10095,48.144771],[17.100956,48.144781]]]}},{"type":"Feature","properties":{"v":15,"p":5},"geometry":{"type":"Polygon","coordinates":[[[17.101128,48.14477],[17.100966,48.144804],[17.100956,48.144781],[17.10103,48.144764],[17.101037,48.144743],[17.101113,48.144729],[17.101128,48.14477]]]}},{"type":"Feature","properties":{"v":18.4,"p":6},"geometry":{"type":"Polygon","coordinates":[[[17.100886,48.144869],[17.100821,48.14483],[17.100895,48.144832],[17.10097,48.144814],[17.100966,48.144804],[17.101128,48.14477],[17.101129,48.144774],[17.101342,48.144725],[17.10143,48.144706],[17.101567,48.144674],[17.101587,48.14471],[17.100886,48.144869]]]}},{"type":"Feature","properties":{"v":4.5,"p":2},"geometry":{"type":"Polygon","coordinates":[[[17.097501,48.146387],[17.097453,48.146395],[17.097433,48.14635],[17.097419,48.146352],[17.097379,48.14626],[17.097275,48.146278],[17.097257,48.146276],[17.097242,48.146282],[17.097201,48.146189],[17.097396,48.146155],[17.097501,48.146387]]]}},{"type":"Feature","properties":{"v":8.5,"p":3},"geometry":{"type":"Polygon","coordinates":[[[17.102745,48.14558],[17.102746,48.14561],[17.102727,48.145613],[17.102673,48.145478],[17.102701,48.145474],[17.102745,48.14558]]]}},{"type":"Feature","properties":{"v":4.8,"p":2},"geometry":{"type":"Polygon","coordinates":[[[17.100902,48.140387],[17.100919,48.140472],[17.100846,48.140473],[17.100811,48.140472],[17.100778,48.140465],[17.100752,48.140457],[17.100716,48.140446],[17.100683,48.140433],[17.10066,48.140422],[17.100643,48.140412],[17.10063,48.1404],[17.100619,48.140388],[17.100607,48.14037],[17.100601,48.140355],[17.100596,48.140337],[17.100589,48.140312],[17.10058,48.140254],[17.100567,48.140185],[17.100684,48.140175],[17.100686,48.140193],[17.100739,48.140193],[17.10074,48.140256],[17.100686,48.140253],[17.100686,48.140263],[17.100784,48.140273],[17.100787,48.140309],[17.100736,48.140315],[17.100741,48.140329],[17.100755,48.140347],[17.100771,48.14036],[17.100802,48.140373],[17.100833,48.140379],[17.100858,48.140379],[17.100844,48.140322],[17.100819,48.140323],[17.100801,48.140274],[17.100862,48.140275],[17.100902,48.140387]]]}},{"type":"Feature","properties":{"v":10.1,"p":3},"geometry":{"type":"Polygon","coordinates":[[[17.094821,48.147038],[17.094799,48.147102],[17.094792,48.147124],[17.094723,48.147112],[17.094754,48.147027],[17.094821,48.147038]]]}},{"type":"Feature","properties":{"v":16.7,"p":6},"geometry":{"type":"Polygon","coordinates":[[[17.095542,48.143182],[17.095512,48.14316],[17.095501,48.143166],[17.095461,48.143028],[17.095491,48.143011],[17.09547,48.142995],[17.095496,48.14298],[17.095485,48.142971],[17.095562,48.142926],[17.095592,48.142948],[17.095729,48.143052],[17.095743,48.143062],[17.095542,48.143182]]]}},{"type":"Feature","properties":{"v":17.6,"p":6},"geometry":{"type":"Polygon","coordinates":[[[17.095833,48.142805],[17.095971,48.142909],[17.095983,48.142918],[17.095779,48.143039],[17.095768,48.143031],[17.095629,48.142926],[17.095639,48.14292],[17.095609,48.142897],[17.095803,48.142782],[17.095833,48.142805]]]}},{"type":"Feature","properties":{"v":17,"p":6},"geometry":{"type":"Polygon","coordinates":[[[17.095971,48.142909],[17.095833,48.142805],[17.095872,48.142781],[17.095844,48.14276],[17.09592,48.142715],[17.095972,48.142754],[17.096038,48.142714],[17.096062,48.142732],[17.096085,48.142718],[17.096093,48.142724],[17.096109,48.142715],[17.096116,48.14272],[17.096132,48.142711],[17.09614,48.142717],[17.096157,48.142707],[17.096188,48.14273],[17.096197,48.142725],[17.096231,48.14275],[17.096209,48.142763],[17.096224,48.142774],[17.096022,48.142894],[17.096011,48.142885],[17.095971,48.142909]]]}},{"type":"Feature","properties":{"v":12.4,"p":4},"geometry":{"type":"Polygon","coordinates":[[[17.095768,48.143031],[17.095729,48.143052],[17.095592,48.142948],[17.095629,48.142926],[17.095768,48.143031]]]}},{"type":"Feature","properties":{"v":17.2,"p":6},"geometry":{"type":"Polygon","coordinates":[[[17.102773,48.143862],[17.102834,48.143887],[17.102692,48.144039],[17.102582,48.143992],[17.102642,48.143904],[17.102708,48.143834],[17.102773,48.143862]]]}},{"type":"Feature","properties":{"v":14,"p":5},"geometry":{"type":"Polygon","coordinates":[[[17.103119,48.143749],[17.102944,48.143935],[17.102911,48.143921],[17.103086,48.143735],[17.103119,48.143749]]]}},{"type":"Feature","properties":{"v":11.5,"p":4},"geometry":{"type":"Polygon","coordinates":[[[17.103258,48.143579],[17.103232,48.143737],[17.103137,48.14373],[17.103178,48.143686],[17.103196,48.143575],[17.103258,48.143579]]]}},{"type":"Feature","properties":{"v":11.2,"p":4},"geometry":{"type":"Polygon","coordinates":[[[17.10326,48.143768],[17.103151,48.143763],[17.102977,48.143949],[17.102944,48.143935],[17.103119,48.143749],[17.103137,48.14373],[17.103232,48.143737],[17.103258,48.143579],[17.103307,48.143585],[17.10328,48.143736],[17.10326,48.143768]]]}},{"type":"Feature","properties":{"v":5.8,"p":2},"geometry":{"type":"Polygon","coordinates":[[[17.10703,48.141261],[17.106987,48.141321],[17.106884,48.141289],[17.106927,48.141228],[17.10703,48.141261]]]}},{"type":"Feature","properties":{"v":3,"p":1},"geometry":{"type":"Polygon","coordinates":[[[17.106634,48.141674],[17.106546,48.141773],[17.106485,48.141751],[17.106507,48.141734],[17.106592,48.141655],[17.106634,48.141674]]]}},{"type":"Feature","properties":{"v":3.6,"p":1},"geometry":{"type":"Polygon","coordinates":[[[17.106726,48.141576],[17.106646,48.141678],[17.106634,48.141674],[17.106592,48.141655],[17.106585,48.141652],[17.106679,48.141555],[17.106726,48.141576]]]}},{"type":"Feature","properties":{"v":18.4,"p":6},"geometry":{"type":"Polygon","coordinates":[[[17.106852,48.140614],[17.106702,48.140595],[17.106704,48.140552],[17.106715,48.140394],[17.106911,48.140404],[17.106852,48.140614]]]}},{"type":"Feature","properties":{"v":17.4,"p":6},"geometry":{"type":"Polygon","coordinates":[[[17.106857,48.140706],[17.106815,48.140803],[17.106741,48.140933],[17.106538,48.140871],[17.106649,48.140676],[17.106857,48.140706]]]}},{"type":"Feature","properties":{"v":11.7,"p":4},"geometry":{"type":"Polygon","coordinates":[[[17.10691,48.140822],[17.10687,48.140814],[17.106815,48.140803],[17.106857,48.140706],[17.107031,48.140722],[17.106987,48.140791],[17.106928,48.140785],[17.10691,48.140822]]]}},{"type":"Feature","properties":{"v":23,"p":8},"geometry":{"type":"Polygon","coordinates":[[[17.106194,48.141303],[17.10607,48.141481],[17.105986,48.141444],[17.106074,48.141321],[17.105924,48.141263],[17.105824,48.141372],[17.105728,48.14133],[17.105794,48.14126],[17.105928,48.141112],[17.106244,48.141251],[17.106194,48.141303]]]}},{"type":"Feature","properties":{"v":18.2,"p":6},"geometry":{"type":"Polygon","coordinates":[[[17.106688,48.141436],[17.106605,48.141524],[17.106595,48.141535],[17.106541,48.141512],[17.106414,48.141459],[17.106346,48.14143],[17.106431,48.14133],[17.106688,48.141436]]]}},{"type":"Feature","properties":{"v":16.6,"p":6},"geometry":{"type":"Polygon","coordinates":[[[17.106926,48.141525],[17.106841,48.141624],[17.106726,48.141576],[17.106679,48.141555],[17.106605,48.141524],[17.106688,48.141436],[17.106926,48.141525]]]}},{"type":"Feature","properties":{"v":16.4,"p":5},"geometry":{"type":"Polygon","coordinates":[[[17.106279,48.141652],[17.106346,48.141684],[17.106398,48.141712],[17.106261,48.141805],[17.106123,48.141732],[17.106206,48.141617],[17.106279,48.141652]]]}},{"type":"Feature","properties":{"v":14.3,"p":5},"geometry":{"type":"Polygon","coordinates":[[[17.106585,48.141652],[17.106592,48.141655],[17.106507,48.141734],[17.106485,48.141751],[17.106469,48.141761],[17.106532,48.141789],[17.106562,48.141802],[17.106467,48.141912],[17.106261,48.141805],[17.106398,48.141712],[17.10651,48.141619],[17.106585,48.141652]]]}},{"type":"Feature","properties":{"v":20.8,"p":7},"geometry":{"type":"Polygon","coordinates":[[[17.106144,48.141545],[17.106234,48.141578],[17.106206,48.141617],[17.106123,48.141732],[17.105961,48.141653],[17.10607,48.141481],[17.106194,48.141303],[17.106244,48.141251],[17.106431,48.14133],[17.106346,48.14143],[17.106252,48.1414],[17.106144,48.141545]]]}},{"type":"Feature","properties":{"v":22.1,"p":7},"geometry":{"type":"Polygon","coordinates":[[[17.106385,48.142291],[17.106224,48.142329],[17.106191,48.142238],[17.106073,48.142242],[17.106076,48.142212],[17.106082,48.142148],[17.106162,48.142145],[17.106151,48.142006],[17.106106,48.141972],[17.106011,48.141901],[17.106102,48.141811],[17.106369,48.141934],[17.106385,48.142291]]]}},{"type":"Feature","properties":{"v":18,"p":6},"geometry":{"type":"Polygon","coordinates":[[[17.106423,48.142417],[17.106266,48.142432],[17.10613,48.142457],[17.106065,48.142292],[17.10609,48.142288],[17.106134,48.14228],[17.106162,48.142342],[17.106224,48.142329],[17.106385,48.142291],[17.106414,48.142347],[17.106423,48.142417]]]}},{"type":"Feature","properties":{"v":18.7,"p":6},"geometry":{"type":"Polygon","coordinates":[[[17.106428,48.142778],[17.106078,48.142777],[17.106074,48.142718],[17.106199,48.142714],[17.106196,48.142673],[17.106033,48.142678],[17.10603,48.142637],[17.106306,48.142628],[17.106422,48.142624],[17.106428,48.142778]]]}},{"type":"Feature","properties":{"v":19.3,"p":6},"geometry":{"type":"Polygon","coordinates":[[[17.106429,48.142953],[17.106002,48.142941],[17.106005,48.142888],[17.106225,48.142893],[17.106228,48.142842],[17.106008,48.142836],[17.106011,48.142777],[17.106078,48.142777],[17.106428,48.142778],[17.106429,48.142953]]]}},{"type":"Feature","properties":{"v":19,"p":6},"geometry":{"type":"Polygon","coordinates":[[[17.106413,48.143259],[17.106172,48.14323],[17.105944,48.143177],[17.105968,48.143103],[17.105981,48.143105],[17.106085,48.143119],[17.106221,48.143138],[17.106236,48.143017],[17.106132,48.143013],[17.106005,48.143008],[17.105874,48.143003],[17.105891,48.142939],[17.106002,48.142941],[17.106429,48.142953],[17.106431,48.143098],[17.106413,48.143259]]]}},{"type":"Feature","properties":{"v":8.4,"p":3},"geometry":{"type":"Polygon","coordinates":[[[17.107454,48.140381],[17.106766,48.140359],[17.106783,48.140175],[17.107249,48.14019],[17.10734,48.140193],[17.107466,48.140197],[17.107454,48.140381]]]}},{"type":"Feature","properties":{"v":13,"p":4},"geometry":{"type":"Polygon","coordinates":[[[17.10729,48.140481],[17.107246,48.140593],[17.107285,48.140602],[17.107255,48.14068],[17.107246,48.140703],[17.107093,48.140664],[17.107173,48.140461],[17.10729,48.140481]]]}},{"type":"Feature","properties":{"v":10.4,"p":3},"geometry":{"type":"Polygon","coordinates":[[[17.107304,48.14081],[17.107292,48.140823],[17.10724,48.140884],[17.107186,48.140943],[17.107128,48.140915],[17.107163,48.140881],[17.107142,48.140874],[17.107149,48.140867],[17.107243,48.140783],[17.107304,48.14081]]]}},{"type":"Feature","properties":{"v":14.1,"p":5},"geometry":{"type":"Polygon","coordinates":[[[17.10712,48.140736],[17.107182,48.140753],[17.107247,48.140778],[17.107243,48.140783],[17.107149,48.140867],[17.106977,48.140806],[17.106987,48.140791],[17.107031,48.140722],[17.10712,48.140736]]]}},{"type":"Feature","properties":{"v":27.3,"p":9},"geometry":{"type":"Polygon","coordinates":[[[17.107528,48.141172],[17.107266,48.141097],[17.107308,48.141046],[17.107351,48.140993],[17.107435,48.141018],[17.10742,48.141043],[17.107504,48.141068],[17.10752,48.141044],[17.107602,48.141071],[17.107528,48.141172]]]}},{"type":"Feature","properties":{"v":12.6,"p":4},"geometry":{"type":"Polygon","coordinates":[[[17.107508,48.140736],[17.107425,48.140731],[17.107255,48.14068],[17.107285,48.140602],[17.107326,48.140612],[17.107344,48.140563],[17.107312,48.140559],[17.107323,48.140501],[17.107428,48.140508],[17.107427,48.14055],[17.107518,48.140552],[17.107508,48.140736]]]}},{"type":"Feature","properties":{"v":21.7,"p":7},"geometry":{"type":"Polygon","coordinates":[[[17.107466,48.140197],[17.10734,48.140193],[17.107249,48.14019],[17.106783,48.140175],[17.106795,48.140007],[17.107479,48.140029],[17.107466,48.140197]]]}},{"type":"Feature","properties":{"v":29.8,"p":10},"geometry":{"type":"Polygon","coordinates":[[[17.106926,48.141979],[17.106864,48.142054],[17.106821,48.142106],[17.106637,48.142038],[17.107017,48.141578],[17.10724,48.141662],[17.107151,48.141769],[17.107112,48.141754],[17.106926,48.141979]]]}},{"type":"Feature","properties":{"v":27.5,"p":9},"geometry":{"type":"Polygon","coordinates":[[[17.107638,48.140956],[17.107668,48.140982],[17.107633,48.14103],[17.107556,48.141005],[17.107465,48.140976],[17.107413,48.14096],[17.107483,48.140878],[17.107638,48.140956]]]}},{"type":"Feature","properties":{"v":16.4,"p":5},"geometry":{"type":"Polygon","coordinates":[[[17.107868,48.14016],[17.107792,48.140157],[17.107798,48.140097],[17.107739,48.140095],[17.107752,48.139961],[17.10794,48.139969],[17.107928,48.140092],[17.107877,48.14009],[17.107878,48.140074],[17.107844,48.140073],[17.107839,48.14012],[17.107872,48.140122],[17.107868,48.14016]]]}},{"type":"Feature","properties":{"v":26.7,"p":9},"geometry":{"type":"Polygon","coordinates":[[[17.107578,48.141952],[17.107504,48.142042],[17.107418,48.14201],[17.107473,48.141942],[17.107434,48.141928],[17.107426,48.141937],[17.107231,48.141865],[17.107241,48.141853],[17.107207,48.14184],[17.107154,48.141905],[17.107066,48.141873],[17.107151,48.141769],[17.10724,48.141662],[17.107681,48.141825],[17.107668,48.141842],[17.107578,48.141952]]]}},{"type":"Feature","properties":{"v":17.8,"p":6},"geometry":{"type":"Polygon","coordinates":[[[17.108081,48.140082],[17.108078,48.140112],[17.107927,48.140105],[17.107928,48.140092],[17.10794,48.139969],[17.107941,48.139965],[17.108092,48.139972],[17.108081,48.140082]]]}},{"type":"Feature","properties":{"v":28,"p":9},"geometry":{"type":"Polygon","coordinates":[[[17.107978,48.141179],[17.107872,48.141294],[17.107528,48.141172],[17.107602,48.141071],[17.107633,48.14103],[17.107668,48.140982],[17.107978,48.141179]]]}},{"type":"Feature","properties":{"v":30.1,"p":10},"geometry":{"type":"Polygon","coordinates":[[[17.107903,48.141919],[17.107819,48.142034],[17.107805,48.14203],[17.107656,48.14198],[17.107578,48.141952],[17.107668,48.141842],[17.107903,48.141919]]]}},{"type":"Feature","properties":{"v":21.5,"p":7},"geometry":{"type":"Polygon","coordinates":[[[17.108186,48.141288],[17.108117,48.141377],[17.107872,48.141294],[17.107978,48.141179],[17.108186,48.141288]]]}},{"type":"Feature","properties":{"v":24.6,"p":8},"geometry":{"type":"Polygon","coordinates":[[[17.109532,48.140309],[17.10939,48.140322],[17.109379,48.140275],[17.109329,48.14028],[17.109292,48.140129],[17.10919,48.14014],[17.109179,48.140093],[17.109185,48.140055],[17.10919,48.140003],[17.10947,48.140023],[17.109532,48.140309]]]}},{"type":"Feature","properties":{"v":22,"p":7},"geometry":{"type":"Polygon","coordinates":[[[17.10939,48.140322],[17.109122,48.140349],[17.109179,48.140093],[17.10919,48.14014],[17.109223,48.140292],[17.109329,48.14028],[17.109379,48.140275],[17.10939,48.140322]]]}},{"type":"Feature","properties":{"v":23.2,"p":8},"geometry":{"type":"Polygon","coordinates":[[[17.106278,48.143694],[17.106181,48.143708],[17.106013,48.143702],[17.106013,48.143697],[17.106019,48.143647],[17.106079,48.143652],[17.106089,48.143596],[17.106299,48.143597],[17.106299,48.143401],[17.106132,48.143375],[17.106108,48.143371],[17.10615,48.14326],[17.106489,48.143306],[17.106487,48.143653],[17.106278,48.143694]]]}},{"type":"Feature","properties":{"v":27.6,"p":9},"geometry":{"type":"Polygon","coordinates":[[[17.106536,48.143807],[17.106604,48.144183],[17.106596,48.144184],[17.106482,48.144191],[17.106343,48.144084],[17.106331,48.143951],[17.106322,48.143863],[17.106319,48.143853],[17.106278,48.143694],[17.106487,48.143653],[17.106536,48.143807]]]}},{"type":"Feature","properties":{"v":20.3,"p":7},"geometry":{"type":"Polygon","coordinates":[[[17.106622,48.144368],[17.106429,48.14438],[17.106358,48.144385],[17.106345,48.144293],[17.106409,48.144289],[17.106401,48.144234],[17.106394,48.144189],[17.106482,48.144191],[17.106596,48.144184],[17.106622,48.144368]]]}},{"type":"Feature","properties":{"v":18.4,"p":6},"geometry":{"type":"Polygon","coordinates":[[[17.106358,48.144385],[17.105964,48.144359],[17.105984,48.144311],[17.106103,48.144279],[17.106345,48.144293],[17.106358,48.144385]]]}},{"type":"Feature","properties":{"v":17,"p":6},"geometry":{"type":"Polygon","coordinates":[[[17.106641,48.144503],[17.106446,48.144508],[17.10645,48.144574],[17.106215,48.144566],[17.106231,48.144474],[17.106134,48.144466],[17.106134,48.144426],[17.106225,48.144427],[17.106225,48.144436],[17.106436,48.144441],[17.106429,48.14438],[17.106622,48.144368],[17.106641,48.144503]]]}},{"type":"Feature","properties":{"v":22.3,"p":7},"geometry":{"type":"Polygon","coordinates":[[[17.106493,48.144645],[17.106477,48.144645],[17.106476,48.144633],[17.106459,48.144633],[17.106387,48.14463],[17.106205,48.144624],[17.106215,48.144566],[17.10645,48.144574],[17.106446,48.144508],[17.106641,48.144503],[17.106648,48.144636],[17.106493,48.144645]]]}},{"type":"Feature","properties":{"v":23.8,"p":8},"geometry":{"type":"Polygon","coordinates":[[[17.106688,48.144828],[17.106517,48.144838],[17.106511,48.144787],[17.106496,48.144664],[17.106493,48.144645],[17.106648,48.144636],[17.106664,48.144635],[17.106688,48.144828]]]}},{"type":"Feature","properties":{"v":19.3,"p":6},"geometry":{"type":"Polygon","coordinates":[[[17.105592,48.144775],[17.105536,48.144865],[17.105404,48.144825],[17.105464,48.144737],[17.105592,48.144775]]]}},{"type":"Feature","properties":{"v":18.7,"p":6},"geometry":{"type":"Polygon","coordinates":[[[17.105404,48.144825],[17.105202,48.144746],[17.105163,48.144791],[17.105154,48.144788],[17.105011,48.144733],[17.105128,48.144597],[17.105469,48.14473],[17.105464,48.144737],[17.105404,48.144825]]]}},{"type":"Feature","properties":{"v":16.5,"p":6},"geometry":{"type":"Polygon","coordinates":[[[17.106533,48.145016],[17.106497,48.145068],[17.106478,48.145097],[17.10635,48.145057],[17.106393,48.144996],[17.1064,48.144985],[17.106533,48.145016]]]}},{"type":"Feature","properties":{"v":19.8,"p":7},"geometry":{"type":"Polygon","coordinates":[[[17.105717,48.144813],[17.105653,48.144901],[17.105536,48.144865],[17.105592,48.144775],[17.105717,48.144813]]]}},{"type":"Feature","properties":{"v":18.2,"p":6},"geometry":{"type":"Polygon","coordinates":[[[17.106699,48.14495],[17.10669,48.145016],[17.10654,48.144998],[17.106397,48.144966],[17.106418,48.144881],[17.106524,48.144911],[17.106517,48.144838],[17.106688,48.144828],[17.106699,48.14495]]]}},{"type":"Feature","properties":{"v":16.5,"p":6},"geometry":{"type":"Polygon","coordinates":[[[17.106393,48.144996],[17.10635,48.145057],[17.105976,48.14494],[17.106006,48.144893],[17.10601,48.144886],[17.106015,48.144879],[17.106393,48.144996]]]}},{"type":"Feature","properties":{"v":16,"p":5},"geometry":{"type":"Polygon","coordinates":[[[17.106726,48.142398],[17.106722,48.142432],[17.106714,48.142499],[17.10657,48.142491],[17.106578,48.142378],[17.106726,48.142398]]]}},{"type":"Feature","properties":{"v":17.6,"p":6},"geometry":{"type":"Polygon","coordinates":[[[17.106732,48.142378],[17.106726,48.142398],[17.106578,48.142378],[17.106592,48.142269],[17.106742,48.142298],[17.106783,48.142307],[17.106765,48.142359],[17.10674,48.142355],[17.106732,48.142378]]]}},{"type":"Feature","properties":{"v":19.6,"p":7},"geometry":{"type":"Polygon","coordinates":[[[17.106795,48.142549],[17.106789,48.142603],[17.106704,48.142592],[17.106571,48.142583],[17.10657,48.142491],[17.106714,48.142499],[17.106807,48.142501],[17.106795,48.142549]]]}},{"type":"Feature","properties":{"v":14.3,"p":5},"geometry":{"type":"Polygon","coordinates":[[[17.106807,48.142501],[17.106714,48.142499],[17.106722,48.142432],[17.106782,48.142442],[17.106795,48.142413],[17.106844,48.142427],[17.106807,48.142501]]]}},{"type":"Feature","properties":{"v":15.9,"p":5},"geometry":{"type":"Polygon","coordinates":[[[17.106931,48.142446],[17.106905,48.142498],[17.106894,48.142521],[17.106807,48.142501],[17.106844,48.142427],[17.106931,48.142446]]]}},{"type":"Feature","properties":{"v":18.2,"p":6},"geometry":{"type":"Polygon","coordinates":[[[17.106742,48.142298],[17.106592,48.142269],[17.106657,48.14216],[17.106894,48.142224],[17.106856,48.142289],[17.106764,48.142264],[17.106742,48.142298]]]}},{"type":"Feature","properties":{"v":15.9,"p":5},"geometry":{"type":"Polygon","coordinates":[[[17.105879,48.142781],[17.105879,48.14279],[17.105846,48.14279],[17.105748,48.142788],[17.10575,48.142654],[17.105758,48.142653],[17.105859,48.142646],[17.105859,48.142723],[17.105871,48.142723],[17.105879,48.142781]]]}},{"type":"Feature","properties":{"v":20.1,"p":7},"geometry":{"type":"Polygon","coordinates":[[[17.106008,48.142836],[17.106005,48.142888],[17.106002,48.142941],[17.105891,48.142939],[17.105871,48.142938],[17.105879,48.14279],[17.105879,48.142781],[17.106011,48.142777],[17.106008,48.142836]]]}},{"type":"Feature","properties":{"v":19.6,"p":7},"geometry":{"type":"Polygon","coordinates":[[[17.106704,48.142592],[17.106765,48.142663],[17.106768,48.142732],[17.106573,48.142854],[17.106571,48.142583],[17.106704,48.142592]]]}},{"type":"Feature","properties":{"v":18,"p":6},"geometry":{"type":"Polygon","coordinates":[[[17.106855,48.143049],[17.106694,48.143034],[17.106667,48.142971],[17.106577,48.142969],[17.106568,48.142877],[17.106702,48.142885],[17.106889,48.142926],[17.106855,48.143049]]]}},{"type":"Feature","properties":{"v":18.7,"p":6},"geometry":{"type":"Polygon","coordinates":[[[17.105965,48.143229],[17.105927,48.143327],[17.105765,48.1433],[17.105802,48.143201],[17.105965,48.143229]]]}},{"type":"Feature","properties":{"v":17,"p":6},"geometry":{"type":"Polygon","coordinates":[[[17.105944,48.143177],[17.105764,48.143143],[17.105817,48.143072],[17.105849,48.143033],[17.105928,48.143053],[17.105949,48.143028],[17.105997,48.143043],[17.105981,48.143105],[17.105968,48.143103],[17.105944,48.143177]]]}},{"type":"Feature","properties":{"v":20.6,"p":7},"geometry":{"type":"Polygon","coordinates":[[[17.106825,48.143418],[17.106738,48.143402],[17.106657,48.143387],[17.106592,48.143386],[17.106587,48.143248],[17.106681,48.143253],[17.10671,48.143256],[17.106733,48.143298],[17.106725,48.143344],[17.106763,48.143351],[17.106825,48.143418]]]}},{"type":"Feature","properties":{"v":21.3,"p":7},"geometry":{"type":"Polygon","coordinates":[[[17.106897,48.143284],[17.106825,48.143418],[17.106763,48.143351],[17.106787,48.143344],[17.106802,48.143307],[17.10687,48.143277],[17.106897,48.143284]]]}},{"type":"Feature","properties":{"v":14.4,"p":5},"geometry":{"type":"Polygon","coordinates":[[[17.107045,48.142275],[17.106993,48.142338],[17.106856,48.142289],[17.106894,48.142224],[17.107045,48.142275]]]}},{"type":"Feature","properties":{"v":16.9,"p":6},"geometry":{"type":"Polygon","coordinates":[[[17.10704,48.142634],[17.107033,48.142685],[17.106989,48.142782],[17.106891,48.14276],[17.10693,48.142681],[17.107003,48.14263],[17.10704,48.142634]]]}},{"type":"Feature","properties":{"v":19.1,"p":6},"geometry":{"type":"Polygon","coordinates":[[[17.106977,48.143305],[17.106897,48.143284],[17.10687,48.143277],[17.10671,48.143256],[17.106681,48.143253],[17.106587,48.143248],[17.106586,48.143112],[17.106686,48.143121],[17.106806,48.143128],[17.106826,48.143131],[17.106818,48.143172],[17.106782,48.14317],[17.106773,48.143204],[17.106865,48.143212],[17.106933,48.143222],[17.106987,48.143233],[17.107024,48.143241],[17.107007,48.143268],[17.106977,48.143305]]]}},{"type":"Feature","properties":{"v":19.5,"p":6},"geometry":{"type":"Polygon","coordinates":[[[17.107091,48.142829],[17.107172,48.142844],[17.107159,48.142876],[17.107129,48.142948],[17.106936,48.142913],[17.106978,48.142809],[17.107091,48.142829]]]}},{"type":"Feature","properties":{"v":19.5,"p":6},"geometry":{"type":"Polygon","coordinates":[[[17.107114,48.142295],[17.107107,48.142304],[17.107196,48.14234],[17.107129,48.142411],[17.106978,48.142356],[17.106993,48.142338],[17.107045,48.142275],[17.107048,48.142271],[17.107114,48.142295]]]}},{"type":"Feature","properties":{"v":13.4,"p":4},"geometry":{"type":"Polygon","coordinates":[[[17.107074,48.143116],[17.107101,48.143122],[17.107072,48.143177],[17.106996,48.143159],[17.10702,48.143075],[17.107001,48.143073],[17.107067,48.142974],[17.107168,48.143018],[17.10716,48.14303],[17.107115,48.143084],[17.107091,48.143077],[17.107074,48.143116]]]}},{"type":"Feature","properties":{"v":16.2,"p":5},"geometry":{"type":"Polygon","coordinates":[[[17.107001,48.143073],[17.106984,48.14307],[17.106939,48.143062],[17.106945,48.143047],[17.106902,48.143042],[17.106895,48.14306],[17.106853,48.143054],[17.106855,48.143049],[17.106889,48.142926],[17.107067,48.142974],[17.107001,48.143073]]]}},{"type":"Feature","properties":{"v":18.5,"p":6},"geometry":{"type":"Polygon","coordinates":[[[17.107339,48.142856],[17.107301,48.142907],[17.107287,48.142926],[17.107159,48.142876],[17.107172,48.142844],[17.107188,48.14281],[17.107339,48.142856]]]}},{"type":"Feature","properties":{"v":17.7,"p":6},"geometry":{"type":"Polygon","coordinates":[[[17.107287,48.142926],[17.107298,48.14293],[17.107283,48.142953],[17.107257,48.142992],[17.107129,48.142948],[17.107159,48.142876],[17.107287,48.142926]]]}},{"type":"Feature","properties":{"v":15,"p":5},"geometry":{"type":"Polygon","coordinates":[[[17.107168,48.143242],[17.107113,48.143307],[17.107096,48.143301],[17.107007,48.143268],[17.107024,48.143241],[17.107072,48.143177],[17.107168,48.143242]]]}},{"type":"Feature","properties":{"v":20,"p":7},"geometry":{"type":"Polygon","coordinates":[[[17.10615,48.14326],[17.106108,48.143371],[17.105923,48.143339],[17.105927,48.143327],[17.105965,48.143229],[17.10615,48.14326]]]}},{"type":"Feature","properties":{"v":17.7,"p":6},"geometry":{"type":"Polygon","coordinates":[[[17.107269,48.143556],[17.106972,48.143673],[17.1069,48.14359],[17.106883,48.143571],[17.10691,48.14356],[17.107011,48.143519],[17.107089,48.143488],[17.107181,48.143455],[17.107269,48.143556]]]}},{"type":"Feature","properties":{"v":19.9,"p":7},"geometry":{"type":"Polygon","coordinates":[[[17.106738,48.143402],[17.10677,48.143441],[17.106762,48.143527],[17.106733,48.143533],[17.106591,48.143541],[17.106592,48.143386],[17.106657,48.143387],[17.106738,48.143402]]]}},{"type":"Feature","properties":{"v":9.2,"p":3},"geometry":{"type":"Polygon","coordinates":[[[17.107462,48.142575],[17.107385,48.142672],[17.107302,48.142641],[17.107331,48.142596],[17.107368,48.142538],[17.107462,48.142575]]]}},{"type":"Feature","properties":{"v":17.2,"p":6},"geometry":{"type":"Polygon","coordinates":[[[17.107395,48.142814],[17.107356,48.142862],[17.107339,48.142856],[17.107188,48.14281],[17.107219,48.142746],[17.107395,48.142814]]]}},{"type":"Feature","properties":{"v":18.1,"p":6},"geometry":{"type":"Polygon","coordinates":[[[17.107441,48.14349],[17.10734,48.143529],[17.107252,48.143427],[17.107301,48.143408],[17.107339,48.143393],[17.107352,48.143388],[17.107441,48.14349]]]}},{"type":"Feature","properties":{"v":15.6,"p":5},"geometry":{"type":"Polygon","coordinates":[[[17.108011,48.142096],[17.10789,48.142259],[17.107804,48.14223],[17.107752,48.142213],[17.107872,48.142051],[17.108011,48.142096]]]}},{"type":"Feature","properties":{"v":30.3,"p":10},"geometry":{"type":"Polygon","coordinates":[[[17.108167,48.142006],[17.108149,48.14203],[17.108112,48.142081],[17.108084,48.14212],[17.108011,48.142096],[17.107872,48.142051],[17.107819,48.142034],[17.107903,48.141919],[17.108167,48.142006]]]}},{"type":"Feature","properties":{"v":26,"p":9},"geometry":{"type":"Polygon","coordinates":[[[17.108112,48.142218],[17.108033,48.142188],[17.108084,48.14212],[17.108112,48.142081],[17.10822,48.142115],[17.108183,48.142165],[17.10816,48.142157],[17.108112,48.142218]]]}},{"type":"Feature","properties":{"v":26.5,"p":9},"geometry":{"type":"Polygon","coordinates":[[[17.108195,48.142045],[17.108401,48.14211],[17.108359,48.142158],[17.108267,48.142129],[17.10822,48.142115],[17.108112,48.142081],[17.108149,48.14203],[17.108195,48.142045]]]}},{"type":"Feature","properties":{"v":23.2,"p":8},"geometry":{"type":"Polygon","coordinates":[[[17.108875,48.142321],[17.108813,48.142302],[17.10887,48.14222],[17.108882,48.142204],[17.109083,48.142265],[17.109053,48.142309],[17.108911,48.142266],[17.108875,48.142321]]]}},{"type":"Feature","properties":{"v":17.4,"p":6},"geometry":{"type":"Polygon","coordinates":[[[17.107382,48.142779],[17.107284,48.142744],[17.107295,48.142731],[17.107243,48.142713],[17.107275,48.142672],[17.107302,48.142641],[17.107385,48.142672],[17.107412,48.142682],[17.10743,48.142688],[17.107528,48.14257],[17.107382,48.142518],[17.107451,48.142447],[17.107635,48.142516],[17.107426,48.142773],[17.107397,48.142762],[17.107382,48.142779]]]}},{"type":"Feature","properties":{"v":14.9,"p":5},"geometry":{"type":"Polygon","coordinates":[[[17.107492,48.142797],[17.107426,48.142773],[17.107635,48.142516],[17.107737,48.142553],[17.107679,48.142625],[17.107642,48.142611],[17.107549,48.142725],[17.107566,48.142731],[17.107527,48.142779],[17.107512,48.142773],[17.107492,48.142797]]]}},{"type":"Feature","properties":{"v":13.4,"p":4},"geometry":{"type":"Polygon","coordinates":[[[17.107456,48.142983],[17.10764,48.143092],[17.107542,48.143163],[17.107531,48.14317],[17.107334,48.143052],[17.107319,48.143014],[17.107257,48.142992],[17.107283,48.142953],[17.107456,48.142983]]]}},{"type":"Feature","properties":{"v":18.2,"p":6},"geometry":{"type":"Polygon","coordinates":[[[17.107401,48.143147],[17.10773,48.143353],[17.107608,48.143414],[17.107514,48.14335],[17.10743,48.143297],[17.107391,48.143271],[17.107309,48.143217],[17.1071,48.143103],[17.107115,48.143084],[17.10716,48.14303],[17.107401,48.143147]]]}},{"type":"Feature","properties":{"v":22.4,"p":7},"geometry":{"type":"Polygon","coordinates":[[[17.107876,48.142603],[17.107779,48.142732],[17.10772,48.14271],[17.107696,48.142701],[17.107634,48.142679],[17.107679,48.142625],[17.107737,48.142553],[17.107876,48.142603]]]}},{"type":"Feature","properties":{"v":17.8,"p":6},"geometry":{"type":"Polygon","coordinates":[[[17.107784,48.142863],[17.107799,48.142869],[17.107711,48.142961],[17.107772,48.142979],[17.107719,48.143035],[17.107568,48.14299],[17.107601,48.142949],[17.107691,48.142845],[17.1077,48.142834],[17.107784,48.142863]]]}},{"type":"Feature","properties":{"v":22.3,"p":7},"geometry":{"type":"Polygon","coordinates":[[[17.108023,48.142547],[17.107799,48.14246],[17.107918,48.142322],[17.108033,48.142188],[17.108112,48.142218],[17.107967,48.142387],[17.108048,48.142418],[17.108196,48.142246],[17.108261,48.142271],[17.108159,48.142388],[17.108023,48.142547]]]}},{"type":"Feature","properties":{"v":16.7,"p":6},"geometry":{"type":"Polygon","coordinates":[[[17.108529,48.142393],[17.108406,48.142535],[17.108294,48.142501],[17.108415,48.14235],[17.108529,48.142393]]]}},{"type":"Feature","properties":{"v":18.4,"p":6},"geometry":{"type":"Polygon","coordinates":[[[17.108406,48.142535],[17.108435,48.142544],[17.108349,48.142669],[17.108198,48.142613],[17.108294,48.142501],[17.108406,48.142535]]]}},{"type":"Feature","properties":{"v":18.9,"p":6},"geometry":{"type":"Polygon","coordinates":[[[17.108613,48.142596],[17.108526,48.142723],[17.108349,48.142669],[17.108435,48.142544],[17.10851,48.142567],[17.108658,48.14235],[17.10876,48.142381],[17.108702,48.142466],[17.108613,48.142596]]]}},{"type":"Feature","properties":{"v":15.5,"p":5},"geometry":{"type":"Polygon","coordinates":[[[17.108236,48.142417],[17.108197,48.142464],[17.108294,48.142501],[17.108198,48.142613],[17.108023,48.142547],[17.108159,48.142388],[17.108236,48.142417]]]}},{"type":"Feature","properties":{"v":20.5,"p":7},"geometry":{"type":"Polygon","coordinates":[[[17.108875,48.142321],[17.108764,48.142485],[17.108702,48.142466],[17.10876,48.142381],[17.108796,48.142328],[17.108813,48.142302],[17.108875,48.142321]]]}},{"type":"Feature","properties":{"v":22.1,"p":7},"geometry":{"type":"Polygon","coordinates":[[[17.109001,48.14244],[17.109047,48.142457],[17.109026,48.142484],[17.10893,48.142454],[17.108935,48.142447],[17.109034,48.142338],[17.109053,48.142309],[17.109211,48.14236],[17.10917,48.142402],[17.109129,48.142386],[17.109067,48.142363],[17.109001,48.14244]]]}},{"type":"Feature","properties":{"v":20.8,"p":7},"geometry":{"type":"Polygon","coordinates":[[[17.109391,48.142703],[17.109311,48.142807],[17.109484,48.142866],[17.109435,48.142929],[17.10931,48.142887],[17.109183,48.142843],[17.109246,48.14276],[17.109311,48.142676],[17.109391,48.142703]]]}},{"type":"Feature","properties":{"v":15.8,"p":5},"geometry":{"type":"Polygon","coordinates":[[[17.108929,48.142818],[17.108885,48.142826],[17.108758,48.142792],[17.108807,48.142718],[17.108822,48.142723],[17.108859,48.142668],[17.108904,48.142606],[17.109051,48.142654],[17.108929,48.142818]]]}},{"type":"Feature","properties":{"v":19.1,"p":6},"geometry":{"type":"Polygon","coordinates":[[[17.108758,48.142792],[17.108526,48.142723],[17.108613,48.142596],[17.108709,48.142625],[17.108692,48.14265],[17.108768,48.142673],[17.108786,48.142646],[17.108859,48.142668],[17.108822,48.142723],[17.108807,48.142718],[17.108758,48.142792]]]}},{"type":"Feature","properties":{"v":22.9,"p":8},"geometry":{"type":"Polygon","coordinates":[[[17.108029,48.143223],[17.107823,48.143313],[17.107775,48.14331],[17.107542,48.143163],[17.10764,48.143092],[17.107658,48.143079],[17.10779,48.143163],[17.107825,48.143143],[17.107772,48.143112],[17.107819,48.143083],[17.107854,48.143109],[17.107917,48.143133],[17.108029,48.143223]]]}},{"type":"Feature","properties":{"v":26.3,"p":9},"geometry":{"type":"Polygon","coordinates":[[[17.108024,48.142899],[17.107963,48.142879],[17.107936,48.142871],[17.10797,48.142827],[17.108085,48.142674],[17.108404,48.14277],[17.108349,48.142848],[17.10836,48.142852],[17.108276,48.142914],[17.108197,48.142881],[17.10822,48.142862],[17.108082,48.14282],[17.108024,48.142899]]]}},{"type":"Feature","properties":{"v":26.9,"p":9},"geometry":{"type":"Polygon","coordinates":[[[17.108085,48.142674],[17.10797,48.142827],[17.107844,48.142785],[17.107761,48.142757],[17.107779,48.142732],[17.107876,48.142603],[17.108085,48.142674]]]}},{"type":"Feature","properties":{"v":30.1,"p":10},"geometry":{"type":"Polygon","coordinates":[[[17.108255,48.14313],[17.108029,48.143223],[17.107917,48.143133],[17.107854,48.143109],[17.107864,48.143072],[17.107776,48.142998],[17.107917,48.142885],[17.107934,48.142895],[17.107963,48.142879],[17.108024,48.142899],[17.108029,48.142911],[17.107971,48.142953],[17.10795,48.142943],[17.107923,48.142969],[17.108016,48.14307],[17.10811,48.143033],[17.10813,48.143051],[17.108167,48.143037],[17.108255,48.14313]]]}},{"type":"Feature","properties":{"v":22.1,"p":7},"geometry":{"type":"Polygon","coordinates":[[[17.108877,48.14308],[17.108881,48.1431],[17.108726,48.143169],[17.10872,48.143163],[17.10863,48.143068],[17.108848,48.14297],[17.108877,48.14308]]]}},{"type":"Feature","properties":{"v":20.9,"p":7},"geometry":{"type":"Polygon","coordinates":[[[17.109442,48.143176],[17.109012,48.143366],[17.108955,48.143322],[17.109011,48.143298],[17.108979,48.143268],[17.109026,48.143249],[17.109296,48.143143],[17.109022,48.143071],[17.10899,48.143062],[17.10895,48.143069],[17.108877,48.14308],[17.108848,48.14297],[17.108846,48.142962],[17.108984,48.142924],[17.109535,48.143094],[17.109442,48.143176]]]}},{"type":"Feature","properties":{"v":18.9,"p":6},"geometry":{"type":"Polygon","coordinates":[[[17.107608,48.143414],[17.107441,48.14349],[17.107352,48.143388],[17.107405,48.143367],[17.107419,48.143362],[17.107514,48.14335],[17.107608,48.143414]]]}},{"type":"Feature","properties":{"v":20.8,"p":7},"geometry":{"type":"Polygon","coordinates":[[[17.10861,48.143341],[17.108534,48.143278],[17.108629,48.143228],[17.108652,48.143249],[17.10875,48.14322],[17.108734,48.143176],[17.108908,48.143147],[17.108933,48.143199],[17.108848,48.143211],[17.108881,48.143243],[17.108801,48.143276],[17.108778,48.143256],[17.10861,48.143341]]]}},{"type":"Feature","properties":{"v":21.2,"p":7},"geometry":{"type":"Polygon","coordinates":[[[17.109339,48.14327],[17.10935,48.143274],[17.109364,48.14329],[17.10935,48.143328],[17.109339,48.143373],[17.109363,48.143396],[17.109315,48.143419],[17.109237,48.143462],[17.109071,48.143577],[17.109053,48.14359],[17.109036,48.143578],[17.10893,48.143504],[17.10909,48.143375],[17.109287,48.143279],[17.109302,48.143272],[17.109312,48.143269],[17.109325,48.143268],[17.109339,48.14327]]]}},{"type":"Feature","properties":{"v":24,"p":8},"geometry":{"type":"Polygon","coordinates":[[[17.109012,48.143366],[17.108772,48.143484],[17.10861,48.143341],[17.108778,48.143256],[17.108801,48.143276],[17.108855,48.143324],[17.108975,48.143263],[17.108979,48.143268],[17.109011,48.143298],[17.108955,48.143322],[17.109012,48.143366]]]}},{"type":"Feature","properties":{"v":19.4,"p":6},"geometry":{"type":"Polygon","coordinates":[[[17.108591,48.143196],[17.108629,48.143228],[17.108534,48.143278],[17.108389,48.143164],[17.108618,48.143056],[17.10863,48.143068],[17.10872,48.143163],[17.108613,48.143147],[17.108591,48.143196]]]}},{"type":"Feature","properties":{"v":15.3,"p":5},"geometry":{"type":"Polygon","coordinates":[[[17.106972,48.143673],[17.106812,48.143735],[17.10674,48.143652],[17.106832,48.143616],[17.106853,48.143608],[17.1069,48.14359],[17.106972,48.143673]]]}},{"type":"Feature","properties":{"v":19.7,"p":7},"geometry":{"type":"Polygon","coordinates":[[[17.107829,48.143624],[17.107732,48.143683],[17.10767,48.143622],[17.107709,48.143601],[17.107675,48.143574],[17.107633,48.143593],[17.10756,48.143521],[17.107746,48.143442],[17.107918,48.143569],[17.107829,48.143624]]]}},{"type":"Feature","properties":{"v":15.1,"p":5},"geometry":{"type":"Polygon","coordinates":[[[17.106738,48.143613],[17.10674,48.143652],[17.106812,48.143735],[17.106612,48.143813],[17.106591,48.143541],[17.106733,48.143533],[17.106738,48.143613]]]}},{"type":"Feature","properties":{"v":13,"p":4},"geometry":{"type":"Polygon","coordinates":[[[17.105927,48.143757],[17.105886,48.143837],[17.105671,48.14377],[17.105483,48.143699],[17.10557,48.143585],[17.10568,48.143611],[17.105627,48.14369],[17.105817,48.143748],[17.105844,48.14371],[17.105919,48.143728],[17.105927,48.143757]]]}},{"type":"Feature","properties":{"v":16,"p":5},"geometry":{"type":"Polygon","coordinates":[[[17.106009,48.144033],[17.106075,48.144087],[17.105978,48.144136],[17.105851,48.144056],[17.105952,48.143993],[17.106009,48.144033]]]}},{"type":"Feature","properties":{"v":20.4,"p":7},"geometry":{"type":"Polygon","coordinates":[[[17.107067,48.143842],[17.106988,48.143881],[17.106967,48.143975],[17.106899,48.144016],[17.106755,48.144002],[17.106747,48.144001],[17.106765,48.143846],[17.106818,48.143806],[17.107074,48.143706],[17.107203,48.143781],[17.107159,48.143826],[17.107117,48.14381],[17.107067,48.143842]]]}},{"type":"Feature","properties":{"v":18.2,"p":6},"geometry":{"type":"Polygon","coordinates":[[[17.107379,48.144193],[17.106762,48.144178],[17.106755,48.144002],[17.106899,48.144016],[17.106942,48.144022],[17.106938,48.144072],[17.106936,48.144105],[17.107037,48.14411],[17.107112,48.144114],[17.107224,48.144121],[17.10726,48.144123],[17.107293,48.144125],[17.107299,48.144102],[17.107307,48.144069],[17.107383,48.144069],[17.107379,48.144193]]]}},{"type":"Feature","properties":{"v":18.8,"p":6},"geometry":{"type":"Polygon","coordinates":[[[17.107513,48.143815],[17.107445,48.143884],[17.107203,48.143781],[17.107074,48.143706],[17.107242,48.143638],[17.107312,48.143703],[17.107274,48.143727],[17.107355,48.143773],[17.107386,48.14375],[17.107513,48.143815]]]}},{"type":"Feature","properties":{"v":17.4,"p":6},"geometry":{"type":"Polygon","coordinates":[[[17.106039,48.144232],[17.106007,48.14423],[17.105957,48.14421],[17.105865,48.144172],[17.105758,48.144116],[17.105851,48.144056],[17.105978,48.144136],[17.105949,48.144155],[17.106002,48.144174],[17.106019,48.144141],[17.106084,48.144155],[17.106039,48.144232]]]}},{"type":"Feature","properties":{"v":13.9,"p":5},"geometry":{"type":"Polygon","coordinates":[[[17.106991,48.144357],[17.10699,48.144218],[17.107227,48.14422],[17.107227,48.144307],[17.107172,48.144309],[17.107108,48.144309],[17.107108,48.144345],[17.107107,48.144364],[17.10706,48.14436],[17.106991,48.144357]]]}},{"type":"Feature","properties":{"v":17.2,"p":6},"geometry":{"type":"Polygon","coordinates":[[[17.105865,48.144172],[17.105822,48.144204],[17.105766,48.144246],[17.105654,48.144189],[17.105758,48.144116],[17.105865,48.144172]]]}},{"type":"Feature","properties":{"v":14.8,"p":5},"geometry":{"type":"Polygon","coordinates":[[[17.105921,48.144249],[17.105888,48.144291],[17.105766,48.144246],[17.105822,48.144204],[17.105921,48.144249]]]}},{"type":"Feature","properties":{"v":16.3,"p":5},"geometry":{"type":"Polygon","coordinates":[[[17.107107,48.144364],[17.107227,48.144373],[17.107226,48.144442],[17.107053,48.144432],[17.107055,48.144403],[17.10706,48.14436],[17.107107,48.144364]]]}},{"type":"Feature","properties":{"v":18.1,"p":6},"geometry":{"type":"Polygon","coordinates":[[[17.106991,48.144357],[17.106991,48.144373],[17.106983,48.144373],[17.106926,48.144374],[17.106926,48.144393],[17.106786,48.144393],[17.106775,48.144393],[17.106774,48.144218],[17.10699,48.144218],[17.106991,48.144357]]]}},{"type":"Feature","properties":{"v":14.2,"p":5},"geometry":{"type":"Polygon","coordinates":[[[17.107458,48.144308],[17.107313,48.144307],[17.107227,48.144307],[17.107227,48.14422],[17.107458,48.14422],[17.107458,48.144308]]]}},{"type":"Feature","properties":{"v":18.1,"p":6},"geometry":{"type":"Polygon","coordinates":[[[17.107616,48.144448],[17.1077,48.144474],[17.107689,48.144505],[17.107615,48.144494],[17.107594,48.144488],[17.107552,48.144474],[17.107501,48.144462],[17.107518,48.144422],[17.107615,48.144306],[17.107654,48.144256],[17.107821,48.144304],[17.10789,48.144332],[17.107818,48.144417],[17.107797,48.144443],[17.107657,48.144395],[17.107616,48.144448]]]}},{"type":"Feature","properties":{"v":18.3,"p":6},"geometry":{"type":"Polygon","coordinates":[[[17.108017,48.144392],[17.107968,48.144474],[17.107818,48.144417],[17.10789,48.144332],[17.108017,48.144392]]]}},{"type":"Feature","properties":{"v":16.9,"p":6},"geometry":{"type":"Polygon","coordinates":[[[17.105766,48.144246],[17.105718,48.144273],[17.105859,48.14435],[17.105837,48.14438],[17.105798,48.144434],[17.105618,48.144339],[17.105524,48.14428],[17.105654,48.144189],[17.105766,48.144246]]]}},{"type":"Feature","properties":{"v":16.1,"p":5},"geometry":{"type":"Polygon","coordinates":[[[17.105618,48.144339],[17.105587,48.144361],[17.105535,48.144399],[17.105478,48.144439],[17.105469,48.144446],[17.105461,48.144441],[17.105374,48.144386],[17.105524,48.14428],[17.105618,48.144339]]]}},{"type":"Feature","properties":{"v":20.2,"p":7},"geometry":{"type":"Polygon","coordinates":[[[17.10594,48.144414],[17.105856,48.14453],[17.105893,48.144534],[17.10588,48.144585],[17.10582,48.144579],[17.105717,48.144545],[17.105754,48.144495],[17.105798,48.144434],[17.105837,48.14438],[17.10594,48.144414]]]}},{"type":"Feature","properties":{"v":6.2,"p":2},"geometry":{"type":"Polygon","coordinates":[[[17.106121,48.144465],[17.106093,48.144532],[17.10592,48.1445],[17.105948,48.144433],[17.106121,48.144465]]]}},{"type":"Feature","properties":{"v":15.7,"p":5},"geometry":{"type":"Polygon","coordinates":[[[17.105678,48.14461],[17.105668,48.144622],[17.105588,48.144716],[17.105355,48.144628],[17.105409,48.144564],[17.105445,48.144521],[17.105678,48.14461]]]}},{"type":"Feature","properties":{"v":14.4,"p":5},"geometry":{"type":"Polygon","coordinates":[[[17.105828,48.144672],[17.105871,48.144684],[17.105831,48.144781],[17.105588,48.144716],[17.105668,48.144622],[17.105756,48.144649],[17.105779,48.144614],[17.105853,48.144632],[17.105828,48.144672]]]}},{"type":"Feature","properties":{"v":13.8,"p":5},"geometry":{"type":"Polygon","coordinates":[[[17.107898,48.144578],[17.107875,48.144695],[17.107781,48.144689],[17.107714,48.144677],[17.107742,48.144624],[17.107728,48.144595],[17.107732,48.144548],[17.107791,48.144534],[17.107898,48.144578]]]}},{"type":"Feature","properties":{"v":18.6,"p":6},"geometry":{"type":"Polygon","coordinates":[[[17.1074,48.144742],[17.1071,48.144691],[17.107079,48.144688],[17.107002,48.144683],[17.107002,48.144642],[17.107079,48.144646],[17.107337,48.144682],[17.107356,48.144639],[17.107149,48.144617],[17.107002,48.144614],[17.107001,48.144558],[17.107013,48.144558],[17.10714,48.144555],[17.107456,48.144603],[17.107482,48.144607],[17.107465,48.144634],[17.107437,48.14469],[17.1074,48.144742]]]}},{"type":"Feature","properties":{"v":15.4,"p":5},"geometry":{"type":"Polygon","coordinates":[[[17.107552,48.144474],[17.107594,48.144488],[17.107555,48.14459],[17.107742,48.144624],[17.107714,48.144677],[17.10755,48.144648],[17.107465,48.144634],[17.107482,48.144607],[17.107456,48.144603],[17.107501,48.144462],[17.107552,48.144474]]]}},{"type":"Feature","properties":{"v":18.8,"p":6},"geometry":{"type":"Polygon","coordinates":[[[17.107499,48.144696],[17.107495,48.144707],[17.107512,48.144727],[17.107453,48.144833],[17.107387,48.144897],[17.107367,48.144933],[17.107287,48.144898],[17.107338,48.144827],[17.1074,48.144742],[17.107437,48.14469],[17.107499,48.144696]]]}},{"type":"Feature","properties":{"v":20.1,"p":7},"geometry":{"type":"Polygon","coordinates":[[[17.107904,48.144977],[17.1078,48.144979],[17.107799,48.144942],[17.107716,48.144944],[17.107705,48.144909],[17.107683,48.144836],[17.107698,48.144826],[17.107708,48.144813],[17.107714,48.144788],[17.107707,48.144768],[17.107699,48.144755],[17.107682,48.144743],[17.107495,48.144707],[17.107499,48.144696],[17.107514,48.144658],[17.10755,48.144648],[17.107714,48.144677],[17.107781,48.144689],[17.107875,48.144695],[17.107892,48.144697],[17.107904,48.144977]]]}},{"type":"Feature","properties":{"v":17.7,"p":6},"geometry":{"type":"Polygon","coordinates":[[[17.105788,48.145086],[17.105776,48.145098],[17.105722,48.145152],[17.105545,48.145054],[17.105615,48.144961],[17.105624,48.144949],[17.105703,48.144973],[17.105689,48.144992],[17.105675,48.14501],[17.105724,48.145035],[17.105736,48.145016],[17.105806,48.145037],[17.10582,48.145041],[17.105788,48.145086]]]}},{"type":"Feature","properties":{"v":27.4,"p":9},"geometry":{"type":"Polygon","coordinates":[[[17.109228,48.144126],[17.109171,48.144185],[17.109064,48.144142],[17.108985,48.144109],[17.109052,48.144035],[17.109228,48.144126]]]}},{"type":"Feature","properties":{"v":17,"p":6},"geometry":{"type":"Polygon","coordinates":[[[17.107002,48.144614],[17.107002,48.144642],[17.107002,48.144683],[17.106821,48.144685],[17.106806,48.144551],[17.107001,48.144558],[17.107002,48.144614]]]}},{"type":"Feature","properties":{"v":16.8,"p":6},"geometry":{"type":"Polygon","coordinates":[[[17.107004,48.144776],[17.107117,48.144787],[17.107115,48.144796],[17.107104,48.144867],[17.10705,48.144858],[17.106843,48.144842],[17.106821,48.144685],[17.107002,48.144683],[17.107079,48.144688],[17.1071,48.144691],[17.107085,48.144748],[17.106999,48.14474],[17.107004,48.144776]]]}},{"type":"Feature","properties":{"v":22.2,"p":7},"geometry":{"type":"Polygon","coordinates":[[[17.109056,48.144336],[17.108847,48.144261],[17.10892,48.144181],[17.109008,48.144212],[17.109064,48.144142],[17.109171,48.144185],[17.109056,48.144336]]]}},{"type":"Feature","properties":{"v":19.7,"p":7},"geometry":{"type":"Polygon","coordinates":[[[17.10704,48.144911],[17.107035,48.144928],[17.10718,48.144955],[17.107152,48.145036],[17.106865,48.144998],[17.106849,48.144897],[17.107044,48.144898],[17.10704,48.144911]]]}},{"type":"Feature","properties":{"v":19.8,"p":7},"geometry":{"type":"Polygon","coordinates":[[[17.108112,48.14516],[17.108048,48.145147],[17.108052,48.145092],[17.10812,48.145019],[17.108317,48.145093],[17.108312,48.145097],[17.108263,48.145146],[17.108206,48.145126],[17.108112,48.14516]]]}},{"type":"Feature","properties":{"v":17.5,"p":6},"geometry":{"type":"Polygon","coordinates":[[[17.107573,48.145136],[17.107535,48.145211],[17.107585,48.145223],[17.107568,48.145257],[17.107486,48.145239],[17.107419,48.145224],[17.107379,48.145215],[17.107409,48.145161],[17.107429,48.145117],[17.107573,48.145136]]]}},{"type":"Feature","properties":{"v":14.9,"p":5},"geometry":{"type":"Polygon","coordinates":[[[17.106702,48.140595],[17.106852,48.140614],[17.106848,48.140627],[17.106688,48.140616],[17.106704,48.140552],[17.106702,48.140595]]]}},{"type":"Feature","properties":{"v":14.2,"p":5},"geometry":{"type":"Polygon","coordinates":[[[17.106595,48.141535],[17.10651,48.141619],[17.106398,48.141712],[17.106346,48.141684],[17.106541,48.141512],[17.106595,48.141535]]]}},{"type":"Feature","properties":{"v":10.6,"p":4},"geometry":{"type":"Polygon","coordinates":[[[17.106679,48.141555],[17.106585,48.141652],[17.10651,48.141619],[17.106595,48.141535],[17.106605,48.141524],[17.106679,48.141555]]]}},{"type":"Feature","properties":{"v":5.9,"p":2},"geometry":{"type":"Polygon","coordinates":[[[17.106646,48.141678],[17.106657,48.141682],[17.106562,48.141802],[17.106532,48.141789],[17.106546,48.141773],[17.106634,48.141674],[17.106646,48.141678]]]}},{"type":"Feature","properties":{"v":16.4,"p":5},"geometry":{"type":"Polygon","coordinates":[[[17.106414,48.141459],[17.106279,48.141652],[17.106206,48.141617],[17.106234,48.141578],[17.106346,48.14143],[17.106414,48.141459]]]}},{"type":"Feature","properties":{"v":12.2,"p":4},"geometry":{"type":"Polygon","coordinates":[[[17.106841,48.141624],[17.106759,48.141723],[17.106657,48.141682],[17.106646,48.141678],[17.106726,48.141576],[17.106841,48.141624]]]}},{"type":"Feature","properties":{"v":13.5,"p":4},"geometry":{"type":"Polygon","coordinates":[[[17.106759,48.141723],[17.106542,48.14199],[17.106447,48.141939],[17.106467,48.141912],[17.106562,48.141802],[17.106657,48.141682],[17.106759,48.141723]]]}},{"type":"Feature","properties":{"v":20.6,"p":7},"geometry":{"type":"Polygon","coordinates":[[[17.106919,48.142074],[17.106878,48.142125],[17.106821,48.142106],[17.106864,48.142054],[17.106919,48.142074]]]}},{"type":"Feature","properties":{"v":6.9,"p":2},"geometry":{"type":"Polygon","coordinates":[[[17.107053,48.140851],[17.107013,48.140903],[17.106975,48.14089],[17.107003,48.140845],[17.107053,48.140851]]]}},{"type":"Feature","properties":{"v":18.3,"p":6},"geometry":{"type":"Polygon","coordinates":[[[17.10694,48.140878],[17.106874,48.140976],[17.106741,48.140933],[17.106815,48.140803],[17.10687,48.140814],[17.10686,48.140838],[17.106888,48.140844],[17.106902,48.140823],[17.106962,48.140837],[17.10694,48.140878]]]}},{"type":"Feature","properties":{"v":14.9,"p":5},"geometry":{"type":"Polygon","coordinates":[[[17.106102,48.141811],[17.106011,48.141901],[17.105869,48.142004],[17.105778,48.141976],[17.105996,48.141762],[17.106102,48.141811]]]}},{"type":"Feature","properties":{"v":17.1,"p":6},"geometry":{"type":"Polygon","coordinates":[[[17.106087,48.142281],[17.106059,48.142284],[17.106057,48.142299],[17.106026,48.142297],[17.106029,48.142277],[17.106022,48.142277],[17.10594,48.142272],[17.105885,48.142269],[17.105818,48.142256],[17.105806,48.1422],[17.105848,48.142202],[17.106076,48.142212],[17.106073,48.142242],[17.106087,48.142281]]]}},{"type":"Feature","properties":{"v":19.9,"p":7},"geometry":{"type":"Polygon","coordinates":[[[17.106076,48.142212],[17.105848,48.142202],[17.105852,48.142162],[17.105869,48.142004],[17.106011,48.141901],[17.106106,48.141972],[17.106079,48.14205],[17.10596,48.142045],[17.10595,48.142143],[17.106082,48.142148],[17.106076,48.142212]]]}},{"type":"Feature","properties":{"v":12.1,"p":4},"geometry":{"type":"Polygon","coordinates":[[[17.106224,48.142329],[17.106162,48.142342],[17.106134,48.14228],[17.10609,48.142288],[17.106087,48.142281],[17.106073,48.142242],[17.106191,48.142238],[17.106224,48.142329]]]}},{"type":"Feature","properties":{"v":14.3,"p":5},"geometry":{"type":"Polygon","coordinates":[[[17.10585,48.142397],[17.105721,48.14241],[17.105695,48.1423],[17.105824,48.142287],[17.10585,48.142397]]]}},{"type":"Feature","properties":{"v":14.1,"p":5},"geometry":{"type":"Polygon","coordinates":[[[17.10587,48.142539],[17.105885,48.142644],[17.105859,48.142646],[17.105758,48.142653],[17.105721,48.14241],[17.10585,48.142397],[17.10587,48.142539]]]}},{"type":"Feature","properties":{"v":15.5,"p":5},"geometry":{"type":"Polygon","coordinates":[[[17.106306,48.142628],[17.10603,48.142637],[17.105885,48.142644],[17.10587,48.142539],[17.10599,48.142533],[17.105994,48.142559],[17.106239,48.142553],[17.106306,48.142552],[17.106306,48.142628]]]}},{"type":"Feature","properties":{"v":12.8,"p":4},"geometry":{"type":"Polygon","coordinates":[[[17.106856,48.142289],[17.106834,48.142319],[17.106783,48.142307],[17.106742,48.142298],[17.106764,48.142264],[17.106856,48.142289]]]}},{"type":"Feature","properties":{"v":19.2,"p":6},"geometry":{"type":"Polygon","coordinates":[[[17.107114,48.140872],[17.107074,48.140923],[17.107013,48.140903],[17.107053,48.140851],[17.107114,48.140872]]]}},{"type":"Feature","properties":{"v":20.3,"p":7},"geometry":{"type":"Polygon","coordinates":[[[17.106975,48.14089],[17.107013,48.140903],[17.107074,48.140923],[17.107177,48.140955],[17.10715,48.14099],[17.107103,48.141049],[17.106874,48.140976],[17.10694,48.140878],[17.106975,48.14089]]]}},{"type":"Feature","properties":{"v":16.5,"p":6},"geometry":{"type":"Polygon","coordinates":[[[17.106422,48.142624],[17.106306,48.142628],[17.106306,48.142552],[17.106239,48.142553],[17.106234,48.142473],[17.106273,48.142472],[17.106266,48.142432],[17.106423,48.142417],[17.106422,48.142624]]]}},{"type":"Feature","properties":{"v":16.3,"p":5},"geometry":{"type":"Polygon","coordinates":[[[17.106931,48.142446],[17.106844,48.142427],[17.106795,48.142413],[17.106726,48.142398],[17.106732,48.142378],[17.106835,48.142397],[17.106845,48.142368],[17.106929,48.142349],[17.106974,48.142365],[17.106931,48.142446]]]}},{"type":"Feature","properties":{"v":12,"p":4},"geometry":{"type":"Polygon","coordinates":[[[17.106225,48.142893],[17.106005,48.142888],[17.106008,48.142836],[17.106228,48.142842],[17.106225,48.142893]]]}},{"type":"Feature","properties":{"v":16,"p":5},"geometry":{"type":"Polygon","coordinates":[[[17.106078,48.142777],[17.106011,48.142777],[17.105879,48.142781],[17.105871,48.142723],[17.106074,48.142718],[17.106078,48.142777]]]}},{"type":"Feature","properties":{"v":10.4,"p":3},"geometry":{"type":"Polygon","coordinates":[[[17.105928,48.143053],[17.105849,48.143033],[17.105874,48.143003],[17.106005,48.143008],[17.105997,48.143043],[17.105949,48.143028],[17.105928,48.143053]]]}},{"type":"Feature","properties":{"v":17.9,"p":6},"geometry":{"type":"Polygon","coordinates":[[[17.106694,48.143034],[17.106695,48.143061],[17.106818,48.14308],[17.106806,48.143128],[17.106686,48.143121],[17.106586,48.143112],[17.106577,48.142969],[17.106667,48.142971],[17.106694,48.143034]]]}},{"type":"Feature","properties":{"v":12.1,"p":4},"geometry":{"type":"Polygon","coordinates":[[[17.105804,48.14294],[17.10575,48.143011],[17.105805,48.143032],[17.105783,48.14306],[17.105817,48.143072],[17.105764,48.143143],[17.105689,48.14313],[17.105631,48.143099],[17.105781,48.142929],[17.105804,48.14294]]]}},{"type":"Feature","properties":{"v":18.2,"p":6},"geometry":{"type":"Polygon","coordinates":[[[17.106085,48.143119],[17.105981,48.143105],[17.105997,48.143043],[17.106005,48.143008],[17.106132,48.143013],[17.106085,48.143119]]]}},{"type":"Feature","properties":{"v":18.4,"p":6},"geometry":{"type":"Polygon","coordinates":[[[17.105802,48.143201],[17.105765,48.1433],[17.105762,48.143307],[17.105658,48.143289],[17.105698,48.143183],[17.105802,48.143201]]]}},{"type":"Feature","properties":{"v":21.2,"p":7},"geometry":{"type":"Polygon","coordinates":[[[17.106974,48.141997],[17.106979,48.141999],[17.106971,48.14201],[17.106919,48.142074],[17.106864,48.142054],[17.106926,48.141979],[17.106974,48.141997]]]}},{"type":"Feature","properties":{"v":24.9,"p":8},"geometry":{"type":"Polygon","coordinates":[[[17.107483,48.140878],[17.107413,48.14096],[17.107465,48.140976],[17.107435,48.141018],[17.107351,48.140993],[17.107394,48.14094],[17.107441,48.140881],[17.107452,48.140867],[17.107483,48.140878]]]}},{"type":"Feature","properties":{"v":22.2,"p":7},"geometry":{"type":"Polygon","coordinates":[[[17.107633,48.14103],[17.107602,48.141071],[17.10752,48.141044],[17.107556,48.141005],[17.107633,48.14103]]]}},{"type":"Feature","properties":{"v":19.9,"p":7},"geometry":{"type":"Polygon","coordinates":[[[17.107416,48.142143],[17.107309,48.142279],[17.106878,48.142125],[17.106919,48.142074],[17.106971,48.14201],[17.107033,48.142032],[17.107085,48.141967],[17.107288,48.142039],[17.107243,48.142095],[17.107343,48.142131],[17.107424,48.142028],[17.107494,48.142053],[17.107416,48.142143]]]}},{"type":"Feature","properties":{"v":3.3,"p":1},"geometry":{"type":"Polygon","coordinates":[[[17.107543,48.141244],[17.107502,48.141302],[17.107333,48.141248],[17.107375,48.141188],[17.107543,48.141244]]]}},{"type":"Feature","properties":{"v":14.1,"p":5},"geometry":{"type":"Polygon","coordinates":[[[17.106993,48.142338],[17.106978,48.142356],[17.106974,48.142365],[17.106929,48.142349],[17.106834,48.142319],[17.106856,48.142289],[17.106993,48.142338]]]}},{"type":"Feature","properties":{"v":17.7,"p":6},"geometry":{"type":"Polygon","coordinates":[[[17.106789,48.142603],[17.107003,48.14263],[17.10693,48.142681],[17.106765,48.142663],[17.106704,48.142592],[17.106789,48.142603]]]}},{"type":"Feature","properties":{"v":13.1,"p":4},"geometry":{"type":"Polygon","coordinates":[[[17.106977,48.142519],[17.107064,48.142533],[17.107077,48.142536],[17.10705,48.142586],[17.106989,48.142574],[17.106997,48.142545],[17.106936,48.142528],[17.106945,48.142509],[17.106977,48.142519]]]}},{"type":"Feature","properties":{"v":17.3,"p":6},"geometry":{"type":"Polygon","coordinates":[[[17.106989,48.142574],[17.10705,48.142586],[17.107045,48.142613],[17.10704,48.142634],[17.107003,48.14263],[17.106789,48.142603],[17.106795,48.142549],[17.106989,48.142574]]]}},{"type":"Feature","properties":{"v":21.1,"p":7},"geometry":{"type":"Polygon","coordinates":[[[17.106891,48.14276],[17.106989,48.142782],[17.106978,48.142809],[17.106936,48.142913],[17.106737,48.142871],[17.106573,48.142854],[17.106768,48.142732],[17.106891,48.14276]]]}},{"type":"Feature","properties":{"v":18.9,"p":6},"geometry":{"type":"Polygon","coordinates":[[[17.107149,48.142536],[17.107136,48.142554],[17.107077,48.142536],[17.107064,48.142533],[17.107109,48.142463],[17.107028,48.14244],[17.106977,48.142519],[17.106945,48.142509],[17.106905,48.142498],[17.106931,48.142446],[17.106974,48.142365],[17.106978,48.142356],[17.107129,48.142411],[17.107216,48.142448],[17.107149,48.142536]]]}},{"type":"Feature","properties":{"v":17.4,"p":6},"geometry":{"type":"Polygon","coordinates":[[[17.107275,48.142672],[17.107243,48.142713],[17.107219,48.142746],[17.107188,48.14281],[17.107172,48.142844],[17.107091,48.142829],[17.107164,48.142704],[17.107033,48.142685],[17.10704,48.142634],[17.107045,48.142613],[17.107275,48.142672]]]}},{"type":"Feature","properties":{"v":15.9,"p":5},"geometry":{"type":"Polygon","coordinates":[[[17.107302,48.142641],[17.107275,48.142672],[17.107045,48.142613],[17.10705,48.142586],[17.107077,48.142536],[17.107136,48.142554],[17.107149,48.142536],[17.107179,48.142546],[17.107147,48.142603],[17.107229,48.142626],[17.107263,48.142574],[17.107331,48.142596],[17.107302,48.142641]]]}},{"type":"Feature","properties":{"v":22.4,"p":7},"geometry":{"type":"Polygon","coordinates":[[[17.107382,48.142518],[17.107368,48.142538],[17.107331,48.142596],[17.107263,48.142574],[17.107179,48.142546],[17.107149,48.142536],[17.107216,48.142448],[17.107382,48.142518]]]}},{"type":"Feature","properties":{"v":16.8,"p":6},"geometry":{"type":"Polygon","coordinates":[[[17.10687,48.143277],[17.106802,48.143307],[17.106733,48.143298],[17.10671,48.143256],[17.10687,48.143277]]]}},{"type":"Feature","properties":{"v":10.6,"p":4},"geometry":{"type":"Polygon","coordinates":[[[17.106888,48.143136],[17.106996,48.143159],[17.107072,48.143177],[17.107024,48.143241],[17.106987,48.143233],[17.107004,48.143206],[17.106818,48.143172],[17.106826,48.143131],[17.106888,48.143136]]]}},{"type":"Feature","properties":{"v":13.9,"p":5},"geometry":{"type":"Polygon","coordinates":[[[17.107096,48.143301],[17.107057,48.143347],[17.107013,48.143311],[17.106977,48.143305],[17.107007,48.143268],[17.107096,48.143301]]]}},{"type":"Feature","properties":{"v":15.4,"p":5},"geometry":{"type":"Polygon","coordinates":[[[17.106996,48.143159],[17.106888,48.143136],[17.106826,48.143131],[17.106806,48.143128],[17.106818,48.14308],[17.106973,48.143106],[17.106984,48.14307],[17.107001,48.143073],[17.10702,48.143075],[17.106996,48.143159]]]}},{"type":"Feature","properties":{"v":15.6,"p":5},"geometry":{"type":"Polygon","coordinates":[[[17.106947,48.143416],[17.107011,48.143519],[17.10691,48.14356],[17.10688,48.14351],[17.106825,48.143418],[17.106897,48.143284],[17.106977,48.143305],[17.107013,48.143311],[17.107057,48.143347],[17.106995,48.143396],[17.106971,48.143385],[17.106947,48.143416]]]}},{"type":"Feature","properties":{"v":17.8,"p":6},"geometry":{"type":"Polygon","coordinates":[[[17.106805,48.143563],[17.106818,48.14359],[17.106738,48.143613],[17.106733,48.143533],[17.106762,48.143527],[17.106784,48.143523],[17.106805,48.143563]]]}},{"type":"Feature","properties":{"v":14.4,"p":5},"geometry":{"type":"Polygon","coordinates":[[[17.106883,48.143571],[17.1069,48.14359],[17.106853,48.143608],[17.106829,48.143557],[17.106805,48.143563],[17.106784,48.143523],[17.10688,48.14351],[17.10691,48.14356],[17.106883,48.143571]]]}},{"type":"Feature","properties":{"v":17.2,"p":6},"geometry":{"type":"Polygon","coordinates":[[[17.106299,48.143401],[17.106299,48.143597],[17.106089,48.143596],[17.106132,48.143375],[17.106299,48.143401]]]}},{"type":"Feature","properties":{"v":10.9,"p":4},"geometry":{"type":"Polygon","coordinates":[[[17.106832,48.143616],[17.10674,48.143652],[17.106738,48.143613],[17.106818,48.14359],[17.106832,48.143616]]]}},{"type":"Feature","properties":{"v":16.5,"p":6},"geometry":{"type":"Polygon","coordinates":[[[17.107071,48.143356],[17.107118,48.143386],[17.107181,48.143455],[17.107089,48.143488],[17.107049,48.143442],[17.106995,48.143396],[17.107057,48.143347],[17.107071,48.143356]]]}},{"type":"Feature","properties":{"v":12.1,"p":4},"geometry":{"type":"Polygon","coordinates":[[[17.107792,48.140157],[17.107771,48.140156],[17.107735,48.140155],[17.107739,48.140095],[17.107798,48.140097],[17.107792,48.140157]]]}},{"type":"Feature","properties":{"v":16.1,"p":5},"geometry":{"type":"Polygon","coordinates":[[[17.107656,48.14198],[17.107495,48.142172],[17.107416,48.142143],[17.107494,48.142053],[17.107504,48.142042],[17.107578,48.141952],[17.107656,48.14198]]]}},{"type":"Feature","properties":{"v":13.1,"p":4},"geometry":{"type":"Polygon","coordinates":[[[17.107474,48.142944],[17.107456,48.142983],[17.107283,48.142953],[17.107298,48.14293],[17.107287,48.142926],[17.107301,48.142907],[17.107394,48.142937],[17.107419,48.142928],[17.107474,48.142944]]]}},{"type":"Feature","properties":{"v":12.4,"p":4},"geometry":{"type":"Polygon","coordinates":[[[17.107528,48.14257],[17.10743,48.142688],[17.107412,48.142682],[17.10748,48.142582],[17.107462,48.142575],[17.107368,48.142538],[17.107382,48.142518],[17.107528,48.14257]]]}},{"type":"Feature","properties":{"v":8.4,"p":3},"geometry":{"type":"Polygon","coordinates":[[[17.10743,48.143297],[17.10738,48.14333],[17.107419,48.143362],[17.107405,48.143367],[17.107341,48.143328],[17.107321,48.143315],[17.107391,48.143271],[17.10743,48.143297]]]}},{"type":"Feature","properties":{"v":5,"p":2},"geometry":{"type":"Polygon","coordinates":[[[17.107405,48.143367],[17.107352,48.143388],[17.107339,48.143393],[17.10729,48.143349],[17.107341,48.143328],[17.107405,48.143367]]]}},{"type":"Feature","properties":{"v":20.1,"p":7},"geometry":{"type":"Polygon","coordinates":[[[17.107451,48.142447],[17.107382,48.142518],[17.107216,48.142448],[17.107129,48.142411],[17.107196,48.14234],[17.107451,48.142447]]]}},{"type":"Feature","properties":{"v":17.7,"p":6},"geometry":{"type":"Polygon","coordinates":[[[17.107495,48.142172],[17.107474,48.1422],[17.107548,48.142226],[17.107619,48.142251],[17.107529,48.142357],[17.107309,48.142279],[17.107416,48.142143],[17.107495,48.142172]]]}},{"type":"Feature","properties":{"v":18,"p":6},"geometry":{"type":"Polygon","coordinates":[[[17.10819,48.140018],[17.108186,48.140063],[17.108184,48.140086],[17.108081,48.140082],[17.108092,48.139972],[17.108194,48.139976],[17.10819,48.140018]]]}},{"type":"Feature","properties":{"v":21.9,"p":7},"geometry":{"type":"Polygon","coordinates":[[[17.107921,48.141896],[17.107903,48.141919],[17.107668,48.141842],[17.107681,48.141825],[17.107686,48.141819],[17.107921,48.141896]]]}},{"type":"Feature","properties":{"v":22.9,"p":8},"geometry":{"type":"Polygon","coordinates":[[[17.107918,48.142322],[17.107799,48.14246],[17.107529,48.142357],[17.107619,48.142251],[17.107646,48.142218],[17.107918,48.142322]]]}},{"type":"Feature","properties":{"v":8.5,"p":3},"geometry":{"type":"Polygon","coordinates":[[[17.107819,48.142034],[17.107872,48.142051],[17.107752,48.142213],[17.107804,48.14223],[17.107782,48.14226],[17.107729,48.142241],[17.107738,48.142232],[17.107658,48.142205],[17.107743,48.142103],[17.107805,48.14203],[17.107819,48.142034]]]}},{"type":"Feature","properties":{"v":10.7,"p":4},"geometry":{"type":"Polygon","coordinates":[[[17.10789,48.142259],[17.107868,48.142289],[17.107782,48.14226],[17.107804,48.14223],[17.10789,48.142259]]]}},{"type":"Feature","properties":{"v":4,"p":1},"geometry":{"type":"Polygon","coordinates":[[[17.108552,48.14062],[17.1085,48.140763],[17.108409,48.140748],[17.108462,48.140605],[17.108552,48.14062]]]}},{"type":"Feature","properties":{"v":6.4,"p":2},"geometry":{"type":"Polygon","coordinates":[[[17.108365,48.141023],[17.108324,48.141065],[17.108265,48.141041],[17.108295,48.141002],[17.108365,48.141023]]]}},{"type":"Feature","properties":{"v":7.9,"p":3},"geometry":{"type":"Polygon","coordinates":[[[17.108457,48.140889],[17.108365,48.141023],[17.108295,48.141002],[17.108388,48.140868],[17.108457,48.140889]]]}},{"type":"Feature","properties":{"v":21.9,"p":7},"geometry":{"type":"Polygon","coordinates":[[[17.108183,48.141984],[17.108167,48.142006],[17.107903,48.141919],[17.107921,48.141896],[17.108183,48.141984]]]}},{"type":"Feature","properties":{"v":14.9,"p":5},"geometry":{"type":"Polygon","coordinates":[[[17.108229,48.141997],[17.108195,48.142045],[17.108149,48.14203],[17.108167,48.142006],[17.108183,48.141984],[17.108229,48.141997]]]}},{"type":"Feature","properties":{"v":3.9,"p":1},"geometry":{"type":"Polygon","coordinates":[[[17.108347,48.141103],[17.108318,48.141091],[17.108338,48.14107],[17.108324,48.141065],[17.108365,48.141023],[17.108457,48.140889],[17.108501,48.140904],[17.108379,48.141084],[17.108367,48.141082],[17.108347,48.141103]]]}},{"type":"Feature","properties":{"v":25,"p":8},"geometry":{"type":"Polygon","coordinates":[[[17.108267,48.142129],[17.108227,48.142179],[17.108183,48.142165],[17.10822,48.142115],[17.108267,48.142129]]]}},{"type":"Feature","properties":{"v":7.6,"p":3},"geometry":{"type":"Polygon","coordinates":[[[17.10844,48.142065],[17.108401,48.14211],[17.108195,48.142045],[17.108229,48.141997],[17.10844,48.142065]]]}},{"type":"Feature","properties":{"v":28.7,"p":10},"geometry":{"type":"Polygon","coordinates":[[[17.108404,48.141133],[17.108467,48.14116],[17.108391,48.141269],[17.108252,48.141211],[17.10827,48.141192],[17.108159,48.141147],[17.108258,48.141038],[17.108265,48.141041],[17.108324,48.141065],[17.108338,48.14107],[17.108318,48.141091],[17.108347,48.141103],[17.108367,48.141082],[17.108427,48.141107],[17.108404,48.141133]]]}},{"type":"Feature","properties":{"v":37.8,"p":13},"geometry":{"type":"Polygon","coordinates":[[[17.108742,48.14104],[17.108713,48.141036],[17.108567,48.141016],[17.108663,48.140872],[17.108709,48.140803],[17.108637,48.14079],[17.108634,48.140732],[17.109196,48.140809],[17.109194,48.140814],[17.109149,48.14094],[17.109138,48.140971],[17.108787,48.140921],[17.108742,48.14104]]]}},{"type":"Feature","properties":{"v":10.8,"p":4},"geometry":{"type":"Polygon","coordinates":[[[17.109401,48.140679],[17.109385,48.140727],[17.109334,48.140736],[17.109366,48.140652],[17.109401,48.140679]]]}},{"type":"Feature","properties":{"v":12.3,"p":4},"geometry":{"type":"Polygon","coordinates":[[[17.109366,48.140652],[17.109334,48.140736],[17.109306,48.140731],[17.109231,48.140718],[17.109271,48.140619],[17.109365,48.140609],[17.109366,48.140652]]]}},{"type":"Feature","properties":{"v":4.2,"p":1},"geometry":{"type":"Polygon","coordinates":[[[17.109325,48.140789],[17.109424,48.140801],[17.109396,48.140902],[17.109283,48.140887],[17.109301,48.140832],[17.109319,48.140785],[17.109325,48.140789]]]}},{"type":"Feature","properties":{"v":10.8,"p":4},"geometry":{"type":"Polygon","coordinates":[[[17.109306,48.140731],[17.109287,48.14078],[17.109211,48.140768],[17.109231,48.140718],[17.109306,48.140731]]]}},{"type":"Feature","properties":{"v":12.5,"p":4},"geometry":{"type":"Polygon","coordinates":[[[17.109287,48.14078],[17.109319,48.140785],[17.109301,48.140832],[17.109194,48.140814],[17.109196,48.140809],[17.109211,48.140768],[17.109287,48.14078]]]}},{"type":"Feature","properties":{"v":14.1,"p":5},"geometry":{"type":"Polygon","coordinates":[[[17.109598,48.140753],[17.109596,48.140799],[17.109591,48.140819],[17.109424,48.140801],[17.109325,48.140789],[17.109334,48.140736],[17.109385,48.140727],[17.109486,48.140727],[17.109482,48.140678],[17.109401,48.140679],[17.109366,48.140652],[17.109365,48.140609],[17.109577,48.140595],[17.10959,48.14065],[17.109598,48.140753]]]}},{"type":"Feature","properties":{"v":20.1,"p":7},"geometry":{"type":"Polygon","coordinates":[[[17.109301,48.140832],[17.109283,48.140887],[17.10926,48.140953],[17.109236,48.14095],[17.109149,48.14094],[17.109194,48.140814],[17.109301,48.140832]]]}},{"type":"Feature","properties":{"v":32.4,"p":11},"geometry":{"type":"Polygon","coordinates":[[[17.109533,48.140981],[17.10926,48.140953],[17.109283,48.140887],[17.109396,48.140902],[17.109424,48.140801],[17.109591,48.140819],[17.109533,48.140981]]]}},{"type":"Feature","properties":{"v":12.7,"p":4},"geometry":{"type":"Polygon","coordinates":[[[17.107743,48.142103],[17.107658,48.142205],[17.107646,48.142218],[17.107619,48.142251],[17.107548,48.142226],[17.107673,48.142077],[17.107743,48.142103]]]}},{"type":"Feature","properties":{"v":23.4,"p":8},"geometry":{"type":"Polygon","coordinates":[[[17.10958,48.140556],[17.109084,48.140582],[17.109122,48.140349],[17.10939,48.140322],[17.109532,48.140309],[17.10958,48.140556]]]}},{"type":"Feature","properties":{"v":23.9,"p":8},"geometry":{"type":"Polygon","coordinates":[[[17.107844,48.142785],[17.107784,48.142863],[17.1077,48.142834],[17.107761,48.142757],[17.107844,48.142785]]]}},{"type":"Feature","properties":{"v":17.9,"p":6},"geometry":{"type":"Polygon","coordinates":[[[17.107514,48.14335],[17.107419,48.143362],[17.10738,48.14333],[17.10743,48.143297],[17.107514,48.14335]]]}},{"type":"Feature","properties":{"v":3,"p":1},"geometry":{"type":"Polygon","coordinates":[[[17.107696,48.142701],[17.107559,48.142855],[17.107502,48.142834],[17.107634,48.142679],[17.107696,48.142701]]]}},{"type":"Feature","properties":{"v":19.3,"p":6},"geometry":{"type":"Polygon","coordinates":[[[17.108236,48.142417],[17.108159,48.142388],[17.108261,48.142271],[17.108359,48.142158],[17.108401,48.14211],[17.10844,48.142065],[17.108444,48.14206],[17.108604,48.142122],[17.108511,48.142234],[17.108425,48.1422],[17.108236,48.142417]]]}},{"type":"Feature","properties":{"v":17.1,"p":6},"geometry":{"type":"Polygon","coordinates":[[[17.108529,48.142393],[17.108415,48.14235],[17.108511,48.142234],[17.108604,48.142122],[17.108608,48.142117],[17.108764,48.142166],[17.108751,48.142184],[17.108698,48.14226],[17.108685,48.142279],[17.108637,48.142263],[17.108529,48.142393]]]}},{"type":"Feature","properties":{"v":21.1,"p":7},"geometry":{"type":"Polygon","coordinates":[[[17.109075,48.1425],[17.109026,48.142484],[17.109047,48.142457],[17.109058,48.142462],[17.109129,48.142386],[17.10917,48.142402],[17.109075,48.1425]]]}},{"type":"Feature","properties":{"v":4.1,"p":1},"geometry":{"type":"Polygon","coordinates":[[[17.109034,48.142338],[17.108935,48.142447],[17.108863,48.142424],[17.108941,48.142309],[17.109034,48.142338]]]}},{"type":"Feature","properties":{"v":15.8,"p":5},"geometry":{"type":"Polygon","coordinates":[[[17.109129,48.142386],[17.109058,48.142462],[17.109047,48.142457],[17.109001,48.14244],[17.109067,48.142363],[17.109129,48.142386]]]}},{"type":"Feature","properties":{"v":13.1,"p":4},"geometry":{"type":"Polygon","coordinates":[[[17.108764,48.142485],[17.1088,48.142496],[17.108782,48.142523],[17.10871,48.142626],[17.108709,48.142625],[17.108613,48.142596],[17.108702,48.142466],[17.108764,48.142485]]]}},{"type":"Feature","properties":{"v":19.7,"p":7},"geometry":{"type":"Polygon","coordinates":[[[17.108863,48.142424],[17.108812,48.1425],[17.1088,48.142496],[17.108764,48.142485],[17.108875,48.142321],[17.108911,48.142266],[17.109053,48.142309],[17.109034,48.142338],[17.108941,48.142309],[17.108863,48.142424]]]}},{"type":"Feature","properties":{"v":20.7,"p":7},"geometry":{"type":"Polygon","coordinates":[[[17.109141,48.142522],[17.109075,48.1425],[17.10917,48.142402],[17.109211,48.14236],[17.109053,48.142309],[17.109083,48.142265],[17.109319,48.142341],[17.109264,48.142391],[17.109272,48.142394],[17.109187,48.142478],[17.109182,48.142477],[17.109141,48.142522]]]}},{"type":"Feature","properties":{"v":10.5,"p":4},"geometry":{"type":"Polygon","coordinates":[[[17.108812,48.1425],[17.108882,48.142522],[17.108873,48.142535],[17.108862,48.142549],[17.108849,48.142545],[17.108782,48.142523],[17.1088,48.142496],[17.108812,48.1425]]]}},{"type":"Feature","properties":{"v":15.2,"p":5},"geometry":{"type":"Polygon","coordinates":[[[17.109051,48.142654],[17.108904,48.142606],[17.108942,48.142554],[17.108969,48.142563],[17.109026,48.142484],[17.109075,48.1425],[17.109141,48.142522],[17.109146,48.142524],[17.109051,48.142654]]]}},{"type":"Feature","properties":{"v":12.4,"p":4},"geometry":{"type":"Polygon","coordinates":[[[17.108942,48.142554],[17.108904,48.142606],[17.108859,48.142668],[17.108786,48.142646],[17.108849,48.142545],[17.108862,48.142549],[17.108873,48.142535],[17.108942,48.142554]]]}},{"type":"Feature","properties":{"v":16.3,"p":5},"geometry":{"type":"Polygon","coordinates":[[[17.108935,48.142447],[17.10893,48.142454],[17.108882,48.142522],[17.108812,48.1425],[17.108863,48.142424],[17.108935,48.142447]]]}},{"type":"Feature","properties":{"v":17.4,"p":6},"geometry":{"type":"Polygon","coordinates":[[[17.109512,48.142437],[17.109424,48.142542],[17.109495,48.142568],[17.109391,48.142703],[17.109311,48.142676],[17.109211,48.142642],[17.109405,48.142402],[17.109512,48.142437]]]}},{"type":"Feature","properties":{"v":17.4,"p":6},"geometry":{"type":"Polygon","coordinates":[[[17.109311,48.142676],[17.109246,48.14276],[17.109183,48.142843],[17.10931,48.142887],[17.109435,48.142929],[17.109404,48.142969],[17.109052,48.142849],[17.109211,48.142642],[17.109311,48.142676]]]}},{"type":"Feature","properties":{"v":23.3,"p":8},"geometry":{"type":"Polygon","coordinates":[[[17.10842,48.142874],[17.108258,48.14294],[17.108247,48.142927],[17.108276,48.142914],[17.10836,48.142852],[17.10842,48.142874]]]}},{"type":"Feature","properties":{"v":27.2,"p":9},"geometry":{"type":"Polygon","coordinates":[[[17.108255,48.14313],[17.108167,48.143037],[17.10813,48.143051],[17.10811,48.143033],[17.108085,48.143037],[17.108043,48.142998],[17.108197,48.142881],[17.108276,48.142914],[17.108247,48.142927],[17.108258,48.14294],[17.108301,48.142983],[17.108491,48.1429],[17.10842,48.142874],[17.10836,48.142852],[17.108349,48.142848],[17.108404,48.14277],[17.108731,48.142875],[17.108737,48.142922],[17.108255,48.14313]]]}},{"type":"Feature","properties":{"v":17.6,"p":6},"geometry":{"type":"Polygon","coordinates":[[[17.109022,48.143071],[17.108997,48.143103],[17.109023,48.143107],[17.10902,48.143151],[17.10904,48.143158],[17.108933,48.143199],[17.108908,48.143147],[17.108904,48.143136],[17.108974,48.143132],[17.10895,48.143069],[17.10899,48.143062],[17.109022,48.143071]]]}},{"type":"Feature","properties":{"v":13.8,"p":5},"geometry":{"type":"Polygon","coordinates":[[[17.10875,48.14322],[17.108652,48.143249],[17.108629,48.143228],[17.108653,48.143216],[17.108692,48.143196],[17.108734,48.143176],[17.10875,48.14322]]]}},{"type":"Feature","properties":{"v":12.8,"p":4},"geometry":{"type":"Polygon","coordinates":[[[17.108624,48.143171],[17.108617,48.143188],[17.108653,48.143216],[17.108629,48.143228],[17.108591,48.143196],[17.108613,48.143147],[17.10872,48.143163],[17.108726,48.143169],[17.108734,48.143176],[17.108692,48.143196],[17.108664,48.14317],[17.108624,48.143171]]]}},{"type":"Feature","properties":{"v":23.3,"p":8},"geometry":{"type":"Polygon","coordinates":[[[17.109296,48.143143],[17.109026,48.143249],[17.10899,48.143194],[17.10904,48.143158],[17.10902,48.143151],[17.109023,48.143107],[17.108997,48.143103],[17.109022,48.143071],[17.109296,48.143143]]]}},{"type":"Feature","properties":{"v":18.2,"p":6},"geometry":{"type":"Polygon","coordinates":[[[17.10938,48.143455],[17.10937,48.143486],[17.10939,48.143495],[17.109362,48.143524],[17.109385,48.143537],[17.10937,48.143557],[17.109311,48.143532],[17.109327,48.143513],[17.109237,48.143462],[17.109315,48.143419],[17.10938,48.143455]]]}},{"type":"Feature","properties":{"v":20.2,"p":7},"geometry":{"type":"Polygon","coordinates":[[[17.106108,48.143371],[17.106132,48.143375],[17.106089,48.143596],[17.106079,48.143652],[17.106019,48.143647],[17.105964,48.143642],[17.105919,48.143624],[17.105969,48.143359],[17.106108,48.143371]]]}},{"type":"Feature","properties":{"v":19.5,"p":6},"geometry":{"type":"Polygon","coordinates":[[[17.107732,48.143683],[17.107661,48.143722],[17.107594,48.143759],[17.107522,48.143699],[17.107509,48.143687],[17.107391,48.143586],[17.10756,48.143521],[17.107633,48.143593],[17.107584,48.143613],[17.10762,48.143648],[17.10767,48.143622],[17.107732,48.143683]]]}},{"type":"Feature","properties":{"v":25.1,"p":8},"geometry":{"type":"Polygon","coordinates":[[[17.109391,48.143729],[17.109199,48.143669],[17.109293,48.143525],[17.109311,48.143532],[17.10937,48.143557],[17.10933,48.14362],[17.109367,48.14363],[17.109391,48.143595],[17.109469,48.143618],[17.109391,48.143729]]]}},{"type":"Feature","properties":{"v":17.7,"p":6},"geometry":{"type":"Polygon","coordinates":[[[17.107509,48.143687],[17.107442,48.143714],[17.107382,48.14374],[17.107312,48.143703],[17.107242,48.143638],[17.107391,48.143586],[17.107509,48.143687]]]}},{"type":"Feature","properties":{"v":16.7,"p":6},"geometry":{"type":"Polygon","coordinates":[[[17.107301,48.143408],[17.107252,48.143427],[17.10734,48.143529],[17.107269,48.143556],[17.107181,48.143455],[17.107118,48.143386],[17.107071,48.143356],[17.107144,48.143299],[17.107235,48.143377],[17.107259,48.143367],[17.107301,48.143408]]]}},{"type":"Feature","properties":{"v":17.4,"p":6},"geometry":{"type":"Polygon","coordinates":[[[17.107594,48.143759],[17.107584,48.143768],[17.107527,48.143821],[17.107513,48.143815],[17.107386,48.14375],[17.107374,48.143743],[17.107382,48.14374],[17.107442,48.143714],[17.107477,48.143737],[17.107522,48.143699],[17.107594,48.143759]]]}},{"type":"Feature","properties":{"v":15.8,"p":5},"geometry":{"type":"Polygon","coordinates":[[[17.105883,48.143616],[17.105919,48.143624],[17.105964,48.143642],[17.105941,48.143686],[17.105919,48.143728],[17.105844,48.14371],[17.10587,48.14366],[17.105704,48.143621],[17.105706,48.143617],[17.105726,48.143579],[17.105883,48.143616]]]}},{"type":"Feature","properties":{"v":18.5,"p":6},"geometry":{"type":"Polygon","coordinates":[[[17.107664,48.143813],[17.107599,48.143866],[17.10752,48.143828],[17.107527,48.143821],[17.107584,48.143768],[17.107664,48.143813]]]}},{"type":"Feature","properties":{"v":25.3,"p":8},"geometry":{"type":"Polygon","coordinates":[[[17.10617,48.143879],[17.10617,48.143893],[17.106164,48.143986],[17.105996,48.14397],[17.106001,48.143891],[17.106013,48.143702],[17.106181,48.143708],[17.10617,48.143879]]]}},{"type":"Feature","properties":{"v":23.8,"p":8},"geometry":{"type":"Polygon","coordinates":[[[17.106331,48.143951],[17.106164,48.143986],[17.10617,48.143893],[17.106322,48.143863],[17.106331,48.143951]]]}},{"type":"Feature","properties":{"v":24.6,"p":8},"geometry":{"type":"Polygon","coordinates":[[[17.106164,48.143986],[17.106175,48.144063],[17.106119,48.144125],[17.106075,48.144087],[17.106009,48.144033],[17.105952,48.143993],[17.105996,48.14397],[17.106164,48.143986]]]}},{"type":"Feature","properties":{"v":18.4,"p":6},"geometry":{"type":"Polygon","coordinates":[[[17.107427,48.143955],[17.107401,48.143996],[17.107321,48.143981],[17.107275,48.143973],[17.107062,48.143909],[17.106988,48.143881],[17.107067,48.143842],[17.107104,48.143863],[17.107339,48.143934],[17.107358,48.143912],[17.107159,48.143826],[17.107203,48.143781],[17.107445,48.143884],[17.107469,48.14389],[17.107427,48.143955]]]}},{"type":"Feature","properties":{"v":5.9,"p":2},"geometry":{"type":"Polygon","coordinates":[[[17.107659,48.143904],[17.10763,48.143928],[17.107557,48.143895],[17.10753,48.143912],[17.107475,48.143884],[17.107469,48.14389],[17.107445,48.143884],[17.107513,48.143815],[17.107527,48.143821],[17.10752,48.143828],[17.107599,48.143866],[17.107594,48.143871],[17.107631,48.14389],[17.107659,48.143904]]]}},{"type":"Feature","properties":{"v":12.8,"p":4},"geometry":{"type":"Polygon","coordinates":[[[17.107706,48.143836],[17.107631,48.14389],[17.107594,48.143871],[17.107599,48.143866],[17.107664,48.143813],[17.107706,48.143836]]]}},{"type":"Feature","properties":{"v":18,"p":6},"geometry":{"type":"Polygon","coordinates":[[[17.107383,48.144069],[17.107307,48.144069],[17.106942,48.144022],[17.106899,48.144016],[17.106967,48.143975],[17.107311,48.144028],[17.107321,48.143981],[17.107401,48.143996],[17.107383,48.144069]]]}},{"type":"Feature","properties":{"v":14.2,"p":5},"geometry":{"type":"Polygon","coordinates":[[[17.107786,48.144042],[17.10778,48.144046],[17.107747,48.144069],[17.107646,48.143992],[17.107671,48.14397],[17.107786,48.144042]]]}},{"type":"Feature","properties":{"v":9,"p":3},"geometry":{"type":"Polygon","coordinates":[[[17.107719,48.143931],[17.107671,48.14397],[17.107619,48.143938],[17.10763,48.143928],[17.107659,48.143904],[17.107719,48.143931]]]}},{"type":"Feature","properties":{"v":16.1,"p":5},"geometry":{"type":"Polygon","coordinates":[[[17.107062,48.143909],[17.107275,48.143973],[17.107321,48.143981],[17.107311,48.144028],[17.106967,48.143975],[17.106988,48.143881],[17.107062,48.143909]]]}},{"type":"Feature","properties":{"v":26.4,"p":9},"geometry":{"type":"Polygon","coordinates":[[[17.106482,48.144191],[17.106394,48.144189],[17.106269,48.144182],[17.106185,48.144169],[17.106112,48.144157],[17.106119,48.144125],[17.106175,48.144063],[17.106302,48.144088],[17.106343,48.144084],[17.106482,48.144191]]]}},{"type":"Feature","properties":{"v":17.2,"p":6},"geometry":{"type":"Polygon","coordinates":[[[17.107112,48.144114],[17.107037,48.14411],[17.107043,48.144078],[17.106938,48.144072],[17.106942,48.144022],[17.107307,48.144069],[17.107299,48.144102],[17.107263,48.144099],[17.10726,48.144123],[17.107224,48.144121],[17.107227,48.144095],[17.107117,48.144087],[17.107112,48.144114]]]}},{"type":"Feature","properties":{"v":23.1,"p":8},"geometry":{"type":"Polygon","coordinates":[[[17.107989,48.143965],[17.108048,48.14399],[17.108102,48.144015],[17.107992,48.144113],[17.107935,48.144135],[17.10778,48.144046],[17.107786,48.144042],[17.107839,48.143998],[17.10783,48.143995],[17.107839,48.143988],[17.107745,48.143943],[17.10781,48.143883],[17.107989,48.143965]]]}},{"type":"Feature","properties":{"v":22.6,"p":8},"geometry":{"type":"Polygon","coordinates":[[[17.107671,48.14397],[17.107646,48.143992],[17.107747,48.144069],[17.10767,48.144122],[17.107653,48.144109],[17.10753,48.144012],[17.107494,48.143988],[17.107477,48.143977],[17.107427,48.143955],[17.107469,48.14389],[17.107475,48.143884],[17.10753,48.143912],[17.107602,48.143949],[17.107619,48.143938],[17.107671,48.14397]]]}},{"type":"Feature","properties":{"v":11.5,"p":4},"geometry":{"type":"Polygon","coordinates":[[[17.10767,48.144122],[17.107768,48.144192],[17.107379,48.144193],[17.107383,48.144069],[17.107401,48.143996],[17.107427,48.143955],[17.107477,48.143977],[17.107494,48.143988],[17.107489,48.14411],[17.107653,48.144109],[17.10767,48.144122]]]}},{"type":"Feature","properties":{"v":22.9,"p":8},"geometry":{"type":"Polygon","coordinates":[[[17.107935,48.144135],[17.107768,48.144192],[17.10767,48.144122],[17.107747,48.144069],[17.10778,48.144046],[17.107935,48.144135]]]}},{"type":"Feature","properties":{"v":17.4,"p":6},"geometry":{"type":"Polygon","coordinates":[[[17.108641,48.144155],[17.108599,48.14421],[17.108624,48.144224],[17.108578,48.144272],[17.108401,48.144186],[17.108405,48.14418],[17.108469,48.144066],[17.108641,48.144155]]]}},{"type":"Feature","properties":{"v":10,"p":3},"geometry":{"type":"Polygon","coordinates":[[[17.107227,48.144373],[17.107107,48.144364],[17.107108,48.144345],[17.107178,48.144348],[17.107172,48.144309],[17.107227,48.144307],[17.107227,48.144373]]]}},{"type":"Feature","properties":{"v":15.5,"p":5},"geometry":{"type":"Polygon","coordinates":[[[17.107055,48.144403],[17.106981,48.144405],[17.106983,48.144373],[17.106991,48.144373],[17.106991,48.144357],[17.10706,48.14436],[17.107055,48.144403]]]}},{"type":"Feature","properties":{"v":9.3,"p":3},"geometry":{"type":"Polygon","coordinates":[[[17.107314,48.144442],[17.107226,48.144442],[17.107227,48.144373],[17.107227,48.144307],[17.107313,48.144307],[17.107314,48.144442]]]}},{"type":"Feature","properties":{"v":17.8,"p":6},"geometry":{"type":"Polygon","coordinates":[[[17.107577,48.144233],[17.107654,48.144256],[17.107615,48.144306],[17.107518,48.144422],[17.107405,48.144406],[17.107478,48.144309],[17.107458,48.144308],[17.107458,48.14422],[17.107522,48.144222],[17.107577,48.144233]]]}},{"type":"Feature","properties":{"v":9.2,"p":3},"geometry":{"type":"Polygon","coordinates":[[[17.107842,48.144461],[17.107808,48.144508],[17.107706,48.144506],[17.107689,48.144505],[17.1077,48.144474],[17.107709,48.144442],[17.107797,48.144443],[17.107842,48.144461]]]}},{"type":"Feature","properties":{"v":6.1,"p":2},"geometry":{"type":"Polygon","coordinates":[[[17.105482,48.144441],[17.105717,48.144545],[17.105678,48.14461],[17.105445,48.144521],[17.105462,48.144504],[17.105426,48.144488],[17.105469,48.144446],[17.105478,48.144439],[17.105482,48.144441]]]}},{"type":"Feature","properties":{"v":11.6,"p":4},"geometry":{"type":"Polygon","coordinates":[[[17.106956,48.144445],[17.106791,48.14445],[17.106786,48.144393],[17.106926,48.144393],[17.106951,48.144393],[17.106956,48.144445]]]}},{"type":"Feature","properties":{"v":6.7,"p":2},"geometry":{"type":"Polygon","coordinates":[[[17.105756,48.144649],[17.105668,48.144622],[17.105678,48.14461],[17.105717,48.144545],[17.10582,48.144579],[17.10588,48.144585],[17.105876,48.1446],[17.105853,48.144632],[17.105779,48.144614],[17.105756,48.144649]]]}},{"type":"Feature","properties":{"v":21.3,"p":7},"geometry":{"type":"Polygon","coordinates":[[[17.106399,48.144737],[17.106407,48.144802],[17.106111,48.144759],[17.10614,48.144702],[17.106399,48.144737]]]}},{"type":"Feature","properties":{"v":22.6,"p":8},"geometry":{"type":"Polygon","coordinates":[[[17.106511,48.144787],[17.106468,48.144789],[17.106471,48.144807],[17.106408,48.144811],[17.106407,48.144802],[17.106399,48.144737],[17.106387,48.14463],[17.106459,48.144633],[17.106462,48.144666],[17.106496,48.144664],[17.106511,48.144787]]]}},{"type":"Feature","properties":{"v":18.5,"p":6},"geometry":{"type":"Polygon","coordinates":[[[17.10714,48.144555],[17.107013,48.144558],[17.107016,48.144493],[17.10715,48.144492],[17.10714,48.144555]]]}},{"type":"Feature","properties":{"v":9.5,"p":3},"geometry":{"type":"Polygon","coordinates":[[[17.107791,48.144534],[17.107732,48.144548],[17.107692,48.144542],[17.107706,48.144506],[17.107808,48.144508],[17.107791,48.144534]]]}},{"type":"Feature","properties":{"v":15,"p":5},"geometry":{"type":"Polygon","coordinates":[[[17.107968,48.144474],[17.107944,48.144511],[17.107954,48.144515],[17.107906,48.144581],[17.107898,48.144578],[17.107791,48.144534],[17.107808,48.144508],[17.107842,48.144461],[17.107797,48.144443],[17.107818,48.144417],[17.107968,48.144474]]]}},{"type":"Feature","properties":{"v":8.4,"p":3},"geometry":{"type":"Polygon","coordinates":[[[17.107742,48.144624],[17.107555,48.14459],[17.107594,48.144488],[17.107615,48.144494],[17.107589,48.144584],[17.107692,48.144602],[17.107728,48.144595],[17.107742,48.144624]]]}},{"type":"Feature","properties":{"v":14.2,"p":5},"geometry":{"type":"Polygon","coordinates":[[[17.10755,48.144648],[17.107514,48.144658],[17.107499,48.144696],[17.107437,48.14469],[17.107465,48.144634],[17.10755,48.144648]]]}},{"type":"Feature","properties":{"v":13,"p":4},"geometry":{"type":"Polygon","coordinates":[[[17.108735,48.144277],[17.109014,48.144369],[17.108981,48.144417],[17.108965,48.144411],[17.108636,48.144313],[17.108644,48.144303],[17.108578,48.144272],[17.108624,48.144224],[17.108735,48.144277]]]}},{"type":"Feature","properties":{"v":15.7,"p":5},"geometry":{"type":"Polygon","coordinates":[[[17.107299,48.144822],[17.107338,48.144827],[17.107287,48.144898],[17.107104,48.144867],[17.107115,48.144796],[17.107299,48.144822]]]}},{"type":"Feature","properties":{"v":17.8,"p":6},"geometry":{"type":"Polygon","coordinates":[[[17.10705,48.144858],[17.107044,48.144898],[17.106849,48.144897],[17.106843,48.144842],[17.10705,48.144858]]]}},{"type":"Feature","properties":{"v":19.1,"p":6},"geometry":{"type":"Polygon","coordinates":[[[17.107637,48.144935],[17.107495,48.144915],[17.107504,48.144899],[17.107387,48.144897],[17.107453,48.144833],[17.107683,48.144836],[17.107705,48.144909],[17.107643,48.144907],[17.107637,48.144935]]]}},{"type":"Feature","properties":{"v":15.7,"p":5},"geometry":{"type":"Polygon","coordinates":[[[17.106258,48.144834],[17.106418,48.144881],[17.106397,48.144966],[17.10622,48.144913],[17.106064,48.14485],[17.106103,48.144773],[17.106258,48.144834]]]}},{"type":"Feature","properties":{"v":16.7,"p":6},"geometry":{"type":"Polygon","coordinates":[[[17.105372,48.14486],[17.105365,48.144867],[17.105371,48.14487],[17.105295,48.144958],[17.104938,48.14482],[17.105011,48.144733],[17.105154,48.144788],[17.105146,48.144797],[17.105247,48.144835],[17.105262,48.144818],[17.105372,48.14486]]]}},{"type":"Feature","properties":{"v":17.9,"p":6},"geometry":{"type":"Polygon","coordinates":[[[17.107104,48.144867],[17.107287,48.144898],[17.107367,48.144933],[17.107328,48.144958],[17.10704,48.144911],[17.107044,48.144898],[17.10705,48.144858],[17.107104,48.144867]]]}},{"type":"Feature","properties":{"v":10.4,"p":3},"geometry":{"type":"Polygon","coordinates":[[[17.107716,48.144944],[17.107674,48.144993],[17.107455,48.144959],[17.107495,48.144915],[17.107637,48.144935],[17.107643,48.144907],[17.107705,48.144909],[17.107716,48.144944]]]}},{"type":"Feature","properties":{"v":15.6,"p":5},"geometry":{"type":"Polygon","coordinates":[[[17.107495,48.144915],[17.107455,48.144959],[17.107367,48.144933],[17.107387,48.144897],[17.107504,48.144899],[17.107495,48.144915]]]}},{"type":"Feature","properties":{"v":12.3,"p":4},"geometry":{"type":"Polygon","coordinates":[[[17.107328,48.144958],[17.107317,48.14498],[17.10718,48.144955],[17.107035,48.144928],[17.10704,48.144911],[17.107328,48.144958]]]}},{"type":"Feature","properties":{"v":14.3,"p":5},"geometry":{"type":"Polygon","coordinates":[[[17.107745,48.145097],[17.107682,48.145095],[17.107662,48.14508],[17.107672,48.145069],[17.107586,48.145027],[17.107593,48.145014],[17.107607,48.145004],[17.107621,48.144998],[17.107659,48.145014],[17.107674,48.144993],[17.107716,48.144944],[17.107799,48.144942],[17.1078,48.144979],[17.107904,48.144977],[17.107887,48.144999],[17.107745,48.145097]]]}},{"type":"Feature","properties":{"v":13.7,"p":5},"geometry":{"type":"Polygon","coordinates":[[[17.107586,48.145027],[17.107672,48.145069],[17.107662,48.14508],[17.107627,48.14512],[17.107462,48.145091],[17.107508,48.144988],[17.107586,48.145027]]]}},{"type":"Feature","properties":{"v":16.8,"p":6},"geometry":{"type":"Polygon","coordinates":[[[17.107462,48.145091],[17.107152,48.145036],[17.10718,48.144955],[17.107317,48.14498],[17.107328,48.144958],[17.107367,48.144933],[17.107455,48.144959],[17.107448,48.144975],[17.107508,48.144988],[17.107462,48.145091]]]}},{"type":"Feature","properties":{"v":14.5,"p":5},"geometry":{"type":"Polygon","coordinates":[[[17.108011,48.144976],[17.10812,48.145019],[17.108052,48.145092],[17.107977,48.145149],[17.107945,48.14513],[17.107912,48.14511],[17.107846,48.145067],[17.107959,48.144982],[17.107957,48.144969],[17.108007,48.144963],[17.108011,48.144976]]]}},{"type":"Feature","properties":{"v":16.8,"p":6},"geometry":{"type":"Polygon","coordinates":[[[17.105615,48.144961],[17.105545,48.145054],[17.105295,48.144958],[17.105371,48.14487],[17.105615,48.144961]]]}},{"type":"Feature","properties":{"v":15.4,"p":5},"geometry":{"type":"Polygon","coordinates":[[[17.106649,48.145031],[17.106635,48.145052],[17.106603,48.1451],[17.10657,48.14509],[17.106497,48.145068],[17.106533,48.145016],[17.106649,48.145031]]]}},{"type":"Feature","properties":{"v":16.6,"p":6},"geometry":{"type":"Polygon","coordinates":[[[17.107409,48.145161],[17.107379,48.145215],[17.107353,48.145261],[17.107351,48.145266],[17.107237,48.145241],[17.107288,48.145137],[17.107409,48.145161]]]}},{"type":"Feature","properties":{"v":13.4,"p":4},"geometry":{"type":"Polygon","coordinates":[[[17.107945,48.14513],[17.107977,48.145149],[17.10796,48.145162],[17.107926,48.145205],[17.107853,48.145153],[17.107912,48.14511],[17.107945,48.14513]]]}},{"type":"Feature","properties":{"v":15.1,"p":5},"geometry":{"type":"Polygon","coordinates":[[[17.107912,48.14511],[17.107853,48.145153],[17.107926,48.145205],[17.107908,48.145218],[17.10784,48.145206],[17.107786,48.145178],[17.107741,48.14514],[17.107846,48.145067],[17.107912,48.14511]]]}},{"type":"Feature","properties":{"v":12.6,"p":4},"geometry":{"type":"Polygon","coordinates":[[[17.108112,48.14516],[17.10812,48.145177],[17.108106,48.145262],[17.107966,48.145243],[17.108048,48.145147],[17.108112,48.14516]]]}},{"type":"Feature","properties":{"v":13.9,"p":5},"geometry":{"type":"Polygon","coordinates":[[[17.107786,48.145178],[17.10784,48.145206],[17.107908,48.145218],[17.1078,48.145239],[17.107757,48.14521],[17.107694,48.145185],[17.107705,48.145166],[17.107741,48.14514],[17.107786,48.145178]]]}},{"type":"Feature","properties":{"v":18.6,"p":6},"geometry":{"type":"Polygon","coordinates":[[[17.108263,48.145146],[17.108249,48.14516],[17.108215,48.145296],[17.108142,48.145286],[17.108106,48.145262],[17.10812,48.145177],[17.108112,48.14516],[17.108206,48.145126],[17.108263,48.145146]]]}},{"type":"Feature","properties":{"v":14.9,"p":5},"geometry":{"type":"Polygon","coordinates":[[[17.107757,48.14521],[17.107708,48.14527],[17.107648,48.145265],[17.107694,48.145185],[17.107757,48.14521]]]}},{"type":"Feature","properties":{"v":15.1,"p":5},"geometry":{"type":"Polygon","coordinates":[[[17.107351,48.145266],[17.107322,48.145323],[17.107209,48.145299],[17.107224,48.145267],[17.107237,48.145241],[17.107351,48.145266]]]}},{"type":"Feature","properties":{"v":15.9,"p":5},"geometry":{"type":"Polygon","coordinates":[[[17.108048,48.145147],[17.107966,48.145243],[17.10787,48.145274],[17.107908,48.145218],[17.107926,48.145205],[17.10796,48.145162],[17.107977,48.145149],[17.108052,48.145092],[17.108048,48.145147]]]}},{"type":"Feature","properties":{"v":14.2,"p":5},"geometry":{"type":"Polygon","coordinates":[[[17.105848,48.142202],[17.105806,48.1422],[17.105818,48.142256],[17.105824,48.142287],[17.105759,48.142236],[17.105754,48.142198],[17.105796,48.14216],[17.105852,48.142162],[17.105848,48.142202]]]}},{"type":"Feature","properties":{"v":13.7,"p":5},"geometry":{"type":"Polygon","coordinates":[[[17.105846,48.142125],[17.105852,48.142162],[17.105796,48.14216],[17.105754,48.142198],[17.105665,48.142205],[17.105659,48.142169],[17.105651,48.142133],[17.105798,48.142121],[17.105846,48.142125]]]}},{"type":"Feature","properties":{"v":13.9,"p":5},"geometry":{"type":"Polygon","coordinates":[[[17.105824,48.142287],[17.105695,48.1423],[17.105678,48.142241],[17.105759,48.142236],[17.105824,48.142287]]]}},{"type":"Feature","properties":{"v":12.9,"p":4},"geometry":{"type":"Polygon","coordinates":[[[17.106834,48.142319],[17.106929,48.142349],[17.106845,48.142368],[17.106765,48.142359],[17.106783,48.142307],[17.106834,48.142319]]]}},{"type":"Feature","properties":{"v":17,"p":6},"geometry":{"type":"Polygon","coordinates":[[[17.108503,48.141108],[17.108443,48.141089],[17.108435,48.141101],[17.108379,48.141084],[17.108501,48.140904],[17.108546,48.140837],[17.108663,48.140872],[17.108567,48.141016],[17.108503,48.141108]]]}},{"type":"Feature","properties":{"v":26.4,"p":9},"geometry":{"type":"Polygon","coordinates":[[[17.108359,48.142158],[17.108261,48.142271],[17.108196,48.142246],[17.108247,48.142188],[17.108227,48.142179],[17.108267,48.142129],[17.108359,48.142158]]]}},{"type":"Feature","properties":{"v":17.7,"p":6},"geometry":{"type":"Polygon","coordinates":[[[17.10582,48.143965],[17.105811,48.144014],[17.105668,48.144108],[17.105607,48.144074],[17.105697,48.144016],[17.105711,48.143984],[17.10578,48.143957],[17.10582,48.143965]]]}},{"type":"Feature","properties":{"v":12.4,"p":4},"geometry":{"type":"Polygon","coordinates":[[[17.108405,48.14418],[17.108401,48.144186],[17.108304,48.144376],[17.108253,48.144362],[17.108355,48.144173],[17.108405,48.14418]]]}},{"type":"Feature","properties":{"v":16.9,"p":6},"geometry":{"type":"Polygon","coordinates":[[[17.106401,48.144234],[17.106245,48.144237],[17.106146,48.144223],[17.106185,48.144169],[17.106269,48.144182],[17.106394,48.144189],[17.106401,48.144234]]]}},{"type":"Feature","properties":{"v":17,"p":6},"geometry":{"type":"Polygon","coordinates":[[[17.109064,48.144142],[17.109008,48.144212],[17.10892,48.144181],[17.108985,48.144109],[17.109064,48.144142]]]}},{"type":"Feature","properties":{"v":15.2,"p":5},"geometry":{"type":"Polygon","coordinates":[[[17.106007,48.14423],[17.105985,48.144273],[17.105921,48.144249],[17.105957,48.14421],[17.106007,48.14423]]]}},{"type":"Feature","properties":{"v":18,"p":6},"geometry":{"type":"Polygon","coordinates":[[[17.106112,48.144157],[17.106185,48.144169],[17.106146,48.144223],[17.106103,48.144279],[17.105984,48.144311],[17.105962,48.144316],[17.105985,48.144273],[17.106007,48.14423],[17.106039,48.144232],[17.106084,48.144155],[17.106112,48.144157]]]}},{"type":"Feature","properties":{"v":17.1,"p":6},"geometry":{"type":"Polygon","coordinates":[[[17.105985,48.144273],[17.105962,48.144316],[17.105957,48.144321],[17.105882,48.144298],[17.105888,48.144291],[17.105921,48.144249],[17.105985,48.144273]]]}},{"type":"Feature","properties":{"v":14.2,"p":5},"geometry":{"type":"Polygon","coordinates":[[[17.105798,48.144434],[17.105754,48.144495],[17.105701,48.144472],[17.105727,48.144438],[17.105587,48.144361],[17.105618,48.144339],[17.105798,48.144434]]]}},{"type":"Feature","properties":{"v":15.5,"p":5},"geometry":{"type":"Polygon","coordinates":[[[17.105701,48.144472],[17.105754,48.144495],[17.105717,48.144545],[17.105482,48.144441],[17.105478,48.144439],[17.105535,48.144399],[17.105701,48.144472]]]}},{"type":"Feature","properties":{"v":12.1,"p":4},"geometry":{"type":"Polygon","coordinates":[[[17.106361,48.14441],[17.106118,48.14441],[17.105949,48.144393],[17.105964,48.144359],[17.106358,48.144385],[17.106361,48.14441]]]}},{"type":"Feature","properties":{"v":15.8,"p":5},"geometry":{"type":"Polygon","coordinates":[[[17.105964,48.144359],[17.105949,48.144393],[17.10594,48.144414],[17.105837,48.14438],[17.105859,48.14435],[17.105882,48.144298],[17.105957,48.144321],[17.105962,48.144316],[17.105984,48.144311],[17.105964,48.144359]]]}},{"type":"Feature","properties":{"v":11.8,"p":4},"geometry":{"type":"Polygon","coordinates":[[[17.106231,48.144474],[17.106215,48.144566],[17.106205,48.144624],[17.106203,48.144635],[17.106105,48.144628],[17.106118,48.144557],[17.106134,48.144466],[17.106231,48.144474]]]}},{"type":"Feature","properties":{"v":9.3,"p":3},"geometry":{"type":"Polygon","coordinates":[[[17.106118,48.144557],[17.106105,48.144628],[17.105876,48.1446],[17.10588,48.144585],[17.105893,48.144534],[17.105895,48.14453],[17.106118,48.144557]]]}},{"type":"Feature","properties":{"v":8.5,"p":3},"geometry":{"type":"Polygon","coordinates":[[[17.107228,48.145134],[17.107207,48.145177],[17.107106,48.145155],[17.107117,48.145114],[17.107228,48.145134]]]}},{"type":"Feature","properties":{"v":10.7,"p":4},"geometry":{"type":"Polygon","coordinates":[[[17.105821,48.140198],[17.105782,48.140208],[17.105752,48.140211],[17.105727,48.140212],[17.105727,48.140185],[17.105707,48.140184],[17.105716,48.140054],[17.105916,48.140059],[17.105913,48.140077],[17.105944,48.140077],[17.105938,48.140104],[17.105921,48.140131],[17.105896,48.140158],[17.105862,48.140181],[17.105821,48.140198]]]}},{"type":"Feature","properties":{"v":6.9,"p":2},"geometry":{"type":"Polygon","coordinates":[[[17.106097,48.140394],[17.106068,48.140402],[17.1057,48.140278],[17.105707,48.140184],[17.105727,48.140185],[17.105727,48.140212],[17.105752,48.140211],[17.105782,48.140208],[17.105821,48.140198],[17.105862,48.140181],[17.105896,48.140158],[17.105921,48.140131],[17.105938,48.140104],[17.105944,48.140077],[17.105913,48.140077],[17.105916,48.140059],[17.106253,48.140068],[17.106238,48.140297],[17.106181,48.140375],[17.106153,48.140382],[17.106113,48.140367],[17.106097,48.140394]]]}},{"type":"Feature","properties":{"v":19.3,"p":6},"geometry":{"type":"Polygon","coordinates":[[[17.106466,48.140074],[17.106253,48.140068],[17.105916,48.140059],[17.105716,48.140054],[17.10572,48.13998],[17.10647,48.14],[17.106466,48.140074]]]}},{"type":"Feature","properties":{"v":19.3,"p":6},"geometry":{"type":"Polygon","coordinates":[[[17.106267,48.140568],[17.106171,48.14059],[17.105478,48.140372],[17.10548,48.140337],[17.105505,48.140011],[17.105508,48.139973],[17.10572,48.13998],[17.105716,48.140054],[17.105707,48.140184],[17.1057,48.140278],[17.106068,48.140402],[17.106097,48.140394],[17.106113,48.140367],[17.106153,48.140382],[17.106181,48.140375],[17.106238,48.140297],[17.106253,48.140068],[17.106466,48.140074],[17.106444,48.140333],[17.106267,48.140568]]]}},{"type":"Feature","properties":{"v":24.2,"p":8},"geometry":{"type":"Polygon","coordinates":[[[17.105432,48.141037],[17.105412,48.141058],[17.105271,48.140962],[17.105197,48.141008],[17.105188,48.141002],[17.105079,48.140924],[17.105253,48.140804],[17.105536,48.140931],[17.10553,48.140937],[17.105432,48.141037]]]}},{"type":"Feature","properties":{"v":23.5,"p":8},"geometry":{"type":"Polygon","coordinates":[[[17.105501,48.141068],[17.105432,48.141037],[17.10553,48.140937],[17.105611,48.140971],[17.105546,48.141036],[17.105536,48.141032],[17.105501,48.141068]]]}},{"type":"Feature","properties":{"v":23.9,"p":8},"geometry":{"type":"Polygon","coordinates":[[[17.105501,48.141068],[17.105526,48.141079],[17.105467,48.141138],[17.105405,48.14111],[17.105374,48.141096],[17.105412,48.141058],[17.105432,48.141037],[17.105501,48.141068]]]}},{"type":"Feature","properties":{"v":11.3,"p":4},"geometry":{"type":"Polygon","coordinates":[[[17.105339,48.141081],[17.105269,48.14115],[17.105194,48.141113],[17.105269,48.141046],[17.105339,48.141081]]]}},{"type":"Feature","properties":{"v":24,"p":8},"geometry":{"type":"Polygon","coordinates":[[[17.105327,48.141188],[17.105594,48.141327],[17.105482,48.141423],[17.105155,48.14125],[17.105264,48.141155],[17.105327,48.141188]]]}},{"type":"Feature","properties":{"v":22.2,"p":7},"geometry":{"type":"Polygon","coordinates":[[[17.105928,48.141112],[17.105794,48.14126],[17.105726,48.141234],[17.105467,48.141138],[17.105526,48.141079],[17.105501,48.141068],[17.105536,48.141032],[17.105546,48.141036],[17.105611,48.140971],[17.105928,48.141112]]]}},{"type":"Feature","properties":{"v":19.5,"p":6},"geometry":{"type":"Polygon","coordinates":[[[17.105264,48.141155],[17.105155,48.14125],[17.104834,48.141079],[17.105079,48.140924],[17.105188,48.141002],[17.105057,48.141091],[17.105158,48.141145],[17.105194,48.141113],[17.105269,48.14115],[17.105264,48.141155]]]}},{"type":"Feature","properties":{"v":26.9,"p":9},"geometry":{"type":"Polygon","coordinates":[[[17.105589,48.14148],[17.105555,48.141464],[17.105522,48.141468],[17.105518,48.141443],[17.105482,48.141423],[17.105594,48.141327],[17.105623,48.141302],[17.105647,48.141315],[17.105726,48.141234],[17.105794,48.14126],[17.105728,48.14133],[17.105589,48.14148]]]}},{"type":"Feature","properties":{"v":22.6,"p":8},"geometry":{"type":"Polygon","coordinates":[[[17.105824,48.141372],[17.105986,48.141444],[17.10607,48.141481],[17.105961,48.141653],[17.105589,48.14148],[17.105728,48.14133],[17.105824,48.141372]]]}},{"type":"Feature","properties":{"v":13,"p":4},"geometry":{"type":"Polygon","coordinates":[[[17.105349,48.14148],[17.105339,48.141488],[17.105274,48.141533],[17.105159,48.141615],[17.105084,48.14157],[17.10527,48.141436],[17.105349,48.14148]]]}},{"type":"Feature","properties":{"v":16.7,"p":6},"geometry":{"type":"Polygon","coordinates":[[[17.105159,48.141615],[17.104933,48.141784],[17.104858,48.141739],[17.105084,48.14157],[17.105159,48.141615]]]}},{"type":"Feature","properties":{"v":13.6,"p":5},"geometry":{"type":"Polygon","coordinates":[[[17.105739,48.141904],[17.105778,48.141976],[17.105776,48.14198],[17.105508,48.141894],[17.105656,48.141871],[17.105739,48.141904]]]}},{"type":"Feature","properties":{"v":17,"p":6},"geometry":{"type":"Polygon","coordinates":[[[17.105778,48.141976],[17.105739,48.141904],[17.105813,48.141821],[17.105758,48.141794],[17.105722,48.141807],[17.105656,48.141871],[17.105508,48.141894],[17.105573,48.141842],[17.105554,48.14183],[17.105665,48.141737],[17.10578,48.141664],[17.105996,48.141762],[17.105778,48.141976]]]}},{"type":"Feature","properties":{"v":10.4,"p":3},"geometry":{"type":"Polygon","coordinates":[[[17.10542,48.142272],[17.105258,48.142285],[17.105244,48.142199],[17.105406,48.142187],[17.10542,48.142272]]]}},{"type":"Feature","properties":{"v":22.4,"p":7},"geometry":{"type":"Polygon","coordinates":[[[17.105118,48.142651],[17.10499,48.142648],[17.104818,48.142643],[17.104719,48.142641],[17.104733,48.142534],[17.104973,48.142538],[17.104969,48.142419],[17.104737,48.142398],[17.104709,48.142533],[17.104581,48.142531],[17.104677,48.142253],[17.104828,48.142269],[17.104833,48.142251],[17.104909,48.14226],[17.104905,48.142277],[17.10513,48.142299],[17.105118,48.142651]]]}},{"type":"Feature","properties":{"v":26,"p":9},"geometry":{"type":"Polygon","coordinates":[[[17.105758,48.142653],[17.10575,48.142654],[17.105489,48.142671],[17.105478,48.14259],[17.105577,48.142582],[17.105519,48.142263],[17.10542,48.142272],[17.105406,48.142187],[17.105654,48.142164],[17.105702,48.142412],[17.105721,48.14241],[17.105758,48.142653]]]}},{"type":"Feature","properties":{"v":11,"p":4},"geometry":{"type":"Polygon","coordinates":[[[17.104983,48.142729],[17.104806,48.142723],[17.104789,48.142723],[17.104793,48.142668],[17.104816,48.142669],[17.104818,48.142643],[17.10499,48.142648],[17.104983,48.142729]]]}},{"type":"Feature","properties":{"v":7.9,"p":3},"geometry":{"type":"Polygon","coordinates":[[[17.104981,48.142757],[17.104943,48.142758],[17.104802,48.142752],[17.104806,48.142723],[17.104983,48.142729],[17.104981,48.142757]]]}},{"type":"Feature","properties":{"v":13.8,"p":5},"geometry":{"type":"Polygon","coordinates":[[[17.105118,48.142753],[17.104981,48.142757],[17.104983,48.142729],[17.10499,48.142648],[17.105118,48.142651],[17.105118,48.142753]]]}},{"type":"Feature","properties":{"v":21.6,"p":7},"geometry":{"type":"Polygon","coordinates":[[[17.104719,48.142641],[17.104652,48.14264],[17.104621,48.142732],[17.104512,48.142715],[17.104581,48.142531],[17.104709,48.142533],[17.104733,48.142534],[17.104719,48.142641]]]}},{"type":"Feature","properties":{"v":10,"p":3},"geometry":{"type":"Polygon","coordinates":[[[17.105489,48.142671],[17.105368,48.142676],[17.10537,48.142889],[17.105267,48.142885],[17.105264,48.142601],[17.105478,48.14259],[17.105489,48.142671]]]}},{"type":"Feature","properties":{"v":10.2,"p":3},"geometry":{"type":"Polygon","coordinates":[[[17.105538,48.142954],[17.105537,48.142961],[17.105366,48.142953],[17.105358,48.142967],[17.105275,48.14296],[17.105267,48.142885],[17.10537,48.142889],[17.105444,48.142892],[17.105544,48.142896],[17.105538,48.142954]]]}},{"type":"Feature","properties":{"v":13.6,"p":5},"geometry":{"type":"Polygon","coordinates":[[[17.105163,48.142894],[17.10495,48.142897],[17.104886,48.14289],[17.104746,48.142856],[17.104756,48.14281],[17.104935,48.142824],[17.105005,48.142824],[17.105006,48.142806],[17.10494,48.142806],[17.104943,48.142758],[17.104981,48.142757],[17.105118,48.142753],[17.105144,48.142753],[17.105163,48.142894]]]}},{"type":"Feature","properties":{"v":18.1,"p":6},"geometry":{"type":"Polygon","coordinates":[[[17.1046,48.142818],[17.104577,48.14289],[17.104645,48.142899],[17.104635,48.142933],[17.104681,48.142939],[17.10467,48.142977],[17.104439,48.142945],[17.104484,48.142802],[17.1046,48.142818]]]}},{"type":"Feature","properties":{"v":11.9,"p":4},"geometry":{"type":"Polygon","coordinates":[[[17.105358,48.142967],[17.10535,48.142999],[17.105536,48.143021],[17.10558,48.143108],[17.105419,48.143096],[17.105259,48.143062],[17.105275,48.14296],[17.105358,48.142967]]]}},{"type":"Feature","properties":{"v":12.4,"p":4},"geometry":{"type":"Polygon","coordinates":[[[17.105631,48.143099],[17.10558,48.143108],[17.105536,48.143021],[17.1056,48.143022],[17.105648,48.142958],[17.105538,48.142954],[17.105544,48.142896],[17.10557,48.142896],[17.105785,48.142891],[17.105781,48.142929],[17.105631,48.143099]]]}},{"type":"Feature","properties":{"v":10.1,"p":3},"geometry":{"type":"Polygon","coordinates":[[[17.10496,48.143047],[17.104942,48.143099],[17.104815,48.143079],[17.104833,48.143027],[17.10496,48.143047]]]}},{"type":"Feature","properties":{"v":19.6,"p":7},"geometry":{"type":"Polygon","coordinates":[[[17.10516,48.14306],[17.10497,48.143034],[17.104969,48.142936],[17.104875,48.142927],[17.104886,48.14289],[17.10495,48.142897],[17.105163,48.142894],[17.10516,48.14306]]]}},{"type":"Feature","properties":{"v":11.6,"p":4},"geometry":{"type":"Polygon","coordinates":[[[17.105317,48.143251],[17.105209,48.143227],[17.105253,48.143101],[17.105516,48.143152],[17.105491,48.143225],[17.105341,48.143199],[17.105317,48.143251]]]}},{"type":"Feature","properties":{"v":16.1,"p":5},"geometry":{"type":"Polygon","coordinates":[[[17.105542,48.14329],[17.105473,48.143279],[17.105491,48.143225],[17.105516,48.143152],[17.105698,48.143183],[17.105658,48.143289],[17.10555,48.143269],[17.105542,48.14329]]]}},{"type":"Feature","properties":{"v":8.2,"p":3},"geometry":{"type":"Polygon","coordinates":[[[17.104932,48.143183],[17.1049,48.143254],[17.10478,48.143231],[17.104784,48.143221],[17.104754,48.143215],[17.10478,48.143154],[17.104932,48.143183]]]}},{"type":"Feature","properties":{"v":14.2,"p":5},"geometry":{"type":"Polygon","coordinates":[[[17.105125,48.143198],[17.105076,48.143291],[17.1049,48.143254],[17.104932,48.143183],[17.104943,48.14316],[17.10497,48.143165],[17.10501,48.143052],[17.105158,48.143075],[17.105125,48.143198]]]}},{"type":"Feature","properties":{"v":12,"p":4},"geometry":{"type":"Polygon","coordinates":[[[17.104754,48.143215],[17.104784,48.143221],[17.10478,48.143231],[17.104755,48.143288],[17.104837,48.143303],[17.104811,48.143362],[17.104622,48.143325],[17.104642,48.14328],[17.104574,48.143266],[17.10462,48.143189],[17.104754,48.143215]]]}},{"type":"Feature","properties":{"v":9.7,"p":3},"geometry":{"type":"Polygon","coordinates":[[[17.105016,48.14339],[17.104842,48.143361],[17.10484,48.143366],[17.104811,48.143362],[17.104837,48.143303],[17.104843,48.143289],[17.104927,48.143303],[17.104933,48.143288],[17.10506,48.143311],[17.105016,48.14339]]]}},{"type":"Feature","properties":{"v":7.9,"p":3},"geometry":{"type":"Polygon","coordinates":[[[17.105442,48.143454],[17.10545,48.143456],[17.105435,48.143479],[17.105369,48.14346],[17.105399,48.143408],[17.105473,48.143279],[17.105542,48.14329],[17.105517,48.143335],[17.105557,48.143345],[17.10551,48.143424],[17.105465,48.143415],[17.105442,48.143454]]]}},{"type":"Feature","properties":{"v":10.5,"p":4},"geometry":{"type":"Polygon","coordinates":[[[17.105317,48.143251],[17.105258,48.143367],[17.105399,48.143408],[17.105369,48.14346],[17.105283,48.143435],[17.105126,48.143392],[17.105209,48.143227],[17.105317,48.143251]]]}},{"type":"Feature","properties":{"v":17.3,"p":6},"geometry":{"type":"Polygon","coordinates":[[[17.105016,48.14339],[17.104972,48.143474],[17.104966,48.143473],[17.104837,48.14343],[17.104818,48.143423],[17.10484,48.143366],[17.104842,48.143361],[17.105016,48.14339]]]}},{"type":"Feature","properties":{"v":16.2,"p":5},"geometry":{"type":"Polygon","coordinates":[[[17.105283,48.143435],[17.105251,48.143489],[17.105231,48.143525],[17.105198,48.143569],[17.105269,48.14359],[17.105238,48.143658],[17.104998,48.143589],[17.105126,48.143392],[17.105283,48.143435]]]}},{"type":"Feature","properties":{"v":13.7,"p":5},"geometry":{"type":"Polygon","coordinates":[[[17.105234,48.143695],[17.105167,48.143797],[17.104877,48.143711],[17.104945,48.14361],[17.105234,48.143695]]]}},{"type":"Feature","properties":{"v":13.8,"p":5},"geometry":{"type":"Polygon","coordinates":[[[17.10487,48.143903],[17.104735,48.143843],[17.104818,48.143759],[17.105,48.14384],[17.104939,48.143902],[17.104891,48.143881],[17.10487,48.143903]]]}},{"type":"Feature","properties":{"v":7.8,"p":3},"geometry":{"type":"Polygon","coordinates":[[[17.10463,48.143842],[17.10459,48.143891],[17.104457,48.143846],[17.104493,48.143798],[17.10463,48.143842]]]}},{"type":"Feature","properties":{"v":14.4,"p":5},"geometry":{"type":"Polygon","coordinates":[[[17.10487,48.143903],[17.104843,48.143931],[17.104874,48.143945],[17.104819,48.144007],[17.104648,48.143929],[17.104735,48.143843],[17.10487,48.143903]]]}},{"type":"Feature","properties":{"v":11.3,"p":4},"geometry":{"type":"Polygon","coordinates":[[[17.104564,48.143912],[17.104509,48.143963],[17.104354,48.143904],[17.104386,48.143843],[17.104564,48.143912]]]}},{"type":"Feature","properties":{"v":14.1,"p":5},"geometry":{"type":"Polygon","coordinates":[[[17.105093,48.144004],[17.104999,48.144087],[17.104988,48.144083],[17.104819,48.144007],[17.104874,48.143945],[17.104968,48.14399],[17.105,48.143959],[17.105093,48.144004]]]}},{"type":"Feature","properties":{"v":13.6,"p":5},"geometry":{"type":"Polygon","coordinates":[[[17.104501,48.143971],[17.104376,48.144086],[17.104165,48.143972],[17.104208,48.143869],[17.104346,48.14393],[17.104369,48.143913],[17.104501,48.143971]]]}},{"type":"Feature","properties":{"v":17.7,"p":6},"geometry":{"type":"Polygon","coordinates":[[[17.105051,48.144217],[17.10495,48.144308],[17.104867,48.144266],[17.104874,48.14426],[17.104821,48.144233],[17.104838,48.144218],[17.104882,48.144179],[17.104988,48.144083],[17.104999,48.144087],[17.105093,48.144004],[17.105269,48.143847],[17.105416,48.1439],[17.105366,48.143946],[17.105485,48.144007],[17.105371,48.144103],[17.105254,48.144043],[17.105051,48.144217]]]}},{"type":"Feature","properties":{"v":16.2,"p":5},"geometry":{"type":"Polygon","coordinates":[[[17.104838,48.144218],[17.104821,48.144233],[17.104775,48.144273],[17.104449,48.144103],[17.104513,48.144049],[17.104838,48.144218]]]}},{"type":"Feature","properties":{"v":15.9,"p":5},"geometry":{"type":"Polygon","coordinates":[[[17.104763,48.144086],[17.104744,48.144102],[17.104882,48.144179],[17.104838,48.144218],[17.104513,48.144049],[17.104569,48.144003],[17.104672,48.144063],[17.104693,48.144048],[17.104763,48.144086]]]}},{"type":"Feature","properties":{"v":6.3,"p":2},"geometry":{"type":"Polygon","coordinates":[[[17.104376,48.144086],[17.104366,48.144096],[17.104285,48.144177],[17.104241,48.144225],[17.104182,48.1442],[17.104256,48.144102],[17.104257,48.144093],[17.104252,48.144083],[17.104242,48.144075],[17.10422,48.144066],[17.104128,48.144033],[17.104165,48.143972],[17.104376,48.144086]]]}},{"type":"Feature","properties":{"v":18.3,"p":6},"geometry":{"type":"Polygon","coordinates":[[[17.105185,48.144424],[17.10495,48.144308],[17.105051,48.144217],[17.10517,48.144278],[17.105407,48.144123],[17.105371,48.144103],[17.105485,48.144007],[17.105607,48.144074],[17.105668,48.144108],[17.105185,48.144424]]]}},{"type":"Feature","properties":{"v":18.7,"p":6},"geometry":{"type":"Polygon","coordinates":[[[17.10445,48.14415],[17.104349,48.144246],[17.1043,48.14422],[17.104323,48.144199],[17.104285,48.144177],[17.104366,48.144096],[17.10445,48.14415]]]}},{"type":"Feature","properties":{"v":11.8,"p":4},"geometry":{"type":"Polygon","coordinates":[[[17.104874,48.14426],[17.104867,48.144266],[17.104837,48.144294],[17.104775,48.144273],[17.104821,48.144233],[17.104874,48.14426]]]}},{"type":"Feature","properties":{"v":14.8,"p":5},"geometry":{"type":"Polygon","coordinates":[[[17.104563,48.144209],[17.104452,48.14432],[17.104329,48.144266],[17.104349,48.144246],[17.10445,48.14415],[17.104563,48.144209]]]}},{"type":"Feature","properties":{"v":18.6,"p":6},"geometry":{"type":"Polygon","coordinates":[[[17.104752,48.144293],[17.104704,48.144347],[17.104665,48.144385],[17.104642,48.144408],[17.104452,48.14432],[17.104563,48.144209],[17.104752,48.144293]]]}},{"type":"Feature","properties":{"v":16,"p":5},"geometry":{"type":"Polygon","coordinates":[[[17.104849,48.144333],[17.104799,48.144384],[17.104704,48.144347],[17.104752,48.144293],[17.104849,48.144333]]]}},{"type":"Feature","properties":{"v":15.5,"p":5},"geometry":{"type":"Polygon","coordinates":[[[17.105123,48.144436],[17.105135,48.144467],[17.105039,48.14456],[17.10494,48.144514],[17.104987,48.144463],[17.104885,48.144418],[17.104836,48.144465],[17.104757,48.144428],[17.104799,48.144384],[17.104849,48.144333],[17.104854,48.144328],[17.105123,48.144436]]]}},{"type":"Feature","properties":{"v":14.4,"p":5},"geometry":{"type":"Polygon","coordinates":[[[17.105461,48.144441],[17.105323,48.144527],[17.105409,48.144564],[17.105355,48.144628],[17.105336,48.144647],[17.10514,48.144567],[17.105228,48.144473],[17.105374,48.144386],[17.105461,48.144441]]]}},{"type":"Feature","properties":{"v":20.6,"p":7},"geometry":{"type":"Polygon","coordinates":[[[17.104619,48.144431],[17.104627,48.144459],[17.104542,48.144568],[17.104581,48.144583],[17.104513,48.144664],[17.104289,48.144584],[17.104313,48.144553],[17.104335,48.144525],[17.104357,48.1445],[17.104344,48.144494],[17.104453,48.144358],[17.104619,48.144431]]]}},{"type":"Feature","properties":{"v":20.2,"p":7},"geometry":{"type":"Polygon","coordinates":[[[17.104822,48.144784],[17.104513,48.144664],[17.104581,48.144583],[17.104669,48.144616],[17.10468,48.144604],[17.104808,48.144653],[17.104876,48.14458],[17.104627,48.144459],[17.104619,48.144431],[17.104642,48.144408],[17.104665,48.144385],[17.104757,48.144428],[17.104836,48.144465],[17.10494,48.144514],[17.105039,48.14456],[17.104822,48.144784]]]}},{"type":"Feature","properties":{"v":2.6,"p":1},"geometry":{"type":"Polygon","coordinates":[[[17.104236,48.144919],[17.104143,48.144928],[17.104115,48.144806],[17.104208,48.144796],[17.104236,48.144919]]]}},{"type":"Feature","properties":{"v":5.1,"p":2},"geometry":{"type":"Polygon","coordinates":[[[17.10557,48.142896],[17.105544,48.142896],[17.105444,48.142892],[17.105447,48.142844],[17.105572,48.142846],[17.10557,48.142896]]]}},{"type":"Feature","properties":{"v":24.3,"p":8},"geometry":{"type":"Polygon","coordinates":[[[17.108164,48.140671],[17.108163,48.140676],[17.108162,48.140693],[17.108138,48.140692],[17.107588,48.140669],[17.107587,48.140669],[17.107589,48.140647],[17.108143,48.140669],[17.108155,48.140537],[17.107602,48.140515],[17.107603,48.140499],[17.107738,48.140504],[17.107899,48.140511],[17.108084,48.140519],[17.108178,48.140523],[17.108164,48.140671]]]}},{"type":"Feature","properties":{"v":9.8,"p":3},"geometry":{"type":"Polygon","coordinates":[[[17.109183,48.141101],[17.1092,48.141104],[17.10914,48.141326],[17.108618,48.141158],[17.108713,48.141036],[17.108742,48.14104],[17.108787,48.140921],[17.109138,48.140971],[17.109149,48.14094],[17.109236,48.14095],[17.109183,48.141101]]]}},{"type":"Feature","properties":{"v":3,"p":1},"geometry":{"type":"Polygon","coordinates":[[[17.109077,48.146918],[17.109032,48.146958],[17.108774,48.146824],[17.10882,48.146785],[17.109077,48.146918]]]}},{"type":"Feature","properties":{"v":2.9,"p":1},"geometry":{"type":"Polygon","coordinates":[[[17.109969,48.143007],[17.109928,48.143054],[17.109725,48.142975],[17.109764,48.142929],[17.109969,48.143007]]]}},{"type":"Feature","properties":{"v":3.1,"p":1},"geometry":{"type":"Polygon","coordinates":[[[17.105912,48.14624],[17.105884,48.146295],[17.105673,48.14625],[17.105701,48.146194],[17.105912,48.14624]]]}},{"type":"Feature","properties":{"v":8,"p":3},"geometry":{"type":"Polygon","coordinates":[[[17.110991,48.143423],[17.11092,48.143383],[17.110967,48.143341],[17.111002,48.143356],[17.11104,48.143307],[17.111114,48.143346],[17.110991,48.143423]]]}},{"type":"Feature","properties":{"v":3,"p":1},"geometry":{"type":"Polygon","coordinates":[[[17.108499,48.146654],[17.108521,48.146662],[17.108538,48.146672],[17.108555,48.146686],[17.108575,48.146705],[17.108593,48.146718],[17.108571,48.146736],[17.108425,48.146663],[17.108455,48.146649],[17.108499,48.146654]]]}},{"type":"Feature","properties":{"v":3,"p":1},"geometry":{"type":"Polygon","coordinates":[[[17.110865,48.141099],[17.110819,48.141165],[17.110697,48.141128],[17.110628,48.141106],[17.110674,48.14104],[17.110865,48.141099]]]}},{"type":"Feature","properties":{"v":25.7,"p":9},"geometry":{"type":"Polygon","coordinates":[[[17.10607,48.145217],[17.105933,48.145293],[17.105722,48.145152],[17.105776,48.145098],[17.105782,48.145101],[17.105787,48.145099],[17.105793,48.145097],[17.105798,48.145097],[17.105804,48.145097],[17.10581,48.145098],[17.105815,48.145101],[17.105848,48.145124],[17.105884,48.145097],[17.10607,48.145217]]]}},{"type":"Feature","properties":{"v":25.1,"p":8},"geometry":{"type":"Polygon","coordinates":[[[17.106236,48.145348],[17.10622,48.145357],[17.106106,48.145421],[17.106097,48.145425],[17.105933,48.145293],[17.10607,48.145217],[17.106236,48.145348]]]}},{"type":"Feature","properties":{"v":26.5,"p":9},"geometry":{"type":"Polygon","coordinates":[[[17.106533,48.145626],[17.106475,48.145719],[17.106363,48.145661],[17.106446,48.145586],[17.106533,48.145626]]]}},{"type":"Feature","properties":{"v":15.9,"p":5},"geometry":{"type":"Polygon","coordinates":[[[17.10703,48.145729],[17.106856,48.145757],[17.106816,48.145644],[17.106922,48.145627],[17.106934,48.145625],[17.106946,48.145627],[17.10696,48.145633],[17.106965,48.145641],[17.106997,48.145637],[17.10703,48.145729]]]}},{"type":"Feature","properties":{"v":23.3,"p":8},"geometry":{"type":"Polygon","coordinates":[[[17.106615,48.145646],[17.106598,48.145762],[17.10647,48.145726],[17.106475,48.145719],[17.106533,48.145626],[17.106615,48.145646]]]}},{"type":"Feature","properties":{"v":21.1,"p":7},"geometry":{"type":"Polygon","coordinates":[[[17.106816,48.145644],[17.106856,48.145757],[17.106762,48.145772],[17.10672,48.145655],[17.106814,48.14564],[17.106816,48.145644]]]}},{"type":"Feature","properties":{"v":20.3,"p":7},"geometry":{"type":"Polygon","coordinates":[[[17.10672,48.145655],[17.106762,48.145772],[17.106598,48.145762],[17.106615,48.145646],[17.10672,48.145655]]]}},{"type":"Feature","properties":{"v":15.4,"p":5},"geometry":{"type":"Polygon","coordinates":[[[17.107141,48.145617],[17.107153,48.145623],[17.107166,48.145634],[17.107174,48.145649],[17.107198,48.145696],[17.10703,48.145729],[17.106997,48.145637],[17.107101,48.145614],[17.10711,48.145612],[17.107126,48.145612],[17.107141,48.145617]]]}},{"type":"Feature","properties":{"v":24.2,"p":8},"geometry":{"type":"Polygon","coordinates":[[[17.106426,48.145522],[17.106311,48.145586],[17.106106,48.145421],[17.10622,48.145357],[17.106426,48.145522]]]}},{"type":"Feature","properties":{"v":22.7,"p":8},"geometry":{"type":"Polygon","coordinates":[[[17.108216,48.145986],[17.108338,48.146112],[17.108187,48.146231],[17.107921,48.145958],[17.107935,48.145925],[17.108473,48.145783],[17.108759,48.145889],[17.108718,48.145941],[17.108657,48.146018],[17.108509,48.145966],[17.108475,48.145917],[17.108216,48.145986]]]}},{"type":"Feature","properties":{"v":28.6,"p":10},"geometry":{"type":"Polygon","coordinates":[[[17.108611,48.146382],[17.108505,48.146319],[17.108427,48.146314],[17.108437,48.146303],[17.108479,48.14625],[17.108487,48.146241],[17.108497,48.146229],[17.108567,48.146253],[17.108644,48.14628],[17.108684,48.146254],[17.108733,48.146289],[17.108611,48.146382]]]}},{"type":"Feature","properties":{"v":24.9,"p":8},"geometry":{"type":"Polygon","coordinates":[[[17.108799,48.146325],[17.108708,48.146392],[17.108769,48.146429],[17.108758,48.146437],[17.108663,48.146506],[17.108546,48.146433],[17.108611,48.146382],[17.108733,48.146289],[17.108736,48.146287],[17.108799,48.146325]]]}},{"type":"Feature","properties":{"v":25.5,"p":8},"geometry":{"type":"Polygon","coordinates":[[[17.109022,48.146536],[17.108871,48.146661],[17.10863,48.14653],[17.108637,48.146525],[17.108663,48.146506],[17.108758,48.146437],[17.108809,48.146465],[17.108859,48.146492],[17.10888,48.146475],[17.108912,48.146493],[17.108896,48.146505],[17.108925,48.146521],[17.108981,48.146475],[17.109051,48.146513],[17.109022,48.146536]]]}},{"type":"Feature","properties":{"v":25,"p":8},"geometry":{"type":"Polygon","coordinates":[[[17.109721,48.142936],[17.109699,48.142965],[17.109635,48.143048],[17.109404,48.142969],[17.109435,48.142929],[17.109484,48.142866],[17.10949,48.142858],[17.109721,48.142936]]]}},{"type":"Feature","properties":{"v":12.4,"p":4},"geometry":{"type":"Polygon","coordinates":[[[17.109331,48.146365],[17.109139,48.146529],[17.109074,48.146494],[17.1092,48.146389],[17.109269,48.146333],[17.109331,48.146365]]]}},{"type":"Feature","properties":{"v":13.8,"p":5},"geometry":{"type":"Polygon","coordinates":[[[17.109354,48.146308],[17.10938,48.146323],[17.109331,48.146365],[17.109269,48.146333],[17.10932,48.14629],[17.109354,48.146308]]]}},{"type":"Feature","properties":{"v":14.2,"p":5},"geometry":{"type":"Polygon","coordinates":[[[17.109226,48.1467],[17.10928,48.14672],[17.109255,48.146754],[17.109315,48.146775],[17.10926,48.146845],[17.109121,48.146784],[17.109208,48.146693],[17.109226,48.1467]]]}},{"type":"Feature","properties":{"v":23.8,"p":8},"geometry":{"type":"Polygon","coordinates":[[[17.109074,48.146562],[17.109056,48.146578],[17.109123,48.146609],[17.109237,48.146662],[17.109208,48.146693],[17.109121,48.146784],[17.108871,48.146661],[17.109022,48.146536],[17.109074,48.146562]]]}},{"type":"Feature","properties":{"v":25.7,"p":9},"geometry":{"type":"Polygon","coordinates":[[[17.109775,48.142535],[17.109686,48.14264],[17.109495,48.142568],[17.109424,48.142542],[17.109512,48.142437],[17.109775,48.142535]]]}},{"type":"Feature","properties":{"v":28,"p":9},"geometry":{"type":"Polygon","coordinates":[[[17.110011,48.142624],[17.109904,48.142751],[17.109837,48.142726],[17.109668,48.142661],[17.109686,48.14264],[17.109775,48.142535],[17.110011,48.142624]]]}},{"type":"Feature","properties":{"v":6.4,"p":2},"geometry":{"type":"Polygon","coordinates":[[[17.109725,48.142975],[17.109928,48.143054],[17.11005,48.143102],[17.109975,48.143182],[17.109635,48.143048],[17.109699,48.142965],[17.109725,48.142975]]]}},{"type":"Feature","properties":{"v":21,"p":7},"geometry":{"type":"Polygon","coordinates":[[[17.110601,48.140877],[17.110506,48.141052],[17.110429,48.141033],[17.110535,48.140845],[17.110452,48.140818],[17.110363,48.141015],[17.110285,48.140996],[17.110315,48.140927],[17.110334,48.140877],[17.110364,48.140822],[17.110373,48.140823],[17.110393,48.140775],[17.110389,48.140774],[17.110412,48.140732],[17.110439,48.140682],[17.110674,48.140763],[17.110601,48.140877]]]}},{"type":"Feature","properties":{"v":20,"p":7},"geometry":{"type":"Polygon","coordinates":[[[17.110754,48.140907],[17.110671,48.140884],[17.110664,48.140895],[17.110601,48.140877],[17.110674,48.140763],[17.110819,48.140804],[17.110815,48.14081],[17.110754,48.140907]]]}},{"type":"Feature","properties":{"v":33,"p":11},"geometry":{"type":"Polygon","coordinates":[[[17.109819,48.145115],[17.109839,48.145179],[17.109763,48.145189],[17.109666,48.145202],[17.10964,48.145118],[17.109813,48.145095],[17.109819,48.145115]]]}},{"type":"Feature","properties":{"v":16.7,"p":6},"geometry":{"type":"Polygon","coordinates":[[[17.109666,48.145202],[17.109477,48.145229],[17.109454,48.145153],[17.109451,48.145144],[17.10964,48.145118],[17.109666,48.145202]]]}},{"type":"Feature","properties":{"v":15.8,"p":5},"geometry":{"type":"Polygon","coordinates":[[[17.10971,48.146207],[17.109703,48.146215],[17.109658,48.146266],[17.109542,48.146219],[17.109547,48.146213],[17.10959,48.146166],[17.109594,48.146161],[17.10971,48.146207]]]}},{"type":"Feature","properties":{"v":16.7,"p":6},"geometry":{"type":"Polygon","coordinates":[[[17.109658,48.146266],[17.109583,48.146337],[17.109516,48.146306],[17.10949,48.146294],[17.109469,48.146285],[17.109498,48.146258],[17.109542,48.146219],[17.109658,48.146266]]]}},{"type":"Feature","properties":{"v":18,"p":6},"geometry":{"type":"Polygon","coordinates":[[[17.109751,48.146234],[17.109582,48.146429],[17.109553,48.14642],[17.109511,48.146406],[17.109583,48.146337],[17.109658,48.146266],[17.109703,48.146215],[17.109751,48.146234]]]}},{"type":"Feature","properties":{"v":16.2,"p":5},"geometry":{"type":"Polygon","coordinates":[[[17.109354,48.146308],[17.10932,48.14629],[17.109353,48.146261],[17.109451,48.146175],[17.109547,48.146213],[17.109542,48.146219],[17.109498,48.146258],[17.109459,48.14624],[17.10943,48.146267],[17.109408,48.146257],[17.109354,48.146308]]]}},{"type":"Feature","properties":{"v":34.2,"p":11},"geometry":{"type":"Polygon","coordinates":[[[17.10936,48.145448],[17.10935,48.145413],[17.109338,48.145415],[17.109277,48.145216],[17.10929,48.145214],[17.109279,48.145176],[17.109454,48.145153],[17.109477,48.145229],[17.109501,48.145308],[17.109786,48.145269],[17.109864,48.145259],[17.109883,48.145319],[17.109868,48.145322],[17.109883,48.145373],[17.109807,48.145383],[17.109811,48.145397],[17.109451,48.145446],[17.109448,48.145436],[17.10936,48.145448]]]}},{"type":"Feature","properties":{"v":19.8,"p":7},"geometry":{"type":"Polygon","coordinates":[[[17.110838,48.141026],[17.110727,48.140995],[17.110764,48.140937],[17.110747,48.140932],[17.110739,48.14093],[17.110754,48.140907],[17.110815,48.14081],[17.111002,48.140862],[17.110998,48.140869],[17.110942,48.140958],[17.11089,48.140944],[17.110838,48.141026]]]}},{"type":"Feature","properties":{"v":18.5,"p":6},"geometry":{"type":"Polygon","coordinates":[[[17.110357,48.143862],[17.110317,48.143845],[17.110326,48.143834],[17.110178,48.143785],[17.110184,48.143772],[17.110086,48.143744],[17.110147,48.143576],[17.11025,48.143593],[17.110248,48.143599],[17.110213,48.1437],[17.110302,48.143734],[17.110405,48.143625],[17.110415,48.143615],[17.110452,48.143619],[17.110544,48.143632],[17.110566,48.143636],[17.110556,48.143676],[17.110357,48.143862]]]}},{"type":"Feature","properties":{"v":27.2,"p":9},"geometry":{"type":"Polygon","coordinates":[[[17.110685,48.143081],[17.110744,48.143105],[17.110613,48.143244],[17.110557,48.14322],[17.110536,48.143212],[17.110571,48.143175],[17.110667,48.143073],[17.110685,48.143081]]]}},{"type":"Feature","properties":{"v":28.8,"p":10},"geometry":{"type":"Polygon","coordinates":[[[17.110613,48.143244],[17.11071,48.143285],[17.110651,48.143348],[17.110497,48.143286],[17.110557,48.14322],[17.110613,48.143244]]]}},{"type":"Feature","properties":{"v":22.1,"p":7},"geometry":{"type":"Polygon","coordinates":[[[17.109942,48.146595],[17.109951,48.146624],[17.109905,48.146677],[17.109865,48.146662],[17.109796,48.146636],[17.109913,48.1465],[17.109938,48.146509],[17.110025,48.146543],[17.110012,48.146557],[17.109984,48.146547],[17.109942,48.146595]]]}},{"type":"Feature","properties":{"v":26.6,"p":9},"geometry":{"type":"Polygon","coordinates":[[[17.10978,48.146785],[17.109778,48.146803],[17.109767,48.146823],[17.109752,48.146842],[17.109728,48.146862],[17.109702,48.146875],[17.109683,48.146899],[17.109777,48.146946],[17.109714,48.146993],[17.109675,48.147023],[17.109525,48.146951],[17.109513,48.146939],[17.109508,48.146931],[17.109506,48.146919],[17.109509,48.146907],[17.109558,48.146846],[17.109701,48.146659],[17.109719,48.146651],[17.109732,48.146648],[17.109747,48.146646],[17.109769,48.146646],[17.109825,48.146668],[17.109802,48.146705],[17.109824,48.146713],[17.109844,48.146688],[17.110001,48.146742],[17.109992,48.146753],[17.109939,48.146818],[17.109781,48.146765],[17.10978,48.146785]]]}},{"type":"Feature","properties":{"v":25.6,"p":9},"geometry":{"type":"Polygon","coordinates":[[[17.109911,48.146971],[17.109916,48.146981],[17.109917,48.146993],[17.10995,48.147011],[17.109967,48.14702],[17.10989,48.147084],[17.109714,48.146993],[17.109777,48.146946],[17.109799,48.146931],[17.10981,48.146936],[17.109862,48.146962],[17.109876,48.146959],[17.10989,48.146959],[17.109906,48.146964],[17.109911,48.146971]]]}},{"type":"Feature","properties":{"v":25.2,"p":8},"geometry":{"type":"Polygon","coordinates":[[[17.110077,48.147038],[17.110096,48.147047],[17.110071,48.147066],[17.110086,48.147074],[17.10997,48.147157],[17.109868,48.147103],[17.10989,48.147084],[17.109967,48.14702],[17.109974,48.147016],[17.109999,48.147029],[17.110021,48.147009],[17.110077,48.147038]]]}},{"type":"Feature","properties":{"v":23.5,"p":8},"geometry":{"type":"Polygon","coordinates":[[[17.110184,48.146541],[17.110177,48.146551],[17.11011,48.146625],[17.110078,48.146613],[17.110066,48.146608],[17.110085,48.146588],[17.11013,48.146537],[17.110143,48.146524],[17.110184,48.146541]]]}},{"type":"Feature","properties":{"v":20.4,"p":7},"geometry":{"type":"Polygon","coordinates":[[[17.110198,48.14683],[17.110186,48.14684],[17.110156,48.146868],[17.110109,48.146911],[17.109922,48.14684],[17.109939,48.146818],[17.109992,48.146753],[17.110198,48.14683]]]}},{"type":"Feature","properties":{"v":20.5,"p":7},"geometry":{"type":"Polygon","coordinates":[[[17.111097,48.141006],[17.11106,48.140996],[17.111041,48.14099],[17.111039,48.140993],[17.111001,48.140982],[17.111004,48.140976],[17.110952,48.140961],[17.110942,48.140958],[17.110998,48.140869],[17.111156,48.140915],[17.111152,48.140921],[17.111097,48.141006]]]}},{"type":"Feature","properties":{"v":16.5,"p":6},"geometry":{"type":"Polygon","coordinates":[[[17.11108,48.141035],[17.11103,48.141124],[17.110956,48.141106],[17.111012,48.141007],[17.111048,48.141016],[17.11106,48.140996],[17.111097,48.141006],[17.11108,48.141035]]]}},{"type":"Feature","properties":{"v":15.3,"p":5},"geometry":{"type":"Polygon","coordinates":[[[17.111151,48.141055],[17.11108,48.141035],[17.111097,48.141006],[17.111152,48.140921],[17.111292,48.140962],[17.111232,48.141053],[17.111165,48.141034],[17.111151,48.141055]]]}},{"type":"Feature","properties":{"v":30.5,"p":10},"geometry":{"type":"Polygon","coordinates":[[[17.110497,48.143286],[17.110651,48.143348],[17.110779,48.1434],[17.110699,48.143468],[17.110394,48.143347],[17.110464,48.143272],[17.110497,48.143286]]]}},{"type":"Feature","properties":{"v":34.6,"p":12},"geometry":{"type":"Polygon","coordinates":[[[17.111133,48.143077],[17.11111,48.143102],[17.111023,48.143196],[17.111006,48.143214],[17.11091,48.143174],[17.110744,48.143105],[17.110685,48.143081],[17.110703,48.143062],[17.110803,48.142955],[17.110813,48.142944],[17.111133,48.143077]]]}},{"type":"Feature","properties":{"v":18,"p":6},"geometry":{"type":"Polygon","coordinates":[[[17.1106,48.146721],[17.110493,48.146828],[17.110415,48.146794],[17.110445,48.146764],[17.110413,48.14675],[17.110459,48.146702],[17.110474,48.146687],[17.110487,48.146673],[17.110489,48.146671],[17.1106,48.146721]]]}},{"type":"Feature","properties":{"v":22.9,"p":8},"geometry":{"type":"Polygon","coordinates":[[[17.110295,48.146713],[17.110241,48.146691],[17.110229,48.146704],[17.110226,48.146707],[17.110187,48.146691],[17.1102,48.146676],[17.1101,48.146636],[17.11011,48.146625],[17.110177,48.146551],[17.110206,48.146563],[17.110368,48.146634],[17.110353,48.14665],[17.110295,48.146713]]]}},{"type":"Feature","properties":{"v":14.1,"p":5},"geometry":{"type":"Polygon","coordinates":[[[17.110347,48.146996],[17.110144,48.147191],[17.110231,48.147235],[17.110215,48.147249],[17.110149,48.147309],[17.110143,48.147315],[17.110004,48.147238],[17.110006,48.147234],[17.109925,48.14719],[17.109937,48.147181],[17.10997,48.147157],[17.110086,48.147074],[17.110215,48.146995],[17.110252,48.146954],[17.110347,48.146996]]]}},{"type":"Feature","properties":{"v":7.9,"p":3},"geometry":{"type":"Polygon","coordinates":[[[17.11033,48.147215],[17.110281,48.14726],[17.110231,48.147235],[17.110275,48.147192],[17.11033,48.147215]]]}},{"type":"Feature","properties":{"v":11.3,"p":4},"geometry":{"type":"Polygon","coordinates":[[[17.110306,48.14716],[17.110275,48.147192],[17.110231,48.147235],[17.110144,48.147191],[17.110347,48.146996],[17.110252,48.146954],[17.110311,48.146898],[17.11045,48.146962],[17.110488,48.146918],[17.110523,48.146933],[17.110306,48.14716]]]}},{"type":"Feature","properties":{"v":14,"p":5},"geometry":{"type":"Polygon","coordinates":[[[17.110337,48.147314],[17.110262,48.147382],[17.110137,48.14732],[17.110143,48.147315],[17.110149,48.147309],[17.110215,48.147249],[17.110231,48.147235],[17.110281,48.14726],[17.11033,48.147215],[17.110363,48.147186],[17.110438,48.147223],[17.110337,48.147314]]]}},{"type":"Feature","properties":{"v":23.6,"p":8},"geometry":{"type":"Polygon","coordinates":[[[17.111762,48.141118],[17.111644,48.141273],[17.111484,48.141218],[17.111522,48.141168],[17.111453,48.141144],[17.111523,48.141037],[17.111762,48.141118]]]}},{"type":"Feature","properties":{"v":22.2,"p":7},"geometry":{"type":"Polygon","coordinates":[[[17.111453,48.141144],[17.111448,48.141151],[17.111349,48.141121],[17.111348,48.141124],[17.111289,48.141106],[17.111294,48.1411],[17.111216,48.141077],[17.111232,48.141053],[17.111292,48.140962],[17.111527,48.141032],[17.111523,48.141037],[17.111453,48.141144]]]}},{"type":"Feature","properties":{"v":20.1,"p":7},"geometry":{"type":"Polygon","coordinates":[[[17.11186,48.141459],[17.111879,48.141476],[17.111699,48.141698],[17.111748,48.141728],[17.111674,48.141777],[17.111551,48.1417],[17.111772,48.141426],[17.11186,48.141459]]]}},{"type":"Feature","properties":{"v":28.6,"p":10},"geometry":{"type":"Polygon","coordinates":[[[17.11116,48.143501],[17.111153,48.143509],[17.111062,48.143604],[17.111055,48.143611],[17.110979,48.143584],[17.111131,48.143488],[17.11116,48.143501]]]}},{"type":"Feature","properties":{"v":28.7,"p":10},"geometry":{"type":"Polygon","coordinates":[[[17.111383,48.143586],[17.111266,48.143697],[17.111246,48.143687],[17.111255,48.143678],[17.111347,48.143587],[17.11136,48.143575],[17.111383,48.143586]]]}},{"type":"Feature","properties":{"v":29,"p":10},"geometry":{"type":"Polygon","coordinates":[[[17.111359,48.143331],[17.111345,48.143344],[17.111262,48.143306],[17.111254,48.143315],[17.111199,48.14329],[17.111207,48.143282],[17.11117,48.143265],[17.111164,48.143272],[17.111092,48.143239],[17.111099,48.143232],[17.111023,48.143196],[17.11111,48.143102],[17.111439,48.143252],[17.111359,48.143331]]]}},{"type":"Feature","properties":{"v":13.9,"p":5},"geometry":{"type":"Polygon","coordinates":[[[17.107448,48.145649],[17.107296,48.145666],[17.107207,48.145558],[17.107271,48.145493],[17.107277,48.145515],[17.107414,48.145499],[17.107448,48.145649]]]}},{"type":"Feature","properties":{"v":22.8,"p":8},"geometry":{"type":"Polygon","coordinates":[[[17.107669,48.145517],[17.107662,48.145627],[17.107448,48.145649],[17.107414,48.145499],[17.10749,48.145491],[17.107669,48.145517]]]}},{"type":"Feature","properties":{"v":22.2,"p":7},"geometry":{"type":"Polygon","coordinates":[[[17.106121,48.145813],[17.10665,48.14598],[17.106579,48.146011],[17.10653,48.146028],[17.106491,48.146066],[17.106168,48.145957],[17.106017,48.145907],[17.105688,48.145797],[17.105601,48.145767],[17.105595,48.145776],[17.105581,48.145771],[17.105615,48.145719],[17.105637,48.145685],[17.105653,48.145659],[17.106121,48.145813]]]}},{"type":"Feature","properties":{"v":21.5,"p":7},"geometry":{"type":"Polygon","coordinates":[[[17.106866,48.145167],[17.10701,48.145203],[17.107003,48.145217],[17.106989,48.145241],[17.107012,48.145247],[17.106991,48.145285],[17.106932,48.145388],[17.10691,48.145429],[17.106788,48.145399],[17.106699,48.145376],[17.106814,48.14517],[17.106822,48.145156],[17.106866,48.145167]]]}},{"type":"Feature","properties":{"v":21,"p":7},"geometry":{"type":"Polygon","coordinates":[[[17.106364,48.146203],[17.106377,48.146207],[17.106297,48.146321],[17.105694,48.146132],[17.105622,48.146236],[17.105497,48.146213],[17.105491,48.146212],[17.105485,48.146211],[17.105618,48.14602],[17.105648,48.145978],[17.105912,48.146062],[17.106066,48.14611],[17.106364,48.146203]]]}},{"type":"Feature","properties":{"v":18.2,"p":6},"geometry":{"type":"Polygon","coordinates":[[[17.106414,48.146448],[17.106385,48.146564],[17.106361,48.14657],[17.106303,48.146563],[17.106154,48.146526],[17.106201,48.146427],[17.106414,48.146448]]]}},{"type":"Feature","properties":{"v":19.4,"p":6},"geometry":{"type":"Polygon","coordinates":[[[17.106835,48.146494],[17.106844,48.14671],[17.106837,48.14671],[17.106774,48.14671],[17.106652,48.146711],[17.106647,48.146711],[17.106642,48.146594],[17.106385,48.146564],[17.106414,48.146448],[17.106835,48.146494]]]}},{"type":"Feature","properties":{"v":23.1,"p":8},"geometry":{"type":"Polygon","coordinates":[[[17.109038,48.145988],[17.108998,48.14604],[17.108718,48.145941],[17.108759,48.145889],[17.109038,48.145988]]]}},{"type":"Feature","properties":{"v":18.7,"p":6},"geometry":{"type":"Polygon","coordinates":[[[17.109069,48.146067],[17.109015,48.146123],[17.108942,48.146201],[17.108867,48.146169],[17.108947,48.146104],[17.10895,48.146101],[17.108998,48.14604],[17.109069,48.146067]]]}},{"type":"Feature","properties":{"v":22.2,"p":7},"geometry":{"type":"Polygon","coordinates":[[[17.108998,48.14604],[17.10895,48.146101],[17.108947,48.146104],[17.108883,48.146121],[17.108811,48.146096],[17.108716,48.146062],[17.108643,48.146036],[17.108657,48.146018],[17.108718,48.145941],[17.108998,48.14604]]]}},{"type":"Feature","properties":{"v":20.3,"p":7},"geometry":{"type":"Polygon","coordinates":[[[17.1092,48.146389],[17.109074,48.146494],[17.109051,48.146513],[17.108981,48.146475],[17.109033,48.146433],[17.108948,48.146388],[17.109034,48.146315],[17.109071,48.146314],[17.1092,48.146389]]]}},{"type":"Feature","properties":{"v":16.8,"p":6},"geometry":{"type":"Polygon","coordinates":[[[17.109192,48.146041],[17.109155,48.146088],[17.109104,48.146154],[17.109015,48.146123],[17.109069,48.146067],[17.108998,48.14604],[17.109038,48.145988],[17.109192,48.146041]]]}},{"type":"Feature","properties":{"v":20.4,"p":7},"geometry":{"type":"Polygon","coordinates":[[[17.109547,48.143315],[17.109429,48.143498],[17.1094,48.143506],[17.109362,48.143524],[17.10939,48.143495],[17.10937,48.143486],[17.10938,48.143455],[17.109389,48.143428],[17.109363,48.143396],[17.109339,48.143373],[17.10935,48.143328],[17.109364,48.14329],[17.109391,48.143261],[17.109431,48.14328],[17.109622,48.143127],[17.109923,48.143246],[17.109831,48.14335],[17.109819,48.143362],[17.109744,48.143374],[17.109567,48.143302],[17.109547,48.143315]]]}},{"type":"Feature","properties":{"v":21.7,"p":7},"geometry":{"type":"Polygon","coordinates":[[[17.110432,48.140411],[17.110708,48.140485],[17.110845,48.140519],[17.110764,48.140657],[17.110215,48.140495],[17.110194,48.140475],[17.110307,48.14017],[17.110343,48.140151],[17.110855,48.140194],[17.110832,48.140323],[17.110768,48.140317],[17.11048,48.140296],[17.110432,48.140411]]]}},{"type":"Feature","properties":{"v":21.9,"p":7},"geometry":{"type":"Polygon","coordinates":[[[17.11023,48.143371],[17.11018,48.143489],[17.109831,48.14335],[17.109923,48.143246],[17.11023,48.143371]]]}},{"type":"Feature","properties":{"v":19.6,"p":7},"geometry":{"type":"Polygon","coordinates":[[[17.110072,48.144529],[17.109977,48.144602],[17.109969,48.144608],[17.109786,48.1445],[17.109801,48.144488],[17.109779,48.144477],[17.109852,48.144413],[17.109883,48.144429],[17.109895,48.14442],[17.110072,48.144529]]]}},{"type":"Feature","properties":{"v":21.1,"p":7},"geometry":{"type":"Polygon","coordinates":[[[17.10935,48.146677],[17.10929,48.146656],[17.109319,48.146617],[17.109288,48.146607],[17.109312,48.146578],[17.109335,48.14655],[17.109375,48.146563],[17.109429,48.146493],[17.109408,48.146485],[17.109465,48.146433],[17.109498,48.146401],[17.109511,48.146406],[17.109553,48.14642],[17.109467,48.146533],[17.10949,48.14654],[17.109467,48.146571],[17.109438,48.146561],[17.10935,48.146677]]]}},{"type":"Feature","properties":{"v":10.5,"p":4},"geometry":{"type":"Polygon","coordinates":[[[17.110504,48.143855],[17.110385,48.143954],[17.110344,48.143931],[17.110462,48.143834],[17.110504,48.143855]]]}},{"type":"Feature","properties":{"v":10.8,"p":4},"geometry":{"type":"Polygon","coordinates":[[[17.110551,48.144031],[17.110567,48.144037],[17.110507,48.144064],[17.110416,48.14401],[17.110385,48.143954],[17.110488,48.143941],[17.110531,48.143962],[17.110579,48.143902],[17.110584,48.143896],[17.11067,48.143927],[17.110629,48.143977],[17.110604,48.143968],[17.110551,48.144031]]]}},{"type":"Feature","properties":{"v":21,"p":7},"geometry":{"type":"Polygon","coordinates":[[[17.110313,48.144799],[17.110334,48.144812],[17.110427,48.144866],[17.110433,48.144877],[17.109798,48.145012],[17.109761,48.144935],[17.109753,48.144918],[17.10975,48.14491],[17.110231,48.144815],[17.110253,48.144764],[17.110313,48.144799]]]}},{"type":"Feature","properties":{"v":13.3,"p":4},"geometry":{"type":"Polygon","coordinates":[[[17.110385,48.143954],[17.110416,48.14401],[17.110364,48.144052],[17.110282,48.144072],[17.110213,48.144032],[17.110344,48.143931],[17.110385,48.143954]]]}},{"type":"Feature","properties":{"v":22.7,"p":8},"geometry":{"type":"Polygon","coordinates":[[[17.110418,48.144732],[17.11043,48.144739],[17.110334,48.144812],[17.110313,48.144799],[17.110253,48.144764],[17.109977,48.144602],[17.110072,48.144529],[17.110418,48.144732]]]}},{"type":"Feature","properties":{"v":19.6,"p":7},"geometry":{"type":"Polygon","coordinates":[[[17.110965,48.140554],[17.111254,48.140642],[17.111337,48.140651],[17.111322,48.140686],[17.111253,48.140804],[17.110764,48.140657],[17.110845,48.140519],[17.110965,48.140554]]]}},{"type":"Feature","properties":{"v":15.8,"p":5},"geometry":{"type":"Polygon","coordinates":[[[17.110806,48.143798],[17.110665,48.143747],[17.110626,48.143777],[17.110565,48.143745],[17.110637,48.143675],[17.110633,48.143661],[17.110685,48.143655],[17.110689,48.143668],[17.110867,48.143727],[17.110806,48.143798]]]}},{"type":"Feature","properties":{"v":21,"p":7},"geometry":{"type":"Polygon","coordinates":[[[17.11071,48.144186],[17.110665,48.144252],[17.110691,48.144259],[17.110645,48.144323],[17.110613,48.144329],[17.110586,48.144354],[17.110495,48.144301],[17.110572,48.144188],[17.110597,48.144152],[17.11071,48.144186]]]}},{"type":"Feature","properties":{"v":16,"p":5},"geometry":{"type":"Polygon","coordinates":[[[17.110725,48.143861],[17.11067,48.143927],[17.110584,48.143896],[17.110611,48.143863],[17.110637,48.143832],[17.110725,48.143861]]]}},{"type":"Feature","properties":{"v":19.4,"p":6},"geometry":{"type":"Polygon","coordinates":[[[17.110673,48.144664],[17.110674,48.144697],[17.110427,48.144866],[17.110334,48.144812],[17.11043,48.144739],[17.110418,48.144732],[17.110449,48.14471],[17.110389,48.144675],[17.110424,48.144648],[17.11031,48.144582],[17.110295,48.144594],[17.110221,48.14455],[17.110331,48.144465],[17.110673,48.144664]]]}},{"type":"Feature","properties":{"v":26.7,"p":9},"geometry":{"type":"Polygon","coordinates":[[[17.111491,48.140425],[17.111461,48.140604],[17.111347,48.140595],[17.111378,48.140409],[17.111491,48.140425]]]}},{"type":"Feature","properties":{"v":19.5,"p":6},"geometry":{"type":"Polygon","coordinates":[[[17.110832,48.144053],[17.110856,48.144062],[17.110842,48.144079],[17.110802,48.144127],[17.110725,48.144099],[17.110643,48.144068],[17.110673,48.144032],[17.110647,48.144023],[17.110619,48.144056],[17.110567,48.144037],[17.110551,48.144031],[17.110604,48.143968],[17.110629,48.143977],[17.110717,48.14401],[17.110832,48.144053]]]}},{"type":"Feature","properties":{"v":31.4,"p":10},"geometry":{"type":"Polygon","coordinates":[[[17.110877,48.145163],[17.110751,48.14519],[17.110731,48.145146],[17.110715,48.14512],[17.110703,48.145103],[17.110697,48.145094],[17.110674,48.145062],[17.110668,48.145054],[17.110801,48.145026],[17.110877,48.145163]]]}},{"type":"Feature","properties":{"v":16.1,"p":5},"geometry":{"type":"Polygon","coordinates":[[[17.110289,48.146012],[17.110426,48.14608],[17.11033,48.146169],[17.110207,48.146284],[17.110126,48.146359],[17.110089,48.146393],[17.110053,48.146426],[17.10994,48.146372],[17.109911,48.146358],[17.109905,48.146355],[17.110278,48.146007],[17.110289,48.146012]]]}},{"type":"Feature","properties":{"v":12.9,"p":4},"geometry":{"type":"Polygon","coordinates":[[[17.110538,48.146179],[17.110315,48.14641],[17.110273,48.146391],[17.110327,48.146335],[17.1104,48.14626],[17.110351,48.146239],[17.110391,48.146199],[17.110441,48.146147],[17.11049,48.146168],[17.110497,48.146161],[17.110538,48.146179]]]}},{"type":"Feature","properties":{"v":17.3,"p":6},"geometry":{"type":"Polygon","coordinates":[[[17.110589,48.146201],[17.110666,48.146234],[17.1106,48.146303],[17.110446,48.146461],[17.110442,48.146465],[17.110425,48.146483],[17.110306,48.146431],[17.110297,48.146428],[17.110315,48.14641],[17.110538,48.146179],[17.110589,48.146201]]]}},{"type":"Feature","properties":{"v":26.8,"p":9},"geometry":{"type":"Polygon","coordinates":[[[17.111423,48.140338],[17.111697,48.140378],[17.111681,48.14043],[17.111674,48.140449],[17.111491,48.140425],[17.111378,48.140409],[17.111386,48.140386],[17.111406,48.140336],[17.111423,48.140338]]]}},{"type":"Feature","properties":{"v":21.8,"p":7},"geometry":{"type":"Polygon","coordinates":[[[17.111849,48.140844],[17.111771,48.14096],[17.111253,48.140804],[17.111322,48.140686],[17.111704,48.140801],[17.111714,48.140772],[17.111798,48.140782],[17.111795,48.140794],[17.111862,48.140807],[17.111849,48.140844]]]}},{"type":"Feature","properties":{"v":18.2,"p":6},"geometry":{"type":"Polygon","coordinates":[[[17.111131,48.143488],[17.110979,48.143584],[17.110937,48.143606],[17.11067,48.143492],[17.110699,48.143468],[17.110779,48.1434],[17.110839,48.14335],[17.110894,48.143303],[17.110967,48.143341],[17.11092,48.143383],[17.110875,48.143422],[17.110986,48.143476],[17.111104,48.143406],[17.111124,48.143418],[17.111183,48.143455],[17.111131,48.143488]]]}},{"type":"Feature","properties":{"v":29.1,"p":10},"geometry":{"type":"Polygon","coordinates":[[[17.111273,48.142933],[17.111495,48.143029],[17.111452,48.143073],[17.111159,48.142947],[17.111387,48.142711],[17.111693,48.142843],[17.111676,48.14286],[17.11165,48.142889],[17.111415,48.142786],[17.111273,48.142933]]]}},{"type":"Feature","properties":{"v":26.3,"p":9},"geometry":{"type":"Polygon","coordinates":[[[17.111659,48.143349],[17.11158,48.143428],[17.111359,48.143331],[17.111439,48.143252],[17.111659,48.143349]]]}},{"type":"Feature","properties":{"v":16.6,"p":6},"geometry":{"type":"Polygon","coordinates":[[[17.111634,48.143473],[17.111536,48.14363],[17.11145,48.143609],[17.111588,48.143453],[17.111634,48.143473]]]}},{"type":"Feature","properties":{"v":11.1,"p":4},"geometry":{"type":"Polygon","coordinates":[[[17.111714,48.143509],[17.111625,48.143654],[17.111536,48.14363],[17.111634,48.143473],[17.111714,48.143509]]]}},{"type":"Feature","properties":{"v":14.6,"p":5},"geometry":{"type":"Polygon","coordinates":[[[17.107039,48.14514],[17.107106,48.145155],[17.107067,48.145232],[17.107003,48.145217],[17.10701,48.145203],[17.106866,48.145167],[17.106893,48.145099],[17.106918,48.145035],[17.107134,48.145071],[17.107117,48.145114],[17.107111,48.14513],[17.107049,48.145118],[17.107039,48.14514]]]}},{"type":"Feature","properties":{"v":12.9,"p":4},"geometry":{"type":"Polygon","coordinates":[[[17.107237,48.145241],[17.107224,48.145267],[17.107067,48.145232],[17.107106,48.145155],[17.107207,48.145177],[17.107228,48.145134],[17.107117,48.145114],[17.107134,48.145071],[17.107305,48.145101],[17.107288,48.145137],[17.107237,48.145241]]]}},{"type":"Feature","properties":{"v":18,"p":6},"geometry":{"type":"Polygon","coordinates":[[[17.107648,48.145265],[17.107588,48.145382],[17.107432,48.145348],[17.107486,48.145239],[17.107568,48.145257],[17.107585,48.145223],[17.107535,48.145211],[17.107573,48.145136],[17.107705,48.145166],[17.107694,48.145185],[17.107648,48.145265]]]}},{"type":"Feature","properties":{"v":18.6,"p":6},"geometry":{"type":"Polygon","coordinates":[[[17.108053,48.146362],[17.107987,48.146407],[17.10789,48.146344],[17.107951,48.146305],[17.107958,48.146301],[17.108053,48.146362]]]}},{"type":"Feature","properties":{"v":15.2,"p":5},"geometry":{"type":"Polygon","coordinates":[[[17.108405,48.144406],[17.108304,48.144376],[17.108401,48.144186],[17.108578,48.144272],[17.108644,48.144303],[17.108636,48.144313],[17.108606,48.144355],[17.108507,48.144322],[17.10849,48.144348],[17.108522,48.144355],[17.108502,48.1444],[17.108418,48.144382],[17.108405,48.144406]]]}},{"type":"Feature","properties":{"v":19,"p":6},"geometry":{"type":"Polygon","coordinates":[[[17.10774,48.146428],[17.107678,48.146455],[17.107651,48.14643],[17.107632,48.146413],[17.107687,48.146389],[17.10774,48.146428]]]}},{"type":"Feature","properties":{"v":16.1,"p":5},"geometry":{"type":"Polygon","coordinates":[[[17.107269,48.146422],[17.107184,48.14646],[17.107199,48.146475],[17.107188,48.14648],[17.107149,48.146439],[17.107264,48.146418],[17.107269,48.146422]]]}},{"type":"Feature","properties":{"v":18.1,"p":6},"geometry":{"type":"Polygon","coordinates":[[[17.107335,48.146614],[17.107331,48.146681],[17.107189,48.146697],[17.107182,48.146637],[17.107186,48.146585],[17.107205,48.146532],[17.107222,48.146499],[17.107335,48.146614]]]}},{"type":"Feature","properties":{"v":15.2,"p":5},"geometry":{"type":"Polygon","coordinates":[[[17.107678,48.146455],[17.10762,48.14648],[17.107592,48.146452],[17.107651,48.14643],[17.107678,48.146455]]]}},{"type":"Feature","properties":{"v":21.1,"p":7},"geometry":{"type":"Polygon","coordinates":[[[17.10733,48.146482],[17.107428,48.146614],[17.107413,48.146617],[17.107345,48.146623],[17.107335,48.146614],[17.107222,48.146499],[17.107214,48.14649],[17.107199,48.146475],[17.107184,48.14646],[17.107269,48.146422],[17.107281,48.146417],[17.10733,48.146482]]]}},{"type":"Feature","properties":{"v":21,"p":7},"geometry":{"type":"Polygon","coordinates":[[[17.107592,48.146452],[17.10762,48.14648],[17.107603,48.146488],[17.107556,48.146506],[17.107499,48.146421],[17.107429,48.146447],[17.107454,48.14648],[17.107412,48.146491],[17.107391,48.146462],[17.10733,48.146482],[17.107281,48.146417],[17.107269,48.146422],[17.107264,48.146418],[17.10752,48.146323],[17.107632,48.146413],[17.107651,48.14643],[17.107592,48.146452]]]}},{"type":"Feature","properties":{"v":15.4,"p":5},"geometry":{"type":"Polygon","coordinates":[[[17.107716,48.146611],[17.10763,48.146645],[17.107607,48.146607],[17.10762,48.146602],[17.107556,48.146506],[17.107603,48.146488],[17.107716,48.146611]]]}},{"type":"Feature","properties":{"v":20.5,"p":7},"geometry":{"type":"Polygon","coordinates":[[[17.10762,48.146602],[17.107607,48.146607],[17.107556,48.146626],[17.107445,48.146663],[17.107413,48.146617],[17.107428,48.146614],[17.10733,48.146482],[17.107391,48.146462],[17.107412,48.146491],[17.107476,48.146578],[17.107518,48.146564],[17.107454,48.14648],[17.107429,48.146447],[17.107499,48.146421],[17.107556,48.146506],[17.10762,48.146602]]]}},{"type":"Feature","properties":{"v":14.2,"p":5},"geometry":{"type":"Polygon","coordinates":[[[17.107987,48.146407],[17.107661,48.146548],[17.107603,48.146488],[17.10762,48.14648],[17.107678,48.146455],[17.10774,48.146428],[17.107824,48.146386],[17.10789,48.146344],[17.107987,48.146407]]]}},{"type":"Feature","properties":{"v":16.7,"p":6},"geometry":{"type":"Polygon","coordinates":[[[17.107824,48.146386],[17.10774,48.146428],[17.107687,48.146389],[17.107763,48.146342],[17.107824,48.146386]]]}},{"type":"Feature","properties":{"v":12.7,"p":4},"geometry":{"type":"Polygon","coordinates":[[[17.107872,48.146819],[17.107811,48.146846],[17.107675,48.146696],[17.10763,48.146645],[17.107716,48.146611],[17.107789,48.146583],[17.107842,48.146562],[17.107925,48.14653],[17.107982,48.146574],[17.107749,48.146669],[17.107843,48.146774],[17.107919,48.146744],[17.107963,48.146779],[17.107872,48.146819]]]}},{"type":"Feature","properties":{"v":8.1,"p":3},"geometry":{"type":"Polygon","coordinates":[[[17.108234,48.146763],[17.108153,48.146806],[17.108045,48.146863],[17.108014,48.146836],[17.108205,48.146737],[17.108234,48.146763]]]}},{"type":"Feature","properties":{"v":12.1,"p":4},"geometry":{"type":"Polygon","coordinates":[[[17.108222,48.146684],[17.10823,48.14669],[17.108219,48.146696],[17.108084,48.146771],[17.108078,48.146766],[17.108042,48.146736],[17.108149,48.146675],[17.108186,48.146654],[17.108222,48.146684]]]}},{"type":"Feature","properties":{"v":12.6,"p":4},"geometry":{"type":"Polygon","coordinates":[[[17.108078,48.146766],[17.107922,48.146843],[17.107908,48.14685],[17.107872,48.146819],[17.107963,48.146779],[17.108042,48.146736],[17.108078,48.146766]]]}},{"type":"Feature","properties":{"v":12,"p":4},"geometry":{"type":"Polygon","coordinates":[[[17.108282,48.146652],[17.108222,48.146684],[17.108186,48.146654],[17.108242,48.146622],[17.108282,48.146652]]]}},{"type":"Feature","properties":{"v":21.6,"p":7},"geometry":{"type":"Polygon","coordinates":[[[17.107687,48.146389],[17.107632,48.146413],[17.10752,48.146323],[17.107766,48.146171],[17.107951,48.146305],[17.10789,48.146344],[17.107824,48.146386],[17.107763,48.146342],[17.107687,48.146389]]]}},{"type":"Feature","properties":{"v":15.4,"p":5},"geometry":{"type":"Polygon","coordinates":[[[17.108105,48.14664],[17.108149,48.146675],[17.108042,48.146736],[17.107963,48.146779],[17.107919,48.146744],[17.107899,48.146728],[17.108084,48.146624],[17.108105,48.14664]]]}},{"type":"Feature","properties":{"v":19.4,"p":6},"geometry":{"type":"Polygon","coordinates":[[[17.108136,48.144736],[17.108062,48.144718],[17.108253,48.144362],[17.108304,48.144376],[17.108405,48.144406],[17.108684,48.144487],[17.108603,48.144608],[17.108315,48.144529],[17.108215,48.144713],[17.108157,48.144698],[17.108136,48.144736]]]}},{"type":"Feature","properties":{"v":7.9,"p":3},"geometry":{"type":"Polygon","coordinates":[[[17.108338,48.146112],[17.108216,48.145986],[17.108475,48.145917],[17.108509,48.145966],[17.108449,48.146046],[17.108454,48.146048],[17.108403,48.146113],[17.108352,48.146092],[17.108338,48.146112]]]}},{"type":"Feature","properties":{"v":16.7,"p":6},"geometry":{"type":"Polygon","coordinates":[[[17.108494,48.146628],[17.108455,48.146649],[17.108425,48.146663],[17.10835,48.146702],[17.108282,48.146652],[17.108242,48.146622],[17.108359,48.146553],[17.108494,48.146628]]]}},{"type":"Feature","properties":{"v":9.6,"p":3},"geometry":{"type":"Polygon","coordinates":[[[17.108657,48.146018],[17.108643,48.146036],[17.108598,48.146097],[17.108517,48.146069],[17.108454,48.146048],[17.108449,48.146046],[17.108509,48.145966],[17.108657,48.146018]]]}},{"type":"Feature","properties":{"v":3.8,"p":1},"geometry":{"type":"Polygon","coordinates":[[[17.108716,48.146062],[17.108653,48.146142],[17.108583,48.146118],[17.108598,48.146097],[17.108643,48.146036],[17.108716,48.146062]]]}},{"type":"Feature","properties":{"v":12.4,"p":4},"geometry":{"type":"Polygon","coordinates":[[[17.108829,48.146206],[17.108736,48.146287],[17.108733,48.146289],[17.108684,48.146254],[17.108766,48.146183],[17.108829,48.146206]]]}},{"type":"Feature","properties":{"v":13.9,"p":5},"geometry":{"type":"Polygon","coordinates":[[[17.108598,48.146097],[17.108583,48.146118],[17.108538,48.146175],[17.108458,48.146147],[17.108517,48.146069],[17.108598,48.146097]]]}},{"type":"Feature","properties":{"v":8.2,"p":3},"geometry":{"type":"Polygon","coordinates":[[[17.108942,48.146201],[17.108799,48.146325],[17.108736,48.146287],[17.108829,48.146206],[17.108867,48.146169],[17.108942,48.146201]]]}},{"type":"Feature","properties":{"v":4.6,"p":2},"geometry":{"type":"Polygon","coordinates":[[[17.108883,48.146121],[17.108828,48.146191],[17.108756,48.146166],[17.108811,48.146096],[17.108883,48.146121]]]}},{"type":"Feature","properties":{"v":12,"p":4},"geometry":{"type":"Polygon","coordinates":[[[17.108653,48.146142],[17.108567,48.146253],[17.108497,48.146229],[17.108538,48.146175],[17.108583,48.146118],[17.108653,48.146142]]]}},{"type":"Feature","properties":{"v":17.4,"p":6},"geometry":{"type":"Polygon","coordinates":[[[17.108242,48.146622],[17.108186,48.146654],[17.108149,48.146675],[17.108105,48.14664],[17.108175,48.146599],[17.10811,48.146549],[17.108076,48.14657],[17.108038,48.146541],[17.107982,48.146574],[17.107925,48.14653],[17.108044,48.146469],[17.108139,48.146421],[17.108148,48.146416],[17.108359,48.146553],[17.108242,48.146622]]]}},{"type":"Feature","properties":{"v":8.8,"p":3},"geometry":{"type":"Polygon","coordinates":[[[17.10835,48.146702],[17.108308,48.146724],[17.10828,48.146701],[17.10827,48.146692],[17.108234,48.146709],[17.108219,48.146696],[17.10823,48.14669],[17.108222,48.146684],[17.108282,48.146652],[17.10835,48.146702]]]}},{"type":"Feature","properties":{"v":22.7,"p":8},"geometry":{"type":"Polygon","coordinates":[[[17.108571,48.146736],[17.108401,48.146841],[17.108382,48.146827],[17.10831,48.146774],[17.108269,48.146744],[17.108308,48.146724],[17.10835,48.146702],[17.108425,48.146663],[17.108571,48.146736]]]}},{"type":"Feature","properties":{"v":15.3,"p":5},"geometry":{"type":"Polygon","coordinates":[[[17.108382,48.146827],[17.108273,48.146894],[17.108241,48.146871],[17.1082,48.146841],[17.10831,48.146774],[17.108382,48.146827]]]}},{"type":"Feature","properties":{"v":15.1,"p":5},"geometry":{"type":"Polygon","coordinates":[[[17.108036,48.146938],[17.107988,48.146898],[17.108045,48.146863],[17.108153,48.146806],[17.1082,48.146841],[17.108241,48.146871],[17.108208,48.146887],[17.108196,48.146893],[17.108158,48.146866],[17.108036,48.146938]]]}},{"type":"Feature","properties":{"v":20.7,"p":7},"geometry":{"type":"Polygon","coordinates":[[[17.107771,48.147121],[17.107779,48.147131],[17.107754,48.147139],[17.107686,48.147066],[17.107572,48.14708],[17.107576,48.147094],[17.107431,48.147109],[17.107428,48.147099],[17.107426,48.147091],[17.107529,48.14708],[17.107576,48.147075],[17.10758,48.147039],[17.107578,48.146998],[17.107571,48.146954],[17.107562,48.146912],[17.107545,48.146867],[17.107529,48.14683],[17.107514,48.146799],[17.107475,48.146806],[17.10747,48.146783],[17.107496,48.146781],[17.107472,48.146667],[17.107447,48.146669],[17.107445,48.146663],[17.107556,48.146626],[17.107607,48.146683],[17.107623,48.146704],[17.107648,48.146737],[17.10768,48.146795],[17.107706,48.146856],[17.107725,48.146912],[17.107736,48.146961],[17.107724,48.146962],[17.107726,48.147002],[17.107727,48.147032],[17.107707,48.14703],[17.107706,48.147043],[17.107724,48.147064],[17.107771,48.147121]]]}},{"type":"Feature","properties":{"v":25.8,"p":9},"geometry":{"type":"Polygon","coordinates":[[[17.1076,48.147203],[17.107527,48.147211],[17.107516,48.147166],[17.107446,48.147173],[17.107431,48.147109],[17.107576,48.147094],[17.1076,48.147203]]]}},{"type":"Feature","properties":{"v":22.1,"p":7},"geometry":{"type":"Polygon","coordinates":[[[17.107754,48.147139],[17.1076,48.147203],[17.107576,48.147094],[17.107572,48.14708],[17.107686,48.147066],[17.107754,48.147139]]]}},{"type":"Feature","properties":{"v":7,"p":2},"geometry":{"type":"Polygon","coordinates":[[[17.10773,48.147041],[17.107746,48.14706],[17.107724,48.147064],[17.107706,48.147043],[17.107707,48.14703],[17.107727,48.147032],[17.107726,48.147002],[17.107912,48.146933],[17.10794,48.146958],[17.10773,48.147041]]]}},{"type":"Feature","properties":{"v":17.2,"p":6},"geometry":{"type":"Polygon","coordinates":[[[17.107956,48.146987],[17.107985,48.14702],[17.107966,48.147052],[17.107956,48.147064],[17.10795,48.14707],[17.10793,48.147083],[17.107907,48.147093],[17.107884,48.147098],[17.107862,48.147101],[17.107779,48.147131],[17.107771,48.147121],[17.107853,48.14709],[17.107873,48.147088],[17.107898,48.147082],[17.107922,48.147072],[17.107942,48.147058],[17.107956,48.14704],[17.107913,48.146991],[17.107903,48.146979],[17.107938,48.146967],[17.107956,48.146987]]]}},{"type":"Feature","properties":{"v":8.5,"p":3},"geometry":{"type":"Polygon","coordinates":[[[17.107811,48.146846],[17.107912,48.146933],[17.107726,48.147002],[17.107724,48.146962],[17.107736,48.146961],[17.107725,48.146912],[17.107706,48.146856],[17.10768,48.146795],[17.107648,48.146737],[17.107623,48.146704],[17.107675,48.146696],[17.107811,48.146846]]]}},{"type":"Feature","properties":{"v":11.5,"p":4},"geometry":{"type":"Polygon","coordinates":[[[17.108401,48.146841],[17.108293,48.14691],[17.108273,48.146894],[17.108382,48.146827],[17.108401,48.146841]]]}},{"type":"Feature","properties":{"v":15.1,"p":5},"geometry":{"type":"Polygon","coordinates":[[[17.10804,48.147033],[17.108032,48.147036],[17.107956,48.147064],[17.107966,48.147052],[17.107985,48.14702],[17.107956,48.146987],[17.107969,48.146982],[17.10804,48.147033]]]}},{"type":"Feature","properties":{"v":21.4,"p":7},"geometry":{"type":"Polygon","coordinates":[[[17.107942,48.147058],[17.107922,48.147072],[17.107898,48.147082],[17.107873,48.147088],[17.107853,48.14709],[17.107771,48.147121],[17.107724,48.147064],[17.107746,48.14706],[17.10773,48.147041],[17.107773,48.147029],[17.107778,48.147035],[17.107803,48.147026],[17.107807,48.147031],[17.107913,48.146991],[17.107956,48.14704],[17.107942,48.147058]]]}},{"type":"Feature","properties":{"v":25.5,"p":8},"geometry":{"type":"Polygon","coordinates":[[[17.107422,48.147071],[17.107426,48.147091],[17.107428,48.147099],[17.107431,48.147109],[17.107446,48.147173],[17.107461,48.147238],[17.107462,48.147244],[17.107328,48.147259],[17.107308,48.147176],[17.107247,48.146916],[17.107382,48.146902],[17.107422,48.147071]]]}},{"type":"Feature","properties":{"v":12.9,"p":4},"geometry":{"type":"Polygon","coordinates":[[[17.108866,48.147221],[17.108823,48.147278],[17.108601,48.147147],[17.10866,48.147098],[17.108866,48.147221]]]}},{"type":"Feature","properties":{"v":12.5,"p":4},"geometry":{"type":"Polygon","coordinates":[[[17.108047,48.14705],[17.108032,48.147036],[17.10804,48.147033],[17.107969,48.146982],[17.10794,48.146958],[17.107912,48.146933],[17.107811,48.146846],[17.107872,48.146819],[17.107908,48.14685],[17.107922,48.146843],[17.107988,48.146898],[17.108036,48.146938],[17.108065,48.146963],[17.108196,48.146893],[17.108208,48.146887],[17.108241,48.146871],[17.108273,48.146894],[17.108293,48.14691],[17.1083,48.146914],[17.108047,48.14705]]]}},{"type":"Feature","properties":{"v":13.4,"p":4},"geometry":{"type":"Polygon","coordinates":[[[17.108361,48.147359],[17.108339,48.147381],[17.108313,48.147395],[17.108288,48.147402],[17.108257,48.147405],[17.108224,48.147403],[17.108191,48.147395],[17.108163,48.147383],[17.108138,48.147362],[17.108122,48.147336],[17.107902,48.147366],[17.107809,48.147307],[17.108129,48.147171],[17.108161,48.147189],[17.108242,48.147126],[17.108323,48.147077],[17.108494,48.146977],[17.108905,48.147218],[17.108856,48.147297],[17.108823,48.147278],[17.108866,48.147221],[17.10866,48.147098],[17.108601,48.147147],[17.108553,48.147119],[17.108384,48.147229],[17.108436,48.147259],[17.108369,48.147305],[17.108371,48.147321],[17.10837,48.14734],[17.108361,48.147359]]]}},{"type":"Feature","properties":{"v":6.2,"p":2},"geometry":{"type":"Polygon","coordinates":[[[17.106303,48.146563],[17.106361,48.14657],[17.106,48.146849],[17.105866,48.146773],[17.106154,48.146526],[17.106303,48.146563]]]}},{"type":"Feature","properties":{"v":31,"p":10},"geometry":{"type":"Polygon","coordinates":[[[17.108241,48.147557],[17.108219,48.147568],[17.108208,48.147582],[17.108033,48.147478],[17.107965,48.147437],[17.107988,48.14742],[17.108203,48.147548],[17.108228,48.147536],[17.108253,48.147529],[17.10828,48.147528],[17.108307,48.147532],[17.108335,48.147543],[17.108489,48.147429],[17.108559,48.147332],[17.108436,48.147259],[17.108384,48.147229],[17.108553,48.147119],[17.108601,48.147147],[17.108823,48.147278],[17.108856,48.147297],[17.108691,48.147498],[17.108586,48.147569],[17.108575,48.147563],[17.10845,48.147488],[17.108331,48.147574],[17.108314,48.147564],[17.108292,48.147556],[17.108265,48.147553],[17.108241,48.147557]]]}},{"type":"Feature","properties":{"v":5.6,"p":2},"geometry":{"type":"Polygon","coordinates":[[[17.109286,48.146615],[17.109237,48.146662],[17.109123,48.146609],[17.109172,48.146562],[17.109286,48.146615]]]}},{"type":"Feature","properties":{"v":11.3,"p":4},"geometry":{"type":"Polygon","coordinates":[[[17.10929,48.146656],[17.10935,48.146677],[17.10938,48.146687],[17.109315,48.146775],[17.109255,48.146754],[17.10928,48.14672],[17.109226,48.1467],[17.109266,48.146648],[17.10929,48.146656]]]}},{"type":"Feature","properties":{"v":11.3,"p":4},"geometry":{"type":"Polygon","coordinates":[[[17.11019,48.141939],[17.110246,48.141962],[17.110242,48.141966],[17.110196,48.142017],[17.110184,48.14203],[17.110114,48.142002],[17.110176,48.141934],[17.11019,48.141939]]]}},{"type":"Feature","properties":{"v":14,"p":5},"geometry":{"type":"Polygon","coordinates":[[[17.110311,48.141411],[17.110119,48.141386],[17.110159,48.141263],[17.110252,48.141277],[17.110251,48.141282],[17.1103,48.141289],[17.110314,48.141243],[17.110391,48.141254],[17.11038,48.141274],[17.110311,48.141411]]]}},{"type":"Feature","properties":{"v":21.8,"p":7},"geometry":{"type":"Polygon","coordinates":[[[17.110443,48.141284],[17.110426,48.141332],[17.110493,48.141343],[17.110461,48.141432],[17.11046,48.141435],[17.110311,48.141411],[17.11038,48.141274],[17.110443,48.141284]]]}},{"type":"Feature","properties":{"v":24.6,"p":8},"geometry":{"type":"Polygon","coordinates":[[[17.110353,48.14201],[17.110268,48.141976],[17.110534,48.14168],[17.110624,48.141716],[17.11058,48.141764],[17.110594,48.14177],[17.11055,48.141819],[17.110568,48.141851],[17.110554,48.141891],[17.110504,48.14192],[17.110455,48.141923],[17.11041,48.141973],[17.110393,48.141967],[17.110353,48.14201]]]}},{"type":"Feature","properties":{"v":12.5,"p":4},"geometry":{"type":"Polygon","coordinates":[[[17.109516,48.146306],[17.109409,48.146406],[17.109465,48.146433],[17.109408,48.146485],[17.109335,48.14655],[17.109312,48.146578],[17.109296,48.146566],[17.109279,48.146542],[17.109276,48.146519],[17.109281,48.146493],[17.109291,48.146472],[17.109319,48.146445],[17.10949,48.146294],[17.109516,48.146306]]]}},{"type":"Feature","properties":{"v":9.8,"p":3},"geometry":{"type":"Polygon","coordinates":[[[17.10994,48.146372],[17.109744,48.146617],[17.109736,48.146614],[17.109714,48.146606],[17.109911,48.146358],[17.10994,48.146372]]]}},{"type":"Feature","properties":{"v":19.8,"p":7},"geometry":{"type":"Polygon","coordinates":[[[17.109879,48.146486],[17.109913,48.1465],[17.109796,48.146636],[17.109754,48.146621],[17.109868,48.146482],[17.109879,48.146486]]]}},{"type":"Feature","properties":{"v":16.6,"p":6},"geometry":{"type":"Polygon","coordinates":[[[17.109736,48.146614],[17.109701,48.146659],[17.109558,48.146846],[17.109536,48.146839],[17.109714,48.146606],[17.109736,48.146614]]]}},{"type":"Feature","properties":{"v":18.1,"p":6},"geometry":{"type":"Polygon","coordinates":[[[17.10938,48.146687],[17.10935,48.146677],[17.109438,48.146561],[17.109467,48.146571],[17.10949,48.14654],[17.109467,48.146533],[17.109553,48.14642],[17.109582,48.146429],[17.10938,48.146687]]]}},{"type":"Feature","properties":{"v":20.8,"p":7},"geometry":{"type":"Polygon","coordinates":[[[17.109865,48.146662],[17.109844,48.146688],[17.109824,48.146713],[17.109802,48.146705],[17.109825,48.146668],[17.109769,48.146646],[17.109747,48.146646],[17.109732,48.146648],[17.109719,48.146651],[17.109701,48.146659],[17.109736,48.146614],[17.109744,48.146617],[17.109754,48.146621],[17.109796,48.146636],[17.109865,48.146662]]]}},{"type":"Feature","properties":{"v":18.8,"p":6},"geometry":{"type":"Polygon","coordinates":[[[17.109558,48.146846],[17.109509,48.146907],[17.109506,48.146919],[17.109508,48.146931],[17.109513,48.146939],[17.109525,48.146951],[17.109675,48.147023],[17.109671,48.147027],[17.10985,48.147118],[17.109839,48.147128],[17.10952,48.146967],[17.109501,48.146957],[17.109491,48.146947],[17.109483,48.146932],[17.109481,48.146914],[17.109484,48.146902],[17.109536,48.146839],[17.109558,48.146846]]]}},{"type":"Feature","properties":{"v":19.6,"p":7},"geometry":{"type":"Polygon","coordinates":[[[17.110939,48.140353],[17.110965,48.140554],[17.110845,48.140519],[17.110828,48.140345],[17.110939,48.140353]]]}},{"type":"Feature","properties":{"v":18.1,"p":6},"geometry":{"type":"Polygon","coordinates":[[[17.110894,48.141422],[17.110888,48.14144],[17.110871,48.141494],[17.110701,48.141471],[17.110723,48.141399],[17.110894,48.141422]]]}},{"type":"Feature","properties":{"v":11.5,"p":4},"geometry":{"type":"Polygon","coordinates":[[[17.110723,48.141399],[17.110701,48.141471],[17.110461,48.141432],[17.110493,48.141343],[17.110544,48.1412],[17.110561,48.141203],[17.110643,48.141216],[17.110664,48.141219],[17.110616,48.14135],[17.110661,48.141357],[17.110704,48.141239],[17.110773,48.141251],[17.110742,48.141338],[17.110723,48.141399]]]}},{"type":"Feature","properties":{"v":26.1,"p":9},"geometry":{"type":"Polygon","coordinates":[[[17.110603,48.143575],[17.110544,48.143632],[17.110452,48.143619],[17.110461,48.143582],[17.110415,48.143566],[17.110433,48.143553],[17.110383,48.143531],[17.110371,48.143541],[17.110338,48.143544],[17.110291,48.143523],[17.110287,48.143503],[17.110296,48.143494],[17.110267,48.143482],[17.110225,48.143522],[17.110169,48.143515],[17.11018,48.143489],[17.11023,48.143371],[17.1106,48.143538],[17.110603,48.143575]]]}},{"type":"Feature","properties":{"v":17,"p":6},"geometry":{"type":"Polygon","coordinates":[[[17.109938,48.146509],[17.109913,48.1465],[17.109879,48.146486],[17.109911,48.146446],[17.109956,48.146463],[17.109979,48.146438],[17.109992,48.146444],[17.109938,48.146509]]]}},{"type":"Feature","properties":{"v":21.8,"p":7},"geometry":{"type":"Polygon","coordinates":[[[17.10989,48.147084],[17.109868,48.147103],[17.10985,48.147118],[17.109671,48.147027],[17.109675,48.147023],[17.109714,48.146993],[17.10989,48.147084]]]}},{"type":"Feature","properties":{"v":13,"p":4},"geometry":{"type":"Polygon","coordinates":[[[17.109754,48.146621],[17.109744,48.146617],[17.10994,48.146372],[17.110053,48.146426],[17.110042,48.146437],[17.110036,48.146434],[17.110024,48.146446],[17.109998,48.146437],[17.109992,48.146444],[17.109979,48.146438],[17.109956,48.146463],[17.109911,48.146446],[17.109879,48.146486],[17.109868,48.146482],[17.109754,48.146621]]]}},{"type":"Feature","properties":{"v":12.8,"p":4},"geometry":{"type":"Polygon","coordinates":[[[17.110044,48.146634],[17.109985,48.146706],[17.109955,48.146695],[17.110015,48.146623],[17.110044,48.146634]]]}},{"type":"Feature","properties":{"v":9.7,"p":3},"geometry":{"type":"Polygon","coordinates":[[[17.110056,48.146639],[17.11008,48.146648],[17.110021,48.146719],[17.109985,48.146706],[17.110044,48.146634],[17.110056,48.146639]]]}},{"type":"Feature","properties":{"v":16.4,"p":5},"geometry":{"type":"Polygon","coordinates":[[[17.109955,48.146695],[17.109938,48.146688],[17.11,48.146612],[17.109976,48.146603],[17.110013,48.146564],[17.110085,48.146588],[17.110066,48.146608],[17.110078,48.146613],[17.110056,48.146639],[17.110044,48.146634],[17.110015,48.146623],[17.109955,48.146695]]]}},{"type":"Feature","properties":{"v":23.3,"p":8},"geometry":{"type":"Polygon","coordinates":[[[17.109976,48.146603],[17.11,48.146612],[17.109938,48.146688],[17.109905,48.146677],[17.109951,48.146624],[17.109942,48.146595],[17.109984,48.146547],[17.110012,48.146557],[17.110025,48.146543],[17.109938,48.146509],[17.109992,48.146444],[17.109998,48.146437],[17.110024,48.146446],[17.110036,48.146434],[17.110042,48.146437],[17.110095,48.146464],[17.110089,48.146471],[17.110135,48.146487],[17.1101,48.146526],[17.11013,48.146537],[17.110085,48.146588],[17.110013,48.146564],[17.109976,48.146603]]]}},{"type":"Feature","properties":{"v":22.7,"p":8},"geometry":{"type":"Polygon","coordinates":[[[17.109983,48.146981],[17.10995,48.147011],[17.109917,48.146993],[17.109916,48.146981],[17.109911,48.146971],[17.109906,48.146964],[17.10989,48.146959],[17.109876,48.146959],[17.109862,48.146962],[17.10981,48.146936],[17.109843,48.146916],[17.109983,48.146981]]]}},{"type":"Feature","properties":{"v":16.9,"p":6},"geometry":{"type":"Polygon","coordinates":[[[17.109905,48.146677],[17.109938,48.146688],[17.109955,48.146695],[17.109985,48.146706],[17.110021,48.146719],[17.110005,48.146737],[17.110001,48.146742],[17.109844,48.146688],[17.109865,48.146662],[17.109905,48.146677]]]}},{"type":"Feature","properties":{"v":21.2,"p":7},"geometry":{"type":"Polygon","coordinates":[[[17.10997,48.147157],[17.109937,48.147181],[17.109839,48.147128],[17.10985,48.147118],[17.109868,48.147103],[17.10997,48.147157]]]}},{"type":"Feature","properties":{"v":5.2,"p":2},"geometry":{"type":"Polygon","coordinates":[[[17.110077,48.147038],[17.110021,48.147009],[17.109999,48.147029],[17.109974,48.147016],[17.109967,48.14702],[17.10995,48.147011],[17.109983,48.146981],[17.109843,48.146916],[17.10981,48.146936],[17.109799,48.146931],[17.109777,48.146946],[17.109683,48.146899],[17.109702,48.146875],[17.109728,48.146862],[17.109752,48.146842],[17.109767,48.146823],[17.109778,48.146803],[17.10978,48.146785],[17.109781,48.146765],[17.109939,48.146818],[17.109922,48.14684],[17.110109,48.146911],[17.110156,48.146868],[17.110237,48.146907],[17.110077,48.147038]]]}},{"type":"Feature","properties":{"v":18.1,"p":6},"geometry":{"type":"Polygon","coordinates":[[[17.111378,48.140409],[17.111347,48.140595],[17.111342,48.140625],[17.111337,48.140651],[17.111254,48.140642],[17.111298,48.140382],[17.111386,48.140386],[17.111378,48.140409]]]}},{"type":"Feature","properties":{"v":11.4,"p":4},"geometry":{"type":"Polygon","coordinates":[[[17.111151,48.141055],[17.111156,48.141057],[17.111029,48.141256],[17.111017,48.141254],[17.110952,48.141244],[17.11103,48.141124],[17.11108,48.141035],[17.111151,48.141055]]]}},{"type":"Feature","properties":{"v":12.3,"p":4},"geometry":{"type":"Polygon","coordinates":[[[17.111064,48.141466],[17.111048,48.141517],[17.110871,48.141494],[17.110888,48.14144],[17.111064,48.141466]]]}},{"type":"Feature","properties":{"v":12.4,"p":4},"geometry":{"type":"Polygon","coordinates":[[[17.11119,48.141181],[17.111182,48.141203],[17.111171,48.141236],[17.111156,48.141277],[17.11107,48.141264],[17.111104,48.141167],[17.11119,48.141181]]]}},{"type":"Feature","properties":{"v":24.5,"p":8},"geometry":{"type":"Polygon","coordinates":[[[17.110797,48.142276],[17.110297,48.142071],[17.110306,48.142062],[17.110353,48.14201],[17.110393,48.141967],[17.11041,48.141973],[17.110483,48.142004],[17.110498,48.141987],[17.110587,48.142023],[17.110569,48.142043],[17.110656,48.142079],[17.110847,48.141871],[17.110761,48.141836],[17.110747,48.141851],[17.110653,48.141812],[17.110665,48.141799],[17.110594,48.14177],[17.11058,48.141764],[17.110624,48.141716],[17.110672,48.141664],[17.111085,48.141833],[17.11117,48.141868],[17.110797,48.142276]]]}},{"type":"Feature","properties":{"v":17.7,"p":6},"geometry":{"type":"Polygon","coordinates":[[[17.111222,48.141343],[17.111193,48.141406],[17.11113,48.141423],[17.111094,48.141413],[17.111144,48.141313],[17.111222,48.141343]]]}},{"type":"Feature","properties":{"v":19.6,"p":7},"geometry":{"type":"Polygon","coordinates":[[[17.111222,48.141343],[17.111144,48.141313],[17.111156,48.141277],[17.111171,48.141236],[17.111201,48.141248],[17.111221,48.141218],[17.111182,48.141203],[17.11119,48.141181],[17.111202,48.141149],[17.111372,48.14121],[17.111364,48.141219],[17.111313,48.141279],[17.111286,48.141269],[17.111222,48.141343]]]}},{"type":"Feature","properties":{"v":17.5,"p":6},"geometry":{"type":"Polygon","coordinates":[[[17.111105,48.141812],[17.111064,48.141796],[17.111186,48.141669],[17.111291,48.141739],[17.111249,48.141785],[17.111166,48.14175],[17.111105,48.141812]]]}},{"type":"Feature","properties":{"v":12.4,"p":4},"geometry":{"type":"Polygon","coordinates":[[[17.110278,48.146314],[17.110327,48.146335],[17.110273,48.146391],[17.11022,48.146399],[17.110126,48.146359],[17.110207,48.146284],[17.110278,48.146314]]]}},{"type":"Feature","properties":{"v":4.5,"p":2},"geometry":{"type":"Polygon","coordinates":[[[17.110391,48.146199],[17.11033,48.146169],[17.110426,48.14608],[17.110576,48.146155],[17.110637,48.146184],[17.11063,48.146192],[17.110608,48.146182],[17.110589,48.146201],[17.110538,48.146179],[17.110497,48.146161],[17.11049,48.146168],[17.110441,48.146147],[17.110391,48.146199]]]}},{"type":"Feature","properties":{"v":6.1,"p":2},"geometry":{"type":"Polygon","coordinates":[[[17.110391,48.146199],[17.110351,48.146239],[17.110278,48.146314],[17.110207,48.146284],[17.11033,48.146169],[17.110391,48.146199]]]}},{"type":"Feature","properties":{"v":7.6,"p":3},"geometry":{"type":"Polygon","coordinates":[[[17.1104,48.14626],[17.110327,48.146335],[17.110278,48.146314],[17.110351,48.146239],[17.1104,48.14626]]]}},{"type":"Feature","properties":{"v":13.1,"p":4},"geometry":{"type":"Polygon","coordinates":[[[17.110643,48.146321],[17.11055,48.146416],[17.110503,48.146463],[17.110487,48.146479],[17.110446,48.146461],[17.1106,48.146303],[17.110643,48.146321]]]}},{"type":"Feature","properties":{"v":12.8,"p":4},"geometry":{"type":"Polygon","coordinates":[[[17.110221,48.146525],[17.110167,48.146501],[17.110135,48.146487],[17.110089,48.146471],[17.110095,48.146464],[17.110042,48.146437],[17.110053,48.146426],[17.110089,48.146393],[17.11018,48.146437],[17.11022,48.146399],[17.110273,48.146391],[17.110315,48.14641],[17.110297,48.146428],[17.110306,48.146431],[17.110221,48.146525]]]}},{"type":"Feature","properties":{"v":15.7,"p":5},"geometry":{"type":"Polygon","coordinates":[[[17.110716,48.146257],[17.110665,48.146307],[17.110649,48.146324],[17.110643,48.146321],[17.1106,48.146303],[17.110666,48.146234],[17.110716,48.146257]]]}},{"type":"Feature","properties":{"v":4.9,"p":2},"geometry":{"type":"Polygon","coordinates":[[[17.110415,48.146794],[17.110493,48.146828],[17.110436,48.146886],[17.11042,48.146903],[17.110315,48.146857],[17.110386,48.146782],[17.110415,48.146794]]]}},{"type":"Feature","properties":{"v":4,"p":1},"geometry":{"type":"Polygon","coordinates":[[[17.110363,48.147186],[17.11033,48.147215],[17.110275,48.147192],[17.110306,48.14716],[17.110363,48.147186]]]}},{"type":"Feature","properties":{"v":22.6,"p":8},"geometry":{"type":"Polygon","coordinates":[[[17.111403,48.141568],[17.111048,48.141517],[17.111064,48.141466],[17.111067,48.141455],[17.111117,48.141461],[17.11113,48.141423],[17.111193,48.141406],[17.111298,48.141421],[17.111329,48.141387],[17.111336,48.14139],[17.111496,48.14145],[17.111403,48.141568]]]}},{"type":"Feature","properties":{"v":20.8,"p":7},"geometry":{"type":"Polygon","coordinates":[[[17.111983,48.142633],[17.111886,48.14272],[17.111429,48.142531],[17.111529,48.142421],[17.111754,48.142514],[17.111631,48.142307],[17.11171,48.14222],[17.111726,48.142202],[17.111983,48.142633]]]}},{"type":"Feature","properties":{"v":20.2,"p":7},"geometry":{"type":"Polygon","coordinates":[[[17.111249,48.141785],[17.111554,48.141911],[17.111596,48.141984],[17.111462,48.142023],[17.111436,48.14198],[17.111215,48.141889],[17.11117,48.141868],[17.111085,48.141833],[17.111105,48.141812],[17.111166,48.14175],[17.111249,48.141785]]]}},{"type":"Feature","properties":{"v":16,"p":5},"geometry":{"type":"Polygon","coordinates":[[[17.111436,48.14198],[17.111462,48.142023],[17.111501,48.142089],[17.111292,48.142322],[17.111198,48.142284],[17.111379,48.142083],[17.111145,48.141987],[17.111132,48.141982],[17.111215,48.141889],[17.111436,48.14198]]]}},{"type":"Feature","properties":{"v":23.2,"p":8},"geometry":{"type":"Polygon","coordinates":[[[17.111644,48.141273],[17.111496,48.14145],[17.111336,48.14139],[17.111398,48.141316],[17.11131,48.141283],[17.111313,48.141279],[17.111364,48.141219],[17.111455,48.141253],[17.111484,48.141218],[17.111644,48.141273]]]}},{"type":"Feature","properties":{"v":16,"p":5},"geometry":{"type":"Polygon","coordinates":[[[17.107429,48.145117],[17.107409,48.145161],[17.107288,48.145137],[17.107305,48.145101],[17.107308,48.145092],[17.107429,48.145117]]]}},{"type":"Feature","properties":{"v":17.6,"p":6},"geometry":{"type":"Polygon","coordinates":[[[17.106718,48.145147],[17.106707,48.145167],[17.106552,48.14512],[17.10657,48.14509],[17.106603,48.1451],[17.106635,48.145052],[17.106649,48.145031],[17.106697,48.145034],[17.106764,48.145056],[17.106753,48.145078],[17.106718,48.145147]]]}},{"type":"Feature","properties":{"v":23.9,"p":8},"geometry":{"type":"Polygon","coordinates":[[[17.10614,48.144702],[17.106111,48.144759],[17.106103,48.144773],[17.106064,48.14485],[17.105831,48.144781],[17.105871,48.144684],[17.105877,48.144669],[17.10614,48.144702]]]}},{"type":"Feature","properties":{"v":28.7,"p":10},"geometry":{"type":"Polygon","coordinates":[[[17.109004,48.145263],[17.108868,48.145253],[17.108748,48.145244],[17.108434,48.145224],[17.10844,48.145213],[17.108419,48.145188],[17.108434,48.145144],[17.109016,48.145189],[17.109004,48.145263]]]}},{"type":"Feature","properties":{"v":30.8,"p":10},"geometry":{"type":"Polygon","coordinates":[[[17.108306,48.145189],[17.108315,48.145172],[17.108249,48.14516],[17.108263,48.145146],[17.108312,48.145097],[17.10838,48.145129],[17.108395,48.145126],[17.108406,48.145126],[17.108417,48.145128],[17.108425,48.145131],[17.10843,48.145134],[17.108432,48.145137],[17.108434,48.145144],[17.108419,48.145188],[17.108349,48.145174],[17.108306,48.145189]]]}},{"type":"Feature","properties":{"v":30,"p":10},"geometry":{"type":"Polygon","coordinates":[[[17.108419,48.145188],[17.10844,48.145213],[17.108434,48.145224],[17.108382,48.145326],[17.108365,48.145362],[17.108315,48.145379],[17.108259,48.145368],[17.108238,48.145334],[17.108241,48.145326],[17.108306,48.145189],[17.108349,48.145174],[17.108419,48.145188]]]}},{"type":"Feature","properties":{"v":28.8,"p":10},"geometry":{"type":"Polygon","coordinates":[[[17.109029,48.14519],[17.109048,48.145192],[17.109072,48.145197],[17.109096,48.145204],[17.109113,48.145214],[17.109126,48.145229],[17.109132,48.145239],[17.109032,48.145276],[17.109004,48.145263],[17.109016,48.145189],[17.109029,48.14519]]]}},{"type":"Feature","properties":{"v":18.6,"p":6},"geometry":{"type":"Polygon","coordinates":[[[17.106462,48.14539],[17.106416,48.145376],[17.106372,48.145363],[17.106399,48.145323],[17.106541,48.145116],[17.106552,48.14512],[17.106707,48.145167],[17.106586,48.145344],[17.106509,48.145321],[17.106462,48.14539]]]}},{"type":"Feature","properties":{"v":16.7,"p":6},"geometry":{"type":"Polygon","coordinates":[[[17.108106,48.145262],[17.108142,48.145286],[17.108151,48.14534],[17.108129,48.145355],[17.107907,48.145365],[17.107845,48.145333],[17.10787,48.145274],[17.107966,48.145243],[17.108106,48.145262]]]}},{"type":"Feature","properties":{"v":14.3,"p":5},"geometry":{"type":"Polygon","coordinates":[[[17.107432,48.145348],[17.107322,48.145323],[17.107351,48.145266],[17.107353,48.145261],[17.107396,48.145271],[17.107419,48.145224],[17.107486,48.145239],[17.107432,48.145348]]]}},{"type":"Feature","properties":{"v":16.4,"p":5},"geometry":{"type":"Polygon","coordinates":[[[17.106399,48.145323],[17.106372,48.145363],[17.106416,48.145376],[17.106385,48.145406],[17.106267,48.145352],[17.106306,48.145314],[17.10633,48.145291],[17.106399,48.145323]]]}},{"type":"Feature","properties":{"v":13.9,"p":5},"geometry":{"type":"Polygon","coordinates":[[[17.10749,48.145491],[17.107414,48.145499],[17.107277,48.145515],[17.107271,48.145493],[17.107267,48.145476],[17.10748,48.145452],[17.10749,48.145491]]]}},{"type":"Feature","properties":{"v":7.5,"p":2},"geometry":{"type":"Polygon","coordinates":[[[17.10703,48.145413],[17.106974,48.145507],[17.106884,48.145477],[17.10691,48.145429],[17.106932,48.145388],[17.10703,48.145413]]]}},{"type":"Feature","properties":{"v":16.8,"p":6},"geometry":{"type":"Polygon","coordinates":[[[17.1079,48.145416],[17.107895,48.145432],[17.107883,48.145447],[17.107866,48.145457],[17.107844,48.145466],[17.107814,48.145469],[17.107787,48.145467],[17.107764,48.14546],[17.107742,48.145449],[17.107727,48.145436],[17.107721,48.145419],[17.107721,48.145407],[17.107699,48.145404],[17.107707,48.145367],[17.107666,48.145362],[17.107652,48.145395],[17.107588,48.145382],[17.107648,48.145265],[17.107708,48.14527],[17.107779,48.145276],[17.1078,48.145239],[17.107908,48.145218],[17.10787,48.145274],[17.107845,48.145333],[17.107907,48.145365],[17.1079,48.145416]]]}},{"type":"Feature","properties":{"v":24.6,"p":8},"geometry":{"type":"Polygon","coordinates":[[[17.108176,48.145449],[17.1082,48.145516],[17.108159,48.145522],[17.108164,48.145537],[17.108026,48.145539],[17.10802,48.145409],[17.108159,48.145399],[17.108176,48.145449]]]}},{"type":"Feature","properties":{"v":18.3,"p":6},"geometry":{"type":"Polygon","coordinates":[[[17.10691,48.145429],[17.106884,48.145477],[17.106869,48.145504],[17.106855,48.145529],[17.106848,48.145542],[17.106795,48.145529],[17.106726,48.145512],[17.106751,48.145467],[17.106762,48.145447],[17.106788,48.145399],[17.10691,48.145429]]]}},{"type":"Feature","properties":{"v":19.8,"p":7},"geometry":{"type":"Polygon","coordinates":[[[17.108026,48.145539],[17.10803,48.145621],[17.107662,48.145627],[17.107669,48.145517],[17.107818,48.145515],[17.107818,48.14551],[17.107881,48.145508],[17.107881,48.145514],[17.107946,48.145512],[17.107941,48.145411],[17.10802,48.145409],[17.108026,48.145539]]]}},{"type":"Feature","properties":{"v":15.8,"p":5},"geometry":{"type":"Polygon","coordinates":[[[17.106187,48.146019],[17.106148,48.146078],[17.106098,48.146062],[17.106137,48.146004],[17.106187,48.146019]]]}},{"type":"Feature","properties":{"v":19.5,"p":6},"geometry":{"type":"Polygon","coordinates":[[[17.105688,48.145797],[17.105576,48.145956],[17.105648,48.145978],[17.105618,48.14602],[17.105502,48.145976],[17.105461,48.14596],[17.105595,48.145776],[17.105601,48.145767],[17.105688,48.145797]]]}},{"type":"Feature","properties":{"v":21,"p":7},"geometry":{"type":"Polygon","coordinates":[[[17.106168,48.145957],[17.106137,48.146004],[17.106098,48.146062],[17.106066,48.14611],[17.105912,48.146062],[17.106017,48.145907],[17.106168,48.145957]]]}},{"type":"Feature","properties":{"v":22.3,"p":7},"geometry":{"type":"Polygon","coordinates":[[[17.108332,48.145428],[17.108323,48.145429],[17.108176,48.145449],[17.108159,48.145399],[17.108196,48.145394],[17.108315,48.145379],[17.108332,48.145428]]]}},{"type":"Feature","properties":{"v":23.7,"p":8},"geometry":{"type":"Polygon","coordinates":[[[17.108438,48.14534],[17.108412,48.145385],[17.108418,48.145416],[17.108332,48.145428],[17.108315,48.145379],[17.108365,48.145362],[17.108382,48.145326],[17.108438,48.14534]]]}},{"type":"Feature","properties":{"v":24.7,"p":8},"geometry":{"type":"Polygon","coordinates":[[[17.108315,48.145379],[17.108196,48.145394],[17.108189,48.145367],[17.10816,48.145371],[17.108151,48.14534],[17.108241,48.145326],[17.108238,48.145334],[17.108259,48.145368],[17.108315,48.145379]]]}},{"type":"Feature","properties":{"v":6.5,"p":2},"geometry":{"type":"Polygon","coordinates":[[[17.105369,48.146061],[17.105242,48.146249],[17.10513,48.146216],[17.105182,48.146137],[17.105438,48.145763],[17.105425,48.145759],[17.105443,48.145731],[17.105581,48.145771],[17.105595,48.145776],[17.105461,48.14596],[17.105448,48.145979],[17.105428,48.145974],[17.105369,48.146061]]]}},{"type":"Feature","properties":{"v":23.9,"p":8},"geometry":{"type":"Polygon","coordinates":[[[17.108188,48.145618],[17.10803,48.145621],[17.108026,48.145539],[17.108164,48.145537],[17.108188,48.145618]]]}},{"type":"Feature","properties":{"v":23.7,"p":8},"geometry":{"type":"Polygon","coordinates":[[[17.108395,48.14559],[17.108188,48.145618],[17.108164,48.145537],[17.108159,48.145522],[17.1082,48.145516],[17.108365,48.145495],[17.108395,48.14559]]]}},{"type":"Feature","properties":{"v":18.8,"p":6},"geometry":{"type":"Polygon","coordinates":[[[17.108371,48.145494],[17.108368,48.145477],[17.10834,48.145481],[17.108323,48.145429],[17.108332,48.145428],[17.108418,48.145416],[17.108412,48.145385],[17.108438,48.14534],[17.108453,48.145343],[17.108469,48.14535],[17.108487,48.145363],[17.108502,48.14538],[17.108534,48.145471],[17.108371,48.145494]]]}},{"type":"Feature","properties":{"v":26.9,"p":9},"geometry":{"type":"Polygon","coordinates":[[[17.109196,48.145441],[17.109138,48.145449],[17.109068,48.145398],[17.109032,48.145276],[17.109132,48.145239],[17.109196,48.145441]]]}},{"type":"Feature","properties":{"v":25.5,"p":8},"geometry":{"type":"Polygon","coordinates":[[[17.109138,48.145449],[17.109149,48.145485],[17.108395,48.14559],[17.108365,48.145495],[17.108371,48.145494],[17.108534,48.145471],[17.108728,48.145444],[17.108705,48.145368],[17.108778,48.145358],[17.108748,48.145244],[17.108868,48.145253],[17.108922,48.145418],[17.109068,48.145398],[17.109138,48.145449]]]}},{"type":"Feature","properties":{"v":10,"p":3},"geometry":{"type":"Polygon","coordinates":[[[17.107529,48.14683],[17.107545,48.146867],[17.107562,48.146912],[17.107571,48.146954],[17.107578,48.146998],[17.10758,48.147039],[17.107576,48.147075],[17.107529,48.14708],[17.107459,48.146784],[17.10747,48.146783],[17.107475,48.146806],[17.107514,48.146799],[17.107529,48.14683]]]}},{"type":"Feature","properties":{"v":22.3,"p":7},"geometry":{"type":"Polygon","coordinates":[[[17.109735,48.142718],[17.10962,48.142845],[17.10953,48.142814],[17.109647,48.142684],[17.109735,48.142718]]]}},{"type":"Feature","properties":{"v":21.5,"p":7},"geometry":{"type":"Polygon","coordinates":[[[17.109837,48.142726],[17.109817,48.142749],[17.109735,48.142718],[17.109647,48.142684],[17.109668,48.142661],[17.109837,48.142726]]]}},{"type":"Feature","properties":{"v":4.2,"p":1},"geometry":{"type":"Polygon","coordinates":[[[17.109686,48.14264],[17.109668,48.142661],[17.109647,48.142684],[17.10953,48.142814],[17.10949,48.142858],[17.109484,48.142866],[17.109311,48.142807],[17.109391,48.142703],[17.109495,48.142568],[17.109686,48.14264]]]}},{"type":"Feature","properties":{"v":21.5,"p":7},"geometry":{"type":"Polygon","coordinates":[[[17.109904,48.142751],[17.10978,48.142901],[17.10971,48.142876],[17.109817,48.142749],[17.109837,48.142726],[17.109904,48.142751]]]}},{"type":"Feature","properties":{"v":20.4,"p":7},"geometry":{"type":"Polygon","coordinates":[[[17.109817,48.142749],[17.10971,48.142876],[17.10962,48.142845],[17.109735,48.142718],[17.109817,48.142749]]]}},{"type":"Feature","properties":{"v":15.9,"p":5},"geometry":{"type":"Polygon","coordinates":[[[17.109599,48.143693],[17.109568,48.143741],[17.109502,48.143723],[17.109537,48.143674],[17.109599,48.143693]]]}},{"type":"Feature","properties":{"v":16.7,"p":6},"geometry":{"type":"Polygon","coordinates":[[[17.109645,48.143622],[17.109618,48.143665],[17.109469,48.143618],[17.109391,48.143595],[17.109367,48.14363],[17.10933,48.14362],[17.10937,48.143557],[17.109385,48.143537],[17.109362,48.143524],[17.1094,48.143506],[17.109429,48.143498],[17.109627,48.143561],[17.109645,48.143622]]]}},{"type":"Feature","properties":{"v":16.5,"p":6},"geometry":{"type":"Polygon","coordinates":[[[17.109766,48.143453],[17.109749,48.143478],[17.109645,48.143622],[17.109627,48.143561],[17.109744,48.143374],[17.109819,48.143362],[17.109766,48.143453]]]}},{"type":"Feature","properties":{"v":21.1,"p":7},"geometry":{"type":"Polygon","coordinates":[[[17.10962,48.142845],[17.10971,48.142876],[17.10978,48.142901],[17.109727,48.142939],[17.109721,48.142936],[17.10949,48.142858],[17.10953,48.142814],[17.10962,48.142845]]]}},{"type":"Feature","properties":{"v":18.3,"p":6},"geometry":{"type":"Polygon","coordinates":[[[17.110516,48.141147],[17.110468,48.141288],[17.110443,48.141284],[17.11038,48.141274],[17.110391,48.141254],[17.110431,48.14118],[17.110453,48.141139],[17.110516,48.141147]]]}},{"type":"Feature","properties":{"v":13.3,"p":4},"geometry":{"type":"Polygon","coordinates":[[[17.110252,48.141277],[17.110159,48.141263],[17.110168,48.141237],[17.110199,48.141145],[17.110286,48.141158],[17.110431,48.14118],[17.110391,48.141254],[17.110314,48.141243],[17.110323,48.141217],[17.110275,48.141209],[17.110252,48.141277]]]}},{"type":"Feature","properties":{"v":10.9,"p":4},"geometry":{"type":"Polygon","coordinates":[[[17.110285,48.141919],[17.110246,48.141962],[17.11019,48.141939],[17.110228,48.141896],[17.110285,48.141919]]]}},{"type":"Feature","properties":{"v":13.9,"p":5},"geometry":{"type":"Polygon","coordinates":[[[17.110268,48.141976],[17.110353,48.14201],[17.110306,48.142062],[17.110196,48.142017],[17.110242,48.141966],[17.110268,48.141976]]]}},{"type":"Feature","properties":{"v":21.8,"p":7},"geometry":{"type":"Polygon","coordinates":[[[17.110832,48.140323],[17.110828,48.140345],[17.110845,48.140519],[17.110708,48.140485],[17.110768,48.140317],[17.110832,48.140323]]]}},{"type":"Feature","properties":{"v":19.8,"p":7},"geometry":{"type":"Polygon","coordinates":[[[17.110768,48.140317],[17.110708,48.140485],[17.110432,48.140411],[17.11048,48.140296],[17.110768,48.140317]]]}},{"type":"Feature","properties":{"v":32.6,"p":11},"geometry":{"type":"Polygon","coordinates":[[[17.109859,48.145241],[17.109864,48.145259],[17.109786,48.145269],[17.109763,48.145189],[17.109839,48.145179],[17.109859,48.145241]]]}},{"type":"Feature","properties":{"v":12.4,"p":4},"geometry":{"type":"Polygon","coordinates":[[[17.109786,48.145269],[17.109501,48.145308],[17.109477,48.145229],[17.109666,48.145202],[17.109763,48.145189],[17.109786,48.145269]]]}},{"type":"Feature","properties":{"v":17.1,"p":6},"geometry":{"type":"Polygon","coordinates":[[[17.110405,48.143625],[17.110248,48.143599],[17.11025,48.143593],[17.110147,48.143576],[17.110169,48.143515],[17.110225,48.143522],[17.110338,48.143544],[17.110371,48.143541],[17.110383,48.143531],[17.110433,48.143553],[17.110415,48.143566],[17.110461,48.143582],[17.110452,48.143619],[17.110415,48.143615],[17.110405,48.143625]]]}},{"type":"Feature","properties":{"v":12.5,"p":4},"geometry":{"type":"Polygon","coordinates":[[[17.110626,48.143777],[17.110653,48.143791],[17.110577,48.143845],[17.110611,48.143863],[17.110584,48.143896],[17.110579,48.143902],[17.110554,48.143886],[17.110504,48.143855],[17.110462,48.143834],[17.110565,48.143745],[17.110626,48.143777]]]}},{"type":"Feature","properties":{"v":11.3,"p":4},"geometry":{"type":"Polygon","coordinates":[[[17.110554,48.143886],[17.110488,48.143941],[17.110385,48.143954],[17.110504,48.143855],[17.110554,48.143886]]]}},{"type":"Feature","properties":{"v":23.4,"p":8},"geometry":{"type":"Polygon","coordinates":[[[17.110432,48.144231],[17.110407,48.14425],[17.110495,48.144301],[17.110586,48.144354],[17.110498,48.144421],[17.110284,48.144297],[17.110396,48.14421],[17.110432,48.144231]]]}},{"type":"Feature","properties":{"v":9.1,"p":3},"geometry":{"type":"Polygon","coordinates":[[[17.110572,48.144188],[17.110507,48.144208],[17.110386,48.144171],[17.1104,48.14416],[17.110308,48.144107],[17.110323,48.144096],[17.110455,48.144171],[17.11049,48.144135],[17.110521,48.144133],[17.110597,48.144152],[17.110572,48.144188]]]}},{"type":"Feature","properties":{"v":24.3,"p":8},"geometry":{"type":"Polygon","coordinates":[[[17.110213,48.144032],[17.110282,48.144072],[17.110323,48.144096],[17.110308,48.144107],[17.1104,48.14416],[17.110386,48.144171],[17.110366,48.144186],[17.110401,48.144206],[17.110396,48.14421],[17.110284,48.144297],[17.110039,48.144155],[17.110204,48.144027],[17.110213,48.144032]]]}},{"type":"Feature","properties":{"v":9.1,"p":3},"geometry":{"type":"Polygon","coordinates":[[[17.11091,48.143174],[17.110768,48.143309],[17.11071,48.143285],[17.110613,48.143244],[17.110744,48.143105],[17.11091,48.143174]]]}},{"type":"Feature","properties":{"v":9.8,"p":3},"geometry":{"type":"Polygon","coordinates":[[[17.110738,48.144192],[17.11071,48.144186],[17.110597,48.144152],[17.110521,48.144133],[17.11049,48.144135],[17.110455,48.144171],[17.110463,48.144107],[17.110507,48.144064],[17.110567,48.144037],[17.110584,48.144065],[17.110565,48.144094],[17.110695,48.14413],[17.110725,48.144099],[17.110802,48.144127],[17.110738,48.144192]]]}},{"type":"Feature","properties":{"v":15,"p":5},"geometry":{"type":"Polygon","coordinates":[[[17.11074,48.143865],[17.110725,48.143861],[17.110637,48.143832],[17.110665,48.143796],[17.110653,48.143791],[17.110626,48.143777],[17.110665,48.143747],[17.110806,48.143798],[17.110782,48.143825],[17.110775,48.143823],[17.11074,48.143865]]]}},{"type":"Feature","properties":{"v":19.6,"p":7},"geometry":{"type":"Polygon","coordinates":[[[17.110828,48.143878],[17.110717,48.14401],[17.110629,48.143977],[17.11067,48.143927],[17.110725,48.143861],[17.11074,48.143865],[17.110775,48.143823],[17.110782,48.143825],[17.110828,48.143878]]]}},{"type":"Feature","properties":{"v":25.3,"p":8},"geometry":{"type":"Polygon","coordinates":[[[17.110703,48.144877],[17.11071,48.144882],[17.110588,48.144937],[17.110619,48.144978],[17.110652,48.145024],[17.110668,48.145054],[17.110674,48.145062],[17.110348,48.145132],[17.110314,48.145068],[17.110307,48.145052],[17.110697,48.144872],[17.110703,48.144877]]]}},{"type":"Feature","properties":{"v":8.1,"p":3},"geometry":{"type":"Polygon","coordinates":[[[17.111099,48.143232],[17.111092,48.143239],[17.11104,48.143307],[17.111002,48.143356],[17.110967,48.143341],[17.110894,48.143303],[17.111006,48.143214],[17.111023,48.143196],[17.111099,48.143232]]]}},{"type":"Feature","properties":{"v":6.3,"p":2},"geometry":{"type":"Polygon","coordinates":[[[17.111006,48.143214],[17.110894,48.143303],[17.110839,48.14335],[17.110761,48.143316],[17.110768,48.143309],[17.11091,48.143174],[17.111006,48.143214]]]}},{"type":"Feature","properties":{"v":14.5,"p":5},"geometry":{"type":"Polygon","coordinates":[[[17.111021,48.144053],[17.110963,48.14412],[17.110908,48.144102],[17.110891,48.144097],[17.11095,48.144026],[17.111021,48.144053]]]}},{"type":"Feature","properties":{"v":20,"p":7},"geometry":{"type":"Polygon","coordinates":[[[17.11104,48.14392],[17.111007,48.143959],[17.11095,48.144026],[17.110891,48.144097],[17.110842,48.144079],[17.110856,48.144062],[17.110832,48.144053],[17.110943,48.143922],[17.111031,48.143916],[17.11104,48.14392]]]}},{"type":"Feature","properties":{"v":23.3,"p":8},"geometry":{"type":"Polygon","coordinates":[[[17.110738,48.144192],[17.110824,48.144215],[17.110779,48.144285],[17.110691,48.144259],[17.110665,48.144252],[17.11071,48.144186],[17.110738,48.144192]]]}},{"type":"Feature","properties":{"v":26.2,"p":9},"geometry":{"type":"Polygon","coordinates":[[[17.11076,48.144566],[17.110498,48.144421],[17.110586,48.144354],[17.110613,48.144329],[17.110645,48.144323],[17.110712,48.144354],[17.110717,48.144384],[17.110779,48.144285],[17.110824,48.144215],[17.110975,48.144265],[17.11076,48.144566]]]}},{"type":"Feature","properties":{"v":19.3,"p":6},"geometry":{"type":"Polygon","coordinates":[[[17.110751,48.144903],[17.110793,48.144947],[17.110824,48.144986],[17.110848,48.145022],[17.110877,48.145074],[17.110856,48.145078],[17.110831,48.145031],[17.110804,48.144992],[17.110773,48.144948],[17.11071,48.144882],[17.110703,48.144877],[17.110719,48.144869],[17.110751,48.144903]]]}},{"type":"Feature","properties":{"v":21,"p":7},"geometry":{"type":"Polygon","coordinates":[[[17.111714,48.140323],[17.111704,48.140354],[17.11143,48.140311],[17.111437,48.14028],[17.111714,48.140323]]]}},{"type":"Feature","properties":{"v":23.9,"p":8},"geometry":{"type":"Polygon","coordinates":[[[17.111704,48.140354],[17.111697,48.140378],[17.111423,48.140338],[17.11143,48.140311],[17.111704,48.140354]]]}},{"type":"Feature","properties":{"v":5,"p":2},"geometry":{"type":"Polygon","coordinates":[[[17.111379,48.142083],[17.111198,48.142284],[17.110968,48.142189],[17.111145,48.141987],[17.111379,48.142083]]]}},{"type":"Feature","properties":{"v":21.9,"p":7},"geometry":{"type":"Polygon","coordinates":[[[17.11171,48.14222],[17.111631,48.142307],[17.111529,48.142421],[17.111389,48.142363],[17.111569,48.142162],[17.11171,48.14222]]]}},{"type":"Feature","properties":{"v":23.2,"p":8},"geometry":{"type":"Polygon","coordinates":[[[17.111536,48.142148],[17.111569,48.142162],[17.111389,48.142363],[17.111292,48.142322],[17.111501,48.142089],[17.111536,48.142148]]]}},{"type":"Feature","properties":{"v":22,"p":7},"geometry":{"type":"Polygon","coordinates":[[[17.110968,48.142189],[17.111198,48.142284],[17.111292,48.142322],[17.111389,48.142363],[17.111529,48.142421],[17.111429,48.142531],[17.11085,48.142293],[17.11095,48.142183],[17.110968,48.142189]]]}},{"type":"Feature","properties":{"v":7.6,"p":3},"geometry":{"type":"Polygon","coordinates":[[[17.111345,48.143344],[17.111183,48.143455],[17.111124,48.143418],[17.111254,48.143315],[17.111262,48.143306],[17.111345,48.143344]]]}},{"type":"Feature","properties":{"v":26.1,"p":9},"geometry":{"type":"Polygon","coordinates":[[[17.111347,48.143587],[17.111255,48.143678],[17.111062,48.143604],[17.111153,48.143509],[17.111347,48.143587]]]}},{"type":"Feature","properties":{"v":29.1,"p":10},"geometry":{"type":"Polygon","coordinates":[[[17.111599,48.142927],[17.111543,48.142975],[17.111515,48.142962],[17.111569,48.142914],[17.111599,48.142927]]]}},{"type":"Feature","properties":{"v":29.1,"p":10},"geometry":{"type":"Polygon","coordinates":[[[17.111433,48.142925],[17.111515,48.142962],[17.111543,48.142975],[17.111536,48.142984],[17.111495,48.143029],[17.111273,48.142933],[17.111415,48.142786],[17.11165,48.142889],[17.111608,48.142931],[17.111599,48.142927],[17.111569,48.142914],[17.111455,48.142865],[17.111439,48.14288],[17.111481,48.142899],[17.111463,48.142917],[17.111447,48.14291],[17.111433,48.142925]]]}},{"type":"Feature","properties":{"v":25.1,"p":8},"geometry":{"type":"Polygon","coordinates":[[[17.111621,48.143083],[17.111495,48.143029],[17.111536,48.142984],[17.111609,48.143015],[17.111665,48.142956],[17.11172,48.142979],[17.111621,48.143083]]]}},{"type":"Feature","properties":{"v":21.3,"p":7},"geometry":{"type":"Polygon","coordinates":[[[17.111599,48.143136],[17.111452,48.143073],[17.111495,48.143029],[17.111621,48.143083],[17.11172,48.142979],[17.11174,48.142988],[17.111599,48.143136]]]}},{"type":"Feature","properties":{"v":21.5,"p":7},"geometry":{"type":"Polygon","coordinates":[[[17.111464,48.143229],[17.111439,48.143252],[17.11111,48.143102],[17.111133,48.143077],[17.111464,48.143229]]]}},{"type":"Feature","properties":{"v":3.7,"p":1},"geometry":{"type":"Polygon","coordinates":[[[17.111239,48.1435],[17.11136,48.143575],[17.111347,48.143587],[17.111153,48.143509],[17.11116,48.143501],[17.111131,48.143488],[17.111183,48.143455],[17.111345,48.143344],[17.111359,48.143331],[17.11158,48.143428],[17.111566,48.143443],[17.111445,48.143526],[17.111321,48.143456],[17.111239,48.1435]]]}},{"type":"Feature","properties":{"v":5.1,"p":2},"geometry":{"type":"Polygon","coordinates":[[[17.111383,48.143586],[17.11136,48.143575],[17.111239,48.1435],[17.111321,48.143456],[17.111445,48.143526],[17.111456,48.143532],[17.1114,48.143576],[17.111393,48.143574],[17.111383,48.143586]]]}},{"type":"Feature","properties":{"v":21.4,"p":7},"geometry":{"type":"Polygon","coordinates":[[[17.111682,48.143327],[17.111659,48.143349],[17.111439,48.143252],[17.111464,48.143229],[17.111682,48.143327]]]}},{"type":"Feature","properties":{"v":8.1,"p":3},"geometry":{"type":"Polygon","coordinates":[[[17.111876,48.143047],[17.111734,48.143194],[17.111599,48.143136],[17.11174,48.142988],[17.111876,48.143047]]]}},{"type":"Feature","properties":{"v":27.8,"p":9},"geometry":{"type":"Polygon","coordinates":[[[17.112005,48.143472],[17.111889,48.143588],[17.111796,48.143546],[17.111714,48.143509],[17.111634,48.143473],[17.111588,48.143453],[17.111566,48.143443],[17.11158,48.143428],[17.111659,48.143349],[17.111682,48.143327],[17.112005,48.143472]]]}},{"type":"Feature","properties":{"v":3.1,"p":1},"geometry":{"type":"Polygon","coordinates":[[[17.111796,48.143546],[17.111715,48.143679],[17.111625,48.143654],[17.111714,48.143509],[17.111796,48.143546]]]}},{"type":"Feature","properties":{"v":24.2,"p":8},"geometry":{"type":"Polygon","coordinates":[[[17.112103,48.143049],[17.112034,48.143119],[17.111963,48.143087],[17.111908,48.143062],[17.111876,48.143047],[17.11174,48.142988],[17.11172,48.142979],[17.111665,48.142956],[17.111608,48.142931],[17.11165,48.142889],[17.111676,48.14286],[17.112103,48.143049]]]}},{"type":"Feature","properties":{"v":16.8,"p":6},"geometry":{"type":"Polygon","coordinates":[[[17.106586,48.145344],[17.106618,48.145354],[17.106601,48.145411],[17.106629,48.145444],[17.106674,48.14546],[17.106751,48.145467],[17.106726,48.145512],[17.106795,48.145529],[17.106718,48.145546],[17.106642,48.145546],[17.106549,48.145519],[17.10649,48.145477],[17.106458,48.145426],[17.106462,48.14539],[17.106509,48.145321],[17.106586,48.145344]]]}},{"type":"Feature","properties":{"v":15.8,"p":5},"geometry":{"type":"Polygon","coordinates":[[[17.107222,48.146499],[17.107205,48.146532],[17.107186,48.146585],[17.107182,48.146637],[17.107189,48.146697],[17.107172,48.146699],[17.107168,48.146647],[17.107169,48.146603],[17.107178,48.146565],[17.10719,48.146532],[17.107214,48.14649],[17.107222,48.146499]]]}},{"type":"Feature","properties":{"v":22.6,"p":8},"geometry":{"type":"Polygon","coordinates":[[[17.10718,48.146719],[17.107186,48.146742],[17.107173,48.146743],[17.107163,48.1467],[17.107172,48.146699],[17.107189,48.146697],[17.107331,48.146681],[17.107399,48.146674],[17.107409,48.146723],[17.107367,48.146728],[17.107361,48.1467],[17.10718,48.146719]]]}},{"type":"Feature","properties":{"v":10.9,"p":4},"geometry":{"type":"Polygon","coordinates":[[[17.107518,48.146564],[17.107476,48.146578],[17.107412,48.146491],[17.107454,48.14648],[17.107518,48.146564]]]}},{"type":"Feature","properties":{"v":11.8,"p":4},"geometry":{"type":"Polygon","coordinates":[[[17.10763,48.146645],[17.107675,48.146696],[17.107623,48.146704],[17.107607,48.146683],[17.107556,48.146626],[17.107607,48.146607],[17.10763,48.146645]]]}},{"type":"Feature","properties":{"v":11.7,"p":4},"geometry":{"type":"Polygon","coordinates":[[[17.108517,48.146069],[17.108458,48.146147],[17.108538,48.146175],[17.108497,48.146229],[17.108479,48.14625],[17.108396,48.146194],[17.108436,48.146168],[17.1084,48.146143],[17.108403,48.146113],[17.108454,48.146048],[17.108517,48.146069]]]}},{"type":"Feature","properties":{"v":22.1,"p":7},"geometry":{"type":"Polygon","coordinates":[[[17.108663,48.146506],[17.108637,48.146525],[17.108519,48.146453],[17.108524,48.14645],[17.108546,48.146433],[17.108663,48.146506]]]}},{"type":"Feature","properties":{"v":5.9,"p":2},"geometry":{"type":"Polygon","coordinates":[[[17.107529,48.14708],[17.107426,48.147091],[17.107422,48.147071],[17.10736,48.146795],[17.107459,48.146784],[17.107529,48.14708]]]}},{"type":"Feature","properties":{"v":26.9,"p":9},"geometry":{"type":"Polygon","coordinates":[[[17.107496,48.146781],[17.10747,48.146783],[17.107459,48.146784],[17.10736,48.146795],[17.107382,48.146902],[17.107247,48.146916],[17.107308,48.147176],[17.107291,48.147177],[17.107186,48.146742],[17.10718,48.146719],[17.107361,48.1467],[17.107367,48.146728],[17.107409,48.146723],[17.107399,48.146674],[17.107447,48.146669],[17.107472,48.146667],[17.107496,48.146781]]]}},{"type":"Feature","properties":{"v":8.3,"p":3},"geometry":{"type":"Polygon","coordinates":[[[17.108323,48.147077],[17.108242,48.147126],[17.108161,48.147189],[17.108129,48.147171],[17.108276,48.147056],[17.108323,48.147077]]]}},{"type":"Feature","properties":{"v":21.4,"p":7},"geometry":{"type":"Polygon","coordinates":[[[17.107461,48.147238],[17.107446,48.147173],[17.107516,48.147166],[17.107527,48.147211],[17.1076,48.147203],[17.107461,48.147238]]]}},{"type":"Feature","properties":{"v":6.1,"p":2},"geometry":{"type":"Polygon","coordinates":[[[17.109312,48.146578],[17.109288,48.146607],[17.109211,48.146565],[17.109225,48.146542],[17.109312,48.146578]]]}},{"type":"Feature","properties":{"v":9.2,"p":3},"geometry":{"type":"Polygon","coordinates":[[[17.109319,48.146445],[17.109291,48.146472],[17.109281,48.146493],[17.109276,48.146519],[17.109279,48.146542],[17.109296,48.146566],[17.109312,48.146578],[17.109225,48.146542],[17.109263,48.146485],[17.109307,48.146442],[17.109319,48.146445]]]}},{"type":"Feature","properties":{"v":16.2,"p":5},"geometry":{"type":"Polygon","coordinates":[[[17.10959,48.146166],[17.109547,48.146213],[17.109451,48.146175],[17.109493,48.146127],[17.10959,48.146166]]]}},{"type":"Feature","properties":{"v":16.1,"p":5},"geometry":{"type":"Polygon","coordinates":[[[17.109465,48.146433],[17.109409,48.146406],[17.109516,48.146306],[17.109583,48.146337],[17.109511,48.146406],[17.109498,48.146401],[17.109465,48.146433]]]}},{"type":"Feature","properties":{"v":16.5,"p":6},"geometry":{"type":"Polygon","coordinates":[[[17.110912,48.141361],[17.110894,48.141422],[17.110723,48.141399],[17.110742,48.141338],[17.110912,48.141361]]]}},{"type":"Feature","properties":{"v":10.2,"p":3},"geometry":{"type":"Polygon","coordinates":[[[17.110463,48.144107],[17.110455,48.144171],[17.110323,48.144096],[17.110282,48.144072],[17.110364,48.144052],[17.110463,48.144107]]]}},{"type":"Feature","properties":{"v":17,"p":6},"geometry":{"type":"Polygon","coordinates":[[[17.110167,48.146501],[17.110143,48.146524],[17.11013,48.146537],[17.1101,48.146526],[17.110135,48.146487],[17.110167,48.146501]]]}},{"type":"Feature","properties":{"v":4,"p":1},"geometry":{"type":"Polygon","coordinates":[[[17.11022,48.146399],[17.11018,48.146437],[17.110089,48.146393],[17.110126,48.146359],[17.11022,48.146399]]]}},{"type":"Feature","properties":{"v":15.1,"p":5},"geometry":{"type":"Polygon","coordinates":[[[17.11021,48.146818],[17.110198,48.14683],[17.109992,48.146753],[17.110001,48.146742],[17.110005,48.146737],[17.11021,48.146818]]]}},{"type":"Feature","properties":{"v":12.4,"p":4},"geometry":{"type":"Polygon","coordinates":[[[17.111094,48.141413],[17.111067,48.141455],[17.111064,48.141466],[17.110888,48.14144],[17.110894,48.141422],[17.110952,48.141244],[17.111017,48.141254],[17.11097,48.141396],[17.111011,48.141402],[17.111045,48.141299],[17.111056,48.141301],[17.111144,48.141313],[17.111094,48.141413]]]}},{"type":"Feature","properties":{"v":19.6,"p":7},"geometry":{"type":"Polygon","coordinates":[[[17.111386,48.140386],[17.111298,48.140382],[17.110939,48.140353],[17.110828,48.140345],[17.110832,48.140323],[17.110855,48.140194],[17.111445,48.140243],[17.111437,48.14028],[17.11143,48.140311],[17.111423,48.140338],[17.111406,48.140336],[17.111386,48.140386]]]}},{"type":"Feature","properties":{"v":30,"p":10},"geometry":{"type":"Polygon","coordinates":[[[17.110768,48.143309],[17.110761,48.143316],[17.110839,48.14335],[17.110779,48.1434],[17.110651,48.143348],[17.11071,48.143285],[17.110768,48.143309]]]}},{"type":"Feature","properties":{"v":19.4,"p":6},"geometry":{"type":"Polygon","coordinates":[[[17.110307,48.145052],[17.11029,48.145016],[17.110556,48.144891],[17.110546,48.144881],[17.110669,48.144824],[17.110719,48.144869],[17.110703,48.144877],[17.110697,48.144872],[17.110307,48.145052]]]}},{"type":"Feature","properties":{"v":15.3,"p":5},"geometry":{"type":"Polygon","coordinates":[[[17.110214,48.146554],[17.110341,48.146605],[17.11038,48.146622],[17.110368,48.146634],[17.110206,48.146563],[17.110177,48.146551],[17.110184,48.146541],[17.110214,48.146554]]]}},{"type":"Feature","properties":{"v":4.7,"p":2},"geometry":{"type":"Polygon","coordinates":[[[17.110404,48.146589],[17.11038,48.146622],[17.110341,48.146605],[17.110214,48.146554],[17.110239,48.146525],[17.110404,48.146589]]]}},{"type":"Feature","properties":{"v":10.3,"p":3},"geometry":{"type":"Polygon","coordinates":[[[17.110714,48.14603],[17.110671,48.146069],[17.110507,48.145988],[17.11056,48.145952],[17.110714,48.14603]]]}},{"type":"Feature","properties":{"v":6.7,"p":2},"geometry":{"type":"Polygon","coordinates":[[[17.111652,48.140646],[17.111342,48.140625],[17.111347,48.140595],[17.111461,48.140604],[17.111491,48.140425],[17.111674,48.140449],[17.111681,48.14043],[17.111696,48.140432],[17.111652,48.140646]]]}},{"type":"Feature","properties":{"v":17.9,"p":6},"geometry":{"type":"Polygon","coordinates":[[[17.111772,48.141426],[17.111551,48.1417],[17.111674,48.141777],[17.111661,48.141787],[17.111512,48.141701],[17.111751,48.141417],[17.111772,48.141426]]]}},{"type":"Feature","properties":{"v":20.1,"p":7},"geometry":{"type":"Polygon","coordinates":[[[17.111726,48.142202],[17.11171,48.14222],[17.111569,48.142162],[17.111536,48.142148],[17.111501,48.142089],[17.111462,48.142023],[17.111596,48.141984],[17.111726,48.142202]]]}},{"type":"Feature","properties":{"v":10.7,"p":4},"geometry":{"type":"Polygon","coordinates":[[[17.105653,48.145659],[17.105637,48.145685],[17.105499,48.145644],[17.105516,48.145619],[17.105653,48.145659]]]}},{"type":"Feature","properties":{"v":2.6,"p":1},"geometry":{"type":"Polygon","coordinates":[[[17.104368,48.145742],[17.104378,48.145761],[17.104257,48.145788],[17.104247,48.145766],[17.104231,48.145735],[17.104351,48.145708],[17.104368,48.145742]]]}},{"type":"Feature","properties":{"v":17.2,"p":6},"geometry":{"type":"Polygon","coordinates":[[[17.105637,48.145685],[17.105615,48.145719],[17.105476,48.145678],[17.105499,48.145644],[17.105637,48.145685]]]}},{"type":"Feature","properties":{"v":4.2,"p":1},"geometry":{"type":"Polygon","coordinates":[[[17.104766,48.145743],[17.104629,48.145951],[17.104595,48.145941],[17.104732,48.145732],[17.104766,48.145743]]]}},{"type":"Feature","properties":{"v":16.9,"p":6},"geometry":{"type":"Polygon","coordinates":[[[17.104947,48.145749],[17.104987,48.145761],[17.104974,48.145779],[17.104812,48.146017],[17.104836,48.146025],[17.104817,48.146053],[17.104757,48.146035],[17.104738,48.14603],[17.104927,48.145743],[17.104947,48.145749]]]}},{"type":"Feature","properties":{"v":3.4,"p":1},"geometry":{"type":"Polygon","coordinates":[[[17.105175,48.14584],[17.10501,48.146086],[17.104927,48.146062],[17.104933,48.146053],[17.104836,48.146025],[17.104812,48.146017],[17.104974,48.145779],[17.105175,48.14584]]]}},{"type":"Feature","properties":{"v":22.2,"p":7},"geometry":{"type":"Polygon","coordinates":[[[17.105182,48.146137],[17.105171,48.146133],[17.105049,48.146098],[17.105254,48.145789],[17.105222,48.14578],[17.10523,48.145769],[17.105387,48.145816],[17.105425,48.145759],[17.105438,48.145763],[17.105182,48.146137]]]}},{"type":"Feature","properties":{"v":17.4,"p":6},"geometry":{"type":"Polygon","coordinates":[[[17.105222,48.14578],[17.105254,48.145789],[17.105049,48.146098],[17.105012,48.146087],[17.10501,48.146086],[17.105175,48.14584],[17.105217,48.145778],[17.105222,48.14578]]]}},{"type":"Feature","properties":{"v":23.9,"p":8},"geometry":{"type":"Polygon","coordinates":[[[17.105296,48.146447],[17.105189,48.146415],[17.105204,48.146392],[17.105106,48.146363],[17.105119,48.146344],[17.105027,48.146317],[17.10504,48.146296],[17.104947,48.146269],[17.104961,48.146249],[17.104869,48.146222],[17.104883,48.146201],[17.104794,48.146174],[17.104808,48.146153],[17.104715,48.146125],[17.104728,48.146106],[17.104638,48.146079],[17.104652,48.146058],[17.104574,48.146035],[17.104629,48.145951],[17.104766,48.145743],[17.104821,48.14566],[17.104902,48.145683],[17.104929,48.145642],[17.10502,48.145669],[17.105045,48.14563],[17.105139,48.145658],[17.105168,48.145614],[17.105262,48.145642],[17.105289,48.145601],[17.105378,48.145627],[17.105405,48.145586],[17.105516,48.145619],[17.105499,48.145644],[17.105476,48.145678],[17.105615,48.145719],[17.105581,48.145771],[17.105443,48.145731],[17.105425,48.145759],[17.105387,48.145816],[17.10523,48.145769],[17.105222,48.14578],[17.105217,48.145778],[17.105133,48.145754],[17.105111,48.145788],[17.105016,48.14576],[17.105011,48.145768],[17.104987,48.145761],[17.104947,48.145749],[17.104927,48.145743],[17.104738,48.14603],[17.104757,48.146035],[17.104817,48.146053],[17.104836,48.146025],[17.104933,48.146053],[17.104927,48.146062],[17.10501,48.146086],[17.105012,48.146087],[17.105049,48.146098],[17.105171,48.146133],[17.105182,48.146137],[17.10513,48.146216],[17.105242,48.146249],[17.105229,48.146269],[17.105324,48.146297],[17.10531,48.146318],[17.105349,48.14633],[17.105405,48.146346],[17.105378,48.14639],[17.105351,48.146434],[17.105312,48.146423],[17.105296,48.146447]]]}},{"type":"Feature","properties":{"v":3.5,"p":1},"geometry":{"type":"Polygon","coordinates":[[[17.11175,48.146741],[17.111685,48.146789],[17.111579,48.146723],[17.111645,48.146676],[17.11175,48.146741]]]}},{"type":"Feature","properties":{"v":3.9,"p":1},"geometry":{"type":"Polygon","coordinates":[[[17.111003,48.146109],[17.11085,48.146224],[17.110796,48.146197],[17.110937,48.146073],[17.111003,48.146109]]]}},{"type":"Feature","properties":{"v":3,"p":1},"geometry":{"type":"Polygon","coordinates":[[[17.110757,48.147242],[17.110703,48.147217],[17.110699,48.147221],[17.110672,48.147208],[17.110692,48.147159],[17.110793,48.147206],[17.110757,48.147242]]]}},{"type":"Feature","properties":{"v":3,"p":1},"geometry":{"type":"Polygon","coordinates":[[[17.110757,48.147242],[17.110684,48.147312],[17.110638,48.147356],[17.110654,48.147364],[17.11061,48.147403],[17.110601,48.147399],[17.110612,48.147389],[17.110553,48.14736],[17.110649,48.147276],[17.110621,48.147261],[17.110665,48.14722],[17.110687,48.14723],[17.110699,48.147221],[17.110703,48.147217],[17.110757,48.147242]]]}},{"type":"Feature","properties":{"v":3,"p":1},"geometry":{"type":"Polygon","coordinates":[[[17.11157,48.146652],[17.111502,48.146701],[17.111455,48.146673],[17.111523,48.146623],[17.11157,48.146652]]]}},{"type":"Feature","properties":{"v":21.8,"p":7},"geometry":{"type":"Polygon","coordinates":[[[17.110963,48.14412],[17.110992,48.14413],[17.111059,48.144152],[17.110975,48.144265],[17.110824,48.144215],[17.110908,48.144102],[17.110963,48.14412]]]}},{"type":"Feature","properties":{"v":18.3,"p":6},"geometry":{"type":"Polygon","coordinates":[[[17.111337,48.14422],[17.111208,48.144321],[17.111196,48.144331],[17.111139,48.144309],[17.111226,48.144176],[17.111337,48.14422]]]}},{"type":"Feature","properties":{"v":22.4,"p":7},"geometry":{"type":"Polygon","coordinates":[[[17.111337,48.14422],[17.111226,48.144176],[17.111205,48.144169],[17.111368,48.143939],[17.111612,48.144024],[17.111519,48.144109],[17.111441,48.144077],[17.111337,48.14422]]]}},{"type":"Feature","properties":{"v":19.2,"p":6},"geometry":{"type":"Polygon","coordinates":[[[17.111476,48.144294],[17.111371,48.144373],[17.111351,48.144387],[17.111208,48.144321],[17.111337,48.14422],[17.111476,48.144294]]]}},{"type":"Feature","properties":{"v":18.3,"p":6},"geometry":{"type":"Polygon","coordinates":[[[17.111535,48.14433],[17.111467,48.14438],[17.111562,48.144438],[17.111525,48.144465],[17.111508,48.144454],[17.111452,48.144421],[17.111371,48.144373],[17.111476,48.144294],[17.111535,48.14433]]]}},{"type":"Feature","properties":{"v":17.1,"p":6},"geometry":{"type":"Polygon","coordinates":[[[17.111145,48.146478],[17.111057,48.146424],[17.11124,48.146291],[17.111342,48.146357],[17.11127,48.146403],[17.111289,48.146416],[17.111231,48.146456],[17.111211,48.146443],[17.111167,48.146473],[17.111159,48.146468],[17.111145,48.146478]]]}},{"type":"Feature","properties":{"v":10.9,"p":4},"geometry":{"type":"Polygon","coordinates":[[[17.111378,48.146051],[17.111282,48.146123],[17.111239,48.146165],[17.111182,48.146208],[17.111107,48.146262],[17.11107,48.146282],[17.111007,48.146329],[17.110874,48.14627],[17.110898,48.146248],[17.110883,48.146241],[17.11114,48.146049],[17.111185,48.146016],[17.111208,48.146029],[17.111268,48.145985],[17.111324,48.146018],[17.111378,48.146051]]]}},{"type":"Feature","properties":{"v":18.9,"p":6},"geometry":{"type":"Polygon","coordinates":[[[17.111985,48.144207],[17.111859,48.1443],[17.111778,48.144253],[17.111713,48.144215],[17.111638,48.144172],[17.111742,48.144077],[17.111985,48.144207]]]}},{"type":"Feature","properties":{"v":18.7,"p":6},"geometry":{"type":"Polygon","coordinates":[[[17.111822,48.144333],[17.111729,48.144403],[17.111654,48.144457],[17.11159,48.144504],[17.111525,48.144465],[17.111562,48.144438],[17.111757,48.144294],[17.111822,48.144333]]]}},{"type":"Feature","properties":{"v":8.8,"p":3},"geometry":{"type":"Polygon","coordinates":[[[17.111778,48.144253],[17.111739,48.144283],[17.111757,48.144294],[17.111562,48.144438],[17.111467,48.14438],[17.111535,48.14433],[17.111665,48.144232],[17.111678,48.14424],[17.111713,48.144215],[17.111778,48.144253]]]}},{"type":"Feature","properties":{"v":18.4,"p":6},"geometry":{"type":"Polygon","coordinates":[[[17.11214,48.144459],[17.11216,48.144483],[17.112066,48.144486],[17.112068,48.144533],[17.111726,48.144549],[17.111654,48.144457],[17.111729,48.144403],[17.111749,48.144422],[17.111939,48.144417],[17.112039,48.144416],[17.11204,48.14443],[17.112121,48.144431],[17.11214,48.144459]]]}},{"type":"Feature","properties":{"v":16.1,"p":5},"geometry":{"type":"Polygon","coordinates":[[[17.111726,48.144549],[17.111637,48.144615],[17.111445,48.144498],[17.111484,48.14447],[17.111508,48.144454],[17.111525,48.144465],[17.11159,48.144504],[17.111654,48.144457],[17.111726,48.144549]]]}},{"type":"Feature","properties":{"v":14.8,"p":5},"geometry":{"type":"Polygon","coordinates":[[[17.111535,48.14433],[17.111476,48.144294],[17.111624,48.144182],[17.111638,48.144172],[17.111713,48.144215],[17.111678,48.14424],[17.111665,48.144232],[17.111535,48.14433]]]}},{"type":"Feature","properties":{"v":17.4,"p":6},"geometry":{"type":"Polygon","coordinates":[[[17.111742,48.144077],[17.111638,48.144172],[17.111624,48.144182],[17.111504,48.144123],[17.111519,48.144109],[17.111612,48.144024],[17.111619,48.144017],[17.111742,48.144077]]]}},{"type":"Feature","properties":{"v":12.2,"p":4},"geometry":{"type":"Polygon","coordinates":[[[17.110653,48.147],[17.110602,48.147054],[17.110559,48.147098],[17.110478,48.147182],[17.110438,48.147223],[17.110363,48.147186],[17.110576,48.146968],[17.110653,48.147]]]}},{"type":"Feature","properties":{"v":16.5,"p":6},"geometry":{"type":"Polygon","coordinates":[[[17.11045,48.147364],[17.110372,48.147436],[17.110262,48.147382],[17.110337,48.147314],[17.110377,48.147334],[17.110521,48.147202],[17.110531,48.147207],[17.11059,48.147236],[17.110583,48.147242],[17.110489,48.147329],[17.11045,48.147364]]]}},{"type":"Feature","properties":{"v":18.1,"p":6},"geometry":{"type":"Polygon","coordinates":[[[17.110506,48.146918],[17.110436,48.146886],[17.110493,48.146828],[17.1106,48.146721],[17.110707,48.14678],[17.110616,48.146877],[17.110567,48.146856],[17.110506,48.146918]]]}},{"type":"Feature","properties":{"v":8.7,"p":3},"geometry":{"type":"Polygon","coordinates":[[[17.11063,48.147205],[17.110597,48.147239],[17.11059,48.147236],[17.110531,48.147207],[17.110559,48.147174],[17.11063,48.147205]]]}},{"type":"Feature","properties":{"v":13.3,"p":4},"geometry":{"type":"Polygon","coordinates":[[[17.111689,48.146816],[17.111489,48.146967],[17.111483,48.146964],[17.111415,48.146925],[17.111409,48.146921],[17.111533,48.146817],[17.111486,48.146789],[17.111559,48.146735],[17.111689,48.146816]]]}},{"type":"Feature","properties":{"v":15.3,"p":5},"geometry":{"type":"Polygon","coordinates":[[[17.111483,48.146964],[17.111234,48.147158],[17.111228,48.147156],[17.111165,48.147121],[17.111415,48.146925],[17.111483,48.146964]]]}},{"type":"Feature","properties":{"v":18.8,"p":6},"geometry":{"type":"Polygon","coordinates":[[[17.111263,48.14658],[17.111318,48.146614],[17.11125,48.146663],[17.111132,48.146589],[17.11117,48.146561],[17.111461,48.146355],[17.11158,48.14627],[17.111639,48.146321],[17.111646,48.146316],[17.111727,48.146378],[17.111715,48.146385],[17.111782,48.146435],[17.111635,48.146544],[17.11156,48.146493],[17.11159,48.146472],[17.111495,48.146413],[17.111263,48.14658]]]}},{"type":"Feature","properties":{"v":9.4,"p":3},"geometry":{"type":"Polygon","coordinates":[[[17.111593,48.147032],[17.111549,48.147064],[17.111342,48.147216],[17.111257,48.147164],[17.111509,48.146981],[17.111593,48.147032]]]}},{"type":"Feature","properties":{"v":18.3,"p":6},"geometry":{"type":"Polygon","coordinates":[[[17.110816,48.146829],[17.110708,48.146936],[17.110604,48.14689],[17.110616,48.146877],[17.110707,48.14678],[17.110816,48.146829]]]}},{"type":"Feature","properties":{"v":19.3,"p":6},"geometry":{"type":"Polygon","coordinates":[[[17.111342,48.146357],[17.11124,48.146291],[17.111407,48.146169],[17.111417,48.146164],[17.111426,48.146161],[17.111441,48.146165],[17.111452,48.146171],[17.11158,48.14627],[17.111461,48.146355],[17.1114,48.146316],[17.111342,48.146357]]]}},{"type":"Feature","properties":{"v":9,"p":3},"geometry":{"type":"Polygon","coordinates":[[[17.110724,48.147107],[17.11063,48.147205],[17.110559,48.147174],[17.110611,48.14712],[17.110559,48.147098],[17.110602,48.147054],[17.110724,48.147107]]]}},{"type":"Feature","properties":{"v":11.6,"p":4},"geometry":{"type":"Polygon","coordinates":[[[17.111131,48.146966],[17.111199,48.146998],[17.111142,48.147053],[17.11106,48.147133],[17.110738,48.147447],[17.110725,48.147459],[17.11066,48.147428],[17.110727,48.147363],[17.110789,48.147303],[17.111076,48.147023],[17.111028,48.147],[17.111018,48.146996],[17.111043,48.146973],[17.111085,48.146945],[17.111131,48.146966]]]}},{"type":"Feature","properties":{"v":12.3,"p":4},"geometry":{"type":"Polygon","coordinates":[[[17.111165,48.147121],[17.111228,48.147156],[17.111067,48.147283],[17.110945,48.147406],[17.110879,48.147377],[17.110869,48.147373],[17.111004,48.147244],[17.111157,48.147118],[17.111165,48.147121]]]}},{"type":"Feature","properties":{"v":21.7,"p":7},"geometry":{"type":"Polygon","coordinates":[[[17.111455,48.146673],[17.111502,48.146701],[17.111559,48.146735],[17.111486,48.146789],[17.111416,48.146842],[17.111305,48.146775],[17.111448,48.146668],[17.111455,48.146673]]]}},{"type":"Feature","properties":{"v":19.8,"p":7},"geometry":{"type":"Polygon","coordinates":[[[17.111687,48.146591],[17.111622,48.146553],[17.111635,48.146544],[17.111782,48.146435],[17.111879,48.146506],[17.111776,48.146578],[17.111741,48.146552],[17.111687,48.146591]]]}},{"type":"Feature","properties":{"v":11.7,"p":4},"geometry":{"type":"Polygon","coordinates":[[[17.111774,48.147065],[17.111651,48.14715],[17.111604,48.14712],[17.11162,48.147108],[17.111549,48.147064],[17.111593,48.147032],[17.111651,48.14699],[17.111774,48.147065]]]}},{"type":"Feature","properties":{"v":18.3,"p":6},"geometry":{"type":"Polygon","coordinates":[[[17.111479,48.143726],[17.111437,48.143794],[17.111235,48.143726],[17.111266,48.143697],[17.111383,48.143586],[17.111393,48.143574],[17.1114,48.143576],[17.111432,48.143587],[17.111398,48.143635],[17.111428,48.143643],[17.11145,48.143609],[17.111536,48.14363],[17.111479,48.143726]]]}},{"type":"Feature","properties":{"v":24.2,"p":8},"geometry":{"type":"Polygon","coordinates":[[[17.111801,48.143737],[17.111778,48.143775],[17.111762,48.143803],[17.111683,48.143782],[17.111593,48.143758],[17.111632,48.143692],[17.111801,48.143737]]]}},{"type":"Feature","properties":{"v":21.3,"p":7},"geometry":{"type":"Polygon","coordinates":[[[17.111112,48.143821],[17.111031,48.143916],[17.110943,48.143922],[17.110828,48.143878],[17.110782,48.143825],[17.110806,48.143798],[17.110867,48.143727],[17.111112,48.143821]]]}},{"type":"Feature","properties":{"v":18.6,"p":6},"geometry":{"type":"Polygon","coordinates":[[[17.111245,48.143883],[17.111163,48.144007],[17.111108,48.14399],[17.111007,48.143959],[17.11104,48.14392],[17.111031,48.143916],[17.111112,48.143821],[17.111245,48.143883]]]}},{"type":"Feature","properties":{"v":28,"p":9},"geometry":{"type":"Polygon","coordinates":[[[17.111216,48.145129],[17.110989,48.145176],[17.11098,48.145161],[17.11093,48.145064],[17.110961,48.145057],[17.111105,48.145025],[17.11112,48.145053],[17.111163,48.145046],[17.111216,48.145129]]]}},{"type":"Feature","properties":{"v":23.1,"p":8},"geometry":{"type":"Polygon","coordinates":[[[17.110834,48.144888],[17.110777,48.144845],[17.110719,48.144869],[17.110669,48.144824],[17.11065,48.144808],[17.110759,48.144735],[17.110772,48.14473],[17.11078,48.144729],[17.110792,48.144731],[17.110806,48.144735],[17.110948,48.144825],[17.110834,48.144888]]]}},{"type":"Feature","properties":{"v":26,"p":9},"geometry":{"type":"Polygon","coordinates":[[[17.110441,48.145298],[17.110418,48.145259],[17.11037,48.145173],[17.110703,48.145103],[17.110715,48.14512],[17.110731,48.145146],[17.110751,48.14519],[17.110762,48.145208],[17.11098,48.145161],[17.110989,48.145176],[17.110997,48.145187],[17.110441,48.145298]]]}},{"type":"Feature","properties":{"v":21.4,"p":7},"geometry":{"type":"Polygon","coordinates":[[[17.111311,48.145039],[17.111373,48.145073],[17.111356,48.145108],[17.111216,48.145129],[17.111163,48.145046],[17.111175,48.145043],[17.111118,48.145012],[17.111054,48.145026],[17.110995,48.14499],[17.110975,48.144987],[17.11096,48.144981],[17.11095,48.144972],[17.110947,48.14496],[17.110926,48.144947],[17.110944,48.144935],[17.110899,48.144911],[17.110851,48.144917],[17.110824,48.144895],[17.110834,48.144888],[17.110948,48.144825],[17.11099,48.144848],[17.111007,48.144847],[17.111056,48.144876],[17.111056,48.144887],[17.111097,48.144911],[17.111122,48.144908],[17.111206,48.14496],[17.111206,48.144975],[17.111247,48.144999],[17.111264,48.144998],[17.111312,48.145025],[17.111311,48.145039]]]}},{"type":"Feature","properties":{"v":19.5,"p":6},"geometry":{"type":"Polygon","coordinates":[[[17.110924,48.145696],[17.110815,48.145645],[17.111319,48.145451],[17.111491,48.145602],[17.111415,48.14564],[17.111407,48.145634],[17.111351,48.145592],[17.111271,48.145621],[17.11109,48.145688],[17.111055,48.145669],[17.111029,48.145656],[17.110924,48.145696]]]}},{"type":"Feature","properties":{"v":8.7,"p":3},"geometry":{"type":"Polygon","coordinates":[[[17.110909,48.146347],[17.110952,48.146368],[17.110658,48.146584],[17.110527,48.146528],[17.11053,48.146525],[17.110563,48.146489],[17.110609,48.14644],[17.110713,48.146328],[17.110759,48.146279],[17.110909,48.146347]]]}},{"type":"Feature","properties":{"v":12,"p":4},"geometry":{"type":"Polygon","coordinates":[[[17.111805,48.145752],[17.111608,48.145591],[17.111521,48.145387],[17.111871,48.145262],[17.111881,48.145275],[17.111778,48.14531],[17.112041,48.145659],[17.11215,48.145622],[17.112163,48.145639],[17.111805,48.145752]]]}},{"type":"Feature","properties":{"v":16.1,"p":5},"geometry":{"type":"Polygon","coordinates":[[[17.110737,48.146234],[17.110716,48.146257],[17.110666,48.146234],[17.110589,48.146201],[17.110608,48.146182],[17.11063,48.146192],[17.110637,48.146184],[17.110737,48.146234]]]}},{"type":"Feature","properties":{"v":18.5,"p":6},"geometry":{"type":"Polygon","coordinates":[[[17.110937,48.146073],[17.110796,48.146197],[17.11085,48.146224],[17.110883,48.146241],[17.110898,48.146248],[17.110874,48.14627],[17.110851,48.146291],[17.11078,48.146256],[17.110737,48.146234],[17.110637,48.146184],[17.110576,48.146155],[17.110671,48.146069],[17.110714,48.14603],[17.110751,48.146048],[17.110957,48.14587],[17.11111,48.145862],[17.111122,48.145912],[17.110937,48.146073]]]}},{"type":"Feature","properties":{"v":8.1,"p":3},"geometry":{"type":"Polygon","coordinates":[[[17.11114,48.146049],[17.111109,48.14603],[17.111069,48.146008],[17.111169,48.145935],[17.111268,48.145985],[17.111208,48.146029],[17.111185,48.146016],[17.11114,48.146049]]]}},{"type":"Feature","properties":{"v":3.8,"p":1},"geometry":{"type":"Polygon","coordinates":[[[17.11114,48.146049],[17.110883,48.146241],[17.11085,48.146224],[17.111003,48.146109],[17.111109,48.14603],[17.11114,48.146049]]]}},{"type":"Feature","properties":{"v":8.6,"p":3},"geometry":{"type":"Polygon","coordinates":[[[17.11078,48.146256],[17.110759,48.146279],[17.110713,48.146328],[17.110665,48.146307],[17.110716,48.146257],[17.110737,48.146234],[17.11078,48.146256]]]}},{"type":"Feature","properties":{"v":11.8,"p":4},"geometry":{"type":"Polygon","coordinates":[[[17.110609,48.14644],[17.11055,48.146416],[17.110643,48.146321],[17.110649,48.146324],[17.110665,48.146307],[17.110713,48.146328],[17.110609,48.14644]]]}},{"type":"Feature","properties":{"v":4.4,"p":1},"geometry":{"type":"Polygon","coordinates":[[[17.110611,48.14712],[17.110559,48.147174],[17.110531,48.147207],[17.110521,48.147202],[17.110478,48.147182],[17.110559,48.147098],[17.110611,48.14712]]]}},{"type":"Feature","properties":{"v":7.6,"p":3},"geometry":{"type":"Polygon","coordinates":[[[17.111175,48.147071],[17.11119,48.14708],[17.111099,48.147154],[17.11106,48.147133],[17.111142,48.147053],[17.111175,48.147071]]]}},{"type":"Feature","properties":{"v":4.4,"p":1},"geometry":{"type":"Polygon","coordinates":[[[17.111317,48.14696],[17.111175,48.147071],[17.111142,48.147053],[17.111199,48.146998],[17.111279,48.146938],[17.111317,48.14696]]]}},{"type":"Feature","properties":{"v":6.5,"p":2},"geometry":{"type":"Polygon","coordinates":[[[17.11131,48.146916],[17.111279,48.146938],[17.111199,48.146998],[17.111131,48.146966],[17.11125,48.146879],[17.11131,48.146916]]]}},{"type":"Feature","properties":{"v":3.1,"p":1},"geometry":{"type":"Polygon","coordinates":[[[17.110945,48.14702],[17.110924,48.14704],[17.11093,48.147043],[17.110826,48.147146],[17.110842,48.147154],[17.110793,48.147206],[17.110692,48.147159],[17.110813,48.14705],[17.110804,48.147046],[17.110844,48.147006],[17.110854,48.14701],[17.110893,48.146969],[17.110883,48.146965],[17.110897,48.14695],[17.110879,48.146942],[17.11089,48.146931],[17.110902,48.146937],[17.110917,48.146921],[17.110912,48.146919],[17.110951,48.146877],[17.111006,48.1469],[17.111013,48.146939],[17.111,48.146953],[17.110976,48.146977],[17.110971,48.146975],[17.110934,48.147014],[17.110945,48.14702]]]}},{"type":"Feature","properties":{"v":7.8,"p":3},"geometry":{"type":"Polygon","coordinates":[[[17.111076,48.147023],[17.110789,48.147303],[17.110754,48.147288],[17.110742,48.147283],[17.11101,48.147018],[17.111028,48.147],[17.111076,48.147023]]]}},{"type":"Feature","properties":{"v":24.1,"p":8},"geometry":{"type":"Polygon","coordinates":[[[17.112273,48.146453],[17.112113,48.146544],[17.111572,48.146121],[17.111727,48.146026],[17.111779,48.14607],[17.11184,48.146122],[17.111845,48.146119],[17.112273,48.146453]]]}},{"type":"Feature","properties":{"v":18.1,"p":6},"geometry":{"type":"Polygon","coordinates":[[[17.111593,48.143758],[17.111683,48.143782],[17.111762,48.143803],[17.11172,48.143871],[17.111437,48.143794],[17.111479,48.143726],[17.111593,48.143758]]]}},{"type":"Feature","properties":{"v":20.3,"p":7},"geometry":{"type":"Polygon","coordinates":[[[17.111593,48.143758],[17.111479,48.143726],[17.111536,48.14363],[17.111625,48.143654],[17.111715,48.143679],[17.111818,48.143707],[17.111801,48.143737],[17.111632,48.143692],[17.111593,48.143758]]]}},{"type":"Feature","properties":{"v":13.3,"p":4},"geometry":{"type":"Polygon","coordinates":[[[17.110987,48.14503],[17.11095,48.145043],[17.110961,48.145057],[17.11093,48.145064],[17.110836,48.144964],[17.110898,48.144938],[17.110987,48.14503]]]}},{"type":"Feature","properties":{"v":14.5,"p":5},"geometry":{"type":"Polygon","coordinates":[[[17.111195,48.144165],[17.111205,48.144169],[17.111226,48.144176],[17.111139,48.144309],[17.111086,48.144288],[17.111074,48.144282],[17.111157,48.144153],[17.111195,48.144165]]]}},{"type":"Feature","properties":{"v":17.9,"p":6},"geometry":{"type":"Polygon","coordinates":[[[17.111205,48.144169],[17.111195,48.144165],[17.111362,48.143925],[17.111393,48.143929],[17.111619,48.144017],[17.111612,48.144024],[17.111368,48.143939],[17.111205,48.144169]]]}},{"type":"Feature","properties":{"v":14.8,"p":5},"geometry":{"type":"Polygon","coordinates":[[[17.111508,48.144454],[17.111484,48.14447],[17.111445,48.144498],[17.111388,48.144464],[17.111452,48.144421],[17.111508,48.144454]]]}},{"type":"Feature","properties":{"v":28.8,"p":10},"geometry":{"type":"Polygon","coordinates":[[[17.11098,48.145161],[17.110762,48.145208],[17.110751,48.14519],[17.110877,48.145163],[17.110801,48.145026],[17.110668,48.145054],[17.110652,48.145024],[17.110619,48.144978],[17.110588,48.144937],[17.11071,48.144882],[17.110773,48.144948],[17.110804,48.144992],[17.110831,48.145031],[17.110856,48.145078],[17.110877,48.145074],[17.11093,48.145064],[17.11098,48.145161]]]}},{"type":"Feature","properties":{"v":14.1,"p":5},"geometry":{"type":"Polygon","coordinates":[[[17.111108,48.14399],[17.110992,48.14413],[17.110963,48.14412],[17.111021,48.144053],[17.11095,48.144026],[17.111007,48.143959],[17.111108,48.14399]]]}},{"type":"Feature","properties":{"v":10.1,"p":3},"geometry":{"type":"Polygon","coordinates":[[[17.111163,48.144007],[17.111178,48.144011],[17.111059,48.144152],[17.110992,48.14413],[17.111108,48.14399],[17.111163,48.144007]]]}},{"type":"Feature","properties":{"v":14.4,"p":5},"geometry":{"type":"Polygon","coordinates":[[[17.11109,48.145688],[17.111115,48.145701],[17.111046,48.14576],[17.110986,48.145728],[17.111055,48.145669],[17.11109,48.145688]]]}},{"type":"Feature","properties":{"v":16.1,"p":5},"geometry":{"type":"Polygon","coordinates":[[[17.1108,48.145794],[17.11056,48.145952],[17.110507,48.145988],[17.110391,48.14593],[17.110699,48.145726],[17.1108,48.145794]]]}},{"type":"Feature","properties":{"v":17.2,"p":6},"geometry":{"type":"Polygon","coordinates":[[[17.110924,48.145696],[17.110986,48.145728],[17.111046,48.14576],[17.111113,48.145795],[17.11111,48.145862],[17.110957,48.14587],[17.1108,48.145794],[17.110699,48.145726],[17.110815,48.145645],[17.110924,48.145696]]]}},{"type":"Feature","properties":{"v":14.3,"p":5},"geometry":{"type":"Polygon","coordinates":[[[17.111298,48.145856],[17.111273,48.145877],[17.111192,48.145834],[17.11111,48.145862],[17.111113,48.145795],[17.111164,48.145767],[17.111298,48.145856]]]}},{"type":"Feature","properties":{"v":8.3,"p":3},"geometry":{"type":"Polygon","coordinates":[[[17.110851,48.146291],[17.110931,48.146326],[17.110909,48.146347],[17.110759,48.146279],[17.11078,48.146256],[17.110851,48.146291]]]}},{"type":"Feature","properties":{"v":16.3,"p":5},"geometry":{"type":"Polygon","coordinates":[[[17.111273,48.145877],[17.111405,48.145947],[17.111324,48.146018],[17.111268,48.145985],[17.111169,48.145935],[17.111122,48.145912],[17.11111,48.145862],[17.111192,48.145834],[17.111273,48.145877]]]}},{"type":"Feature","properties":{"v":15.8,"p":5},"geometry":{"type":"Polygon","coordinates":[[[17.111145,48.146478],[17.111094,48.146514],[17.11117,48.146561],[17.111132,48.146589],[17.111075,48.14663],[17.110912,48.14653],[17.111057,48.146424],[17.111145,48.146478]]]}},{"type":"Feature","properties":{"v":6.6,"p":2},"geometry":{"type":"Polygon","coordinates":[[[17.111509,48.145856],[17.111405,48.145947],[17.111273,48.145877],[17.111298,48.145856],[17.111343,48.145821],[17.111423,48.145779],[17.111509,48.145856]]]}},{"type":"Feature","properties":{"v":16.8,"p":6},"geometry":{"type":"Polygon","coordinates":[[[17.111797,48.145855],[17.111399,48.146063],[17.111378,48.146051],[17.111324,48.146018],[17.111405,48.145947],[17.111509,48.145856],[17.111423,48.145779],[17.111343,48.145821],[17.111298,48.145856],[17.111164,48.145767],[17.111174,48.145761],[17.111415,48.14564],[17.111491,48.145602],[17.111797,48.145855]]]}},{"type":"Feature","properties":{"v":3,"p":1},"geometry":{"type":"Polygon","coordinates":[[[17.095522,48.146765],[17.095479,48.146775],[17.095449,48.146721],[17.095492,48.146711],[17.095522,48.146765]]]}},{"type":"Feature","properties":{"v":28,"p":9},"geometry":{"type":"Polygon","coordinates":[[[17.107308,48.141046],[17.10715,48.14099],[17.107177,48.140955],[17.107181,48.140949],[17.107243,48.140971],[17.107246,48.140969],[17.107251,48.140966],[17.107256,48.140965],[17.107261,48.140965],[17.107267,48.140965],[17.107272,48.140966],[17.107277,48.140968],[17.10728,48.140971],[17.107283,48.140974],[17.107285,48.140978],[17.107285,48.140981],[17.107283,48.140985],[17.107319,48.140997],[17.107328,48.140985],[17.107351,48.140993],[17.107308,48.141046]]]}},{"type":"Feature","properties":{"v":18.6,"p":6},"geometry":{"type":"Polygon","coordinates":[[[17.108048,48.14399],[17.107989,48.143965],[17.107973,48.143893],[17.108023,48.143834],[17.107883,48.143764],[17.107814,48.143812],[17.107726,48.143757],[17.107872,48.143658],[17.107829,48.143624],[17.107918,48.143569],[17.108029,48.143639],[17.108249,48.14375],[17.108048,48.14399]]]}},{"type":"Feature","properties":{"v":23.9,"p":8},"geometry":{"type":"Polygon","coordinates":[[[17.109675,48.147295],[17.109579,48.147379],[17.109413,48.147295],[17.109509,48.147211],[17.109675,48.147295]]]}},{"type":"Feature","properties":{"v":15.8,"p":5},"geometry":{"type":"Polygon","coordinates":[[[17.105706,48.143617],[17.10568,48.143611],[17.10557,48.143585],[17.105595,48.143544],[17.105607,48.143531],[17.10562,48.143517],[17.105644,48.143479],[17.105919,48.143548],[17.105883,48.143616],[17.105726,48.143579],[17.105706,48.143617]]]}},{"type":"Feature","properties":{"v":8.5,"p":3},"geometry":{"type":"Polygon","coordinates":[[[17.110609,48.14644],[17.110563,48.146489],[17.110503,48.146463],[17.11055,48.146416],[17.110609,48.14644]]]}},{"type":"Feature","properties":{"v":3.3,"p":1},"geometry":{"type":"Polygon","coordinates":[[[17.108915,48.146377],[17.108809,48.146465],[17.108758,48.146437],[17.108769,48.146429],[17.108864,48.146351],[17.108915,48.146377]]]}},{"type":"Feature","properties":{"v":6.3,"p":2},"geometry":{"type":"Polygon","coordinates":[[[17.109611,48.139714],[17.109381,48.139706],[17.109384,48.139656],[17.109407,48.139657],[17.10941,48.139626],[17.109617,48.139632],[17.109611,48.139714]]]}},{"type":"Feature","properties":{"v":6.3,"p":2},"geometry":{"type":"Polygon","coordinates":[[[17.109298,48.141589],[17.109292,48.141594],[17.109284,48.141598],[17.109275,48.141602],[17.109265,48.141604],[17.109255,48.141605],[17.109245,48.141605],[17.109234,48.141604],[17.109078,48.141553],[17.109074,48.141559],[17.108684,48.141434],[17.108688,48.141428],[17.108453,48.141353],[17.108446,48.141349],[17.108439,48.141343],[17.108434,48.141337],[17.10843,48.14133],[17.108429,48.141323],[17.108429,48.141315],[17.108431,48.141308],[17.108446,48.141287],[17.108843,48.141414],[17.108841,48.141418],[17.109071,48.141492],[17.109073,48.141488],[17.109315,48.141566],[17.109298,48.141589]]]}},{"type":"Feature","properties":{"v":27.1,"p":9},"geometry":{"type":"Polygon","coordinates":[[[17.107308,48.141046],[17.107266,48.141097],[17.107103,48.141049],[17.10715,48.14099],[17.107308,48.141046]]]}},{"type":"Feature","properties":{"v":15.8,"p":5},"geometry":{"type":"Polygon","coordinates":[[[17.107338,48.144827],[17.107299,48.144822],[17.107311,48.144794],[17.107252,48.144781],[17.107256,48.144769],[17.10717,48.144753],[17.107164,48.144765],[17.107085,48.144748],[17.1071,48.144691],[17.1074,48.144742],[17.107338,48.144827]]]}},{"type":"Feature","properties":{"v":17.5,"p":6},"geometry":{"type":"Polygon","coordinates":[[[17.10781,48.143883],[17.107745,48.143943],[17.107719,48.143931],[17.107659,48.143904],[17.107631,48.14389],[17.107706,48.143836],[17.10781,48.143883]]]}},{"type":"Feature","properties":{"v":10.7,"p":4},"geometry":{"type":"Polygon","coordinates":[[[17.095814,48.145769],[17.095824,48.145772],[17.095832,48.145776],[17.095838,48.145782],[17.095841,48.145789],[17.095842,48.145796],[17.095839,48.145802],[17.095834,48.145808],[17.095831,48.145811],[17.095805,48.145827],[17.095755,48.14579],[17.095784,48.145773],[17.095794,48.14577],[17.095804,48.145769],[17.095814,48.145769]]]}},{"type":"Feature","properties":{"v":15.7,"p":5},"geometry":{"type":"Polygon","coordinates":[[[17.095745,48.145898],[17.095719,48.14588],[17.095712,48.145883],[17.095704,48.145884],[17.095696,48.145885],[17.095689,48.145884],[17.095681,48.145883],[17.095674,48.14588],[17.095668,48.145877],[17.095665,48.145873],[17.095664,48.145872],[17.09566,48.145867],[17.095659,48.145862],[17.095659,48.145857],[17.09566,48.145852],[17.095663,48.145847],[17.095668,48.145842],[17.095693,48.145827],[17.09569,48.145825],[17.095752,48.145788],[17.095755,48.14579],[17.095805,48.145827],[17.09583,48.145846],[17.095745,48.145898]]]}},{"type":"Feature","properties":{"v":9.2,"p":3},"geometry":{"type":"Polygon","coordinates":[[[17.103312,48.14315],[17.103219,48.143136],[17.103226,48.143116],[17.103262,48.143122],[17.103267,48.143107],[17.103311,48.143114],[17.103324,48.143116],[17.103312,48.14315]]]}},{"type":"Feature","properties":{"v":6.9,"p":2},"geometry":{"type":"Polygon","coordinates":[[[17.109486,48.140727],[17.109385,48.140727],[17.109401,48.140679],[17.109482,48.140678],[17.109486,48.140727]]]}},{"type":"Feature","properties":{"v":14.8,"p":5},"geometry":{"type":"Polygon","coordinates":[[[17.110295,48.146713],[17.110284,48.146726],[17.110229,48.146704],[17.110241,48.146691],[17.110295,48.146713]]]}},{"type":"Feature","properties":{"v":4.8,"p":2},"geometry":{"type":"Polygon","coordinates":[[[17.11125,48.146879],[17.111131,48.146966],[17.111085,48.146945],[17.111121,48.146917],[17.111168,48.14688],[17.111201,48.146853],[17.11125,48.146879]]]}},{"type":"Feature","properties":{"v":3,"p":1},"geometry":{"type":"Polygon","coordinates":[[[17.111085,48.146945],[17.111043,48.146973],[17.111018,48.146996],[17.110986,48.146979],[17.111007,48.146956],[17.111,48.146953],[17.111013,48.146939],[17.11104,48.146914],[17.111048,48.146918],[17.111076,48.146893],[17.111121,48.146917],[17.111085,48.146945]]]}},{"type":"Feature","properties":{"v":3,"p":1},"geometry":{"type":"Polygon","coordinates":[[[17.111168,48.14688],[17.111121,48.146917],[17.111076,48.146893],[17.110986,48.146845],[17.11103,48.146807],[17.111168,48.14688]]]}},{"type":"Feature","properties":{"v":4.5,"p":2},"geometry":{"type":"Polygon","coordinates":[[[17.110742,48.147283],[17.110754,48.147288],[17.110716,48.147326],[17.110684,48.147312],[17.110757,48.147242],[17.110793,48.147206],[17.110842,48.147154],[17.110826,48.147146],[17.11093,48.147043],[17.110934,48.147039],[17.110941,48.147042],[17.11098,48.147005],[17.11101,48.147018],[17.110742,48.147283]]]}},{"type":"Feature","properties":{"v":18.7,"p":6},"geometry":{"type":"Polygon","coordinates":[[[17.107726,48.143757],[17.107814,48.143812],[17.107973,48.143893],[17.107989,48.143965],[17.10781,48.143883],[17.107706,48.143836],[17.107664,48.143813],[17.107584,48.143768],[17.107594,48.143759],[17.107661,48.143722],[17.107726,48.143757]]]}},{"type":"Feature","properties":{"v":11.7,"p":4},"geometry":{"type":"Polygon","coordinates":[[[17.105721,48.144806],[17.105717,48.144813],[17.105592,48.144775],[17.105597,48.144768],[17.105721,48.144806]]]}},{"type":"Feature","properties":{"v":11.9,"p":4},"geometry":{"type":"Polygon","coordinates":[[[17.105597,48.144768],[17.105592,48.144775],[17.105464,48.144737],[17.105469,48.14473],[17.105597,48.144768]]]}},{"type":"Feature","properties":{"v":12.9,"p":4},"geometry":{"type":"Polygon","coordinates":[[[17.105736,48.145016],[17.105724,48.145035],[17.105675,48.14501],[17.105689,48.144992],[17.105736,48.145016]]]}},{"type":"Feature","properties":{"v":20.8,"p":7},"geometry":{"type":"Polygon","coordinates":[[[17.109691,48.14728],[17.109675,48.147295],[17.109509,48.147211],[17.109525,48.147196],[17.109691,48.14728]]]}},{"type":"Feature","properties":{"v":13,"p":4},"geometry":{"type":"Polygon","coordinates":[[[17.105483,48.143699],[17.105464,48.143723],[17.105238,48.143658],[17.105269,48.14359],[17.105274,48.14358],[17.10542,48.143637],[17.105471,48.143559],[17.10548,48.143561],[17.105484,48.143555],[17.105251,48.143489],[17.105283,48.143435],[17.105369,48.14346],[17.105435,48.143479],[17.105607,48.143531],[17.105595,48.143544],[17.10557,48.143585],[17.105483,48.143699]]]}},{"type":"Feature","properties":{"v":4.6,"p":2},"geometry":{"type":"Polygon","coordinates":[[[17.110284,48.146726],[17.110281,48.146729],[17.110229,48.146789],[17.11033,48.146833],[17.110284,48.146882],[17.110186,48.14684],[17.110198,48.14683],[17.11021,48.146818],[17.110005,48.146737],[17.110021,48.146719],[17.11008,48.146648],[17.110088,48.146651],[17.1101,48.146636],[17.1102,48.146676],[17.110187,48.146691],[17.110226,48.146707],[17.110229,48.146704],[17.110284,48.146726]]]}},{"type":"Feature","properties":{"v":6.8,"p":2},"geometry":{"type":"Polygon","coordinates":[[[17.108308,48.146724],[17.108269,48.146744],[17.108234,48.146763],[17.108205,48.146737],[17.10828,48.146701],[17.108308,48.146724]]]}},{"type":"Feature","properties":{"v":4.5,"p":2},"geometry":{"type":"Polygon","coordinates":[[[17.111407,48.145634],[17.1113,48.145649],[17.111271,48.145621],[17.111351,48.145592],[17.111407,48.145634]]]}},{"type":"Feature","properties":{"v":7.1,"p":2},"geometry":{"type":"Polygon","coordinates":[[[17.111156,48.141277],[17.111144,48.141313],[17.111056,48.141301],[17.11107,48.141264],[17.111156,48.141277]]]}},{"type":"Feature","properties":{"v":2.4,"p":1},"geometry":{"type":"Polygon","coordinates":[[[17.110697,48.141128],[17.110663,48.141162],[17.110643,48.141216],[17.110561,48.141203],[17.110584,48.141147],[17.110628,48.141106],[17.110697,48.141128]]]}},{"type":"Feature","properties":{"v":10.4,"p":3},"geometry":{"type":"Polygon","coordinates":[[[17.109004,48.145263],[17.109032,48.145276],[17.109068,48.145398],[17.108922,48.145418],[17.108868,48.145253],[17.109004,48.145263]]]}},{"type":"Feature","properties":{"v":3.2,"p":1},"geometry":{"type":"Polygon","coordinates":[[[17.108577,48.144371],[17.108554,48.144413],[17.108502,48.1444],[17.108522,48.144355],[17.108577,48.144371]]]}},{"type":"Feature","properties":{"v":2.8,"p":1},"geometry":{"type":"Polygon","coordinates":[[[17.10863,48.144379],[17.108599,48.144425],[17.108558,48.144413],[17.108589,48.144367],[17.10863,48.144379]]]}},{"type":"Feature","properties":{"v":12.7,"p":4},"geometry":{"type":"Polygon","coordinates":[[[17.11083,48.141057],[17.11074,48.141032],[17.110688,48.141017],[17.110718,48.14097],[17.110722,48.140972],[17.110747,48.140932],[17.110764,48.140937],[17.110727,48.140995],[17.110838,48.141026],[17.11089,48.140944],[17.110942,48.140958],[17.110952,48.140961],[17.110937,48.140984],[17.110909,48.140976],[17.110879,48.141023],[17.11086,48.141053],[17.110837,48.141047],[17.11083,48.141057]]]}},{"type":"Feature","properties":{"v":9.8,"p":3},"geometry":{"type":"Polygon","coordinates":[[[17.11087,48.141068],[17.11083,48.141057],[17.110837,48.141047],[17.11086,48.141053],[17.110879,48.141023],[17.110895,48.141028],[17.11087,48.141068]]]}},{"type":"Feature","properties":{"v":9.6,"p":3},"geometry":{"type":"Polygon","coordinates":[[[17.11074,48.141032],[17.110727,48.141051],[17.110676,48.141036],[17.110688,48.141017],[17.11074,48.141032]]]}},{"type":"Feature","properties":{"v":3.7,"p":1},"geometry":{"type":"Polygon","coordinates":[[[17.105374,48.141096],[17.105405,48.14111],[17.105327,48.141188],[17.105264,48.141155],[17.105269,48.14115],[17.105339,48.141081],[17.105374,48.141096]]]}},{"type":"Feature","properties":{"v":4.8,"p":2},"geometry":{"type":"Polygon","coordinates":[[[17.104933,48.143288],[17.104927,48.143303],[17.104843,48.143289],[17.104834,48.143288],[17.104839,48.143273],[17.104933,48.143288]]]}},{"type":"Feature","properties":{"v":11.5,"p":4},"geometry":{"type":"Polygon","coordinates":[[[17.106019,48.143647],[17.106013,48.143697],[17.105941,48.143686],[17.105964,48.143642],[17.106019,48.143647]]]}},{"type":"Feature","properties":{"v":14.9,"p":5},"geometry":{"type":"Polygon","coordinates":[[[17.105871,48.142938],[17.105837,48.142937],[17.105846,48.14279],[17.105879,48.14279],[17.105871,48.142938]]]}},{"type":"Feature","properties":{"v":22.4,"p":7},"geometry":{"type":"Polygon","coordinates":[[[17.10317,48.146165],[17.103208,48.146197],[17.103233,48.146218],[17.103228,48.14622],[17.103147,48.14626],[17.103053,48.146174],[17.103113,48.146143],[17.103133,48.146133],[17.10317,48.146165]]]}},{"type":"Feature","properties":{"v":19.4,"p":6},"geometry":{"type":"Polygon","coordinates":[[[17.10326,48.146248],[17.103178,48.146288],[17.103147,48.14626],[17.103228,48.14622],[17.10326,48.146248]]]}},{"type":"Feature","properties":{"v":16.6,"p":6},"geometry":{"type":"Polygon","coordinates":[[[17.10332,48.146301],[17.103215,48.14637],[17.103104,48.146301],[17.103093,48.146294],[17.103147,48.14626],[17.103178,48.146288],[17.10326,48.146248],[17.10332,48.146301]]]}},{"type":"Feature","properties":{"v":16.7,"p":6},"geometry":{"type":"Polygon","coordinates":[[[17.103053,48.146174],[17.103031,48.146152],[17.103024,48.146155],[17.103002,48.146132],[17.103072,48.146104],[17.103113,48.146143],[17.103053,48.146174]]]}},{"type":"Feature","properties":{"v":7.5,"p":2},"geometry":{"type":"Polygon","coordinates":[[[17.103053,48.146174],[17.102999,48.146204],[17.102955,48.146151],[17.103002,48.146132],[17.103024,48.146155],[17.103031,48.146152],[17.103053,48.146174]]]}},{"type":"Feature","properties":{"v":13.1,"p":4},"geometry":{"type":"Polygon","coordinates":[[[17.098759,48.146239],[17.09871,48.146243],[17.098702,48.146249],[17.098692,48.146254],[17.09868,48.146256],[17.098667,48.146257],[17.098654,48.146255],[17.098641,48.14625],[17.098633,48.146243],[17.098629,48.146237],[17.098757,48.146228],[17.098759,48.146239]]]}},{"type":"Feature","properties":{"v":3.3,"p":1},"geometry":{"type":"Polygon","coordinates":[[[17.101975,48.144948],[17.101821,48.144976],[17.101802,48.144929],[17.101956,48.144901],[17.101975,48.144948]]]}},{"type":"Feature","properties":{"v":5.4,"p":2},"geometry":{"type":"Polygon","coordinates":[[[17.097726,48.142472],[17.097706,48.142518],[17.097671,48.142511],[17.097691,48.142465],[17.097726,48.142472]]]}},{"type":"Feature","properties":{"v":2.8,"p":1},"geometry":{"type":"Polygon","coordinates":[[[17.094637,48.145853],[17.094573,48.145865],[17.094558,48.145828],[17.094563,48.145827],[17.094548,48.14579],[17.094606,48.145779],[17.094637,48.145853]]]}},{"type":"Feature","properties":{"v":4.3,"p":1},"geometry":{"type":"Polygon","coordinates":[[[17.094712,48.145873],[17.09467,48.145881],[17.094656,48.145815],[17.094701,48.14581],[17.094712,48.145873]]]}},{"type":"Feature","properties":{"v":10.9,"p":4},"geometry":{"type":"Polygon","coordinates":[[[17.094592,48.14495],[17.094557,48.144988],[17.094534,48.145014],[17.094459,48.144984],[17.094473,48.144967],[17.094516,48.144919],[17.094592,48.14495]]]}},{"type":"Feature","properties":{"v":7.9,"p":3},"geometry":{"type":"Polygon","coordinates":[[[17.094627,48.144943],[17.094579,48.144997],[17.094557,48.144988],[17.094592,48.14495],[17.094516,48.144919],[17.094473,48.144967],[17.094441,48.144955],[17.094513,48.144874],[17.094591,48.144905],[17.094642,48.144926],[17.094627,48.144943]]]}},{"type":"Feature","properties":{"v":4.6,"p":2},"geometry":{"type":"Polygon","coordinates":[[[17.094726,48.144917],[17.094683,48.144965],[17.094627,48.144943],[17.094642,48.144926],[17.094591,48.144905],[17.094619,48.144874],[17.094726,48.144917]]]}},{"type":"Feature","properties":{"v":6,"p":2},"geometry":{"type":"Polygon","coordinates":[[[17.095844,48.145218],[17.095767,48.145225],[17.09576,48.145191],[17.095837,48.145184],[17.095844,48.145218]]]}},{"type":"Feature","properties":{"v":12.9,"p":4},"geometry":{"type":"Polygon","coordinates":[[[17.094435,48.143898],[17.094165,48.143918],[17.094123,48.143846],[17.094192,48.143841],[17.094283,48.143833],[17.09431,48.143831],[17.094309,48.143821],[17.094372,48.143816],[17.094414,48.143813],[17.094453,48.14381],[17.094435,48.143898]]]}},{"type":"Feature","properties":{"v":2,"p":1},"geometry":{"type":"Polygon","coordinates":[[[17.094283,48.143833],[17.094192,48.143841],[17.094187,48.143805],[17.094278,48.143799],[17.094283,48.143833]]]}},{"type":"Feature","properties":{"v":6.4,"p":2},"geometry":{"type":"Polygon","coordinates":[[[17.095383,48.143291],[17.095326,48.143327],[17.095243,48.143274],[17.095232,48.143281],[17.095194,48.143256],[17.095211,48.143235],[17.095365,48.143251],[17.095383,48.143291]]]}},{"type":"Feature","properties":{"v":3.5,"p":1},"geometry":{"type":"Polygon","coordinates":[[[17.09537,48.143177],[17.09533,48.143182],[17.095318,48.143136],[17.095357,48.143132],[17.09537,48.143177]]]}},{"type":"Feature","properties":{"v":4,"p":1},"geometry":{"type":"Polygon","coordinates":[[[17.096125,48.143227],[17.096024,48.143222],[17.09608,48.143181],[17.096156,48.143185],[17.096125,48.143227]]]}},{"type":"Feature","properties":{"v":3.9,"p":1},"geometry":{"type":"Polygon","coordinates":[[[17.096199,48.143231],[17.096125,48.143227],[17.096156,48.143185],[17.09623,48.143188],[17.096199,48.143231]]]}},{"type":"Feature","properties":{"v":8.6,"p":3},"geometry":{"type":"Polygon","coordinates":[[[17.09615,48.143294],[17.096019,48.143477],[17.095986,48.143466],[17.095923,48.143446],[17.095891,48.143435],[17.096021,48.143253],[17.09615,48.143294]]]}},{"type":"Feature","properties":{"v":10.2,"p":3},"geometry":{"type":"Polygon","coordinates":[[[17.095986,48.143466],[17.095976,48.14348],[17.095913,48.143459],[17.095923,48.143446],[17.095986,48.143466]]]}},{"type":"Feature","properties":{"v":15.9,"p":5},"geometry":{"type":"Polygon","coordinates":[[[17.096165,48.143514],[17.096261,48.143535],[17.096197,48.14367],[17.096051,48.143639],[17.096114,48.143503],[17.096165,48.143514]]]}},{"type":"Feature","properties":{"v":20.7,"p":7},"geometry":{"type":"Polygon","coordinates":[[[17.098396,48.14343],[17.098201,48.143429],[17.098202,48.143377],[17.098203,48.143283],[17.098397,48.143284],[17.098396,48.14343]]]}},{"type":"Feature","properties":{"v":17.4,"p":6},"geometry":{"type":"Polygon","coordinates":[[[17.098395,48.143485],[17.098296,48.143485],[17.098296,48.143473],[17.098211,48.143473],[17.098201,48.143473],[17.098201,48.143429],[17.098396,48.14343],[17.098395,48.143485]]]}},{"type":"Feature","properties":{"v":4.5,"p":2},"geometry":{"type":"Polygon","coordinates":[[[17.098209,48.143514],[17.098145,48.143513],[17.09815,48.143377],[17.098202,48.143377],[17.098201,48.143429],[17.098201,48.143473],[17.098211,48.143473],[17.098209,48.143514]]]}},{"type":"Feature","properties":{"v":22.6,"p":8},"geometry":{"type":"Polygon","coordinates":[[[17.102294,48.146254],[17.102336,48.146297],[17.102086,48.146365],[17.102046,48.146299],[17.102251,48.146244],[17.102294,48.146254]]]}},{"type":"Feature","properties":{"v":18.9,"p":6},"geometry":{"type":"Polygon","coordinates":[[[17.102086,48.146365],[17.10204,48.146377],[17.102001,48.146312],[17.102046,48.146299],[17.102086,48.146365]]]}},{"type":"Feature","properties":{"v":15.6,"p":5},"geometry":{"type":"Polygon","coordinates":[[[17.10204,48.146377],[17.102026,48.146381],[17.101986,48.146315],[17.102001,48.146312],[17.10204,48.146377]]]}},{"type":"Feature","properties":{"v":12.1,"p":4},"geometry":{"type":"Polygon","coordinates":[[[17.102026,48.146381],[17.101967,48.146397],[17.101935,48.146344],[17.101927,48.14633],[17.101951,48.146324],[17.101986,48.146315],[17.102026,48.146381]]]}},{"type":"Feature","properties":{"v":8.6,"p":3},"geometry":{"type":"Polygon","coordinates":[[[17.1019,48.146403],[17.101874,48.14636],[17.101935,48.146344],[17.101967,48.146397],[17.101939,48.146404],[17.101933,48.146394],[17.1019,48.146403]]]}},{"type":"Feature","properties":{"v":22.4,"p":7},"geometry":{"type":"Polygon","coordinates":[[[17.101779,48.14621],[17.101756,48.146155],[17.102139,48.146083],[17.102187,48.146132],[17.102069,48.146154],[17.102084,48.146191],[17.102049,48.146197],[17.102042,48.14618],[17.101935,48.146199],[17.101928,48.146183],[17.101779,48.14621]]]}},{"type":"Feature","properties":{"v":19,"p":6},"geometry":{"type":"Polygon","coordinates":[[[17.1019,48.146214],[17.101789,48.146234],[17.101779,48.14621],[17.101928,48.146183],[17.101935,48.146199],[17.102042,48.14618],[17.102049,48.146197],[17.102084,48.146191],[17.102069,48.146154],[17.102187,48.146132],[17.102217,48.146163],[17.102162,48.146181],[17.102102,48.1462],[17.10206,48.146208],[17.102036,48.146212],[17.102028,48.146191],[17.1019,48.146214]]]}},{"type":"Feature","properties":{"v":18.9,"p":6},"geometry":{"type":"Polygon","coordinates":[[[17.102139,48.146083],[17.101756,48.146155],[17.101749,48.146139],[17.101987,48.146096],[17.101985,48.146092],[17.102124,48.146068],[17.102139,48.146083]]]}},{"type":"Feature","properties":{"v":7,"p":2},"geometry":{"type":"Polygon","coordinates":[[[17.102205,48.146221],[17.102075,48.146245],[17.10206,48.146208],[17.102102,48.1462],[17.102162,48.146181],[17.102205,48.146221]]]}},{"type":"Feature","properties":{"v":5.5,"p":2},"geometry":{"type":"Polygon","coordinates":[[[17.101951,48.146324],[17.101927,48.14633],[17.101935,48.146344],[17.101874,48.14636],[17.101859,48.146362],[17.101794,48.146246],[17.101789,48.146234],[17.1019,48.146214],[17.101951,48.146324]]]}},{"type":"Feature","properties":{"v":18.7,"p":6},"geometry":{"type":"Polygon","coordinates":[[[17.102832,48.146076],[17.10283,48.146077],[17.102604,48.146157],[17.102563,48.146107],[17.102532,48.146066],[17.102786,48.146019],[17.102832,48.146076]]]}},{"type":"Feature","properties":{"v":21.8,"p":7},"geometry":{"type":"Polygon","coordinates":[[[17.102957,48.146],[17.102846,48.146021],[17.102838,48.14601],[17.102798,48.145956],[17.102996,48.145919],[17.103013,48.145959],[17.103029,48.145995],[17.102999,48.146001],[17.102995,48.145993],[17.102957,48.146]]]}},{"type":"Feature","properties":{"v":18.5,"p":6},"geometry":{"type":"Polygon","coordinates":[[[17.103115,48.145884],[17.102789,48.145945],[17.102784,48.145939],[17.103113,48.145878],[17.103115,48.145884]]]}},{"type":"Feature","properties":{"v":15.9,"p":5},"geometry":{"type":"Polygon","coordinates":[[[17.103103,48.145997],[17.103005,48.146015],[17.102999,48.146001],[17.103029,48.145995],[17.103013,48.145959],[17.103083,48.145947],[17.103103,48.145997]]]}},{"type":"Feature","properties":{"v":18.7,"p":6},"geometry":{"type":"Polygon","coordinates":[[[17.102967,48.146024],[17.102863,48.146043],[17.102846,48.146021],[17.102957,48.146],[17.102967,48.146024]]]}},{"type":"Feature","properties":{"v":17.1,"p":6},"geometry":{"type":"Polygon","coordinates":[[[17.102717,48.144094],[17.102538,48.144018],[17.102568,48.143986],[17.102582,48.143992],[17.102692,48.144039],[17.102834,48.143887],[17.102773,48.143862],[17.102708,48.143834],[17.102751,48.143789],[17.102842,48.143693],[17.102923,48.143731],[17.102996,48.143646],[17.103005,48.143588],[17.103077,48.143593],[17.103102,48.143568],[17.103164,48.143573],[17.103196,48.143575],[17.103178,48.143686],[17.103137,48.14373],[17.103119,48.143749],[17.103086,48.143735],[17.102911,48.143921],[17.102888,48.143911],[17.102717,48.144094]]]}},{"type":"Feature","properties":{"v":9.7,"p":3},"geometry":{"type":"Polygon","coordinates":[[[17.104067,48.142252],[17.104078,48.142264],[17.104044,48.142342],[17.104035,48.142338],[17.104065,48.142263],[17.104011,48.142248],[17.103965,48.142317],[17.103957,48.142315],[17.103955,48.14232],[17.10395,48.142318],[17.104006,48.142245],[17.104025,48.142241],[17.104067,48.142252]]]}},{"type":"Feature","properties":{"v":23.2,"p":8},"geometry":{"type":"Polygon","coordinates":[[[17.106041,48.146444],[17.106032,48.146454],[17.106025,48.146459],[17.105766,48.146659],[17.105754,48.146667],[17.10574,48.146672],[17.10573,48.146675],[17.105714,48.146677],[17.105694,48.146678],[17.105678,48.146675],[17.105659,48.14667],[17.105645,48.146664],[17.105394,48.146523],[17.105377,48.14651],[17.105362,48.146492],[17.105359,48.146478],[17.105359,48.14646],[17.105365,48.146444],[17.105423,48.146349],[17.105411,48.146346],[17.105497,48.146213],[17.105622,48.146236],[17.105635,48.146239],[17.105615,48.14631],[17.10561,48.146329],[17.10578,48.146426],[17.105932,48.146305],[17.106067,48.146333],[17.106076,48.146338],[17.106085,48.146347],[17.106088,48.146355],[17.106088,48.146362],[17.106081,48.146374],[17.106048,48.146435],[17.106041,48.146444]]]}},{"type":"Feature","properties":{"v":20.2,"p":7},"geometry":{"type":"Polygon","coordinates":[[[17.10578,48.146426],[17.10561,48.146329],[17.105615,48.14631],[17.10562,48.146313],[17.105776,48.146396],[17.105898,48.146303],[17.105909,48.1463],[17.105932,48.146305],[17.10578,48.146426]]]}},{"type":"Feature","properties":{"v":5.4,"p":2},"geometry":{"type":"Polygon","coordinates":[[[17.105673,48.14625],[17.105884,48.146295],[17.105909,48.1463],[17.105898,48.146303],[17.105776,48.146396],[17.10562,48.146313],[17.105615,48.14631],[17.105635,48.146239],[17.105673,48.14625]]]}},{"type":"Feature","properties":{"v":30.9,"p":10},"geometry":{"type":"Polygon","coordinates":[[[17.096493,48.141224],[17.096081,48.141309],[17.096034,48.141207],[17.096446,48.141122],[17.096493,48.141224]]]}},{"type":"Feature","properties":{"v":27.9,"p":9},"geometry":{"type":"Polygon","coordinates":[[[17.096034,48.141207],[17.096081,48.141309],[17.096002,48.141326],[17.09588,48.141019],[17.095845,48.140931],[17.096025,48.140879],[17.096064,48.140977],[17.09607,48.140992],[17.096099,48.140986],[17.096159,48.141136],[17.096149,48.141138],[17.096156,48.141154],[17.096434,48.141096],[17.096446,48.141122],[17.096034,48.141207]]]}},{"type":"Feature","properties":{"v":18.2,"p":6},"geometry":{"type":"Polygon","coordinates":[[[17.095845,48.140931],[17.09588,48.141019],[17.095831,48.141029],[17.095782,48.140908],[17.09628,48.140769],[17.096337,48.140899],[17.096064,48.140977],[17.096025,48.140879],[17.095845,48.140931]]]}},{"type":"Feature","properties":{"v":25.2,"p":8},"geometry":{"type":"Polygon","coordinates":[[[17.096687,48.141185],[17.096537,48.141216],[17.096363,48.140844],[17.0965,48.140815],[17.096655,48.141147],[17.096668,48.141144],[17.096687,48.141185]]]}},{"type":"Feature","properties":{"v":21.7,"p":7},"geometry":{"type":"Polygon","coordinates":[[[17.096668,48.141144],[17.096655,48.141147],[17.0965,48.140815],[17.096363,48.140844],[17.09634,48.140793],[17.096487,48.140761],[17.096668,48.141144]]]}},{"type":"Feature","properties":{"v":18.7,"p":6},"geometry":{"type":"Polygon","coordinates":[[[17.096487,48.140761],[17.09634,48.140793],[17.096321,48.140758],[17.096466,48.140717],[17.096487,48.140761]]]}},{"type":"Feature","properties":{"v":2.8,"p":1},"geometry":{"type":"Polygon","coordinates":[[[17.096858,48.141187],[17.096819,48.141196],[17.096797,48.141152],[17.096835,48.141144],[17.096858,48.141187]]]}},{"type":"Feature","properties":{"v":28.3,"p":9},"geometry":{"type":"Polygon","coordinates":[[[17.108436,48.146168],[17.108396,48.146194],[17.108479,48.14625],[17.108437,48.146303],[17.108315,48.14622],[17.108318,48.146195],[17.1084,48.146143],[17.108436,48.146168]]]}},{"type":"Feature","properties":{"v":25.3,"p":8},"geometry":{"type":"Polygon","coordinates":[[[17.108315,48.14622],[17.108437,48.146303],[17.108427,48.146314],[17.108397,48.146348],[17.108219,48.146228],[17.108262,48.146183],[17.108279,48.146195],[17.108309,48.146174],[17.108302,48.146168],[17.10837,48.146122],[17.1084,48.146143],[17.108318,48.146195],[17.108315,48.14622]]]}},{"type":"Feature","properties":{"v":22.3,"p":7},"geometry":{"type":"Polygon","coordinates":[[[17.108611,48.146382],[17.108546,48.146433],[17.108524,48.14645],[17.108384,48.146362],[17.108397,48.146348],[17.108427,48.146314],[17.108505,48.146319],[17.108611,48.146382]]]}},{"type":"Feature","properties":{"v":21,"p":7},"geometry":{"type":"Polygon","coordinates":[[[17.108397,48.146348],[17.108384,48.146362],[17.108381,48.146366],[17.108199,48.146241],[17.108219,48.146228],[17.108397,48.146348]]]}},{"type":"Feature","properties":{"v":4.3,"p":1},"geometry":{"type":"Polygon","coordinates":[[[17.105118,48.143897],[17.105074,48.143938],[17.104972,48.14389],[17.105012,48.14385],[17.105118,48.143897]]]}},{"type":"Feature","properties":{"v":21.6,"p":7},"geometry":{"type":"Polygon","coordinates":[[[17.109897,48.144211],[17.110331,48.144465],[17.110221,48.14455],[17.109906,48.144367],[17.109902,48.144364],[17.109776,48.144291],[17.109867,48.144211],[17.109881,48.144208],[17.109897,48.144211]]]}},{"type":"Feature","properties":{"v":21.5,"p":7},"geometry":{"type":"Polygon","coordinates":[[[17.109902,48.144364],[17.109852,48.144413],[17.109779,48.144477],[17.109691,48.144554],[17.109625,48.144629],[17.109579,48.144681],[17.109419,48.144646],[17.109548,48.144492],[17.109776,48.144291],[17.109902,48.144364]]]}},{"type":"Feature","properties":{"v":18.4,"p":6},"geometry":{"type":"Polygon","coordinates":[[[17.109116,48.144703],[17.108958,48.144646],[17.109038,48.144547],[17.10901,48.144536],[17.109036,48.144505],[17.109044,48.144506],[17.109213,48.144294],[17.10921,48.144292],[17.109199,48.144286],[17.109233,48.144246],[17.109256,48.144251],[17.109275,48.14423],[17.109282,48.144223],[17.109294,48.144213],[17.109416,48.144258],[17.109395,48.144284],[17.109318,48.144379],[17.109364,48.144396],[17.109116,48.144703]]]}},{"type":"Feature","properties":{"v":23.6,"p":8},"geometry":{"type":"Polygon","coordinates":[[[17.109698,48.144282],[17.109606,48.144376],[17.109395,48.144284],[17.109416,48.144258],[17.109294,48.144213],[17.109282,48.144223],[17.109275,48.14423],[17.109171,48.144185],[17.109228,48.144126],[17.109263,48.144091],[17.109698,48.144282]]]}},{"type":"Feature","properties":{"v":3,"p":1},"geometry":{"type":"Polygon","coordinates":[[[17.107779,48.142732],[17.107761,48.142757],[17.1077,48.142834],[17.107691,48.142845],[17.107629,48.142823],[17.10772,48.14271],[17.107779,48.142732]]]}},{"type":"Feature","properties":{"v":26.6,"p":9},"geometry":{"type":"Polygon","coordinates":[[[17.106795,48.147195],[17.106788,48.147205],[17.106778,48.14721],[17.106763,48.147212],[17.106748,48.147209],[17.106496,48.147084],[17.10663,48.146961],[17.106662,48.146957],[17.106661,48.146913],[17.10661,48.146913],[17.10661,48.146884],[17.106658,48.146884],[17.106652,48.146711],[17.106774,48.14671],[17.106795,48.147195]]]}},{"type":"Feature","properties":{"v":22.2,"p":7},"geometry":{"type":"Polygon","coordinates":[[[17.106829,48.147222],[17.106807,48.147235],[17.106778,48.147243],[17.106753,48.147245],[17.106735,48.14724],[17.106469,48.147108],[17.106496,48.147084],[17.106748,48.147209],[17.106763,48.147212],[17.106778,48.14721],[17.106788,48.147205],[17.106795,48.147195],[17.106774,48.14671],[17.106837,48.14671],[17.106856,48.147177],[17.106852,48.147192],[17.106843,48.147208],[17.106829,48.147222]]]}},{"type":"Feature","properties":{"v":23.4,"p":8},"geometry":{"type":"Polygon","coordinates":[[[17.104205,48.146708],[17.104185,48.14674],[17.104231,48.146752],[17.104186,48.146823],[17.104233,48.146834],[17.104257,48.14684],[17.104199,48.146936],[17.103969,48.146868],[17.103987,48.146838],[17.104012,48.146796],[17.104034,48.146759],[17.104065,48.146706],[17.104084,48.146674],[17.104205,48.146708]]]}},{"type":"Feature","properties":{"v":12.6,"p":4},"geometry":{"type":"Polygon","coordinates":[[[17.104277,48.146765],[17.104233,48.146834],[17.104186,48.146823],[17.104231,48.146752],[17.104277,48.146765]]]}},{"type":"Feature","properties":{"v":6.2,"p":2},"geometry":{"type":"Polygon","coordinates":[[[17.104296,48.146734],[17.104277,48.146765],[17.104231,48.146752],[17.104185,48.14674],[17.104205,48.146708],[17.104296,48.146734]]]}},{"type":"Feature","properties":{"v":15.6,"p":5},"geometry":{"type":"Polygon","coordinates":[[[17.104034,48.146759],[17.103931,48.146731],[17.103941,48.146716],[17.10396,48.146721],[17.103984,48.146684],[17.104065,48.146706],[17.104034,48.146759]]]}},{"type":"Feature","properties":{"v":13,"p":4},"geometry":{"type":"Polygon","coordinates":[[[17.104034,48.146759],[17.104012,48.146796],[17.103908,48.146768],[17.103931,48.146731],[17.104034,48.146759]]]}},{"type":"Feature","properties":{"v":10,"p":3},"geometry":{"type":"Polygon","coordinates":[[[17.104012,48.146796],[17.103987,48.146838],[17.103882,48.146809],[17.103908,48.146768],[17.104012,48.146796]]]}},{"type":"Feature","properties":{"v":7.4,"p":2},"geometry":{"type":"Polygon","coordinates":[[[17.103987,48.146838],[17.103969,48.146868],[17.103863,48.146839],[17.103882,48.146809],[17.103987,48.146838]]]}},{"type":"Feature","properties":{"v":2.5,"p":1},"geometry":{"type":"Polygon","coordinates":[[[17.10396,48.146721],[17.103941,48.146716],[17.104005,48.146604],[17.104298,48.146721],[17.104296,48.146734],[17.104205,48.146708],[17.104084,48.146674],[17.104065,48.146706],[17.103984,48.146684],[17.10396,48.146721]]]}},{"type":"Feature","properties":{"v":27,"p":9},"geometry":{"type":"Polygon","coordinates":[[[17.108882,48.142204],[17.10887,48.14222],[17.108813,48.142302],[17.108796,48.142328],[17.108756,48.142315],[17.108677,48.142291],[17.108685,48.142279],[17.108698,48.14226],[17.108751,48.142184],[17.108764,48.142166],[17.108882,48.142204]]]}},{"type":"Feature","properties":{"v":9.1,"p":3},"geometry":{"type":"Polygon","coordinates":[[[17.093922,48.146098],[17.093849,48.14615],[17.093782,48.146108],[17.093763,48.146089],[17.093751,48.146077],[17.093744,48.146076],[17.093734,48.146074],[17.093727,48.14607],[17.093722,48.146064],[17.093722,48.146058],[17.093726,48.146053],[17.093706,48.146032],[17.093676,48.146046],[17.093646,48.146015],[17.093671,48.146004],[17.093687,48.145998],[17.093764,48.145963],[17.093771,48.14597],[17.093788,48.145962],[17.093922,48.146098]]]}},{"type":"Feature","properties":{"v":11.1,"p":4},"geometry":{"type":"Polygon","coordinates":[[[17.096565,48.147444],[17.096395,48.147476],[17.096369,48.147481],[17.096366,48.147472],[17.096319,48.147364],[17.096514,48.147323],[17.096565,48.147444]]]}},{"type":"Feature","properties":{"v":14.7,"p":5},"geometry":{"type":"Polygon","coordinates":[[[17.10361,48.142946],[17.103446,48.142994],[17.103411,48.142945],[17.103573,48.142894],[17.10361,48.142946]]]}},{"type":"Feature","properties":{"v":18.5,"p":6},"geometry":{"type":"Polygon","coordinates":[[[17.107013,48.144558],[17.107001,48.144558],[17.106806,48.144551],[17.106786,48.14445],[17.106791,48.14445],[17.106956,48.144445],[17.107017,48.144443],[17.107018,48.144475],[17.106986,48.144475],[17.106987,48.144493],[17.107016,48.144493],[17.107013,48.144558]]]}},{"type":"Feature","properties":{"v":18.5,"p":6},"geometry":{"type":"Polygon","coordinates":[[[17.107456,48.144603],[17.10714,48.144555],[17.10715,48.144492],[17.10739,48.144519],[17.107405,48.144406],[17.107518,48.144422],[17.107501,48.144462],[17.107456,48.144603]]]}},{"type":"Feature","properties":{"v":19.8,"p":7},"geometry":{"type":"Polygon","coordinates":[[[17.102928,48.146119],[17.102654,48.146218],[17.102604,48.146157],[17.10283,48.146077],[17.102832,48.146076],[17.102875,48.146061],[17.102928,48.146119]]]}},{"type":"Feature","properties":{"v":19.8,"p":7},"geometry":{"type":"Polygon","coordinates":[[[17.102798,48.145956],[17.102838,48.14601],[17.102786,48.146019],[17.102532,48.146066],[17.102484,48.146003],[17.102789,48.145945],[17.102798,48.145956]]]}},{"type":"Feature","properties":{"v":18.5,"p":6},"geometry":{"type":"Polygon","coordinates":[[[17.103158,48.145958],[17.103181,48.145982],[17.103103,48.145997],[17.103083,48.145947],[17.103013,48.145959],[17.102996,48.145919],[17.102798,48.145956],[17.102789,48.145945],[17.103115,48.145884],[17.103126,48.145907],[17.103158,48.145958]]]}},{"type":"Feature","properties":{"v":8.5,"p":3},"geometry":{"type":"Polygon","coordinates":[[[17.101805,48.145845],[17.101763,48.145853],[17.101706,48.145863],[17.101647,48.145873],[17.101576,48.145739],[17.101648,48.145725],[17.101716,48.145712],[17.101747,48.145706],[17.101805,48.145845]]]}},{"type":"Feature","properties":{"v":39.8,"p":13},"geometry":{"type":"Polygon","coordinates":[[[17.108452,48.130802],[17.108342,48.130804],[17.108309,48.130656],[17.108474,48.130654],[17.108452,48.130802]]]}},{"type":"Feature","properties":{"v":36.6,"p":12},"geometry":{"type":"Polygon","coordinates":[[[17.10785,48.130441],[17.107797,48.130585],[17.107687,48.130577],[17.107685,48.130428],[17.10785,48.130441]]]}},{"type":"Feature","properties":{"v":40.2,"p":13},"geometry":{"type":"Polygon","coordinates":[[[17.095227,48.128599],[17.095107,48.128626],[17.095085,48.128582],[17.09514,48.12857],[17.095141,48.128573],[17.095206,48.128558],[17.095227,48.128599]]]}},{"type":"Feature","properties":{"v":40.4,"p":13},"geometry":{"type":"Polygon","coordinates":[[[17.09842,48.128561],[17.098351,48.128563],[17.098348,48.128525],[17.098355,48.128525],[17.098352,48.128481],[17.098414,48.128479],[17.09842,48.128561]]]}},{"type":"Feature","properties":{"v":10.2,"p":3},"geometry":{"type":"Polygon","coordinates":[[[17.102477,48.133802],[17.100533,48.13387],[17.100512,48.133594],[17.102456,48.133526],[17.102477,48.133802]]]}},{"type":"Feature","properties":{"v":10.1,"p":3},"geometry":{"type":"Polygon","coordinates":[[[17.100263,48.133875],[17.099457,48.133902],[17.099436,48.133628],[17.100242,48.133601],[17.100263,48.133875]]]}},{"type":"Feature","properties":{"v":7.2,"p":2},"geometry":{"type":"Polygon","coordinates":[[[17.101034,48.134208],[17.100888,48.134213],[17.100874,48.134033],[17.10102,48.134028],[17.101034,48.134208]]]}},{"type":"Feature","properties":{"v":38.3,"p":13},"geometry":{"type":"Polygon","coordinates":[[[17.105829,48.129386],[17.105669,48.129491],[17.105593,48.129451],[17.105711,48.129322],[17.105829,48.129386]]]}},{"type":"Feature","properties":{"v":36.5,"p":12},"geometry":{"type":"Polygon","coordinates":[[[17.106281,48.129684],[17.106144,48.129802],[17.106062,48.12977],[17.106151,48.129632],[17.106281,48.129684]]]}},{"type":"Feature","properties":{"v":37.4,"p":12},"geometry":{"type":"Polygon","coordinates":[[[17.106766,48.129958],[17.106654,48.130088],[17.106568,48.130064],[17.106626,48.129918],[17.106766,48.129958]]]}},{"type":"Feature","properties":{"v":36,"p":12},"geometry":{"type":"Polygon","coordinates":[[[17.10728,48.130207],[17.107196,48.130346],[17.107103,48.13033],[17.107134,48.130182],[17.10728,48.130207]]]}},{"type":"Feature","properties":{"v":29.3,"p":10},"geometry":{"type":"Polygon","coordinates":[[[17.103355,48.128475],[17.10328,48.128477],[17.103279,48.12845],[17.103353,48.128448],[17.103355,48.128475]]]}},{"type":"Feature","properties":{"v":29.3,"p":10},"geometry":{"type":"Polygon","coordinates":[[[17.094843,48.129177],[17.094763,48.129179],[17.094761,48.129151],[17.094842,48.129149],[17.094843,48.129177]]]}},{"type":"Feature","properties":{"v":29.3,"p":10},"geometry":{"type":"Polygon","coordinates":[[[17.094853,48.129328],[17.094773,48.12933],[17.094771,48.129303],[17.094852,48.1293],[17.094853,48.129328]]]}},{"type":"Feature","properties":{"v":29.4,"p":10},"geometry":{"type":"Polygon","coordinates":[[[17.094868,48.129481],[17.094787,48.129484],[17.094785,48.129456],[17.094866,48.129454],[17.094868,48.129481]]]}},{"type":"Feature","properties":{"v":29.4,"p":10},"geometry":{"type":"Polygon","coordinates":[[[17.094878,48.129631],[17.094798,48.129634],[17.094796,48.129606],[17.094877,48.129604],[17.094878,48.129631]]]}},{"type":"Feature","properties":{"v":29.2,"p":10},"geometry":{"type":"Polygon","coordinates":[[[17.094903,48.130034],[17.094831,48.130036],[17.094829,48.130008],[17.094901,48.130006],[17.094903,48.130034]]]}},{"type":"Feature","properties":{"v":29.3,"p":10},"geometry":{"type":"Polygon","coordinates":[[[17.094894,48.129902],[17.094821,48.129904],[17.094819,48.129876],[17.094892,48.129874],[17.094894,48.129902]]]}},{"type":"Feature","properties":{"v":29.3,"p":10},"geometry":{"type":"Polygon","coordinates":[[[17.094884,48.129772],[17.094812,48.129774],[17.09481,48.129746],[17.094883,48.129743],[17.094884,48.129772]]]}},{"type":"Feature","properties":{"v":29.1,"p":10},"geometry":{"type":"Polygon","coordinates":[[[17.095955,48.129052],[17.095915,48.129053],[17.095911,48.129005],[17.095951,48.129003],[17.095955,48.129052]]]}},{"type":"Feature","properties":{"v":29.1,"p":10},"geometry":{"type":"Polygon","coordinates":[[[17.095762,48.129059],[17.095722,48.129061],[17.095718,48.129012],[17.095758,48.129011],[17.095762,48.129059]]]}},{"type":"Feature","properties":{"v":29.2,"p":10},"geometry":{"type":"Polygon","coordinates":[[[17.094922,48.130293],[17.09485,48.130295],[17.094848,48.130267],[17.09492,48.130265],[17.094922,48.130293]]]}},{"type":"Feature","properties":{"v":29.2,"p":10},"geometry":{"type":"Polygon","coordinates":[[[17.094911,48.130163],[17.094839,48.130165],[17.094837,48.130137],[17.094909,48.130135],[17.094911,48.130163]]]}},{"type":"Feature","properties":{"v":29.5,"p":10},"geometry":{"type":"Polygon","coordinates":[[[17.110749,48.129863],[17.110708,48.129863],[17.110706,48.129814],[17.110747,48.129813],[17.110749,48.129863]]]}},{"type":"Feature","properties":{"v":29.5,"p":10},"geometry":{"type":"Polygon","coordinates":[[[17.110943,48.129856],[17.110902,48.129857],[17.1109,48.129807],[17.110941,48.129807],[17.110943,48.129856]]]}},{"type":"Feature","properties":{"v":29.7,"p":10},"geometry":{"type":"Polygon","coordinates":[[[17.111138,48.12985],[17.111097,48.129851],[17.111095,48.129801],[17.111136,48.129801],[17.111138,48.12985]]]}},{"type":"Feature","properties":{"v":29.8,"p":10},"geometry":{"type":"Polygon","coordinates":[[[17.11133,48.129843],[17.111289,48.129843],[17.111287,48.129794],[17.111328,48.129793],[17.11133,48.129843]]]}},{"type":"Feature","properties":{"v":29.9,"p":10},"geometry":{"type":"Polygon","coordinates":[[[17.110548,48.129233],[17.110473,48.129235],[17.110471,48.129209],[17.110546,48.129207],[17.110548,48.129233]]]}},{"type":"Feature","properties":{"v":29.7,"p":10},"geometry":{"type":"Polygon","coordinates":[[[17.11056,48.129383],[17.110485,48.129386],[17.110483,48.12936],[17.110558,48.129357],[17.11056,48.129383]]]}},{"type":"Feature","properties":{"v":29.3,"p":10},"geometry":{"type":"Polygon","coordinates":[[[17.095991,48.129343],[17.095919,48.129345],[17.095918,48.129318],[17.09599,48.129316],[17.095991,48.129343]]]}},{"type":"Feature","properties":{"v":29.2,"p":10},"geometry":{"type":"Polygon","coordinates":[[[17.096004,48.129494],[17.095932,48.129496],[17.095931,48.129469],[17.096003,48.129467],[17.096004,48.129494]]]}},{"type":"Feature","properties":{"v":29.2,"p":10},"geometry":{"type":"Polygon","coordinates":[[[17.096013,48.129636],[17.095941,48.129638],[17.09594,48.129611],[17.096012,48.129609],[17.096013,48.129636]]]}},{"type":"Feature","properties":{"v":29.5,"p":10},"geometry":{"type":"Polygon","coordinates":[[[17.096024,48.129766],[17.095952,48.129767],[17.09595,48.12974],[17.096022,48.129739],[17.096024,48.129766]]]}},{"type":"Feature","properties":{"v":29.2,"p":10},"geometry":{"type":"Polygon","coordinates":[[[17.096732,48.129309],[17.096657,48.129311],[17.096655,48.129283],[17.09673,48.129281],[17.096732,48.129309]]]}},{"type":"Feature","properties":{"v":29.3,"p":10},"geometry":{"type":"Polygon","coordinates":[[[17.096741,48.129438],[17.096666,48.12944],[17.096664,48.129412],[17.096739,48.129409],[17.096741,48.129438]]]}},{"type":"Feature","properties":{"v":29.2,"p":10},"geometry":{"type":"Polygon","coordinates":[[[17.096753,48.129579],[17.096677,48.129582],[17.096675,48.129553],[17.096751,48.129551],[17.096753,48.129579]]]}},{"type":"Feature","properties":{"v":29.2,"p":10},"geometry":{"type":"Polygon","coordinates":[[[17.096765,48.129729],[17.09669,48.129732],[17.096688,48.129704],[17.096763,48.129701],[17.096765,48.129729]]]}},{"type":"Feature","properties":{"v":29.2,"p":10},"geometry":{"type":"Polygon","coordinates":[[[17.096697,48.129029],[17.096655,48.129031],[17.096651,48.128979],[17.096693,48.128978],[17.096697,48.129029]]]}},{"type":"Feature","properties":{"v":29.3,"p":10},"geometry":{"type":"Polygon","coordinates":[[[17.09689,48.129022],[17.096848,48.129023],[17.096844,48.128972],[17.096886,48.12897],[17.09689,48.129022]]]}},{"type":"Feature","properties":{"v":29.3,"p":10},"geometry":{"type":"Polygon","coordinates":[[[17.097084,48.129016],[17.097041,48.129018],[17.097037,48.128966],[17.09708,48.128965],[17.097084,48.129016]]]}},{"type":"Feature","properties":{"v":29.3,"p":10},"geometry":{"type":"Polygon","coordinates":[[[17.097276,48.12901],[17.097233,48.129011],[17.097229,48.12896],[17.097272,48.128958],[17.097276,48.12901]]]}},{"type":"Feature","properties":{"v":29.3,"p":10},"geometry":{"type":"Polygon","coordinates":[[[17.097472,48.129004],[17.09743,48.129005],[17.097426,48.128954],[17.097468,48.128952],[17.097472,48.129004]]]}},{"type":"Feature","properties":{"v":29.5,"p":10},"geometry":{"type":"Polygon","coordinates":[[[17.097666,48.128995],[17.097624,48.128997],[17.09762,48.128945],[17.097662,48.128944],[17.097666,48.128995]]]}},{"type":"Feature","properties":{"v":29.4,"p":10},"geometry":{"type":"Polygon","coordinates":[[[17.097855,48.129074],[17.09778,48.129076],[17.097778,48.129049],[17.097853,48.129046],[17.097855,48.129074]]]}},{"type":"Feature","properties":{"v":29.2,"p":10},"geometry":{"type":"Polygon","coordinates":[[[17.097866,48.129224],[17.097791,48.129227],[17.097789,48.1292],[17.097864,48.129197],[17.097866,48.129224]]]}},{"type":"Feature","properties":{"v":29.5,"p":10},"geometry":{"type":"Polygon","coordinates":[[[17.097899,48.129636],[17.097825,48.129639],[17.097822,48.129613],[17.097896,48.12961],[17.097899,48.129636]]]}},{"type":"Feature","properties":{"v":29.5,"p":10},"geometry":{"type":"Polygon","coordinates":[[[17.09791,48.129789],[17.097836,48.129792],[17.097834,48.129765],[17.097908,48.129762],[17.09791,48.129789]]]}},{"type":"Feature","properties":{"v":29.3,"p":10},"geometry":{"type":"Polygon","coordinates":[[[17.097879,48.129365],[17.097804,48.129368],[17.097802,48.129341],[17.097878,48.129338],[17.097879,48.129365]]]}},{"type":"Feature","properties":{"v":29.3,"p":10},"geometry":{"type":"Polygon","coordinates":[[[17.097887,48.129495],[17.097812,48.129498],[17.09781,48.12947],[17.097885,48.129468],[17.097887,48.129495]]]}},{"type":"Feature","properties":{"v":29.4,"p":10},"geometry":{"type":"Polygon","coordinates":[[[17.096704,48.128631],[17.096664,48.128632],[17.09666,48.128583],[17.096701,48.128582],[17.096704,48.128631]]]}},{"type":"Feature","properties":{"v":29.4,"p":10},"geometry":{"type":"Polygon","coordinates":[[[17.096511,48.128635],[17.09647,48.128637],[17.096466,48.128588],[17.096507,48.128586],[17.096511,48.128635]]]}},{"type":"Feature","properties":{"v":29.3,"p":10},"geometry":{"type":"Polygon","coordinates":[[[17.096317,48.128643],[17.096276,48.128644],[17.096272,48.128595],[17.096313,48.128594],[17.096317,48.128643]]]}},{"type":"Feature","properties":{"v":29.3,"p":10},"geometry":{"type":"Polygon","coordinates":[[[17.096124,48.128649],[17.096083,48.128651],[17.09608,48.128602],[17.09612,48.1286],[17.096124,48.128649]]]}},{"type":"Feature","properties":{"v":28.9,"p":10},"geometry":{"type":"Polygon","coordinates":[[[17.097094,48.128616],[17.097054,48.128617],[17.09705,48.128568],[17.09709,48.128567],[17.097094,48.128616]]]}},{"type":"Feature","properties":{"v":29.2,"p":10},"geometry":{"type":"Polygon","coordinates":[[[17.0969,48.128623],[17.096859,48.128624],[17.096856,48.128575],[17.096896,48.128574],[17.0969,48.128623]]]}},{"type":"Feature","properties":{"v":29.3,"p":10},"geometry":{"type":"Polygon","coordinates":[[[17.102204,48.128874],[17.102131,48.128877],[17.102129,48.12885],[17.102202,48.128848],[17.102204,48.128874]]]}},{"type":"Feature","properties":{"v":29.1,"p":10},"geometry":{"type":"Polygon","coordinates":[[[17.102191,48.128725],[17.102118,48.128727],[17.102116,48.1287],[17.102189,48.128698],[17.102191,48.128725]]]}},{"type":"Feature","properties":{"v":29,"p":10},"geometry":{"type":"Polygon","coordinates":[[[17.103369,48.128682],[17.103295,48.128684],[17.103293,48.128657],[17.103368,48.128656],[17.103369,48.128682]]]}},{"type":"Feature","properties":{"v":28.9,"p":10},"geometry":{"type":"Polygon","coordinates":[[[17.103382,48.128833],[17.103308,48.128835],[17.103306,48.128808],[17.103381,48.128806],[17.103382,48.128833]]]}},{"type":"Feature","properties":{"v":28.8,"p":10},"geometry":{"type":"Polygon","coordinates":[[[17.103395,48.128987],[17.10332,48.128989],[17.103319,48.128962],[17.103393,48.12896],[17.103395,48.128987]]]}},{"type":"Feature","properties":{"v":29,"p":10},"geometry":{"type":"Polygon","coordinates":[[[17.103406,48.129139],[17.103331,48.12914],[17.10333,48.129114],[17.103405,48.129112],[17.103406,48.129139]]]}},{"type":"Feature","properties":{"v":29.2,"p":10},"geometry":{"type":"Polygon","coordinates":[[[17.10321,48.129254],[17.103169,48.129255],[17.103165,48.129204],[17.103207,48.129203],[17.10321,48.129254]]]}},{"type":"Feature","properties":{"v":29.2,"p":10},"geometry":{"type":"Polygon","coordinates":[[[17.102984,48.129262],[17.102942,48.129263],[17.102939,48.129212],[17.10298,48.129211],[17.102984,48.129262]]]}},{"type":"Feature","properties":{"v":29.2,"p":10},"geometry":{"type":"Polygon","coordinates":[[[17.102773,48.129269],[17.102731,48.129271],[17.102728,48.12922],[17.10277,48.129218],[17.102773,48.129269]]]}},{"type":"Feature","properties":{"v":29.2,"p":10},"geometry":{"type":"Polygon","coordinates":[[[17.10258,48.129276],[17.102538,48.129277],[17.102535,48.129226],[17.102577,48.129225],[17.10258,48.129276]]]}},{"type":"Feature","properties":{"v":29.2,"p":10},"geometry":{"type":"Polygon","coordinates":[[[17.102385,48.129282],[17.102343,48.129283],[17.10234,48.129232],[17.102381,48.129231],[17.102385,48.129282]]]}},{"type":"Feature","properties":{"v":8.1,"p":3},"geometry":{"type":"Polygon","coordinates":[[[17.099789,48.130423],[17.099626,48.130428],[17.099622,48.130357],[17.099784,48.130353],[17.099789,48.130423]]]}},{"type":"Feature","properties":{"v":16,"p":5},"geometry":{"type":"Polygon","coordinates":[[[17.106766,48.133233],[17.106692,48.133298],[17.106565,48.133234],[17.106639,48.133169],[17.106766,48.133233]]]}},{"type":"Feature","properties":{"v":16.1,"p":5},"geometry":{"type":"Polygon","coordinates":[[[17.106846,48.13314],[17.106794,48.133185],[17.10671,48.133141],[17.106762,48.133096],[17.106846,48.13314]]]}},{"type":"Feature","properties":{"v":40.8,"p":14},"geometry":{"type":"Polygon","coordinates":[[[17.099898,48.131365],[17.09982,48.131368],[17.099811,48.131247],[17.099889,48.131244],[17.099898,48.131365]]]}},{"type":"Feature","properties":{"v":37.4,"p":12},"geometry":{"type":"Polygon","coordinates":[[[17.100822,48.131489],[17.100744,48.131491],[17.100742,48.13146],[17.10082,48.131458],[17.100822,48.131489]]]}},{"type":"Feature","properties":{"v":36.2,"p":12},"geometry":{"type":"Polygon","coordinates":[[[17.100744,48.131491],[17.100745,48.131492],[17.100702,48.131494],[17.1007,48.131462],[17.100742,48.13146],[17.100744,48.131491]]]}},{"type":"Feature","properties":{"v":84,"p":28},"geometry":{"type":"Polygon","coordinates":[[[17.098895,48.133649],[17.098809,48.133653],[17.098803,48.133577],[17.098888,48.133574],[17.098895,48.133649]]]}},{"type":"Feature","properties":{"v":83.4,"p":28},"geometry":{"type":"Polygon","coordinates":[[[17.098861,48.133786],[17.098831,48.133786],[17.098829,48.133747],[17.098859,48.133747],[17.098861,48.133786]]]}},{"type":"Feature","properties":{"v":83.3,"p":28},"geometry":{"type":"Polygon","coordinates":[[[17.098873,48.1339],[17.098839,48.1339],[17.098837,48.133862],[17.098872,48.133861],[17.098873,48.1339]]]}},{"type":"Feature","properties":{"v":29.1,"p":10},"geometry":{"type":"Polygon","coordinates":[[[17.095566,48.129066],[17.095526,48.129067],[17.095522,48.129019],[17.095562,48.129017],[17.095566,48.129066]]]}},{"type":"Feature","properties":{"v":29.3,"p":10},"geometry":{"type":"Polygon","coordinates":[[[17.095374,48.129072],[17.095334,48.129074],[17.09533,48.129025],[17.09537,48.129024],[17.095374,48.129072]]]}},{"type":"Feature","properties":{"v":29.4,"p":10},"geometry":{"type":"Polygon","coordinates":[[[17.095179,48.129078],[17.095139,48.129079],[17.095135,48.129031],[17.095175,48.129029],[17.095179,48.129078]]]}},{"type":"Feature","properties":{"v":29.4,"p":10},"geometry":{"type":"Polygon","coordinates":[[[17.094986,48.129086],[17.094946,48.129087],[17.094942,48.129039],[17.094982,48.129037],[17.094986,48.129086]]]}},{"type":"Feature","properties":{"v":29.6,"p":10},"geometry":{"type":"Polygon","coordinates":[[[17.110567,48.129493],[17.110493,48.129496],[17.110491,48.12947],[17.110565,48.129467],[17.110567,48.129493]]]}},{"type":"Feature","properties":{"v":29.5,"p":10},"geometry":{"type":"Polygon","coordinates":[[[17.110581,48.129643],[17.110506,48.129645],[17.110504,48.12962],[17.110579,48.129617],[17.110581,48.129643]]]}},{"type":"Feature","properties":{"v":29.4,"p":10},"geometry":{"type":"Polygon","coordinates":[[[17.11059,48.129761],[17.110515,48.129764],[17.110514,48.129738],[17.110588,48.129735],[17.11059,48.129761]]]}},{"type":"Feature","properties":{"v":29.3,"p":10},"geometry":{"type":"Polygon","coordinates":[[[17.102225,48.129178],[17.102152,48.129181],[17.102151,48.129154],[17.102223,48.129152],[17.102225,48.129178]]]}},{"type":"Feature","properties":{"v":29.3,"p":10},"geometry":{"type":"Polygon","coordinates":[[[17.102215,48.129027],[17.102142,48.129029],[17.10214,48.129002],[17.102213,48.129],[17.102215,48.129027]]]}},{"type":"Feature","properties":{"v":4.2,"p":1},"geometry":{"type":"Polygon","coordinates":[[[17.100279,48.135073],[17.100268,48.135091],[17.100243,48.135084],[17.100254,48.135066],[17.100279,48.135073]]]}},{"type":"Feature","properties":{"v":37.4,"p":12},"geometry":{"type":"Polygon","coordinates":[[[17.100631,48.13146],[17.1006,48.131462],[17.100596,48.131407],[17.100627,48.131406],[17.100631,48.13146]]]}},{"type":"Feature","properties":{"v":15.6,"p":5},"geometry":{"type":"Polygon","coordinates":[[[17.10878,48.130513],[17.108749,48.130511],[17.108751,48.130492],[17.108782,48.130494],[17.10878,48.130513]]]}},{"type":"Feature","properties":{"v":15.9,"p":5},"geometry":{"type":"Polygon","coordinates":[[[17.109682,48.132835],[17.109624,48.13284],[17.109613,48.132782],[17.109671,48.132777],[17.109682,48.132835]]]}},{"type":"Feature","properties":{"v":25.7,"p":9},"geometry":{"type":"Polygon","coordinates":[[[17.103916,48.146249],[17.103875,48.146278],[17.103865,48.146271],[17.103801,48.146233],[17.103843,48.146203],[17.103916,48.146249]]]}},{"type":"Feature","properties":{"v":25.2,"p":8},"geometry":{"type":"Polygon","coordinates":[[[17.09839,48.144084],[17.09829,48.144084],[17.09829,48.144062],[17.098369,48.144062],[17.098391,48.144062],[17.09839,48.144084]]]}},{"type":"Feature","properties":{"v":24.2,"p":8},"geometry":{"type":"Polygon","coordinates":[[[17.097503,48.141881],[17.097383,48.141899],[17.097358,48.141819],[17.097478,48.141802],[17.097503,48.141881]]]}},{"type":"Feature","properties":{"v":24.5,"p":8},"geometry":{"type":"Polygon","coordinates":[[[17.105673,48.140299],[17.105705,48.14031],[17.105681,48.140338],[17.105617,48.140319],[17.10562,48.140277],[17.105673,48.140278],[17.105673,48.140299]]]}},{"type":"Feature","properties":{"v":25,"p":8},"geometry":{"type":"Polygon","coordinates":[[[17.106232,48.14045],[17.106096,48.140482],[17.106064,48.140423],[17.106201,48.140391],[17.106232,48.14045]]]}},{"type":"Feature","properties":{"v":21.7,"p":7},"geometry":{"type":"Polygon","coordinates":[[[17.106884,48.140463],[17.106855,48.140574],[17.106788,48.140566],[17.106817,48.140455],[17.106884,48.140463]]]}},{"type":"Feature","properties":{"v":11,"p":4},"geometry":{"type":"Polygon","coordinates":[[[17.095031,48.143344],[17.095111,48.143363],[17.095035,48.143505],[17.094963,48.143487],[17.094893,48.143471],[17.094969,48.143329],[17.095031,48.143344]]]}},{"type":"Feature","properties":{"v":9,"p":3},"geometry":{"type":"Polygon","coordinates":[[[17.095045,48.143514],[17.09496,48.143493],[17.094963,48.143487],[17.095035,48.143505],[17.095111,48.143363],[17.095031,48.143344],[17.095035,48.143335],[17.095129,48.143357],[17.095045,48.143514]]]}},{"type":"Feature","properties":{"v":9.1,"p":3},"geometry":{"type":"Polygon","coordinates":[[[17.094969,48.143329],[17.094893,48.143471],[17.094876,48.143467],[17.094952,48.143325],[17.094969,48.143329]]]}},{"type":"Feature","properties":{"v":28.1,"p":9},"geometry":{"type":"Polygon","coordinates":[[[17.110291,48.143196],[17.110255,48.143235],[17.110113,48.143177],[17.11015,48.143137],[17.110291,48.143196]]]}},{"type":"Feature","properties":{"v":28.1,"p":9},"geometry":{"type":"Polygon","coordinates":[[[17.110429,48.143254],[17.110394,48.143291],[17.110291,48.143249],[17.110326,48.143211],[17.110429,48.143254]]]}},{"type":"Feature","properties":{"v":10.9,"p":4},"geometry":{"type":"Polygon","coordinates":[[[17.097435,48.14664],[17.09743,48.146628],[17.097416,48.14663],[17.097408,48.146631],[17.0974,48.146629],[17.09739,48.146625],[17.097386,48.146619],[17.097386,48.146612],[17.09739,48.146604],[17.097396,48.1466],[17.097405,48.146597],[17.097413,48.146595],[17.0974,48.146564],[17.097498,48.146545],[17.097534,48.14662],[17.097435,48.14664]]]}},{"type":"Feature","properties":{"v":22.8,"p":8},"geometry":{"type":"Polygon","coordinates":[[[17.09896,48.144544],[17.098814,48.144566],[17.098787,48.144488],[17.098767,48.144491],[17.098756,48.144459],[17.098762,48.144458],[17.098753,48.144431],[17.098761,48.14443],[17.098751,48.144399],[17.098848,48.144384],[17.098864,48.144431],[17.098899,48.144425],[17.098908,48.144451],[17.098927,48.144448],[17.09896,48.144544]]]}},{"type":"Feature","properties":{"v":15.1,"p":5},"geometry":{"type":"Polygon","coordinates":[[[17.100261,48.144563],[17.100211,48.14468],[17.100075,48.144653],[17.100124,48.144537],[17.100261,48.144563]]]}},{"type":"Feature","properties":{"v":23,"p":8},"geometry":{"type":"Polygon","coordinates":[[[17.108419,48.146746],[17.108385,48.146768],[17.108355,48.146746],[17.108389,48.146725],[17.108419,48.146746]]]}},{"type":"Feature","properties":{"v":27,"p":9},"geometry":{"type":"Polygon","coordinates":[[[17.105405,48.146346],[17.105378,48.14639],[17.105321,48.146375],[17.105349,48.14633],[17.105405,48.146346]]]}},{"type":"Feature","properties":{"v":26.1,"p":9},"geometry":{"type":"Polygon","coordinates":[[[17.105168,48.146293],[17.105154,48.146312],[17.105118,48.1463],[17.105132,48.146281],[17.105168,48.146293]]]}},{"type":"Feature","properties":{"v":27,"p":9},"geometry":{"type":"Polygon","coordinates":[[[17.105049,48.146098],[17.105171,48.146133],[17.105102,48.146239],[17.105021,48.146215],[17.105063,48.146153],[17.104983,48.14613],[17.105012,48.146087],[17.105049,48.146098]]]}},{"type":"Feature","properties":{"v":24.9,"p":8},"geometry":{"type":"Polygon","coordinates":[[[17.104738,48.14603],[17.104757,48.146035],[17.104728,48.146079],[17.104664,48.146061],[17.104692,48.146016],[17.104738,48.14603]]]}},{"type":"Feature","properties":{"v":22.6,"p":8},"geometry":{"type":"Polygon","coordinates":[[[17.104739,48.145961],[17.104719,48.145991],[17.104685,48.145981],[17.104705,48.145951],[17.104739,48.145961]]]}},{"type":"Feature","properties":{"v":21.6,"p":7},"geometry":{"type":"Polygon","coordinates":[[[17.104873,48.145758],[17.104827,48.145827],[17.104796,48.145818],[17.104841,48.145749],[17.104873,48.145758]]]}},{"type":"Feature","properties":{"v":22.3,"p":7},"geometry":{"type":"Polygon","coordinates":[[[17.104977,48.145703],[17.104947,48.145749],[17.104927,48.145743],[17.104884,48.14573],[17.104914,48.145684],[17.104977,48.145703]]]}},{"type":"Feature","properties":{"v":24.5,"p":8},"geometry":{"type":"Polygon","coordinates":[[[17.105425,48.145759],[17.105387,48.145816],[17.10523,48.145769],[17.105262,48.145719],[17.10532,48.145736],[17.105348,48.145694],[17.105449,48.145723],[17.105443,48.145731],[17.105425,48.145759]]]}},{"type":"Feature","properties":{"v":7.2,"p":2},"geometry":{"type":"Polygon","coordinates":[[[17.09443,48.143872],[17.094378,48.143877],[17.094374,48.143855],[17.094425,48.143851],[17.09443,48.143872]]]}},{"type":"Feature","properties":{"v":20.4,"p":7},"geometry":{"type":"Polygon","coordinates":[[[17.102885,48.143908],[17.102834,48.143887],[17.102773,48.143862],[17.102814,48.143816],[17.102751,48.143789],[17.102842,48.143693],[17.102923,48.143731],[17.102996,48.143646],[17.103005,48.143588],[17.103077,48.143593],[17.103102,48.143568],[17.103164,48.143573],[17.103145,48.143679],[17.103129,48.143696],[17.103104,48.143685],[17.103062,48.14373],[17.10303,48.143716],[17.103033,48.143713],[17.103026,48.14371],[17.103012,48.143725],[17.103044,48.143739],[17.102885,48.143908]]]}},{"type":"Feature","properties":{"v":28.7,"p":10},"geometry":{"type":"Polygon","coordinates":[[[17.105791,48.146632],[17.105775,48.146646],[17.10575,48.146659],[17.105717,48.146668],[17.10568,48.146666],[17.105653,48.146658],[17.10539,48.146496],[17.105377,48.146485],[17.10537,48.146471],[17.105368,48.146459],[17.105372,48.146445],[17.105423,48.146349],[17.105455,48.146291],[17.105462,48.146282],[17.105472,48.146275],[17.105488,48.146271],[17.105503,48.146271],[17.105598,48.146291],[17.105586,48.146339],[17.105782,48.146452],[17.105901,48.146358],[17.105989,48.146374],[17.105995,48.146376],[17.106009,48.146382],[17.106016,48.14639],[17.106022,48.146401],[17.10602,48.146416],[17.10601,48.146427],[17.105791,48.146632]]]}},{"type":"Feature","properties":{"v":21.6,"p":7},"geometry":{"type":"Polygon","coordinates":[[[17.109353,48.14425],[17.109256,48.144363],[17.109186,48.144336],[17.109282,48.144223],[17.109353,48.14425]]]}},{"type":"Feature","properties":{"v":11.1,"p":4},"geometry":{"type":"Polygon","coordinates":[[[17.096538,48.147441],[17.096397,48.147469],[17.096353,48.147367],[17.096493,48.147339],[17.096538,48.147441]]]}},{"type":"Feature","properties":{"v":25,"p":8},"geometry":{"type":"Polygon","coordinates":[[[17.107353,48.140142],[17.107365,48.140149],[17.107372,48.140157],[17.107375,48.140165],[17.107372,48.140176],[17.107362,48.140185],[17.107348,48.140192],[17.10734,48.140193],[17.107249,48.14019],[17.107236,48.140187],[17.107225,48.14018],[17.107218,48.140172],[17.107215,48.140164],[17.107217,48.140155],[17.107221,48.140148],[17.10723,48.140141],[17.10724,48.140137],[17.107253,48.140136],[17.107339,48.140138],[17.107353,48.140142]]]}},{"type":"Feature","properties":{"v":27.4,"p":9},"geometry":{"type":"Polygon","coordinates":[[[17.109039,48.146646],[17.109018,48.146666],[17.108976,48.146645],[17.108998,48.146625],[17.109039,48.146646]]]}},{"type":"Feature","properties":{"v":20,"p":7},"geometry":{"type":"Polygon","coordinates":[[[17.11073,48.140849],[17.110719,48.140865],[17.110665,48.140849],[17.110675,48.140833],[17.11073,48.140849]]]}},{"type":"Feature","properties":{"v":19.8,"p":7},"geometry":{"type":"Polygon","coordinates":[[[17.110864,48.140959],[17.110827,48.14102],[17.110737,48.140996],[17.110775,48.140934],[17.110864,48.140959]]]}},{"type":"Feature","properties":{"v":27,"p":9},"geometry":{"type":"Polygon","coordinates":[[[17.10887,48.14222],[17.108813,48.142302],[17.108796,48.142328],[17.108756,48.142315],[17.108776,48.142285],[17.108698,48.14226],[17.108751,48.142184],[17.10887,48.14222]]]}},{"type":"Feature","properties":{"v":30,"p":10},"geometry":{"type":"Polygon","coordinates":[[[17.105913,48.14646],[17.105918,48.146465],[17.10592,48.14647],[17.105919,48.146475],[17.105915,48.146479],[17.105889,48.146504],[17.105823,48.146466],[17.105866,48.146432],[17.105913,48.14646]]]}},{"type":"Feature","properties":{"v":31.7,"p":11},"geometry":{"type":"Polygon","coordinates":[[[17.105783,48.146502],[17.105751,48.146527],[17.105667,48.146479],[17.105647,48.146495],[17.105614,48.146477],[17.105668,48.146435],[17.105783,48.146502]]]}},{"type":"Feature","properties":{"v":34.7,"p":12},"geometry":{"type":"Polygon","coordinates":[[[17.10936,48.141558],[17.109329,48.14157],[17.109315,48.141566],[17.109073,48.141488],[17.109071,48.141492],[17.108841,48.141418],[17.108843,48.141414],[17.108446,48.141287],[17.108391,48.141269],[17.108467,48.14116],[17.108503,48.141108],[17.108567,48.141016],[17.108713,48.141036],[17.108618,48.141158],[17.10914,48.141326],[17.1092,48.141104],[17.109482,48.141137],[17.10936,48.141558]]]}},{"type":"Feature","properties":{"v":29.1,"p":10},"geometry":{"type":"Polygon","coordinates":[[[17.111273,48.142933],[17.111495,48.143029],[17.111452,48.143073],[17.111159,48.142947],[17.111387,48.142711],[17.111693,48.142843],[17.111676,48.14286],[17.11165,48.142889],[17.111415,48.142786],[17.111273,48.142933]]]}},{"type":"Feature","properties":{"v":10,"p":3},"geometry":{"type":"Polygon","coordinates":[[[17.106893,48.145099],[17.106866,48.145167],[17.106822,48.145156],[17.106848,48.145099],[17.106852,48.145091],[17.106893,48.145099]]]}},{"type":"Feature","properties":{"v":22.1,"p":7},"geometry":{"type":"Polygon","coordinates":[[[17.109084,48.140582],[17.109071,48.140581],[17.108103,48.140507],[17.108182,48.140046],[17.108185,48.140028],[17.108185,48.140025],[17.108186,48.140019],[17.108186,48.140018],[17.108195,48.139967],[17.108199,48.139943],[17.1082,48.139936],[17.108201,48.13993],[17.108204,48.139916],[17.109193,48.139943],[17.109191,48.139957],[17.10919,48.139963],[17.109189,48.139965],[17.109189,48.139968],[17.109189,48.139969],[17.109188,48.139976],[17.109186,48.139984],[17.109176,48.140044],[17.109176,48.140046],[17.109171,48.140072],[17.109162,48.140128],[17.109084,48.140582]],[[17.108666,48.140424],[17.108903,48.140442],[17.108957,48.140123],[17.108376,48.140107],[17.108326,48.140398],[17.108561,48.140416],[17.108559,48.140413],[17.108559,48.140404],[17.108562,48.140395],[17.108569,48.140387],[17.10858,48.14038],[17.108592,48.140375],[17.108607,48.140373],[17.108622,48.140373],[17.108636,48.140375],[17.108649,48.14038],[17.10866,48.140386],[17.108668,48.140394],[17.108672,48.140403],[17.108672,48.140412],[17.108669,48.140421],[17.108666,48.140424]]]}},{"type":"Feature","properties":{"v":29.5,"p":10},"geometry":{"type":"Polygon","coordinates":[[[17.109051,48.144043],[17.108994,48.144085],[17.108868,48.14421],[17.108836,48.144254],[17.10847,48.144066],[17.108494,48.144041],[17.108639,48.143894],[17.108671,48.143862],[17.109051,48.144043]]]}},{"type":"Feature","properties":{"v":26.5,"p":9},"geometry":{"type":"Polygon","coordinates":[[[17.109841,48.143479],[17.109828,48.143496],[17.110005,48.143553],[17.110003,48.143557],[17.110002,48.143558],[17.11,48.14356],[17.110086,48.143588],[17.11008,48.143596],[17.110109,48.143604],[17.11012,48.143607],[17.110117,48.143616],[17.110106,48.143647],[17.110055,48.14363],[17.10997,48.143602],[17.109739,48.143525],[17.109747,48.143514],[17.109769,48.143485],[17.109753,48.143479],[17.10977,48.143453],[17.109841,48.143479]]]}},{"type":"Feature","properties":{"v":28.2,"p":9},"geometry":{"type":"Polygon","coordinates":[[[17.103297,48.143009],[17.103291,48.143028],[17.103338,48.143035],[17.103365,48.143061],[17.103354,48.143095],[17.10333,48.143103],[17.103317,48.143151],[17.103216,48.143139],[17.103223,48.143114],[17.103092,48.143093],[17.10313,48.142983],[17.103297,48.143009]]]}},{"type":"Feature","properties":{"v":58.4,"p":19},"geometry":{"type":"Polygon","coordinates":[[[17.099764,48.142653],[17.099766,48.142662],[17.099676,48.142678],[17.09966,48.142614],[17.099674,48.142612],[17.099539,48.142077],[17.099524,48.142078],[17.099483,48.14208],[17.099479,48.142052],[17.099474,48.142012],[17.099471,48.141981],[17.099513,48.141979],[17.099571,48.141976],[17.099618,48.141973],[17.099622,48.142004],[17.099622,48.142006],[17.09991,48.141994],[17.099908,48.141973],[17.099981,48.14197],[17.099981,48.141962],[17.10013,48.141955],[17.100131,48.141964],[17.100205,48.141961],[17.100207,48.141981],[17.100501,48.141968],[17.100497,48.141959],[17.100595,48.141955],[17.100619,48.142018],[17.100605,48.142018],[17.100764,48.142425],[17.100776,48.142422],[17.1008,48.142484],[17.100709,48.1425],[17.100706,48.142491],[17.099764,48.142653]],[[17.099765,48.14216],[17.099852,48.142505],[17.100578,48.14238],[17.10048,48.142129],[17.099765,48.14216]]]}},{"type":"Feature","properties":{"v":25.2,"p":8},"geometry":{"type":"Polygon","coordinates":[[[17.099019,48.142771],[17.098973,48.142776],[17.098946,48.142684],[17.098779,48.142703],[17.09875,48.142592],[17.098754,48.142592],[17.098654,48.142208],[17.098645,48.142209],[17.098616,48.142097],[17.098841,48.142071],[17.09887,48.142183],[17.098825,48.142188],[17.098947,48.142657],[17.098983,48.142652],[17.098983,48.142649],[17.099429,48.142583],[17.09943,48.142585],[17.099459,48.142581],[17.0994,48.142359],[17.099396,48.142359],[17.099382,48.142308],[17.099387,48.142308],[17.099336,48.142115],[17.099288,48.142121],[17.099257,48.142007],[17.099471,48.141981],[17.099472,48.141993],[17.099478,48.14204],[17.099482,48.142072],[17.099466,48.142079],[17.099523,48.142076],[17.099651,48.142584],[17.099658,48.142613],[17.09967,48.142662],[17.099673,48.142671],[17.099465,48.142702],[17.099465,48.142704],[17.099019,48.142771]]]}},{"type":"Feature","properties":{"v":21.5,"p":7},"geometry":{"type":"Polygon","coordinates":[[[17.100282,48.143045],[17.100273,48.143054],[17.100258,48.143061],[17.100021,48.143077],[17.100004,48.143074],[17.099996,48.143066],[17.09993,48.142639],[17.099986,48.142629],[17.100043,48.142619],[17.100071,48.142614],[17.100106,48.142608],[17.100149,48.142601],[17.100212,48.14259],[17.100282,48.143045]]]}},{"type":"Feature","properties":{"v":12.2,"p":4},"geometry":{"type":"Polygon","coordinates":[[[17.100748,48.142562],[17.100745,48.142569],[17.10074,48.142574],[17.100733,48.142577],[17.100405,48.142633],[17.100403,48.142634],[17.100399,48.142634],[17.100394,48.142633],[17.100391,48.142631],[17.100388,48.142629],[17.100386,48.142625],[17.100362,48.142563],[17.100423,48.142552],[17.100663,48.142511],[17.100724,48.1425],[17.100748,48.142562]]]}},{"type":"Feature","properties":{"v":7,"p":2},"geometry":{"type":"Polygon","coordinates":[[[17.102114,48.142655],[17.101965,48.143273],[17.101806,48.143255],[17.101819,48.143199],[17.101832,48.143147],[17.101835,48.143134],[17.101845,48.143095],[17.101857,48.143043],[17.10187,48.142992],[17.101882,48.142941],[17.101894,48.14289],[17.101906,48.14284],[17.10193,48.142741],[17.101943,48.142691],[17.101956,48.142637],[17.102114,48.142655]]]}},{"type":"Feature","properties":{"v":32.6,"p":11},"geometry":{"type":"MultiPolygon","coordinates":[[[[17.099514,48.142774],[17.099163,48.142825],[17.099018,48.142847],[17.098877,48.142878],[17.098766,48.142903],[17.098763,48.142895],[17.098873,48.14287],[17.099014,48.142839],[17.09916,48.142815],[17.099522,48.142763],[17.099514,48.142774]]],[[[17.100748,48.144131],[17.100678,48.144138],[17.100584,48.144144],[17.100405,48.144153],[17.100216,48.144161],[17.10015,48.144237],[17.100133,48.144243],[17.100117,48.144247],[17.100099,48.144246],[17.100082,48.144242],[17.100067,48.144236],[17.100054,48.144229],[17.100043,48.14422],[17.100035,48.14421],[17.100031,48.1442],[17.100032,48.144189],[17.100099,48.144123],[17.10006,48.144096],[17.100039,48.144068],[17.099997,48.144014],[17.099953,48.143921],[17.099875,48.143777],[17.099834,48.143619],[17.099826,48.143559],[17.099819,48.143481],[17.099814,48.143411],[17.099807,48.143291],[17.099803,48.143225],[17.099799,48.143171],[17.099795,48.143101],[17.099789,48.14301],[17.099721,48.143002],[17.099469,48.142897],[17.099446,48.142888],[17.099596,48.142686],[17.099628,48.142681],[17.09948,48.142882],[17.099732,48.142986],[17.099789,48.142991],[17.099817,48.142994],[17.099815,48.143009],[17.099821,48.1431],[17.099825,48.14317],[17.099828,48.143225],[17.099832,48.14329],[17.099839,48.14341],[17.099843,48.143482],[17.099852,48.143558],[17.09986,48.143618],[17.0999,48.143772],[17.099974,48.143908],[17.100085,48.143878],[17.100131,48.14396],[17.10017,48.144028],[17.100214,48.14407],[17.100401,48.144062],[17.100576,48.144046],[17.100656,48.14404],[17.100727,48.144034],[17.100827,48.144026],[17.100878,48.144009],[17.100914,48.143997],[17.10101,48.143965],[17.101073,48.143936],[17.101121,48.14391],[17.101095,48.143887],[17.101064,48.143885],[17.101041,48.143865],[17.101046,48.14384],[17.101074,48.143825],[17.101112,48.143828],[17.101135,48.143849],[17.101132,48.14387],[17.101155,48.143892],[17.101269,48.143835],[17.101357,48.143791],[17.101384,48.143777],[17.101455,48.143741],[17.101656,48.143644],[17.101792,48.143583],[17.10185,48.143528],[17.101901,48.14348],[17.101907,48.143463],[17.101192,48.143356],[17.101202,48.143235],[17.102084,48.143367],[17.102078,48.14339],[17.102066,48.143436],[17.102187,48.143475],[17.102204,48.143482],[17.102216,48.143491],[17.102225,48.143502],[17.102231,48.143514],[17.102233,48.143526],[17.102229,48.143539],[17.102221,48.143552],[17.102206,48.143566],[17.102191,48.143574],[17.10217,48.14358],[17.102148,48.143584],[17.102126,48.143584],[17.102108,48.143581],[17.102091,48.143576],[17.102018,48.143546],[17.101978,48.143592],[17.10194,48.143625],[17.101905,48.143653],[17.10173,48.143734],[17.101532,48.143822],[17.101452,48.143859],[17.101427,48.143871],[17.101338,48.143919],[17.101217,48.143982],[17.101143,48.144017],[17.101079,48.144045],[17.100983,48.144084],[17.100952,48.144095],[17.10087,48.144113],[17.100748,48.144131]],[[17.099993,48.143949],[17.099985,48.143928],[17.099978,48.143916],[17.099993,48.143949]]]]}},{"type":"Feature","properties":{"v":27.5,"p":9},"geometry":{"type":"Polygon","coordinates":[[[17.102061,48.143384],[17.101474,48.143344],[17.101607,48.142503],[17.100699,48.142351],[17.100868,48.141665],[17.100976,48.141453],[17.100972,48.141453],[17.100973,48.141431],[17.100976,48.141431],[17.100983,48.141336],[17.101214,48.141327],[17.101275,48.141315],[17.101406,48.141289],[17.101459,48.141284],[17.101516,48.141278],[17.101511,48.141257],[17.101678,48.141245],[17.101679,48.141254],[17.101956,48.141249],[17.101965,48.141155],[17.101104,48.14123],[17.100832,48.141255],[17.100819,48.141254],[17.100805,48.141251],[17.100801,48.141243],[17.100773,48.141169],[17.100767,48.141165],[17.100761,48.141164],[17.100755,48.141164],[17.100747,48.141166],[17.100648,48.14121],[17.10064,48.141204],[17.100742,48.14116],[17.100753,48.141157],[17.100762,48.141156],[17.100773,48.141159],[17.100783,48.141166],[17.100811,48.141241],[17.100814,48.141245],[17.100821,48.141247],[17.100831,48.141248],[17.101103,48.141223],[17.101965,48.141147],[17.101966,48.141145],[17.102116,48.141151],[17.102106,48.141259],[17.102054,48.141257],[17.102016,48.141344],[17.102409,48.141527],[17.102521,48.141572],[17.102501,48.141652],[17.102495,48.141664],[17.102486,48.141699],[17.102471,48.141759],[17.102454,48.141827],[17.102422,48.141973],[17.102403,48.142051],[17.102378,48.142154],[17.102365,48.142211],[17.102351,48.142277],[17.102334,48.142335],[17.102338,48.142336],[17.102271,48.142606],[17.102085,48.143355],[17.102082,48.143368],[17.102065,48.143367],[17.102061,48.143384]],[[17.102489,48.14166],[17.102493,48.141651],[17.102513,48.141576],[17.102489,48.14166]],[[17.100985,48.141431],[17.100987,48.141431],[17.100992,48.141341],[17.100985,48.141431]],[[17.102005,48.141346],[17.102008,48.141342],[17.102044,48.141256],[17.102005,48.141346]]]}},{"type":"Feature","properties":{"v":34.5,"p":12},"geometry":{"type":"MultiPolygon","coordinates":[[[[17.100641,48.14152],[17.100643,48.14154],[17.100637,48.14154],[17.100635,48.14152],[17.100634,48.141507],[17.100598,48.141508],[17.100554,48.141508],[17.100554,48.141504],[17.100598,48.141504],[17.100634,48.141503],[17.10064,48.141503],[17.100641,48.14152]]],[[[17.100213,48.142283],[17.09992,48.142051],[17.099915,48.141994],[17.099487,48.142011],[17.099487,48.142011],[17.099485,48.141984],[17.099481,48.141984],[17.09948,48.141948],[17.099848,48.141927],[17.099848,48.141933],[17.099546,48.141949],[17.09991,48.141935],[17.099898,48.141805],[17.099892,48.141801],[17.099874,48.141797],[17.099855,48.141792],[17.099853,48.141791],[17.099843,48.141788],[17.099837,48.141786],[17.099819,48.141778],[17.099801,48.141767],[17.099789,48.141757],[17.099782,48.141748],[17.099774,48.141744],[17.099756,48.141745],[17.099752,48.141745],[17.099765,48.141769],[17.099592,48.14179],[17.099587,48.141787],[17.099572,48.141683],[17.099576,48.141682],[17.099574,48.141666],[17.099543,48.141668],[17.099545,48.141686],[17.099544,48.141686],[17.09948,48.141679],[17.099545,48.141687],[17.099546,48.141692],[17.09948,48.141684],[17.099375,48.141691],[17.099312,48.141701],[17.099345,48.141726],[17.099265,48.141779],[17.099162,48.141779],[17.099028,48.14177],[17.098895,48.141761],[17.0989,48.141726],[17.098857,48.141744],[17.098472,48.142005],[17.098484,48.142009],[17.098509,48.142017],[17.09852,48.142021],[17.098521,48.142021],[17.098616,48.142053],[17.098591,48.142086],[17.098447,48.142039],[17.098462,48.142019],[17.09845,48.142013],[17.098467,48.142001],[17.098852,48.141739],[17.099194,48.141595],[17.099462,48.141583],[17.099526,48.141566],[17.099514,48.141488],[17.099497,48.141424],[17.099465,48.141196],[17.09949,48.141197],[17.099788,48.141214],[17.099849,48.141218],[17.099937,48.141225],[17.100124,48.141236],[17.100309,48.141248],[17.100312,48.141246],[17.100514,48.141114],[17.100552,48.14114],[17.10059,48.141166],[17.10073,48.141271],[17.100747,48.141284],[17.100755,48.141289],[17.100766,48.141291],[17.100779,48.141292],[17.100796,48.141292],[17.100825,48.141288],[17.10094,48.141274],[17.101022,48.141265],[17.101115,48.141255],[17.101116,48.14126],[17.101023,48.14127],[17.100941,48.14128],[17.100827,48.141294],[17.100797,48.141298],[17.100779,48.141298],[17.100764,48.141297],[17.100751,48.141294],[17.10074,48.141287],[17.100723,48.141272],[17.100707,48.141276],[17.100574,48.141176],[17.100706,48.141281],[17.100288,48.141537],[17.100471,48.141529],[17.100504,48.141528],[17.100506,48.141528],[17.10056,48.141527],[17.1006,48.141526],[17.1006,48.14153],[17.100588,48.14153],[17.100586,48.141545],[17.100601,48.141545],[17.100645,48.141543],[17.100648,48.141583],[17.10065,48.141622],[17.100651,48.141637],[17.10094,48.141629],[17.100793,48.141709],[17.100766,48.141888],[17.100752,48.141978],[17.100739,48.142067],[17.100725,48.142156],[17.100708,48.142256],[17.100631,48.142049],[17.10057,48.141887],[17.10048,48.141898],[17.100411,48.141711],[17.100338,48.141719],[17.100306,48.141722],[17.100257,48.141816],[17.100213,48.142283]],[[17.099527,48.141573],[17.099531,48.141573],[17.099531,48.141573],[17.099562,48.141573],[17.099657,48.141573],[17.099527,48.141573]],[[17.100608,48.141623],[17.10065,48.141622],[17.100644,48.141622],[17.100608,48.141623]],[[17.09978,48.141558],[17.099779,48.141558],[17.099777,48.141563],[17.09978,48.141558]],[[17.100509,48.141606],[17.100509,48.141606],[17.100513,48.141606],[17.100509,48.141606]],[[17.100561,48.141605],[17.100577,48.141605],[17.100605,48.141604],[17.100561,48.141605]],[[17.099788,48.141538],[17.09979,48.141539],[17.099874,48.141533],[17.099788,48.141538]],[[17.100614,48.141584],[17.100614,48.141584],[17.100642,48.141583],[17.100614,48.141584]],[[17.100603,48.141569],[17.100603,48.141565],[17.100603,48.141565],[17.100603,48.141565],[17.100603,48.141569]],[[17.100601,48.141565],[17.100601,48.141565],[17.100591,48.141565],[17.100601,48.141565]],[[17.099532,48.141489],[17.099601,48.141494],[17.099532,48.141489],[17.099532,48.141489]],[[17.100363,48.141314],[17.100574,48.141176],[17.100574,48.141176],[17.100363,48.141314]],[[17.099893,48.141226],[17.099848,48.141223],[17.099789,48.141221],[17.099893,48.141226]]]]}},{"type":"Feature","properties":{"v":27.7,"p":9},"geometry":{"type":"Polygon","coordinates":[[[17.100594,48.141955],[17.100586,48.141955],[17.100586,48.141955],[17.100579,48.141956],[17.100497,48.141959],[17.100499,48.141964],[17.100501,48.141968],[17.100227,48.141982],[17.100217,48.141921],[17.10022,48.141921],[17.1002,48.141922],[17.1002,48.141918],[17.100185,48.141919],[17.100174,48.141782],[17.100191,48.141778],[17.100211,48.141772],[17.100227,48.141766],[17.100241,48.141757],[17.100256,48.141747],[17.100268,48.141734],[17.100277,48.141721],[17.100281,48.141713],[17.100337,48.14171],[17.100338,48.141719],[17.100345,48.141722],[17.100349,48.141761],[17.10027,48.14182],[17.100279,48.141824],[17.100284,48.141828],[17.100287,48.141835],[17.100286,48.141842],[17.100279,48.141847],[17.10027,48.14185],[17.100256,48.141851],[17.100261,48.141914],[17.100568,48.141892],[17.100594,48.141955]]]}},{"type":"Feature","properties":{"v":31.4,"p":10},"geometry":{"type":"Polygon","coordinates":[[[17.099857,48.141784],[17.099877,48.141789],[17.099896,48.141793],[17.099908,48.141795],[17.099921,48.141929],[17.099909,48.14193],[17.09991,48.141935],[17.099849,48.141938],[17.099841,48.141873],[17.099823,48.14187],[17.099813,48.141867],[17.099807,48.141862],[17.099804,48.141855],[17.099806,48.141849],[17.09981,48.141844],[17.099817,48.14184],[17.099728,48.141788],[17.099726,48.141773],[17.09956,48.141794],[17.099545,48.141684],[17.099543,48.141668],[17.099541,48.141656],[17.099539,48.141641],[17.09957,48.141639],[17.099572,48.141654],[17.099574,48.141666],[17.099576,48.141682],[17.099572,48.141683],[17.099587,48.141787],[17.099726,48.141769],[17.099725,48.141751],[17.099731,48.141746],[17.099734,48.141746],[17.099732,48.141738],[17.099784,48.141735],[17.099793,48.141744],[17.099801,48.141753],[17.09981,48.141761],[17.099828,48.141772],[17.099843,48.141779],[17.099857,48.141784]]]}},{"type":"Feature","properties":{"v":11.3,"p":4},"geometry":{"type":"Polygon","coordinates":[[[17.098969,48.142764],[17.098973,48.142776],[17.098931,48.142785],[17.098878,48.142797],[17.09882,48.14281],[17.098756,48.142824],[17.098707,48.142628],[17.098692,48.14257],[17.098679,48.142515],[17.098663,48.142452],[17.098647,48.142388],[17.098632,48.142329],[17.098618,48.142274],[17.098603,48.142217],[17.098576,48.142107],[17.098573,48.142088],[17.098619,48.142054],[17.098746,48.142039],[17.098757,48.142081],[17.098616,48.142097],[17.098618,48.142102],[17.098619,48.142107],[17.098645,48.142209],[17.098654,48.142208],[17.098754,48.142592],[17.09875,48.142592],[17.098779,48.142703],[17.098946,48.142684],[17.098969,48.142764]]]}},{"type":"Feature","properties":{"v":8.2,"p":3},"geometry":{"type":"Polygon","coordinates":[[[17.106586,48.146229],[17.10651,48.146243],[17.106492,48.146222],[17.106488,48.146184],[17.106628,48.146175],[17.106586,48.146229]]]}},{"type":"Feature","properties":{"v":8.2,"p":3},"geometry":{"type":"Polygon","coordinates":[[[17.106797,48.14617],[17.106699,48.1462],[17.106628,48.146175],[17.106773,48.146165],[17.106797,48.14617]]]}},{"type":"Feature","properties":{"v":8.2,"p":3},"geometry":{"type":"Polygon","coordinates":[[[17.106693,48.146261],[17.10665,48.146277],[17.106609,48.146276],[17.106586,48.146229],[17.106628,48.146175],[17.106693,48.146261]]]}},{"type":"Feature","properties":{"v":2,"p":1},"geometry":{"type":"Polygon","coordinates":[[[17.106656,48.146294],[17.106609,48.146276],[17.10665,48.146277],[17.106656,48.146294]]]}},{"type":"Feature","properties":{"v":2,"p":1},"geometry":{"type":"Polygon","coordinates":[[[17.106656,48.146294],[17.106628,48.146298],[17.106609,48.146276],[17.106656,48.146294]]]}},{"type":"Feature","properties":{"v":8.3,"p":3},"geometry":{"type":"Polygon","coordinates":[[[17.106609,48.146276],[17.106628,48.146298],[17.106564,48.146384],[17.106507,48.14633],[17.106586,48.146229],[17.106609,48.146276]]]}},{"type":"Feature","properties":{"v":3.4,"p":1},"geometry":{"type":"Polygon","coordinates":[[[17.106686,48.146027],[17.106621,48.146058],[17.10663,48.146019],[17.106686,48.146027]]]}},{"type":"Feature","properties":{"v":3.4,"p":1},"geometry":{"type":"Polygon","coordinates":[[[17.10663,48.146019],[17.106621,48.146058],[17.106573,48.146012],[17.10663,48.146019]]]}},{"type":"Feature","properties":{"v":3.4,"p":1},"geometry":{"type":"Polygon","coordinates":[[[17.106686,48.146027],[17.10663,48.146019],[17.106639,48.145981],[17.106686,48.146027]]]}},{"type":"Feature","properties":{"v":3.4,"p":1},"geometry":{"type":"Polygon","coordinates":[[[17.106859,48.146115],[17.106775,48.146113],[17.106818,48.146086],[17.106859,48.146115]]]}},{"type":"Feature","properties":{"v":3.4,"p":1},"geometry":{"type":"Polygon","coordinates":[[[17.106859,48.146115],[17.106818,48.146086],[17.106861,48.14606],[17.106859,48.146115]]]}},{"type":"Feature","properties":{"v":3.4,"p":1},"geometry":{"type":"Polygon","coordinates":[[[17.106818,48.146086],[17.106778,48.146059],[17.106861,48.14606],[17.106818,48.146086]]]}},{"type":"Feature","properties":{"v":3.4,"p":1},"geometry":{"type":"Polygon","coordinates":[[[17.106818,48.146086],[17.106775,48.146113],[17.106778,48.146059],[17.106818,48.146086]]]}},{"type":"Feature","properties":{"v":3.4,"p":1},"geometry":{"type":"Polygon","coordinates":[[[17.10663,48.146019],[17.106573,48.146012],[17.106639,48.145981],[17.10663,48.146019]]]}},{"type":"Feature","properties":{"v":8.3,"p":3},"geometry":{"type":"Polygon","coordinates":[[[17.10669,48.146032],[17.106695,48.146036],[17.106699,48.146039],[17.106705,48.146043],[17.10671,48.146046],[17.106717,48.146049],[17.106723,48.146051],[17.106628,48.146175],[17.106564,48.146086],[17.106621,48.146058],[17.106686,48.146027],[17.10669,48.146032]]]}},{"type":"Feature","properties":{"v":8.3,"p":3},"geometry":{"type":"Polygon","coordinates":[[[17.106775,48.146113],[17.106773,48.146165],[17.106628,48.146175],[17.106723,48.146051],[17.10673,48.146054],[17.106736,48.146055],[17.106744,48.146057],[17.106751,48.146058],[17.106758,48.146059],[17.106766,48.146059],[17.106778,48.146059],[17.106775,48.146113]]]}},{"type":"Feature","properties":{"v":8.2,"p":3},"geometry":{"type":"Polygon","coordinates":[[[17.106796,48.146177],[17.106699,48.1462],[17.106797,48.14617],[17.106796,48.146177]]]}},{"type":"Feature","properties":{"v":8.2,"p":3},"geometry":{"type":"Polygon","coordinates":[[[17.106794,48.146188],[17.106699,48.1462],[17.106796,48.146177],[17.106794,48.146188]]]}},{"type":"Feature","properties":{"v":8.2,"p":3},"geometry":{"type":"Polygon","coordinates":[[[17.10679,48.146198],[17.106699,48.1462],[17.106794,48.146188],[17.10679,48.146198]]]}},{"type":"Feature","properties":{"v":8.2,"p":3},"geometry":{"type":"Polygon","coordinates":[[[17.106785,48.146208],[17.106699,48.1462],[17.10679,48.146198],[17.106785,48.146208]]]}},{"type":"Feature","properties":{"v":8.2,"p":3},"geometry":{"type":"Polygon","coordinates":[[[17.106785,48.146208],[17.106779,48.146218],[17.106699,48.1462],[17.106785,48.146208]]]}},{"type":"Feature","properties":{"v":8.2,"p":3},"geometry":{"type":"Polygon","coordinates":[[[17.106779,48.146218],[17.106772,48.146228],[17.106699,48.1462],[17.106779,48.146218]]]}},{"type":"Feature","properties":{"v":8.2,"p":3},"geometry":{"type":"Polygon","coordinates":[[[17.106772,48.146228],[17.106764,48.146237],[17.106699,48.1462],[17.106772,48.146228]]]}},{"type":"Feature","properties":{"v":8.2,"p":3},"geometry":{"type":"Polygon","coordinates":[[[17.106764,48.146237],[17.106754,48.146245],[17.106699,48.1462],[17.106764,48.146237]]]}},{"type":"Feature","properties":{"v":8.2,"p":3},"geometry":{"type":"Polygon","coordinates":[[[17.106754,48.146245],[17.106744,48.146254],[17.106699,48.1462],[17.106754,48.146245]]]}},{"type":"Feature","properties":{"v":8.2,"p":3},"geometry":{"type":"Polygon","coordinates":[[[17.106744,48.146254],[17.106733,48.146261],[17.106699,48.1462],[17.106744,48.146254]]]}},{"type":"Feature","properties":{"v":8.2,"p":3},"geometry":{"type":"Polygon","coordinates":[[[17.106733,48.146261],[17.106721,48.146268],[17.106699,48.1462],[17.106733,48.146261]]]}},{"type":"Feature","properties":{"v":8.2,"p":3},"geometry":{"type":"Polygon","coordinates":[[[17.106721,48.146268],[17.106717,48.14627],[17.106699,48.1462],[17.106721,48.146268]]]}},{"type":"Feature","properties":{"v":8.3,"p":3},"geometry":{"type":"Polygon","coordinates":[[[17.106564,48.146384],[17.106551,48.146386],[17.106507,48.14633],[17.106564,48.146384]]]}},{"type":"Feature","properties":{"v":8.3,"p":3},"geometry":{"type":"Polygon","coordinates":[[[17.106551,48.146386],[17.10654,48.146387],[17.106507,48.14633],[17.106551,48.146386]]]}},{"type":"Feature","properties":{"v":8.3,"p":3},"geometry":{"type":"Polygon","coordinates":[[[17.10654,48.146387],[17.106529,48.146387],[17.106507,48.14633],[17.10654,48.146387]]]}},{"type":"Feature","properties":{"v":8.3,"p":3},"geometry":{"type":"Polygon","coordinates":[[[17.106529,48.146387],[17.106518,48.146386],[17.106507,48.14633],[17.106529,48.146387]]]}},{"type":"Feature","properties":{"v":8.3,"p":3},"geometry":{"type":"Polygon","coordinates":[[[17.106518,48.146386],[17.106507,48.146385],[17.106507,48.14633],[17.106518,48.146386]]]}},{"type":"Feature","properties":{"v":8.3,"p":3},"geometry":{"type":"Polygon","coordinates":[[[17.106507,48.146385],[17.106497,48.146383],[17.106507,48.14633],[17.106507,48.146385]]]}},{"type":"Feature","properties":{"v":8.3,"p":3},"geometry":{"type":"Polygon","coordinates":[[[17.106497,48.146383],[17.106486,48.146381],[17.106507,48.14633],[17.106497,48.146383]]]}},{"type":"Feature","properties":{"v":8.3,"p":3},"geometry":{"type":"Polygon","coordinates":[[[17.106486,48.146381],[17.106476,48.146378],[17.106507,48.14633],[17.106486,48.146381]]]}},{"type":"Feature","properties":{"v":8.3,"p":3},"geometry":{"type":"Polygon","coordinates":[[[17.106476,48.146378],[17.106466,48.146375],[17.106507,48.14633],[17.106476,48.146378]]]}},{"type":"Feature","properties":{"v":8.3,"p":3},"geometry":{"type":"Polygon","coordinates":[[[17.106466,48.146375],[17.106457,48.146371],[17.106507,48.14633],[17.106466,48.146375]]]}},{"type":"Feature","properties":{"v":8.3,"p":3},"geometry":{"type":"Polygon","coordinates":[[[17.106457,48.146371],[17.106448,48.146367],[17.106507,48.14633],[17.106457,48.146371]]]}},{"type":"Feature","properties":{"v":8.3,"p":3},"geometry":{"type":"Polygon","coordinates":[[[17.106448,48.146367],[17.10644,48.146362],[17.106507,48.14633],[17.106448,48.146367]]]}},{"type":"Feature","properties":{"v":8.3,"p":3},"geometry":{"type":"Polygon","coordinates":[[[17.10644,48.146362],[17.106432,48.146357],[17.106507,48.14633],[17.10644,48.146362]]]}},{"type":"Feature","properties":{"v":8.3,"p":3},"geometry":{"type":"Polygon","coordinates":[[[17.106432,48.146357],[17.106425,48.146351],[17.106507,48.14633],[17.106432,48.146357]]]}},{"type":"Feature","properties":{"v":8.3,"p":3},"geometry":{"type":"Polygon","coordinates":[[[17.106425,48.146351],[17.106418,48.146345],[17.106507,48.14633],[17.106425,48.146351]]]}},{"type":"Feature","properties":{"v":8.3,"p":3},"geometry":{"type":"Polygon","coordinates":[[[17.106418,48.146345],[17.106413,48.146339],[17.106507,48.14633],[17.106418,48.146345]]]}},{"type":"Feature","properties":{"v":8.3,"p":3},"geometry":{"type":"Polygon","coordinates":[[[17.106413,48.146339],[17.106408,48.146333],[17.106507,48.14633],[17.106413,48.146339]]]}},{"type":"Feature","properties":{"v":8.2,"p":3},"geometry":{"type":"Polygon","coordinates":[[[17.106557,48.14615],[17.106528,48.146084],[17.10654,48.146078],[17.106557,48.14615]]]}},{"type":"Feature","properties":{"v":8.2,"p":3},"geometry":{"type":"Polygon","coordinates":[[[17.106557,48.14615],[17.106517,48.146092],[17.106528,48.146084],[17.106557,48.14615]]]}},{"type":"Feature","properties":{"v":8.2,"p":3},"geometry":{"type":"Polygon","coordinates":[[[17.106557,48.14615],[17.106507,48.1461],[17.106517,48.146092],[17.106557,48.14615]]]}},{"type":"Feature","properties":{"v":8.2,"p":3},"geometry":{"type":"Polygon","coordinates":[[[17.106557,48.14615],[17.106497,48.146108],[17.106507,48.1461],[17.106557,48.14615]]]}},{"type":"Feature","properties":{"v":8.2,"p":3},"geometry":{"type":"Polygon","coordinates":[[[17.106557,48.14615],[17.106489,48.146118],[17.106497,48.146108],[17.106557,48.14615]]]}},{"type":"Feature","properties":{"v":8.2,"p":3},"geometry":{"type":"Polygon","coordinates":[[[17.106557,48.14615],[17.106482,48.146127],[17.106489,48.146118],[17.106557,48.14615]]]}},{"type":"Feature","properties":{"v":8.2,"p":3},"geometry":{"type":"Polygon","coordinates":[[[17.106557,48.14615],[17.106476,48.146137],[17.106482,48.146127],[17.106557,48.14615]]]}},{"type":"Feature","properties":{"v":8.2,"p":3},"geometry":{"type":"Polygon","coordinates":[[[17.106557,48.14615],[17.106471,48.146147],[17.106476,48.146137],[17.106557,48.14615]]]}},{"type":"Feature","properties":{"v":8.2,"p":3},"geometry":{"type":"Polygon","coordinates":[[[17.106467,48.146157],[17.106471,48.146147],[17.106557,48.14615],[17.106467,48.146157]]]}},{"type":"Feature","properties":{"v":8.2,"p":3},"geometry":{"type":"Polygon","coordinates":[[[17.106465,48.146168],[17.106467,48.146157],[17.106557,48.14615],[17.106465,48.146168]]]}},{"type":"Feature","properties":{"v":8.2,"p":3},"geometry":{"type":"Polygon","coordinates":[[[17.106463,48.146178],[17.106465,48.146168],[17.106557,48.14615],[17.106463,48.146178]]]}},{"type":"Feature","properties":{"v":8.2,"p":3},"geometry":{"type":"Polygon","coordinates":[[[17.106463,48.146181],[17.106463,48.146178],[17.106557,48.14615],[17.106463,48.146181]]]}},{"type":"Feature","properties":{"v":6.2,"p":2},"geometry":{"type":"Polygon","coordinates":[[[17.106844,48.146366],[17.106835,48.146409],[17.106564,48.146384],[17.106594,48.146344],[17.106844,48.146366]]]}},{"type":"Feature","properties":{"v":3.4,"p":1},"geometry":{"type":"Polygon","coordinates":[[[17.106855,48.146316],[17.106766,48.146326],[17.10678,48.146255],[17.106754,48.146245],[17.106764,48.146237],[17.106772,48.146228],[17.106779,48.146218],[17.106785,48.146208],[17.10679,48.146198],[17.106794,48.146188],[17.106796,48.146177],[17.106797,48.14617],[17.106773,48.146165],[17.106775,48.146109],[17.106901,48.146112],[17.106855,48.146316]]]}},{"type":"Feature","properties":{"v":8.3,"p":3},"geometry":{"type":"Polygon","coordinates":[[[17.106507,48.14633],[17.106408,48.146333],[17.106586,48.146229],[17.106507,48.14633]]]}},{"type":"Feature","properties":{"v":8.2,"p":3},"geometry":{"type":"Polygon","coordinates":[[[17.106408,48.146333],[17.10651,48.146243],[17.106586,48.146229],[17.106408,48.146333]]]}},{"type":"Feature","properties":{"v":2,"p":1},"geometry":{"type":"Polygon","coordinates":[[[17.106408,48.146333],[17.106478,48.146241],[17.10651,48.146243],[17.106408,48.146333]]]}},{"type":"Feature","properties":{"v":2,"p":1},"geometry":{"type":"Polygon","coordinates":[[[17.10651,48.146243],[17.106478,48.146241],[17.106466,48.146225],[17.10651,48.146243]]]}},{"type":"Feature","properties":{"v":2,"p":1},"geometry":{"type":"Polygon","coordinates":[[[17.10651,48.146243],[17.106466,48.146225],[17.106492,48.146222],[17.10651,48.146243]]]}},{"type":"Feature","properties":{"v":8.2,"p":3},"geometry":{"type":"Polygon","coordinates":[[[17.106628,48.146175],[17.106488,48.146184],[17.106463,48.146181],[17.106557,48.14615],[17.106628,48.146175]]]}},{"type":"Feature","properties":{"v":8.2,"p":3},"geometry":{"type":"Polygon","coordinates":[[[17.106564,48.146086],[17.106628,48.146175],[17.106557,48.14615],[17.10654,48.146078],[17.106564,48.146086]]]}},{"type":"Feature","properties":{"v":8.2,"p":3},"geometry":{"type":"Polygon","coordinates":[[[17.106699,48.1462],[17.106717,48.14627],[17.106693,48.146261],[17.106628,48.146175],[17.106699,48.1462]]]}},{"type":"Feature","properties":{"v":2.1,"p":1},"geometry":{"type":"Polygon","coordinates":[[[17.106766,48.146326],[17.106733,48.146306],[17.106744,48.146254],[17.10678,48.146255],[17.106766,48.146326]]]}},{"type":"Feature","properties":{"v":6.2,"p":2},"geometry":{"type":"Polygon","coordinates":[[[17.106855,48.146316],[17.106844,48.146366],[17.106594,48.146344],[17.106628,48.146298],[17.106855,48.146316]]]}},{"type":"Feature","properties":{"v":19.1,"p":6},"geometry":{"type":"Polygon","coordinates":[[[17.106718,48.146268],[17.106721,48.146268],[17.10672,48.14627],[17.106717,48.14627],[17.106718,48.146268]]]}},{"type":"Feature","properties":{"v":19.1,"p":6},"geometry":{"type":"Polygon","coordinates":[[[17.106722,48.14626],[17.106733,48.146261],[17.106732,48.146269],[17.106721,48.146268],[17.106722,48.14626]]]}},{"type":"Feature","properties":{"v":19.1,"p":6},"geometry":{"type":"Polygon","coordinates":[[[17.106734,48.146253],[17.106744,48.146254],[17.106743,48.146262],[17.106733,48.146261],[17.106734,48.146253]]]}},{"type":"Feature","properties":{"v":19.1,"p":6},"geometry":{"type":"Polygon","coordinates":[[[17.106745,48.146245],[17.106754,48.146245],[17.106753,48.146254],[17.106744,48.146254],[17.106745,48.146245]]]}},{"type":"Feature","properties":{"v":19.1,"p":6},"geometry":{"type":"Polygon","coordinates":[[[17.106756,48.146236],[17.106764,48.146237],[17.106762,48.146246],[17.106754,48.146245],[17.106756,48.146236]]]}},{"type":"Feature","properties":{"v":19.2,"p":6},"geometry":{"type":"Polygon","coordinates":[[[17.106765,48.146227],[17.106772,48.146228],[17.106771,48.146237],[17.106764,48.146237],[17.106765,48.146227]]]}},{"type":"Feature","properties":{"v":19.2,"p":6},"geometry":{"type":"Polygon","coordinates":[[[17.106774,48.146218],[17.106779,48.146218],[17.106778,48.146228],[17.106772,48.146228],[17.106774,48.146218]]]}},{"type":"Feature","properties":{"v":19.2,"p":6},"geometry":{"type":"Polygon","coordinates":[[[17.106781,48.146208],[17.106785,48.146208],[17.106784,48.146219],[17.106779,48.146218],[17.106781,48.146208]]]}},{"type":"Feature","properties":{"v":19.2,"p":6},"geometry":{"type":"Polygon","coordinates":[[[17.106787,48.146198],[17.10679,48.146198],[17.106789,48.146209],[17.106785,48.146208],[17.106787,48.146198]]]}},{"type":"Feature","properties":{"v":19.2,"p":6},"geometry":{"type":"Polygon","coordinates":[[[17.106792,48.146188],[17.106794,48.146188],[17.106792,48.146198],[17.10679,48.146198],[17.106792,48.146188]]]}},{"type":"Feature","properties":{"v":19.2,"p":6},"geometry":{"type":"Polygon","coordinates":[[[17.106796,48.146177],[17.106796,48.146177],[17.106795,48.146188],[17.106794,48.146188],[17.106796,48.146177]]]}},{"type":"Feature","properties":{"v":19.3,"p":6},"geometry":{"type":"Polygon","coordinates":[[[17.106797,48.14617],[17.106798,48.14617],[17.106796,48.146177],[17.106796,48.146177],[17.106797,48.14617]]]}},{"type":"Feature","properties":{"v":18.3,"p":6},"geometry":{"type":"Polygon","coordinates":[[[17.106551,48.146384],[17.106564,48.146384],[17.106563,48.146387],[17.106551,48.146386],[17.106551,48.146384]]]}},{"type":"Feature","properties":{"v":18.3,"p":6},"geometry":{"type":"Polygon","coordinates":[[[17.10654,48.146385],[17.106551,48.146386],[17.106551,48.146387],[17.10654,48.146387],[17.10654,48.146385]]]}},{"type":"Feature","properties":{"v":18.3,"p":6},"geometry":{"type":"Polygon","coordinates":[[[17.106529,48.146386],[17.10654,48.146387],[17.10654,48.146387],[17.106529,48.146387],[17.106529,48.146386]]]}},{"type":"Feature","properties":{"v":18.3,"p":6},"geometry":{"type":"Polygon","coordinates":[[[17.106518,48.146386],[17.106529,48.146387],[17.106529,48.146387],[17.106518,48.146386],[17.106518,48.146386]]]}},{"type":"Feature","properties":{"v":18.3,"p":6},"geometry":{"type":"Polygon","coordinates":[[[17.106507,48.146385],[17.106518,48.146386],[17.106518,48.146386],[17.106507,48.146385],[17.106507,48.146385]]]}},{"type":"Feature","properties":{"v":18.3,"p":6},"geometry":{"type":"Polygon","coordinates":[[[17.106497,48.146383],[17.106507,48.146384],[17.106507,48.146385],[17.106496,48.146384],[17.106497,48.146383]]]}},{"type":"Feature","properties":{"v":18.3,"p":6},"geometry":{"type":"Polygon","coordinates":[[[17.106486,48.146381],[17.106497,48.146382],[17.106497,48.146383],[17.106486,48.146382],[17.106486,48.146381]]]}},{"type":"Feature","properties":{"v":18.3,"p":6},"geometry":{"type":"Polygon","coordinates":[[[17.106476,48.146378],[17.106487,48.146379],[17.106486,48.146381],[17.106476,48.14638],[17.106476,48.146378]]]}},{"type":"Feature","properties":{"v":18.3,"p":6},"geometry":{"type":"Polygon","coordinates":[[[17.106466,48.146375],[17.106476,48.146375],[17.106476,48.146378],[17.106466,48.146377],[17.106466,48.146375]]]}},{"type":"Feature","properties":{"v":18.3,"p":6},"geometry":{"type":"Polygon","coordinates":[[[17.106457,48.146371],[17.106467,48.146372],[17.106466,48.146375],[17.106456,48.146374],[17.106457,48.146371]]]}},{"type":"Feature","properties":{"v":18.3,"p":6},"geometry":{"type":"Polygon","coordinates":[[[17.106448,48.146367],[17.106458,48.146367],[17.106457,48.146371],[17.106448,48.14637],[17.106448,48.146367]]]}},{"type":"Feature","properties":{"v":18.2,"p":6},"geometry":{"type":"Polygon","coordinates":[[[17.10644,48.146362],[17.106449,48.146362],[17.106448,48.146367],[17.106439,48.146366],[17.10644,48.146362]]]}},{"type":"Feature","properties":{"v":18.2,"p":6},"geometry":{"type":"Polygon","coordinates":[[[17.106432,48.146357],[17.10644,48.146357],[17.10644,48.146362],[17.106431,48.146361],[17.106432,48.146357]]]}},{"type":"Feature","properties":{"v":18.2,"p":6},"geometry":{"type":"Polygon","coordinates":[[[17.106425,48.146351],[17.106433,48.146352],[17.106432,48.146357],[17.106424,48.146356],[17.106425,48.146351]]]}},{"type":"Feature","properties":{"v":18.2,"p":6},"geometry":{"type":"Polygon","coordinates":[[[17.106418,48.146345],[17.106426,48.146346],[17.106425,48.146351],[17.106418,48.146351],[17.106418,48.146345]]]}},{"type":"Feature","properties":{"v":18.2,"p":6},"geometry":{"type":"Polygon","coordinates":[[[17.106413,48.146339],[17.106419,48.146339],[17.106418,48.146345],[17.106412,48.146345],[17.106413,48.146339]]]}},{"type":"Feature","properties":{"v":18.3,"p":6},"geometry":{"type":"Polygon","coordinates":[[[17.106408,48.146333],[17.106414,48.146333],[17.106413,48.146339],[17.106407,48.146339],[17.106408,48.146333]]]}},{"type":"Feature","properties":{"v":27.5,"p":9},"geometry":{"type":"Polygon","coordinates":[[[17.106861,48.14606],[17.106867,48.146061],[17.106859,48.146115],[17.106853,48.146114],[17.106861,48.14606]]]}},{"type":"Feature","properties":{"v":27.5,"p":9},"geometry":{"type":"Polygon","coordinates":[[[17.106776,48.146109],[17.106859,48.146115],[17.106858,48.146118],[17.106775,48.146113],[17.106776,48.146109]]]}},{"type":"Feature","properties":{"v":27.4,"p":9},"geometry":{"type":"Polygon","coordinates":[[[17.106778,48.146059],[17.106783,48.146059],[17.106775,48.146113],[17.10677,48.146112],[17.106778,48.146059]]]}},{"type":"Feature","properties":{"v":27.5,"p":9},"geometry":{"type":"Polygon","coordinates":[[[17.106779,48.146055],[17.106861,48.14606],[17.106861,48.146064],[17.106778,48.146059],[17.106779,48.146055]]]}},{"type":"Feature","properties":{"v":27.5,"p":9},"geometry":{"type":"Polygon","coordinates":[[[17.106578,48.145977],[17.106639,48.145981],[17.106634,48.146016],[17.106573,48.146012],[17.106578,48.145977]]]}},{"type":"Feature","properties":{"v":27.3,"p":9},"geometry":{"type":"Polygon","coordinates":[[[17.106573,48.146012],[17.106627,48.146016],[17.106621,48.146058],[17.106566,48.146054],[17.106573,48.146012]]]}},{"type":"Feature","properties":{"v":27.4,"p":9},"geometry":{"type":"Polygon","coordinates":[[[17.106626,48.146023],[17.106686,48.146027],[17.10668,48.146062],[17.106621,48.146058],[17.106626,48.146023]]]}},{"type":"Feature","properties":{"v":27.5,"p":9},"geometry":{"type":"Polygon","coordinates":[[[17.106639,48.145981],[17.106692,48.145984],[17.106686,48.146027],[17.106633,48.146023],[17.106639,48.145981]]]}},{"type":"Feature","properties":{"v":27.7,"p":9},"geometry":{"type":"Polygon","coordinates":[[[17.106723,48.146051],[17.10673,48.146052],[17.10673,48.146054],[17.106723,48.146053],[17.106723,48.146051]]]}},{"type":"Feature","properties":{"v":27.3,"p":9},"geometry":{"type":"Polygon","coordinates":[[[17.10673,48.146054],[17.106737,48.146054],[17.106736,48.146055],[17.106729,48.146055],[17.10673,48.146054]]]}},{"type":"Feature","properties":{"v":26.9,"p":9},"geometry":{"type":"Polygon","coordinates":[[[17.106736,48.146055],[17.106744,48.146056],[17.106744,48.146057],[17.106736,48.146056],[17.106736,48.146055]]]}},{"type":"Feature","properties":{"v":26.6,"p":9},"geometry":{"type":"Polygon","coordinates":[[[17.106744,48.146057],[17.106751,48.146057],[17.106751,48.146058],[17.106743,48.146057],[17.106744,48.146057]]]}},{"type":"Feature","properties":{"v":26.2,"p":9},"geometry":{"type":"Polygon","coordinates":[[[17.106751,48.146058],[17.106758,48.146058],[17.106758,48.146059],[17.106751,48.146058],[17.106751,48.146058]]]}},{"type":"Feature","properties":{"v":25.9,"p":9},"geometry":{"type":"Polygon","coordinates":[[[17.106758,48.146058],[17.106766,48.146059],[17.106765,48.146059],[17.106758,48.146059],[17.106758,48.146058]]]}},{"type":"Feature","properties":{"v":25.5,"p":8},"geometry":{"type":"Polygon","coordinates":[[[17.106766,48.146058],[17.106778,48.146059],[17.106778,48.14606],[17.106766,48.146059],[17.106766,48.146058]]]}},{"type":"Feature","properties":{"v":19.4,"p":6},"geometry":{"type":"Polygon","coordinates":[[[17.106775,48.146113],[17.106781,48.146113],[17.106773,48.146165],[17.106767,48.146165],[17.106775,48.146113]]]}},{"type":"Feature","properties":{"v":27.6,"p":9},"geometry":{"type":"Polygon","coordinates":[[[17.106717,48.146049],[17.106723,48.146049],[17.106723,48.146051],[17.106716,48.146051],[17.106717,48.146049]]]}},{"type":"Feature","properties":{"v":27.2,"p":9},"geometry":{"type":"Polygon","coordinates":[[[17.10671,48.146046],[17.106717,48.146046],[17.106717,48.146049],[17.10671,48.146048],[17.10671,48.146046]]]}},{"type":"Feature","properties":{"v":26.8,"p":9},"geometry":{"type":"Polygon","coordinates":[[[17.106705,48.146043],[17.106711,48.146043],[17.10671,48.146046],[17.106704,48.146046],[17.106705,48.146043]]]}},{"type":"Feature","properties":{"v":26.5,"p":9},"geometry":{"type":"Polygon","coordinates":[[[17.106699,48.146039],[17.106705,48.14604],[17.106705,48.146043],[17.106699,48.146042],[17.106699,48.146039]]]}},{"type":"Feature","properties":{"v":26.1,"p":9},"geometry":{"type":"Polygon","coordinates":[[[17.106695,48.146036],[17.1067,48.146036],[17.106699,48.146039],[17.106694,48.146039],[17.106695,48.146036]]]}},{"type":"Feature","properties":{"v":25.7,"p":9},"geometry":{"type":"Polygon","coordinates":[[[17.10669,48.146032],[17.106695,48.146032],[17.106695,48.146036],[17.10669,48.146035],[17.10669,48.146032]]]}},{"type":"Feature","properties":{"v":25.3,"p":8},"geometry":{"type":"Polygon","coordinates":[[[17.106686,48.146027],[17.106691,48.146027],[17.10669,48.146032],[17.106685,48.146031],[17.106686,48.146027]]]}},{"type":"Feature","properties":{"v":19.3,"p":6},"geometry":{"type":"Polygon","coordinates":[[[17.106568,48.146054],[17.106621,48.146058],[17.106616,48.14609],[17.106564,48.146086],[17.106568,48.146054]]]}},{"type":"Feature","properties":{"v":19,"p":6},"geometry":{"type":"Polygon","coordinates":[[[17.106463,48.146178],[17.106464,48.146178],[17.106463,48.146181],[17.106463,48.146181],[17.106463,48.146178]]]}},{"type":"Feature","properties":{"v":19,"p":6},"geometry":{"type":"Polygon","coordinates":[[[17.106465,48.146168],[17.106465,48.146168],[17.106463,48.146178],[17.106463,48.146178],[17.106465,48.146168]]]}},{"type":"Feature","properties":{"v":19,"p":6},"geometry":{"type":"Polygon","coordinates":[[[17.106466,48.146157],[17.106467,48.146157],[17.106466,48.146168],[17.106465,48.146168],[17.106466,48.146157]]]}},{"type":"Feature","properties":{"v":19,"p":6},"geometry":{"type":"Polygon","coordinates":[[[17.106469,48.146147],[17.106471,48.146147],[17.106469,48.146157],[17.106467,48.146157],[17.106469,48.146147]]]}},{"type":"Feature","properties":{"v":19,"p":6},"geometry":{"type":"Polygon","coordinates":[[[17.106472,48.146137],[17.106476,48.146137],[17.106474,48.146147],[17.106471,48.146147],[17.106472,48.146137]]]}},{"type":"Feature","properties":{"v":19,"p":6},"geometry":{"type":"Polygon","coordinates":[[[17.106477,48.146127],[17.106482,48.146127],[17.10648,48.146137],[17.106476,48.146137],[17.106477,48.146127]]]}},{"type":"Feature","properties":{"v":19,"p":6},"geometry":{"type":"Polygon","coordinates":[[[17.106483,48.146117],[17.106489,48.146118],[17.106488,48.146127],[17.106482,48.146127],[17.106483,48.146117]]]}},{"type":"Feature","properties":{"v":19,"p":6},"geometry":{"type":"Polygon","coordinates":[[[17.106491,48.146108],[17.106497,48.146108],[17.106496,48.146118],[17.106489,48.146118],[17.106491,48.146108]]]}},{"type":"Feature","properties":{"v":19,"p":6},"geometry":{"type":"Polygon","coordinates":[[[17.106499,48.146099],[17.106507,48.1461],[17.106505,48.146109],[17.106497,48.146108],[17.106499,48.146099]]]}},{"type":"Feature","properties":{"v":19,"p":6},"geometry":{"type":"Polygon","coordinates":[[[17.106508,48.146091],[17.106517,48.146092],[17.106516,48.146101],[17.106507,48.1461],[17.106508,48.146091]]]}},{"type":"Feature","properties":{"v":19,"p":6},"geometry":{"type":"Polygon","coordinates":[[[17.106518,48.146084],[17.106528,48.146084],[17.106527,48.146092],[17.106517,48.146092],[17.106518,48.146084]]]}},{"type":"Feature","properties":{"v":19.1,"p":6},"geometry":{"type":"Polygon","coordinates":[[[17.106529,48.146077],[17.10654,48.146078],[17.106539,48.146085],[17.106528,48.146084],[17.106529,48.146077]]]}},{"type":"Feature","properties":{"v":19.3,"p":6},"geometry":{"type":"Polygon","coordinates":[[[17.106773,48.146165],[17.106798,48.146167],[17.106797,48.14617],[17.106773,48.146168],[17.106773,48.146165]]]}},{"type":"Feature","properties":{"v":19.1,"p":6},"geometry":{"type":"Polygon","coordinates":[[[17.10654,48.146078],[17.106565,48.146079],[17.106564,48.146086],[17.106539,48.146084],[17.10654,48.146078]]]}},{"type":"Feature","properties":{"v":19,"p":6},"geometry":{"type":"Polygon","coordinates":[[[17.106463,48.146181],[17.106488,48.146183],[17.106488,48.146184],[17.106463,48.146183],[17.106463,48.146181]]]}},{"type":"Feature","properties":{"v":19.1,"p":6},"geometry":{"type":"Polygon","coordinates":[[[17.106653,48.146258],[17.106693,48.146261],[17.10669,48.14628],[17.10665,48.146277],[17.106653,48.146258]]]}},{"type":"Feature","properties":{"v":19.1,"p":6},"geometry":{"type":"Polygon","coordinates":[[[17.10665,48.146277],[17.106658,48.146278],[17.106656,48.146294],[17.106648,48.146293],[17.10665,48.146277]]]}},{"type":"Feature","properties":{"v":19,"p":6},"geometry":{"type":"Polygon","coordinates":[[[17.106488,48.146184],[17.106498,48.146185],[17.106492,48.146222],[17.106483,48.146221],[17.106488,48.146184]]]}},{"type":"Feature","properties":{"v":19.1,"p":6},"geometry":{"type":"Polygon","coordinates":[[[17.106577,48.146294],[17.106628,48.146298],[17.106614,48.146388],[17.106564,48.146384],[17.106577,48.146294]]]}},{"type":"Feature","properties":{"v":7,"p":2},"geometry":{"type":"Polygon","coordinates":[[[17.106564,48.146384],[17.106836,48.146403],[17.106835,48.146409],[17.106563,48.14639],[17.106564,48.146384]]]}},{"type":"Feature","properties":{"v":13.6,"p":5},"geometry":{"type":"Polygon","coordinates":[[[17.106841,48.146366],[17.106844,48.146366],[17.106838,48.146409],[17.106835,48.146409],[17.106841,48.146366]]]}},{"type":"Feature","properties":{"v":13.7,"p":5},"geometry":{"type":"Polygon","coordinates":[[[17.106852,48.146316],[17.106855,48.146316],[17.106847,48.146366],[17.106844,48.146366],[17.106852,48.146316]]]}},{"type":"Feature","properties":{"v":7.4,"p":2},"geometry":{"type":"Polygon","coordinates":[[[17.106628,48.146298],[17.106855,48.146313],[17.106855,48.146316],[17.106627,48.1463],[17.106628,48.146298]]]}},{"type":"Feature","properties":{"v":10.8,"p":4},"geometry":{"type":"Polygon","coordinates":[[[17.106776,48.146104],[17.106901,48.146112],[17.106901,48.146117],[17.106775,48.146109],[17.106776,48.146104]]]}},{"type":"Feature","properties":{"v":7.5,"p":2},"geometry":{"type":"Polygon","coordinates":[[[17.106886,48.146111],[17.106901,48.146112],[17.10687,48.146317],[17.106855,48.146316],[17.106886,48.146111]]]}},{"type":"Feature","properties":{"v":3.2,"p":1},"geometry":{"type":"Polygon","coordinates":[[[17.10678,48.146255],[17.106744,48.146254],[17.106754,48.146245],[17.10678,48.146255]]]}},{"type":"Feature","properties":{"v":7.3,"p":2},"geometry":{"type":"Polygon","coordinates":[[[17.106741,48.146253],[17.106744,48.146254],[17.106736,48.146306],[17.106733,48.146306],[17.106741,48.146253]]]}},{"type":"Feature","properties":{"v":10.9,"p":4},"geometry":{"type":"Polygon","coordinates":[[[17.10637,48.146203],[17.106491,48.146212],[17.106487,48.146238],[17.106366,48.14623],[17.10637,48.146203]]]}},{"type":"Feature","properties":{"v":5.1,"p":2},"geometry":{"type":"Polygon","coordinates":[[[17.10646,48.146262],[17.106352,48.146197],[17.106455,48.146055],[17.106617,48.146054],[17.10646,48.146262]]]}},{"type":"Feature","properties":{"v":9.3,"p":3},"geometry":{"type":"Polygon","coordinates":[[[17.106374,48.14605],[17.106455,48.146055],[17.106433,48.146203],[17.106352,48.146197],[17.106374,48.14605]]]}},{"type":"Feature","properties":{"v":14.4,"p":5},"geometry":{"type":"Polygon","coordinates":[[[17.106352,48.146197],[17.106469,48.146205],[17.10646,48.146262],[17.106343,48.146254],[17.106352,48.146197]]]}},{"type":"Feature","properties":{"v":11.1,"p":4},"geometry":{"type":"Polygon","coordinates":[[[17.10649,48.146055],[17.106612,48.146063],[17.106608,48.146091],[17.106485,48.146082],[17.10649,48.146055]]]}},{"type":"Feature","properties":{"v":19,"p":6},"geometry":{"type":"Polygon","coordinates":[[[17.106425,48.146217],[17.106492,48.146222],[17.106475,48.146337],[17.106408,48.146333],[17.106425,48.146217]]]}},{"type":"Feature","properties":{"v":19,"p":6},"geometry":{"type":"Polygon","coordinates":[[[17.106422,48.146237],[17.106478,48.146241],[17.106463,48.146336],[17.106408,48.146333],[17.106422,48.146237]]]}},{"type":"Feature","properties":{"v":19,"p":6},"geometry":{"type":"Polygon","coordinates":[[[17.106466,48.146225],[17.10648,48.146226],[17.106478,48.146241],[17.106464,48.14624],[17.106466,48.146225]]]}},{"type":"Feature","properties":{"v":19,"p":6},"geometry":{"type":"Polygon","coordinates":[[[17.106467,48.14622],[17.106492,48.146222],[17.106492,48.146227],[17.106466,48.146225],[17.106467,48.14622]]]}},{"type":"Feature","properties":{"v":19.1,"p":6},"geometry":{"type":"Polygon","coordinates":[[[17.106629,48.146292],[17.106656,48.146294],[17.106655,48.1463],[17.106628,48.146298],[17.106629,48.146292]]]}},{"type":"Feature","properties":{"v":19.1,"p":6},"geometry":{"type":"Polygon","coordinates":[[[17.106693,48.146261],[17.106719,48.146262],[17.106717,48.14627],[17.106692,48.146268],[17.106693,48.146261]]]}},{"type":"Feature","properties":{"v":5,"p":2},"geometry":{"type":"Polygon","coordinates":[[[17.104416,48.145229],[17.104489,48.145551],[17.104442,48.145611],[17.104348,48.145193],[17.104416,48.145229]]]}},{"type":"Feature","properties":{"v":5.9,"p":2},"geometry":{"type":"Polygon","coordinates":[[[17.104484,48.145266],[17.104535,48.145494],[17.104489,48.145551],[17.104416,48.145229],[17.104484,48.145266]]]}},{"type":"Feature","properties":{"v":6.1,"p":2},"geometry":{"type":"Polygon","coordinates":[[[17.104746,48.145237],[17.104484,48.145266],[17.104416,48.145229],[17.104752,48.145191],[17.104746,48.145237]]]}},{"type":"Feature","properties":{"v":6.1,"p":2},"geometry":{"type":"Polygon","coordinates":[[[17.104752,48.145191],[17.104416,48.145229],[17.104348,48.145193],[17.104731,48.145151],[17.104752,48.145191]]]}},{"type":"Feature","properties":{"v":5,"p":2},"geometry":{"type":"Polygon","coordinates":[[[17.10479,48.145563],[17.104442,48.145611],[17.104489,48.145551],[17.104776,48.145515],[17.10479,48.145563]]]}},{"type":"Feature","properties":{"v":5.7,"p":2},"geometry":{"type":"Polygon","coordinates":[[[17.104776,48.145515],[17.104489,48.145551],[17.104535,48.145494],[17.104761,48.145465],[17.104776,48.145515]]]}},{"type":"Feature","properties":{"v":8.2,"p":3},"geometry":{"type":"Polygon","coordinates":[[[17.10543,48.145427],[17.104996,48.145473],[17.104983,48.14541],[17.105417,48.145366],[17.10543,48.145427]]]}},{"type":"Feature","properties":{"v":3.6,"p":1},"geometry":{"type":"Polygon","coordinates":[[[17.104752,48.145191],[17.104716,48.145172],[17.104692,48.145081],[17.104724,48.145078],[17.104752,48.145191]]]}},{"type":"Feature","properties":{"v":5.9,"p":2},"geometry":{"type":"Polygon","coordinates":[[[17.104752,48.145191],[17.104724,48.145078],[17.104784,48.145073],[17.104752,48.145191]]]}},{"type":"Feature","properties":{"v":4.9,"p":2},"geometry":{"type":"Polygon","coordinates":[[[17.104804,48.145414],[17.104763,48.145471],[17.104698,48.145199],[17.104752,48.145191],[17.104804,48.145414]]]}},{"type":"Feature","properties":{"v":5.7,"p":2},"geometry":{"type":"Polygon","coordinates":[[[17.104854,48.145373],[17.104804,48.145414],[17.104752,48.145191],[17.104784,48.145073],[17.104854,48.145373]]]}},{"type":"Feature","properties":{"v":4.9,"p":2},"geometry":{"type":"Polygon","coordinates":[[[17.104383,48.145349],[17.10433,48.145355],[17.104366,48.145307],[17.104433,48.1453],[17.104383,48.145349]]]}},{"type":"Feature","properties":{"v":4.9,"p":2},"geometry":{"type":"Polygon","coordinates":[[[17.104433,48.1453],[17.104366,48.145307],[17.10431,48.14527],[17.104364,48.145263],[17.104433,48.1453]]]}},{"type":"Feature","properties":{"v":5,"p":2},"geometry":{"type":"Polygon","coordinates":[[[17.104984,48.145414],[17.104755,48.14544],[17.104748,48.14541],[17.104977,48.145385],[17.104984,48.145414]]]}},{"type":"Feature","properties":{"v":9.7,"p":3},"geometry":{"type":"Polygon","coordinates":[[[17.105008,48.145532],[17.104789,48.145561],[17.104755,48.14544],[17.104984,48.145414],[17.105008,48.145532]]]}},{"type":"Feature","properties":{"v":5.1,"p":2},"geometry":{"type":"Polygon","coordinates":[[[17.105227,48.145503],[17.105008,48.145532],[17.104996,48.145473],[17.105214,48.14545],[17.105227,48.145503]]]}},{"type":"Feature","properties":{"v":8.2,"p":3},"geometry":{"type":"Polygon","coordinates":[[[17.105417,48.145366],[17.104983,48.14541],[17.104968,48.145346],[17.105402,48.145303],[17.105417,48.145366]]]}},{"type":"Feature","properties":{"v":7.3,"p":2},"geometry":{"type":"Polygon","coordinates":[[[17.104484,48.145266],[17.104569,48.145272],[17.104535,48.145494],[17.104451,48.145488],[17.104484,48.145266]]]}},{"type":"Feature","properties":{"v":8.3,"p":3},"geometry":{"type":"Polygon","coordinates":[[[17.104348,48.145193],[17.104504,48.145204],[17.104442,48.145611],[17.104287,48.1456],[17.104348,48.145193]]]}},{"type":"Feature","properties":{"v":2.6,"p":1},"geometry":{"type":"Polygon","coordinates":[[[17.105402,48.145303],[17.105293,48.145314],[17.105279,48.14526],[17.105388,48.145248],[17.105402,48.145303]]]}},{"type":"Feature","properties":{"v":6,"p":2},"geometry":{"type":"Polygon","coordinates":[[[17.105388,48.145248],[17.10541,48.14525],[17.105402,48.145303],[17.10538,48.145302],[17.105388,48.145248]]]}},{"type":"Feature","properties":{"v":6,"p":2},"geometry":{"type":"Polygon","coordinates":[[[17.105282,48.145241],[17.105388,48.145248],[17.105385,48.145267],[17.105279,48.14526],[17.105282,48.145241]]]}},{"type":"Feature","properties":{"v":3.3,"p":1},"geometry":{"type":"Polygon","coordinates":[[[17.105279,48.14526],[17.105301,48.145261],[17.105293,48.145314],[17.105271,48.145313],[17.105279,48.14526]]]}},{"type":"Feature","properties":{"v":3,"p":1},"geometry":{"type":"Polygon","coordinates":[[[17.104857,48.145266],[17.105288,48.145295],[17.105277,48.145368],[17.104846,48.145339],[17.104857,48.145266]]]}},{"type":"Feature","properties":{"v":7.9,"p":3},"geometry":{"type":"Polygon","coordinates":[[[17.104358,48.145126],[17.104731,48.145151],[17.104721,48.145219],[17.104348,48.145193],[17.104358,48.145126]]]}},{"type":"Feature","properties":{"v":6.9,"p":2},"geometry":{"type":"Polygon","coordinates":[[[17.104492,48.145219],[17.104746,48.145237],[17.104739,48.145284],[17.104484,48.145266],[17.104492,48.145219]]]}},{"type":"Feature","properties":{"v":2,"p":1},"geometry":{"type":"Polygon","coordinates":[[[17.104354,48.145273],[17.104363,48.145273],[17.10436,48.145295],[17.104351,48.145294],[17.104354,48.145273]]]}},{"type":"Feature","properties":{"v":2,"p":1},"geometry":{"type":"Polygon","coordinates":[[[17.104364,48.145321],[17.104373,48.145321],[17.10437,48.145343],[17.104361,48.145342],[17.104364,48.145321]]]}},{"type":"Feature","properties":{"v":5.1,"p":2},"geometry":{"type":"Polygon","coordinates":[[[17.104776,48.145515],[17.10479,48.145563],[17.104761,48.145465],[17.104776,48.145515]]]}},{"type":"Feature","properties":{"v":7.5,"p":2},"geometry":{"type":"Polygon","coordinates":[[[17.104453,48.14554],[17.10479,48.145563],[17.104779,48.145633],[17.104442,48.145611],[17.104453,48.14554]]]}},{"type":"Feature","properties":{"v":7.2,"p":2},"geometry":{"type":"Polygon","coordinates":[[[17.104542,48.14545],[17.104761,48.145465],[17.104754,48.145509],[17.104535,48.145494],[17.104542,48.14545]]]}},{"type":"Feature","properties":{"v":7.3,"p":2},"geometry":{"type":"Polygon","coordinates":[[[17.104761,48.145465],[17.104804,48.145468],[17.10479,48.145563],[17.104747,48.14556],[17.104761,48.145465]]]}},{"type":"Feature","properties":{"v":4.9,"p":2},"geometry":{"type":"Polygon","coordinates":[[[17.104366,48.145307],[17.10433,48.145355],[17.10431,48.14527],[17.104366,48.145307]]]}},{"type":"Feature","properties":{"v":8.1,"p":3},"geometry":{"type":"Polygon","coordinates":[[[17.104312,48.145259],[17.104364,48.145263],[17.104362,48.145273],[17.10431,48.14527],[17.104312,48.145259]]]}},{"type":"Feature","properties":{"v":8.1,"p":3},"geometry":{"type":"Polygon","coordinates":[[[17.104331,48.145345],[17.104383,48.145349],[17.104382,48.145359],[17.10433,48.145355],[17.104331,48.145345]]]}},{"type":"Feature","properties":{"v":8.1,"p":3},"geometry":{"type":"Polygon","coordinates":[[[17.10431,48.14527],[17.104342,48.145272],[17.10433,48.145355],[17.104298,48.145353],[17.10431,48.14527]]]}},{"type":"Feature","properties":{"v":2.4,"p":1},"geometry":{"type":"Polygon","coordinates":[[[17.104716,48.145172],[17.104653,48.14516],[17.104635,48.145086],[17.104692,48.145081],[17.104716,48.145172]]]}},{"type":"Feature","properties":{"v":9.5,"p":3},"geometry":{"type":"Polygon","coordinates":[[[17.104636,48.145077],[17.104692,48.145081],[17.104691,48.14509],[17.104635,48.145086],[17.104636,48.145077]]]}},{"type":"Feature","properties":{"v":7.2,"p":2},"geometry":{"type":"Polygon","coordinates":[[[17.104635,48.145086],[17.104663,48.145088],[17.104653,48.14516],[17.104624,48.145158],[17.104635,48.145086]]]}},{"type":"Feature","properties":{"v":13,"p":4},"geometry":{"type":"Polygon","coordinates":[[[17.104693,48.145076],[17.104724,48.145078],[17.104724,48.145083],[17.104692,48.145081],[17.104693,48.145076]]]}},{"type":"Feature","properties":{"v":12.9,"p":4},"geometry":{"type":"Polygon","coordinates":[[[17.104726,48.145069],[17.104784,48.145073],[17.104783,48.145082],[17.104724,48.145078],[17.104726,48.145069]]]}},{"type":"Feature","properties":{"v":5.1,"p":2},"geometry":{"type":"Polygon","coordinates":[[[17.105227,48.145503],[17.105008,48.145532],[17.104996,48.145473],[17.105214,48.14545],[17.105227,48.145503]]]}},{"type":"Feature","properties":{"v":7,"p":2},"geometry":{"type":"Polygon","coordinates":[[[17.105015,48.145488],[17.105227,48.145503],[17.10522,48.145546],[17.105008,48.145532],[17.105015,48.145488]]]}},{"type":"Feature","properties":{"v":11.4,"p":4},"geometry":{"type":"Polygon","coordinates":[[[17.105227,48.145503],[17.105214,48.14545],[17.105214,48.14545],[17.105227,48.145503]]]}},{"type":"Feature","properties":{"v":12,"p":4},"geometry":{"type":"Polygon","coordinates":[[[17.104996,48.145473],[17.105017,48.145475],[17.105008,48.145532],[17.104987,48.14553],[17.104996,48.145473]]]}},{"type":"Feature","properties":{"v":6.9,"p":2},"geometry":{"type":"Polygon","coordinates":[[[17.104796,48.145517],[17.105008,48.145532],[17.105002,48.145575],[17.104789,48.145561],[17.104796,48.145517]]]}},{"type":"Feature","properties":{"v":17.6,"p":6},"geometry":{"type":"Polygon","coordinates":[[[17.104755,48.14544],[17.104807,48.145443],[17.104789,48.145561],[17.104738,48.145557],[17.104755,48.14544]]]}},{"type":"Feature","properties":{"v":17.6,"p":6},"geometry":{"type":"Polygon","coordinates":[[[17.104748,48.14541],[17.10476,48.145411],[17.104755,48.14544],[17.104744,48.145439],[17.104748,48.14541]]]}},{"type":"Feature","properties":{"v":7.3,"p":2},"geometry":{"type":"Polygon","coordinates":[[[17.104784,48.145073],[17.104898,48.145081],[17.104854,48.145373],[17.10474,48.145365],[17.104784,48.145073]]]}},{"type":"Feature","properties":{"v":7.7,"p":3},"geometry":{"type":"Polygon","coordinates":[[[17.10467,48.145245],[17.104753,48.145251],[17.10472,48.14547],[17.104637,48.145464],[17.10467,48.145245]]]}},{"type":"Feature","properties":{"v":5.7,"p":2},"geometry":{"type":"Polygon","coordinates":[[[17.104857,48.145435],[17.104846,48.14543],[17.104854,48.145422],[17.104857,48.145435]]]}},{"type":"Feature","properties":{"v":5.7,"p":2},"geometry":{"type":"Polygon","coordinates":[[[17.104857,48.145435],[17.104838,48.145437],[17.104846,48.14543],[17.104857,48.145435]]]}},{"type":"Feature","properties":{"v":5.7,"p":2},"geometry":{"type":"Polygon","coordinates":[[[17.104846,48.14543],[17.104838,48.145437],[17.104835,48.145424],[17.104846,48.14543]]]}},{"type":"Feature","properties":{"v":5.7,"p":2},"geometry":{"type":"Polygon","coordinates":[[[17.104846,48.14543],[17.104835,48.145424],[17.104854,48.145422],[17.104846,48.14543]]]}},{"type":"Feature","properties":{"v":7,"p":2},"geometry":{"type":"Polygon","coordinates":[[[17.104835,48.145421],[17.104854,48.145422],[17.104854,48.145425],[17.104835,48.145424],[17.104835,48.145421]]]}},{"type":"Feature","properties":{"v":7,"p":2},"geometry":{"type":"Polygon","coordinates":[[[17.104835,48.145424],[17.10484,48.145424],[17.104838,48.145437],[17.104833,48.145437],[17.104835,48.145424]]]}},{"type":"Feature","properties":{"v":7,"p":2},"geometry":{"type":"Polygon","coordinates":[[[17.104838,48.145434],[17.104857,48.145435],[17.104857,48.145438],[17.104838,48.145437],[17.104838,48.145434]]]}},{"type":"Feature","properties":{"v":7,"p":2},"geometry":{"type":"Polygon","coordinates":[[[17.104854,48.145422],[17.104859,48.145422],[17.104857,48.145435],[17.104852,48.145435],[17.104854,48.145422]]]}},{"type":"Feature","properties":{"v":6.1,"p":2},"geometry":{"type":"Polygon","coordinates":[[[17.105232,48.145465],[17.10543,48.145479],[17.105425,48.145516],[17.105227,48.145503],[17.105232,48.145465]]]}},{"type":"Feature","properties":{"v":6.1,"p":2},"geometry":{"type":"Polygon","coordinates":[[[17.105429,48.145475],[17.105226,48.145499],[17.105429,48.145475],[17.105429,48.145475]]]}},{"type":"Feature","properties":{"v":6,"p":2},"geometry":{"type":"Polygon","coordinates":[[[17.105417,48.145428],[17.105438,48.14543],[17.10543,48.145479],[17.10541,48.145477],[17.105417,48.145428]]]}},{"type":"Feature","properties":{"v":6,"p":2},"geometry":{"type":"Polygon","coordinates":[[[17.105431,48.145476],[17.105442,48.145477],[17.105442,48.145479],[17.10543,48.145479],[17.105431,48.145476]]]}},{"type":"Feature","properties":{"v":6,"p":2},"geometry":{"type":"Polygon","coordinates":[[[17.10543,48.145427],[17.105449,48.145428],[17.105442,48.145477],[17.105422,48.145476],[17.10543,48.145427]]]}},{"type":"Feature","properties":{"v":8.1,"p":3},"geometry":{"type":"Polygon","coordinates":[[[17.104983,48.14541],[17.104996,48.145473],[17.104968,48.145346],[17.104983,48.14541]]]}},{"type":"Feature","properties":{"v":8.1,"p":3},"geometry":{"type":"Polygon","coordinates":[[[17.105417,48.145366],[17.10543,48.145427],[17.105402,48.145303],[17.105417,48.145366]]]}},{"type":"Feature","properties":{"v":12.3,"p":4},"geometry":{"type":"Polygon","coordinates":[[[17.105007,48.145398],[17.10543,48.145427],[17.105418,48.145502],[17.104996,48.145473],[17.105007,48.145398]]]}},{"type":"Feature","properties":{"v":12.3,"p":4},"geometry":{"type":"Polygon","coordinates":[[[17.104968,48.145346],[17.105015,48.145349],[17.104996,48.145473],[17.104949,48.14547],[17.104968,48.145346]]]}},{"type":"Feature","properties":{"v":11.9,"p":4},"geometry":{"type":"Polygon","coordinates":[[[17.104979,48.145275],[17.105402,48.145303],[17.105391,48.145375],[17.104968,48.145346],[17.104979,48.145275]]]}},{"type":"Feature","properties":{"v":11.9,"p":4},"geometry":{"type":"Polygon","coordinates":[[[17.105402,48.145303],[17.105448,48.145306],[17.10543,48.145427],[17.105384,48.145424],[17.105402,48.145303]]]}},{"type":"Feature","properties":{"v":2.3,"p":1},"geometry":{"type":"Polygon","coordinates":[[[17.105436,48.145452],[17.105423,48.145453],[17.105417,48.145428],[17.10543,48.145427],[17.105436,48.145452]]]}},{"type":"Feature","properties":{"v":4,"p":1},"geometry":{"type":"Polygon","coordinates":[[[17.105417,48.145428],[17.105427,48.145429],[17.105423,48.145453],[17.105414,48.145453],[17.105417,48.145428]]]}},{"type":"Feature","properties":{"v":4,"p":1},"geometry":{"type":"Polygon","coordinates":[[[17.10543,48.145427],[17.105439,48.145428],[17.105436,48.145452],[17.105426,48.145451],[17.10543,48.145427]]]}},{"type":"Feature","properties":{"v":2.3,"p":1},"geometry":{"type":"Polygon","coordinates":[[[17.105442,48.145477],[17.10543,48.145479],[17.105423,48.145453],[17.105436,48.145452],[17.105442,48.145477]]]}},{"type":"Feature","properties":{"v":6.3,"p":2},"geometry":{"type":"Polygon","coordinates":[[[17.105436,48.145452],[17.105446,48.145453],[17.105442,48.145477],[17.105432,48.145477],[17.105436,48.145452]]]}},{"type":"Feature","properties":{"v":6.3,"p":2},"geometry":{"type":"Polygon","coordinates":[[[17.105423,48.145453],[17.105434,48.145454],[17.10543,48.145479],[17.10542,48.145478],[17.105423,48.145453]]]}},{"type":"Feature","properties":{"v":4,"p":1},"geometry":{"type":"Polygon","coordinates":[[[17.105431,48.145476],[17.105442,48.145477],[17.105442,48.145479],[17.10543,48.145479],[17.105431,48.145476]]]}},{"type":"Feature","properties":{"v":2.5,"p":1},"geometry":{"type":"Polygon","coordinates":[[[17.104977,48.145385],[17.104748,48.14541],[17.104742,48.145383],[17.104971,48.145357],[17.104977,48.145385]]]}},{"type":"Feature","properties":{"v":10.9,"p":4},"geometry":{"type":"Polygon","coordinates":[[[17.104748,48.145342],[17.104971,48.145357],[17.104965,48.145398],[17.104742,48.145383],[17.104748,48.145342]]]}},{"type":"Feature","properties":{"v":13.4,"p":4},"geometry":{"type":"Polygon","coordinates":[[[17.104742,48.145383],[17.104752,48.145383],[17.104748,48.14541],[17.104738,48.145409],[17.104742,48.145383]]]}},{"type":"Feature","properties":{"v":10.2,"p":3},"geometry":{"type":"Polygon","coordinates":[[[17.108908,48.143602],[17.108729,48.14378],[17.108665,48.143752],[17.108855,48.143566],[17.108908,48.143602]]]}},{"type":"Feature","properties":{"v":9.4,"p":3},"geometry":{"type":"Polygon","coordinates":[[[17.108982,48.143543],[17.108908,48.143602],[17.108855,48.143566],[17.108932,48.143505],[17.108982,48.143543]]]}},{"type":"Feature","properties":{"v":5.6,"p":2},"geometry":{"type":"Polygon","coordinates":[[[17.108791,48.143797],[17.108784,48.143804],[17.108753,48.14379],[17.108761,48.143783],[17.108791,48.143797]]]}},{"type":"Feature","properties":{"v":4.6,"p":2},"geometry":{"type":"Polygon","coordinates":[[[17.10893,48.143616],[17.108753,48.14379],[17.108729,48.14378],[17.108908,48.143602],[17.10893,48.143616]]]}},{"type":"Feature","properties":{"v":2,"p":1},"geometry":{"type":"Polygon","coordinates":[[[17.108771,48.143788],[17.108761,48.143783],[17.108777,48.143767],[17.108771,48.143788]]]}},{"type":"Feature","properties":{"v":3.8,"p":1},"geometry":{"type":"Polygon","coordinates":[[[17.109003,48.143559],[17.10893,48.143616],[17.108908,48.143602],[17.108982,48.143543],[17.109003,48.143559]]]}},{"type":"Feature","properties":{"v":5.1,"p":2},"geometry":{"type":"Polygon","coordinates":[[[17.108958,48.143728],[17.10893,48.143758],[17.108876,48.143736],[17.108903,48.143707],[17.108958,48.143728]]]}},{"type":"Feature","properties":{"v":5.1,"p":2},"geometry":{"type":"Polygon","coordinates":[[[17.10893,48.143758],[17.108901,48.143789],[17.108846,48.143767],[17.108876,48.143736],[17.10893,48.143758]]]}},{"type":"Feature","properties":{"v":2.2,"p":1},"geometry":{"type":"Polygon","coordinates":[[[17.109246,48.14368],[17.109215,48.143726],[17.109203,48.143666],[17.109246,48.14368]]]}},{"type":"Feature","properties":{"v":2.2,"p":1},"geometry":{"type":"Polygon","coordinates":[[[17.109215,48.143726],[17.109211,48.143731],[17.109203,48.143666],[17.109215,48.143726]]]}},{"type":"Feature","properties":{"v":2.2,"p":1},"geometry":{"type":"Polygon","coordinates":[[[17.109203,48.143666],[17.109211,48.143731],[17.109034,48.143675],[17.109091,48.143631],[17.109203,48.143666]]]}},{"type":"Feature","properties":{"v":2.2,"p":1},"geometry":{"type":"Polygon","coordinates":[[[17.109034,48.143675],[17.109034,48.143641],[17.109091,48.143631],[17.109034,48.143675]]]}},{"type":"Feature","properties":{"v":2.6,"p":1},"geometry":{"type":"Polygon","coordinates":[[[17.108679,48.14381],[17.108678,48.143807],[17.108692,48.143806],[17.108679,48.14381]]]}},{"type":"Feature","properties":{"v":2.6,"p":1},"geometry":{"type":"Polygon","coordinates":[[[17.108694,48.143816],[17.108679,48.14381],[17.108692,48.143806],[17.108694,48.143816]]]}},{"type":"Feature","properties":{"v":2.6,"p":1},"geometry":{"type":"Polygon","coordinates":[[[17.108697,48.143815],[17.108694,48.143816],[17.108692,48.143806],[17.108697,48.143815]]]}},{"type":"Feature","properties":{"v":2.6,"p":1},"geometry":{"type":"Polygon","coordinates":[[[17.108697,48.143815],[17.108692,48.143806],[17.108706,48.143806],[17.108697,48.143815]]]}},{"type":"Feature","properties":{"v":2.6,"p":1},"geometry":{"type":"Polygon","coordinates":[[[17.108706,48.143806],[17.108692,48.143806],[17.108705,48.143803],[17.108706,48.143806]]]}},{"type":"Feature","properties":{"v":2.6,"p":1},"geometry":{"type":"Polygon","coordinates":[[[17.108705,48.143803],[17.108692,48.143806],[17.10869,48.143797],[17.108705,48.143803]]]}},{"type":"Feature","properties":{"v":2.6,"p":1},"geometry":{"type":"Polygon","coordinates":[[[17.108692,48.143806],[17.108686,48.143797],[17.10869,48.143797],[17.108692,48.143806]]]}},{"type":"Feature","properties":{"v":2.6,"p":1},"geometry":{"type":"Polygon","coordinates":[[[17.108692,48.143806],[17.108678,48.143807],[17.108686,48.143797],[17.108692,48.143806]]]}},{"type":"Feature","properties":{"v":3.1,"p":1},"geometry":{"type":"Polygon","coordinates":[[[17.108686,48.143797],[17.108678,48.143807],[17.108663,48.143808],[17.10868,48.143786],[17.108686,48.143797]]]}},{"type":"Feature","properties":{"v":3.1,"p":1},"geometry":{"type":"Polygon","coordinates":[[[17.108694,48.143816],[17.108697,48.143827],[17.108665,48.143814],[17.108679,48.14381],[17.108694,48.143816]]]}},{"type":"Feature","properties":{"v":3.1,"p":1},"geometry":{"type":"Polygon","coordinates":[[[17.108679,48.14381],[17.108665,48.143814],[17.108663,48.143808],[17.108678,48.143807],[17.108679,48.14381]]]}},{"type":"Feature","properties":{"v":3.1,"p":1},"geometry":{"type":"Polygon","coordinates":[[[17.108705,48.143826],[17.108697,48.143827],[17.108694,48.143816],[17.108697,48.143815],[17.108705,48.143826]]]}},{"type":"Feature","properties":{"v":3.1,"p":1},"geometry":{"type":"Polygon","coordinates":[[[17.108705,48.143826],[17.108697,48.143815],[17.108706,48.143806],[17.108724,48.143806],[17.108705,48.143826]]]}},{"type":"Feature","properties":{"v":3.1,"p":1},"geometry":{"type":"Polygon","coordinates":[[[17.108724,48.143806],[17.108706,48.143806],[17.108705,48.143803],[17.108723,48.1438],[17.108724,48.143806]]]}},{"type":"Feature","properties":{"v":3.1,"p":1},"geometry":{"type":"Polygon","coordinates":[[[17.108723,48.1438],[17.108705,48.143803],[17.10869,48.143797],[17.108688,48.143785],[17.108723,48.1438]]]}},{"type":"Feature","properties":{"v":3.1,"p":1},"geometry":{"type":"Polygon","coordinates":[[[17.10869,48.143797],[17.108686,48.143797],[17.10868,48.143786],[17.108688,48.143785],[17.10869,48.143797]]]}},{"type":"Feature","properties":{"v":2.9,"p":1},"geometry":{"type":"Polygon","coordinates":[[[17.108665,48.143814],[17.108654,48.143817],[17.10865,48.143809],[17.108663,48.143808],[17.108665,48.143814]]]}},{"type":"Feature","properties":{"v":2.9,"p":1},"geometry":{"type":"Polygon","coordinates":[[[17.108736,48.143805],[17.108724,48.143806],[17.108723,48.1438],[17.108734,48.143797],[17.108736,48.143805]]]}},{"type":"Feature","properties":{"v":2.9,"p":1},"geometry":{"type":"Polygon","coordinates":[[[17.108709,48.143834],[17.108698,48.143835],[17.108697,48.143827],[17.108705,48.143826],[17.108709,48.143834]]]}},{"type":"Feature","properties":{"v":2.9,"p":1},"geometry":{"type":"Polygon","coordinates":[[[17.108688,48.143785],[17.10868,48.143786],[17.108675,48.143778],[17.108686,48.143776],[17.108688,48.143785]]]}},{"type":"Feature","properties":{"v":2.9,"p":1},"geometry":{"type":"Polygon","coordinates":[[[17.10868,48.143786],[17.108663,48.143808],[17.10865,48.143809],[17.108675,48.143778],[17.10868,48.143786]]]}},{"type":"Feature","properties":{"v":2.9,"p":1},"geometry":{"type":"Polygon","coordinates":[[[17.108697,48.143827],[17.108698,48.143835],[17.108654,48.143817],[17.108665,48.143814],[17.108697,48.143827]]]}},{"type":"Feature","properties":{"v":2.9,"p":1},"geometry":{"type":"Polygon","coordinates":[[[17.108709,48.143834],[17.108705,48.143826],[17.108724,48.143806],[17.108736,48.143805],[17.108709,48.143834]]]}},{"type":"Feature","properties":{"v":2.9,"p":1},"geometry":{"type":"Polygon","coordinates":[[[17.108734,48.143797],[17.108723,48.1438],[17.108688,48.143785],[17.108686,48.143776],[17.108734,48.143797]]]}},{"type":"Feature","properties":{"v":6.7,"p":2},"geometry":{"type":"Polygon","coordinates":[[[17.109448,48.14377],[17.109449,48.14379],[17.10934,48.143823],[17.109361,48.143796],[17.109412,48.14379],[17.109404,48.143756],[17.109448,48.14377]]]}},{"type":"Feature","properties":{"v":6.9,"p":2},"geometry":{"type":"Polygon","coordinates":[[[17.109412,48.14379],[17.109327,48.143806],[17.109312,48.143764],[17.109412,48.14379]]]}},{"type":"Feature","properties":{"v":6.7,"p":2},"geometry":{"type":"Polygon","coordinates":[[[17.109519,48.143812],[17.10942,48.143852],[17.10934,48.143823],[17.109449,48.14379],[17.109519,48.143812]]]}},{"type":"Feature","properties":{"v":7.6,"p":3},"geometry":{"type":"Polygon","coordinates":[[[17.110102,48.143646],[17.110099,48.143655],[17.110006,48.143674],[17.109801,48.143606],[17.109735,48.143525],[17.110102,48.143646]]]}},{"type":"Feature","properties":{"v":7.7,"p":3},"geometry":{"type":"Polygon","coordinates":[[[17.109887,48.143843],[17.109941,48.143944],[17.109536,48.143818],[17.10954,48.143814],[17.109646,48.143782],[17.109674,48.143776],[17.109887,48.143843]]]}},{"type":"Feature","properties":{"v":7.6,"p":3},"geometry":{"type":"Polygon","coordinates":[[[17.109801,48.143606],[17.109674,48.143776],[17.109646,48.143782],[17.109563,48.143759],[17.109735,48.143525],[17.109801,48.143606]]]}},{"type":"Feature","properties":{"v":2.1,"p":1},"geometry":{"type":"Polygon","coordinates":[[[17.10954,48.143814],[17.109536,48.143818],[17.109519,48.143812],[17.109531,48.143793],[17.10954,48.143814]]]}},{"type":"Feature","properties":{"v":5.6,"p":2},"geometry":{"type":"Polygon","coordinates":[[[17.110015,48.143941],[17.10996,48.144012],[17.109941,48.143944],[17.109985,48.143882],[17.110015,48.143941]]]}},{"type":"Feature","properties":{"v":5.6,"p":2},"geometry":{"type":"Polygon","coordinates":[[[17.110079,48.14396],[17.110015,48.143941],[17.109985,48.143882],[17.110079,48.14396]]]}},{"type":"Feature","properties":{"v":5.6,"p":2},"geometry":{"type":"Polygon","coordinates":[[[17.110129,48.143892],[17.110079,48.14396],[17.109985,48.143882],[17.110037,48.143808],[17.110129,48.143892]]]}},{"type":"Feature","properties":{"v":5.6,"p":2},"geometry":{"type":"Polygon","coordinates":[[[17.110199,48.143862],[17.110225,48.143918],[17.110129,48.143892],[17.110037,48.143808],[17.110199,48.143862]]]}},{"type":"Feature","properties":{"v":7.4,"p":2},"geometry":{"type":"Polygon","coordinates":[[[17.110059,48.143754],[17.110029,48.143797],[17.110037,48.143808],[17.109941,48.143944],[17.109887,48.143843],[17.110006,48.143674],[17.110059,48.143754]]]}},{"type":"Feature","properties":{"v":6.5,"p":2},"geometry":{"type":"Polygon","coordinates":[[[17.110059,48.143754],[17.110006,48.143674],[17.110099,48.143655],[17.110059,48.143754]]]}},{"type":"Feature","properties":{"v":7.3,"p":2},"geometry":{"type":"Polygon","coordinates":[[[17.110246,48.143943],[17.110199,48.143862],[17.110326,48.143836],[17.110246,48.143943]]]}},{"type":"Feature","properties":{"v":7.3,"p":2},"geometry":{"type":"Polygon","coordinates":[[[17.110246,48.143943],[17.11024,48.143941],[17.110199,48.143862],[17.110246,48.143943]]]}},{"type":"Feature","properties":{"v":5.3,"p":2},"geometry":{"type":"Polygon","coordinates":[[[17.110228,48.143918],[17.110225,48.143918],[17.110199,48.143862],[17.110228,48.143918]]]}},{"type":"Feature","properties":{"v":7.3,"p":2},"geometry":{"type":"Polygon","coordinates":[[[17.110326,48.143836],[17.110199,48.143862],[17.110037,48.143808],[17.110029,48.143797],[17.110094,48.143757],[17.110326,48.143836]]]}},{"type":"Feature","properties":{"v":5.5,"p":2},"geometry":{"type":"Polygon","coordinates":[[[17.110085,48.143762],[17.110029,48.143797],[17.110059,48.143754],[17.110085,48.143762]]]}},{"type":"Feature","properties":{"v":3.2,"p":1},"geometry":{"type":"Polygon","coordinates":[[[17.108841,48.143869],[17.108856,48.143918],[17.108739,48.143866],[17.108767,48.143836],[17.108841,48.143869]]]}},{"type":"Feature","properties":{"v":3.2,"p":1},"geometry":{"type":"Polygon","coordinates":[[[17.108856,48.143918],[17.108841,48.143869],[17.108916,48.143858],[17.108856,48.143918]]]}},{"type":"Feature","properties":{"v":3.2,"p":1},"geometry":{"type":"Polygon","coordinates":[[[17.108916,48.143858],[17.108841,48.143869],[17.108767,48.143836],[17.108796,48.143805],[17.108916,48.143858]]]}},{"type":"Feature","properties":{"v":4,"p":1},"geometry":{"type":"Polygon","coordinates":[[[17.10904,48.143912],[17.109005,48.143984],[17.108856,48.143918],[17.108916,48.143858],[17.10904,48.143912]]]}},{"type":"Feature","properties":{"v":4.5,"p":2},"geometry":{"type":"Polygon","coordinates":[[[17.109133,48.143951],[17.109191,48.144021],[17.10909,48.144001],[17.109126,48.143949],[17.109133,48.143951]]]}},{"type":"Feature","properties":{"v":4,"p":1},"geometry":{"type":"Polygon","coordinates":[[[17.109138,48.143931],[17.10909,48.144001],[17.109005,48.143984],[17.10904,48.143912],[17.109138,48.143931]]]}},{"type":"Feature","properties":{"v":4.5,"p":2},"geometry":{"type":"Polygon","coordinates":[[[17.109341,48.143811],[17.109307,48.143858],[17.109212,48.143857],[17.109273,48.143906],[17.109191,48.144021],[17.109133,48.143951],[17.109256,48.143785],[17.109341,48.143811]]]}},{"type":"Feature","properties":{"v":4.2,"p":1},"geometry":{"type":"Polygon","coordinates":[[[17.109289,48.143883],[17.109212,48.143857],[17.109307,48.143858],[17.109289,48.143883]]]}},{"type":"Feature","properties":{"v":4.2,"p":1},"geometry":{"type":"Polygon","coordinates":[[[17.109289,48.143883],[17.109273,48.143906],[17.109212,48.143857],[17.109289,48.143883]]]}},{"type":"Feature","properties":{"v":5.9,"p":2},"geometry":{"type":"Polygon","coordinates":[[[17.10915,48.143752],[17.109143,48.143763],[17.10912,48.143726],[17.109133,48.143707],[17.10915,48.143752]]]}},{"type":"Feature","properties":{"v":5.9,"p":2},"geometry":{"type":"Polygon","coordinates":[[[17.109143,48.143763],[17.109064,48.143739],[17.10912,48.143726],[17.109143,48.143763]]]}},{"type":"Feature","properties":{"v":5.9,"p":2},"geometry":{"type":"Polygon","coordinates":[[[17.10912,48.143726],[17.109064,48.143739],[17.109071,48.143728],[17.109133,48.143707],[17.10912,48.143726]]]}},{"type":"Feature","properties":{"v":10.8,"p":4},"geometry":{"type":"Polygon","coordinates":[[[17.108917,48.143683],[17.108937,48.143685],[17.108932,48.143712],[17.108913,48.14371],[17.108917,48.143683]]]}},{"type":"Feature","properties":{"v":14,"p":5},"geometry":{"type":"Polygon","coordinates":[[[17.108958,48.143635],[17.108974,48.143636],[17.108973,48.143642],[17.108957,48.143641],[17.108958,48.143635]]]}},{"type":"Feature","properties":{"v":21.2,"p":7},"geometry":{"type":"Polygon","coordinates":[[[17.108855,48.143566],[17.108913,48.14357],[17.108908,48.143602],[17.10885,48.143598],[17.108855,48.143566]]]}},{"type":"Feature","properties":{"v":11,"p":4},"geometry":{"type":"Polygon","coordinates":[[[17.108695,48.143555],[17.108855,48.143566],[17.108825,48.143763],[17.108665,48.143752],[17.108695,48.143555]]]}},{"type":"Feature","properties":{"v":21.1,"p":7},"geometry":{"type":"Polygon","coordinates":[[[17.108665,48.143752],[17.108733,48.143757],[17.108729,48.14378],[17.108662,48.143775],[17.108665,48.143752]]]}},{"type":"Feature","properties":{"v":20.5,"p":7},"geometry":{"type":"Polygon","coordinates":[[[17.108932,48.143505],[17.108987,48.143509],[17.108982,48.143543],[17.108926,48.143539],[17.108932,48.143505]]]}},{"type":"Feature","properties":{"v":11,"p":4},"geometry":{"type":"Polygon","coordinates":[[[17.108865,48.143501],[17.108932,48.143505],[17.108922,48.143571],[17.108855,48.143566],[17.108865,48.143501]]]}},{"type":"Feature","properties":{"v":11.2,"p":4},"geometry":{"type":"Polygon","coordinates":[[[17.108785,48.143797],[17.108791,48.143797],[17.10879,48.143804],[17.108784,48.143804],[17.108785,48.143797]]]}},{"type":"Feature","properties":{"v":16.8,"p":6},"geometry":{"type":"Polygon","coordinates":[[[17.108777,48.143767],[17.108797,48.143768],[17.108792,48.143799],[17.108773,48.143797],[17.108777,48.143767]]]}},{"type":"Feature","properties":{"v":15.1,"p":5},"geometry":{"type":"Polygon","coordinates":[[[17.108818,48.143625],[17.108958,48.143635],[17.108931,48.143808],[17.108792,48.143799],[17.108818,48.143625]]]}},{"type":"Feature","properties":{"v":16.9,"p":6},"geometry":{"type":"Polygon","coordinates":[[[17.108801,48.143607],[17.10893,48.143616],[17.108906,48.143776],[17.108777,48.143767],[17.108801,48.143607]]]}},{"type":"Feature","properties":{"v":21.3,"p":7},"geometry":{"type":"Polygon","coordinates":[[[17.108908,48.143602],[17.108932,48.143603],[17.10893,48.143616],[17.108906,48.143615],[17.108908,48.143602]]]}},{"type":"Feature","properties":{"v":20.5,"p":7},"geometry":{"type":"Polygon","coordinates":[[[17.108982,48.143543],[17.109006,48.143544],[17.109003,48.143559],[17.10898,48.143557],[17.108982,48.143543]]]}},{"type":"Feature","properties":{"v":15.1,"p":5},"geometry":{"type":"Polygon","coordinates":[[[17.108967,48.143573],[17.109029,48.143577],[17.109019,48.143639],[17.108958,48.143635],[17.108967,48.143573]]]}},{"type":"Feature","properties":{"v":11.5,"p":4},"geometry":{"type":"Polygon","coordinates":[[[17.108903,48.143707],[17.108961,48.143711],[17.108958,48.143728],[17.1089,48.143724],[17.108903,48.143707]]]}},{"type":"Feature","properties":{"v":16.6,"p":6},"geometry":{"type":"Polygon","coordinates":[[[17.10888,48.143705],[17.108903,48.143707],[17.108898,48.143737],[17.108876,48.143736],[17.10888,48.143705]]]}},{"type":"Feature","properties":{"v":16.3,"p":5},"geometry":{"type":"Polygon","coordinates":[[[17.108935,48.143726],[17.108958,48.143728],[17.108953,48.143759],[17.10893,48.143758],[17.108935,48.143726]]]}},{"type":"Feature","properties":{"v":11.4,"p":4},"geometry":{"type":"Polygon","coordinates":[[[17.108846,48.143767],[17.108903,48.143771],[17.108901,48.143789],[17.108844,48.143785],[17.108846,48.143767]]]}},{"type":"Feature","properties":{"v":16.3,"p":5},"geometry":{"type":"Polygon","coordinates":[[[17.108906,48.143756],[17.10893,48.143758],[17.108925,48.143791],[17.108901,48.143789],[17.108906,48.143756]]]}},{"type":"Feature","properties":{"v":16.5,"p":6},"geometry":{"type":"Polygon","coordinates":[[[17.108851,48.143734],[17.108876,48.143736],[17.108871,48.143769],[17.108846,48.143767],[17.108851,48.143734]]]}},{"type":"Feature","properties":{"v":16.8,"p":6},"geometry":{"type":"Polygon","coordinates":[[[17.108828,48.143716],[17.108878,48.14372],[17.108876,48.143736],[17.108826,48.143732],[17.108828,48.143716]]]}},{"type":"Feature","properties":{"v":14.9,"p":5},"geometry":{"type":"Polygon","coordinates":[[[17.108845,48.143746],[17.108861,48.143747],[17.108861,48.143752],[17.108845,48.143751],[17.108845,48.143746]]]}},{"type":"Feature","properties":{"v":15.3,"p":5},"geometry":{"type":"Polygon","coordinates":[[[17.108862,48.143743],[17.108869,48.143743],[17.108867,48.143752],[17.108861,48.143752],[17.108862,48.143743]]]}},{"type":"Feature","properties":{"v":15.3,"p":5},"geometry":{"type":"Polygon","coordinates":[[[17.108884,48.143719],[17.108891,48.143719],[17.10889,48.143729],[17.108882,48.143729],[17.108884,48.143719]]]}},{"type":"Feature","properties":{"v":15,"p":5},"geometry":{"type":"Polygon","coordinates":[[[17.108878,48.143714],[17.108892,48.143715],[17.108891,48.143719],[17.108877,48.143718],[17.108878,48.143714]]]}},{"type":"Feature","properties":{"v":22.5,"p":8},"geometry":{"type":"Polygon","coordinates":[[[17.109346,48.143713],[17.109391,48.143716],[17.109389,48.143727],[17.109345,48.143724],[17.109346,48.143713]]]}},{"type":"Feature","properties":{"v":22.6,"p":8},"geometry":{"type":"Polygon","coordinates":[[[17.109219,48.143679],[17.109246,48.14368],[17.109238,48.143733],[17.109211,48.143731],[17.109219,48.143679]]]}},{"type":"Feature","properties":{"v":22.6,"p":8},"geometry":{"type":"Polygon","coordinates":[[[17.10932,48.143711],[17.109346,48.143713],[17.109338,48.143766],[17.109312,48.143764],[17.10932,48.143711]]]}},{"type":"Feature","properties":{"v":22.6,"p":8},"geometry":{"type":"Polygon","coordinates":[[[17.109212,48.143725],[17.109215,48.143726],[17.109214,48.143732],[17.109211,48.143731],[17.109212,48.143725]]]}},{"type":"Feature","properties":{"v":20.4,"p":7},"geometry":{"type":"Polygon","coordinates":[[[17.109091,48.143631],[17.109207,48.143639],[17.109203,48.143666],[17.109087,48.143659],[17.109091,48.143631]]]}},{"type":"Feature","properties":{"v":20.4,"p":7},"geometry":{"type":"Polygon","coordinates":[[[17.109096,48.143597],[17.109117,48.143598],[17.109111,48.143633],[17.109091,48.143631],[17.109096,48.143597]]]}},{"type":"Feature","properties":{"v":20.3,"p":7},"geometry":{"type":"Polygon","coordinates":[[[17.109118,48.143592],[17.109118,48.143592],[17.109118,48.143598],[17.109117,48.143598],[17.109118,48.143592]]]}},{"type":"Feature","properties":{"v":20.3,"p":7},"geometry":{"type":"Polygon","coordinates":[[[17.109118,48.143587],[17.109119,48.143587],[17.109118,48.143592],[17.109117,48.143592],[17.109118,48.143587]]]}},{"type":"Feature","properties":{"v":20.3,"p":7},"geometry":{"type":"Polygon","coordinates":[[[17.109115,48.143582],[17.109118,48.143582],[17.109118,48.143587],[17.109114,48.143586],[17.109115,48.143582]]]}},{"type":"Feature","properties":{"v":20.3,"p":7},"geometry":{"type":"Polygon","coordinates":[[[17.109109,48.143577],[17.109115,48.143577],[17.109115,48.143582],[17.109109,48.143581],[17.109109,48.143577]]]}},{"type":"Feature","properties":{"v":20.3,"p":7},"geometry":{"type":"Polygon","coordinates":[[[17.109102,48.143573],[17.10911,48.143574],[17.109109,48.143577],[17.109101,48.143576],[17.109102,48.143573]]]}},{"type":"Feature","properties":{"v":20.3,"p":7},"geometry":{"type":"Polygon","coordinates":[[[17.109094,48.143572],[17.109102,48.143572],[17.109102,48.143573],[17.109094,48.143573],[17.109094,48.143572]]]}},{"type":"Feature","properties":{"v":20.3,"p":7},"geometry":{"type":"Polygon","coordinates":[[[17.109085,48.143571],[17.109094,48.143572],[17.109094,48.143572],[17.109085,48.143571],[17.109085,48.143571]]]}},{"type":"Feature","properties":{"v":20.3,"p":7},"geometry":{"type":"Polygon","coordinates":[[[17.109079,48.143571],[17.109085,48.143571],[17.109085,48.143572],[17.109079,48.143572],[17.109079,48.143571]]]}},{"type":"Feature","properties":{"v":20.3,"p":7},"geometry":{"type":"Polygon","coordinates":[[[17.109072,48.143571],[17.109079,48.143572],[17.109078,48.143574],[17.109071,48.143573],[17.109072,48.143571]]]}},{"type":"Feature","properties":{"v":20.3,"p":7},"geometry":{"type":"Polygon","coordinates":[[[17.109064,48.143573],[17.109071,48.143573],[17.109071,48.143577],[17.109063,48.143577],[17.109064,48.143573]]]}},{"type":"Feature","properties":{"v":20.3,"p":7},"geometry":{"type":"Polygon","coordinates":[[[17.109,48.143572],[17.109063,48.143577],[17.109055,48.143635],[17.108991,48.14363],[17.109,48.143572]]]}},{"type":"Feature","properties":{"v":21.2,"p":7},"geometry":{"type":"Polygon","coordinates":[[[17.108991,48.14363],[17.109035,48.143633],[17.109034,48.143641],[17.10899,48.143638],[17.108991,48.14363]]]}},{"type":"Feature","properties":{"v":25.2,"p":8},"geometry":{"type":"Polygon","coordinates":[[[17.109404,48.143756],[17.109449,48.143759],[17.109448,48.14377],[17.109402,48.143767],[17.109404,48.143756]]]}},{"type":"Feature","properties":{"v":23.6,"p":8},"geometry":{"type":"Polygon","coordinates":[[[17.109404,48.143756],[17.109417,48.143757],[17.109412,48.14379],[17.109399,48.143789],[17.109404,48.143756]]]}},{"type":"Feature","properties":{"v":19.9,"p":7},"geometry":{"type":"Polygon","coordinates":[[[17.109344,48.143795],[17.109361,48.143796],[17.109357,48.143825],[17.10934,48.143823],[17.109344,48.143795]]]}},{"type":"Feature","properties":{"v":23.6,"p":8},"geometry":{"type":"Polygon","coordinates":[[[17.10933,48.143784],[17.109412,48.14379],[17.109409,48.143812],[17.109327,48.143806],[17.10933,48.143784]]]}},{"type":"Feature","properties":{"v":23.6,"p":8},"geometry":{"type":"Polygon","coordinates":[[[17.109315,48.143759],[17.109416,48.143766],[17.109412,48.14379],[17.109311,48.143783],[17.109315,48.143759]]]}},{"type":"Feature","properties":{"v":23.6,"p":8},"geometry":{"type":"Polygon","coordinates":[[[17.109313,48.143759],[17.109315,48.143759],[17.109314,48.143764],[17.109312,48.143764],[17.109313,48.143759]]]}},{"type":"Feature","properties":{"v":23.5,"p":8},"geometry":{"type":"Polygon","coordinates":[[[17.10937,48.14375],[17.109384,48.143751],[17.10938,48.143776],[17.109366,48.143775],[17.10937,48.14375]]]}},{"type":"Feature","properties":{"v":22.6,"p":8},"geometry":{"type":"Polygon","coordinates":[[[17.109331,48.143736],[17.109386,48.143739],[17.109384,48.143751],[17.109329,48.143747],[17.109331,48.143736]]]}},{"type":"Feature","properties":{"v":23.6,"p":8},"geometry":{"type":"Polygon","coordinates":[[[17.109319,48.143735],[17.109331,48.143736],[17.109327,48.14376],[17.109315,48.143759],[17.109319,48.143735]]]}},{"type":"Feature","properties":{"v":19.9,"p":7},"geometry":{"type":"Polygon","coordinates":[[[17.10934,48.143823],[17.109424,48.143829],[17.10942,48.143852],[17.109336,48.143846],[17.10934,48.143823]]]}},{"type":"Feature","properties":{"v":26.5,"p":9},"geometry":{"type":"Polygon","coordinates":[[[17.109427,48.143806],[17.109519,48.143812],[17.109512,48.143858],[17.10942,48.143852],[17.109427,48.143806]]]}},{"type":"Feature","properties":{"v":23.6,"p":8},"geometry":{"type":"Polygon","coordinates":[[[17.10945,48.143714],[17.109477,48.143716],[17.10947,48.143768],[17.109442,48.143767],[17.10945,48.143714]]]}},{"type":"Feature","properties":{"v":23.6,"p":8},"geometry":{"type":"Polygon","coordinates":[[[17.109442,48.143767],[17.109534,48.143773],[17.109531,48.143793],[17.109439,48.143787],[17.109442,48.143767]]]}},{"type":"Feature","properties":{"v":23.5,"p":8},"geometry":{"type":"Polygon","coordinates":[[[17.109477,48.143716],[17.109566,48.143722],[17.109563,48.143744],[17.109474,48.143738],[17.109477,48.143716]]]}},{"type":"Feature","properties":{"v":25.1,"p":8},"geometry":{"type":"Polygon","coordinates":[[[17.109448,48.14377],[17.109462,48.143771],[17.109461,48.143774],[17.109447,48.143773],[17.109448,48.14377]]]}},{"type":"Feature","properties":{"v":18.7,"p":6},"geometry":{"type":"Polygon","coordinates":[[[17.109801,48.143606],[17.110015,48.14362],[17.110006,48.143674],[17.109792,48.14366],[17.109801,48.143606]]]}},{"type":"Feature","properties":{"v":18.7,"p":6},"geometry":{"type":"Polygon","coordinates":[[[17.109674,48.143776],[17.109895,48.143791],[17.109887,48.143843],[17.109666,48.143828],[17.109674,48.143776]]]}},{"type":"Feature","properties":{"v":26,"p":9},"geometry":{"type":"Polygon","coordinates":[[[17.109546,48.143776],[17.109646,48.143782],[17.10964,48.143821],[17.10954,48.143814],[17.109546,48.143776]]]}},{"type":"Feature","properties":{"v":18.7,"p":6},"geometry":{"type":"Polygon","coordinates":[[[17.109701,48.143599],[17.109801,48.143606],[17.109774,48.143783],[17.109674,48.143776],[17.109701,48.143599]]]}},{"type":"Feature","properties":{"v":26.5,"p":9},"geometry":{"type":"Polygon","coordinates":[[[17.1096,48.143515],[17.109735,48.143525],[17.109698,48.143768],[17.109563,48.143759],[17.1096,48.143515]]]}},{"type":"Feature","properties":{"v":26.3,"p":9},"geometry":{"type":"Polygon","coordinates":[[[17.109563,48.143759],[17.109649,48.143765],[17.109646,48.143782],[17.10956,48.143777],[17.109563,48.143759]]]}},{"type":"Feature","properties":{"v":25.6,"p":9},"geometry":{"type":"Polygon","coordinates":[[[17.109555,48.143756],[17.109572,48.143758],[17.109572,48.143761],[17.109554,48.14376],[17.109555,48.143756]]]}},{"type":"Feature","properties":{"v":24.3,"p":8},"geometry":{"type":"Polygon","coordinates":[[[17.109537,48.143755],[17.109555,48.143756],[17.109549,48.143794],[17.109531,48.143793],[17.109537,48.143755]]]}},{"type":"Feature","properties":{"v":26,"p":9},"geometry":{"type":"Polygon","coordinates":[[[17.109549,48.14376],[17.109572,48.143761],[17.109564,48.143816],[17.10954,48.143814],[17.109549,48.14376]]]}},{"type":"Feature","properties":{"v":19.5,"p":6},"geometry":{"type":"Polygon","coordinates":[[[17.109981,48.14396],[17.110024,48.143963],[17.110012,48.14404],[17.109969,48.144037],[17.109981,48.14396]]]}},{"type":"Feature","properties":{"v":19.6,"p":7},"geometry":{"type":"Polygon","coordinates":[[[17.110024,48.143963],[17.110111,48.143969],[17.110108,48.14399],[17.110021,48.143984],[17.110024,48.143963]]]}},{"type":"Feature","properties":{"v":19.7,"p":7},"geometry":{"type":"Polygon","coordinates":[[[17.110119,48.143916],[17.110159,48.143919],[17.110148,48.143993],[17.110108,48.14399],[17.110119,48.143916]]]}},{"type":"Feature","properties":{"v":26.3,"p":9},"geometry":{"type":"Polygon","coordinates":[[[17.109996,48.143805],[17.110037,48.143808],[17.110025,48.143884],[17.109985,48.143882],[17.109996,48.143805]]]}},{"type":"Feature","properties":{"v":19.8,"p":7},"geometry":{"type":"Polygon","coordinates":[[[17.110159,48.143919],[17.11024,48.143924],[17.110238,48.143944],[17.110156,48.143938],[17.110159,48.143919]]]}},{"type":"Feature","properties":{"v":18.7,"p":6},"geometry":{"type":"Polygon","coordinates":[[[17.109914,48.143668],[17.110006,48.143674],[17.10998,48.143849],[17.109887,48.143843],[17.109914,48.143668]]]}},{"type":"Feature","properties":{"v":25.3,"p":8},"geometry":{"type":"Polygon","coordinates":[[[17.110075,48.143653],[17.110099,48.143655],[17.110084,48.143756],[17.110059,48.143754],[17.110075,48.143653]]]}},{"type":"Feature","properties":{"v":19.4,"p":6},"geometry":{"type":"Polygon","coordinates":[[[17.110263,48.143832],[17.110326,48.143836],[17.110309,48.143947],[17.110246,48.143943],[17.110263,48.143832]]]}},{"type":"Feature","properties":{"v":19.4,"p":6},"geometry":{"type":"Polygon","coordinates":[[[17.11024,48.143941],[17.110247,48.143942],[17.110246,48.143943],[17.110239,48.143943],[17.11024,48.143941]]]}},{"type":"Feature","properties":{"v":19.4,"p":6},"geometry":{"type":"Polygon","coordinates":[[[17.110094,48.143757],[17.110335,48.143773],[17.110326,48.143836],[17.110085,48.14382],[17.110094,48.143757]]]}},{"type":"Feature","properties":{"v":25.3,"p":8},"geometry":{"type":"Polygon","coordinates":[[[17.110035,48.143753],[17.110094,48.143757],[17.110087,48.143801],[17.110029,48.143797],[17.110035,48.143753]]]}},{"type":"Feature","properties":{"v":25.3,"p":8},"geometry":{"type":"Polygon","coordinates":[[[17.110059,48.143754],[17.110086,48.143756],[17.110085,48.143762],[17.110058,48.14376],[17.110059,48.143754]]]}},{"type":"Feature","properties":{"v":11.9,"p":4},"geometry":{"type":"Polygon","coordinates":[[[17.108739,48.143866],[17.108862,48.143875],[17.108856,48.143918],[17.108732,48.14391],[17.108739,48.143866]]]}},{"type":"Feature","properties":{"v":12,"p":4},"geometry":{"type":"Polygon","coordinates":[[[17.108865,48.143854],[17.108916,48.143858],[17.108906,48.143922],[17.108856,48.143918],[17.108865,48.143854]]]}},{"type":"Feature","properties":{"v":12,"p":4},"geometry":{"type":"Polygon","coordinates":[[[17.108796,48.143805],[17.108923,48.143813],[17.108916,48.143858],[17.108789,48.143849],[17.108796,48.143805]]]}},{"type":"Feature","properties":{"v":12.4,"p":4},"geometry":{"type":"Polygon","coordinates":[[[17.108916,48.143858],[17.109046,48.143867],[17.10904,48.143912],[17.108909,48.143903],[17.108916,48.143858]]]}},{"type":"Feature","properties":{"v":12.4,"p":4},"geometry":{"type":"Polygon","coordinates":[[[17.108865,48.143854],[17.108916,48.143858],[17.108906,48.143922],[17.108856,48.143918],[17.108865,48.143854]]]}},{"type":"Feature","properties":{"v":8.4,"p":3},"geometry":{"type":"Polygon","coordinates":[[[17.108856,48.143918],[17.109014,48.143929],[17.109005,48.143984],[17.108847,48.143973],[17.108856,48.143918]]]}},{"type":"Feature","properties":{"v":12.7,"p":4},"geometry":{"type":"Polygon","coordinates":[[[17.109098,48.143947],[17.109126,48.143949],[17.109118,48.144003],[17.10909,48.144001],[17.109098,48.143947]]]}},{"type":"Feature","properties":{"v":8.1,"p":3},"geometry":{"type":"Polygon","coordinates":[[[17.10909,48.144001],[17.109192,48.144008],[17.109191,48.144021],[17.109088,48.144014],[17.10909,48.144001]]]}},{"type":"Feature","properties":{"v":8.4,"p":3},"geometry":{"type":"Polygon","coordinates":[[[17.109005,48.143984],[17.109092,48.14399],[17.10909,48.144001],[17.109004,48.143995],[17.109005,48.143984]]]}},{"type":"Feature","properties":{"v":12.5,"p":4},"geometry":{"type":"Polygon","coordinates":[[[17.109101,48.143928],[17.109138,48.143931],[17.109127,48.144004],[17.10909,48.144001],[17.109101,48.143928]]]}},{"type":"Feature","properties":{"v":12.5,"p":4},"geometry":{"type":"Polygon","coordinates":[[[17.10904,48.143912],[17.10914,48.143919],[17.109138,48.143931],[17.109038,48.143924],[17.10904,48.143912]]]}},{"type":"Feature","properties":{"v":8.2,"p":3},"geometry":{"type":"Polygon","coordinates":[[[17.109209,48.143902],[17.109273,48.143906],[17.109255,48.144025],[17.109191,48.144021],[17.109209,48.143902]]]}},{"type":"Feature","properties":{"v":8.3,"p":3},"geometry":{"type":"Polygon","coordinates":[[[17.109314,48.143809],[17.109341,48.143811],[17.109333,48.14386],[17.109307,48.143858],[17.109314,48.143809]]]}},{"type":"Feature","properties":{"v":12.4,"p":4},"geometry":{"type":"Polygon","coordinates":[[[17.109293,48.143857],[17.109307,48.143858],[17.109303,48.143884],[17.109289,48.143883],[17.109293,48.143857]]]}},{"type":"Feature","properties":{"v":12.4,"p":4},"geometry":{"type":"Polygon","coordinates":[[[17.109276,48.143882],[17.109289,48.143883],[17.109286,48.143907],[17.109273,48.143906],[17.109276,48.143882]]]}},{"type":"Feature","properties":{"v":8.4,"p":3},"geometry":{"type":"Polygon","coordinates":[[[17.108933,48.143847],[17.109052,48.143855],[17.109046,48.143894],[17.108927,48.143886],[17.108933,48.143847]]]}},{"type":"Feature","properties":{"v":9.2,"p":3},"geometry":{"type":"Polygon","coordinates":[[[17.108924,48.143846],[17.108933,48.143847],[17.108931,48.143861],[17.108922,48.14386],[17.108924,48.143846]]]}},{"type":"Feature","properties":{"v":8.4,"p":3},"geometry":{"type":"Polygon","coordinates":[[[17.109046,48.143894],[17.109122,48.1439],[17.10912,48.143908],[17.109045,48.143903],[17.109046,48.143894]]]}},{"type":"Feature","properties":{"v":8.6,"p":3},"geometry":{"type":"Polygon","coordinates":[[[17.109142,48.143768],[17.109219,48.143774],[17.109198,48.143913],[17.10912,48.143908],[17.109142,48.143768]]]}},{"type":"Feature","properties":{"v":10.4,"p":3},"geometry":{"type":"Polygon","coordinates":[[[17.10902,48.143883],[17.10903,48.143884],[17.109027,48.143903],[17.109017,48.143902],[17.10902,48.143883]]]}},{"type":"Feature","properties":{"v":10.4,"p":3},"geometry":{"type":"Polygon","coordinates":[[[17.10903,48.143884],[17.109055,48.143885],[17.109054,48.143892],[17.109029,48.14389],[17.10903,48.143884]]]}},{"type":"Feature","properties":{"v":10.4,"p":3},"geometry":{"type":"Polygon","coordinates":[[[17.109043,48.143891],[17.109054,48.143892],[17.109051,48.143913],[17.10904,48.143912],[17.109043,48.143891]]]}},{"type":"Feature","properties":{"v":9.8,"p":3},"geometry":{"type":"Polygon","coordinates":[[[17.109074,48.14373],[17.109077,48.14373],[17.109076,48.143737],[17.109072,48.143737],[17.109074,48.14373]]]}},{"type":"Feature","properties":{"v":9.8,"p":3},"geometry":{"type":"Polygon","coordinates":[[[17.109072,48.143737],[17.109142,48.143741],[17.109139,48.143757],[17.10907,48.143752],[17.109072,48.143737]]]}},{"type":"Feature","properties":{"v":9.8,"p":3},"geometry":{"type":"Polygon","coordinates":[[[17.10914,48.14375],[17.109144,48.14375],[17.109143,48.143757],[17.109139,48.143757],[17.10914,48.14375]]]}},{"type":"Feature","properties":{"v":4.8,"p":2},"geometry":{"type":"Polygon","coordinates":[[[17.109009,48.143675],[17.10899,48.143701],[17.108931,48.143683],[17.108996,48.143671],[17.109009,48.143675]]]}},{"type":"Feature","properties":{"v":16.6,"p":6},"geometry":{"type":"Polygon","coordinates":[[[17.108931,48.143683],[17.108992,48.143687],[17.10899,48.143701],[17.108929,48.143697],[17.108931,48.143683]]]}},{"type":"Feature","properties":{"v":4.8,"p":2},"geometry":{"type":"Polygon","coordinates":[[[17.108996,48.143671],[17.108931,48.143683],[17.108973,48.143642],[17.108996,48.143671]]]}},{"type":"Feature","properties":{"v":16.6,"p":6},"geometry":{"type":"Polygon","coordinates":[[[17.108937,48.14364],[17.108973,48.143642],[17.108967,48.143685],[17.108931,48.143683],[17.108937,48.14364]]]}},{"type":"Feature","properties":{"v":4.8,"p":2},"geometry":{"type":"Polygon","coordinates":[[[17.108996,48.143671],[17.108973,48.143642],[17.108991,48.14363],[17.108996,48.143671]]]}},{"type":"Feature","properties":{"v":16.6,"p":6},"geometry":{"type":"Polygon","coordinates":[[[17.108975,48.143629],[17.108991,48.14363],[17.108989,48.143644],[17.108973,48.143642],[17.108975,48.143629]]]}},{"type":"Feature","properties":{"v":4.8,"p":2},"geometry":{"type":"Polygon","coordinates":[[[17.109009,48.143675],[17.108996,48.143671],[17.108991,48.14363],[17.109009,48.143675]]]}},{"type":"Feature","properties":{"v":4.8,"p":2},"geometry":{"type":"Polygon","coordinates":[[[17.109034,48.143641],[17.109009,48.143675],[17.108991,48.14363],[17.109034,48.143641]]]}},{"type":"Feature","properties":{"v":4.1,"p":1},"geometry":{"type":"Polygon","coordinates":[[[17.109816,48.143989],[17.109807,48.144002],[17.109674,48.143961],[17.109713,48.143905],[17.109816,48.143989]]]}},{"type":"Feature","properties":{"v":4.1,"p":1},"geometry":{"type":"Polygon","coordinates":[[[17.109674,48.143961],[17.109538,48.143918],[17.109547,48.143905],[17.109713,48.143905],[17.109674,48.143961]]]}},{"type":"Feature","properties":{"v":4.1,"p":1},"geometry":{"type":"Polygon","coordinates":[[[17.109538,48.143918],[17.109817,48.143937],[17.109807,48.144002],[17.109528,48.143983],[17.109538,48.143918]]]}},{"type":"Feature","properties":{"v":19.2,"p":6},"geometry":{"type":"Polygon","coordinates":[[[17.109809,48.143988],[17.109816,48.143989],[17.109814,48.144002],[17.109807,48.144002],[17.109809,48.143988]]]}},{"type":"Feature","properties":{"v":19.2,"p":6},"geometry":{"type":"Polygon","coordinates":[[[17.10954,48.143904],[17.109547,48.143905],[17.109545,48.143919],[17.109538,48.143918],[17.10954,48.143904]]]}},{"type":"Feature","properties":{"v":19.2,"p":6},"geometry":{"type":"Polygon","coordinates":[[[17.109538,48.143918],[17.109817,48.143937],[17.109807,48.144002],[17.109528,48.143983],[17.109538,48.143918]]]}},{"type":"Feature","properties":{"v":19.3,"p":6},"geometry":{"type":"Polygon","coordinates":[[[17.109407,48.143861],[17.10999,48.143901],[17.109969,48.144037],[17.109386,48.143997],[17.109407,48.143861]]]}},{"type":"Feature","properties":{"v":20.6,"p":7},"geometry":{"type":"Polygon","coordinates":[[[17.109409,48.143846],[17.109431,48.143847],[17.109429,48.143863],[17.109407,48.143861],[17.109409,48.143846]]]}},{"type":"Feature","properties":{"v":5.9,"p":2},"geometry":{"type":"Polygon","coordinates":[[[17.109941,48.143944],[17.10996,48.144012],[17.109431,48.143847],[17.109519,48.143812],[17.109941,48.143944]]]}},{"type":"Feature","properties":{"v":26.4,"p":9},"geometry":{"type":"Polygon","coordinates":[[[17.109519,48.143812],[17.109956,48.143842],[17.109941,48.143944],[17.109503,48.143915],[17.109519,48.143812]]]}},{"type":"Feature","properties":{"v":26.5,"p":9},"geometry":{"type":"Polygon","coordinates":[[[17.109438,48.143807],[17.109519,48.143812],[17.109513,48.143853],[17.109431,48.143847],[17.109438,48.143807]]]}},{"type":"Feature","properties":{"v":2.4,"p":1},"geometry":{"type":"Polygon","coordinates":[[[17.109918,48.144008],[17.10989,48.144],[17.109906,48.143976],[17.109918,48.144008]]]}},{"type":"Feature","properties":{"v":2.4,"p":1},"geometry":{"type":"Polygon","coordinates":[[[17.109906,48.143976],[17.109923,48.143977],[17.109918,48.144008],[17.109902,48.144007],[17.109906,48.143976]]]}},{"type":"Feature","properties":{"v":2.4,"p":1},"geometry":{"type":"Polygon","coordinates":[[[17.10989,48.144],[17.109863,48.143991],[17.109906,48.143976],[17.10989,48.144]]]}},{"type":"Feature","properties":{"v":2.4,"p":1},"geometry":{"type":"Polygon","coordinates":[[[17.109866,48.143973],[17.109906,48.143976],[17.109904,48.143994],[17.109863,48.143991],[17.109866,48.143973]]]}},{"type":"Feature","properties":{"v":2.1,"p":1},"geometry":{"type":"Polygon","coordinates":[[[17.109512,48.143881],[17.109486,48.143873],[17.109501,48.143852],[17.109512,48.143881]]]}},{"type":"Feature","properties":{"v":2.1,"p":1},"geometry":{"type":"Polygon","coordinates":[[[17.109501,48.143852],[17.109517,48.143853],[17.109512,48.143881],[17.109497,48.14388],[17.109501,48.143852]]]}},{"type":"Feature","properties":{"v":2.1,"p":1},"geometry":{"type":"Polygon","coordinates":[[[17.109486,48.143873],[17.109457,48.143864],[17.109501,48.143852],[17.109486,48.143873]]]}},{"type":"Feature","properties":{"v":2.1,"p":1},"geometry":{"type":"Polygon","coordinates":[[[17.109459,48.143849],[17.109501,48.143852],[17.109499,48.143867],[17.109457,48.143864],[17.109459,48.143849]]]}},{"type":"Feature","properties":{"v":5.9,"p":2},"geometry":{"type":"Polygon","coordinates":[[[17.109312,48.143764],[17.109327,48.143806],[17.108988,48.143703],[17.109009,48.143675],[17.109034,48.143675],[17.109312,48.143764]]]}},{"type":"Feature","properties":{"v":21.5,"p":7},"geometry":{"type":"Polygon","coordinates":[[[17.108993,48.143674],[17.109009,48.143675],[17.109005,48.143704],[17.108988,48.143703],[17.108993,48.143674]]]}},{"type":"Feature","properties":{"v":16.6,"p":6},"geometry":{"type":"Polygon","coordinates":[[[17.108988,48.143703],[17.109339,48.143727],[17.109327,48.143806],[17.108976,48.143783],[17.108988,48.143703]]]}},{"type":"Feature","properties":{"v":2,"p":1},"geometry":{"type":"Polygon","coordinates":[[[17.11024,48.143941],[17.110238,48.143944],[17.110225,48.143918],[17.11024,48.143941]]]}},{"type":"Feature","properties":{"v":19.8,"p":7},"geometry":{"type":"Polygon","coordinates":[[[17.110238,48.143941],[17.11024,48.143941],[17.110239,48.143944],[17.110238,48.143944],[17.110238,48.143941]]]}},{"type":"Feature","properties":{"v":2.1,"p":1},"geometry":{"type":"Polygon","coordinates":[[[17.110228,48.143918],[17.11024,48.143941],[17.110225,48.143918],[17.110228,48.143918]]]}},{"type":"Feature","properties":{"v":20.4,"p":7},"geometry":{"type":"Polygon","coordinates":[[[17.108706,48.143853],[17.108741,48.143856],[17.108739,48.143866],[17.108705,48.143864],[17.108706,48.143853]]]}},{"type":"Feature","properties":{"v":20.4,"p":7},"geometry":{"type":"Polygon","coordinates":[[[17.108748,48.143805],[17.108793,48.143808],[17.108784,48.143869],[17.108739,48.143866],[17.108748,48.143805]]]}},{"type":"Feature","properties":{"v":20.4,"p":7},"geometry":{"type":"Polygon","coordinates":[[[17.108764,48.143796],[17.108795,48.143798],[17.108793,48.143808],[17.108763,48.143806],[17.108764,48.143796]]]}},{"type":"Feature","properties":{"v":23,"p":8},"geometry":{"type":"Polygon","coordinates":[[[17.108762,48.14379],[17.108769,48.14379],[17.108767,48.143804],[17.10876,48.143803],[17.108762,48.14379]]]}},{"type":"Feature","properties":{"v":23,"p":8},"geometry":{"type":"Polygon","coordinates":[[[17.108682,48.143755],[17.108767,48.143761],[17.108762,48.14379],[17.108678,48.143784],[17.108682,48.143755]]]}},{"type":"Feature","properties":{"v":23,"p":8},"geometry":{"type":"Polygon","coordinates":[[[17.108664,48.143754],[17.108682,48.143755],[17.108681,48.143759],[17.108663,48.143758],[17.108664,48.143754]]]}},{"type":"Feature","properties":{"v":23,"p":8},"geometry":{"type":"Polygon","coordinates":[[[17.10863,48.143755],[17.108663,48.143758],[17.108655,48.143812],[17.108622,48.14381],[17.10863,48.143755]]]}},{"type":"Feature","properties":{"v":23,"p":8},"geometry":{"type":"Polygon","coordinates":[[[17.108622,48.14381],[17.108629,48.14381],[17.108627,48.143824],[17.10862,48.143823],[17.108622,48.14381]]]}},{"type":"Feature","properties":{"v":23,"p":8},"geometry":{"type":"Polygon","coordinates":[[[17.108627,48.143824],[17.108706,48.143829],[17.108702,48.143854],[17.108624,48.143849],[17.108627,48.143824]]]}},{"type":"Feature","properties":{"v":23,"p":8},"geometry":{"type":"Polygon","coordinates":[[[17.108702,48.143851],[17.108721,48.143852],[17.10872,48.143855],[17.108702,48.143854],[17.108702,48.143851]]]}},{"type":"Feature","properties":{"v":23,"p":8},"geometry":{"type":"Polygon","coordinates":[[[17.108728,48.143801],[17.108767,48.143804],[17.108759,48.143854],[17.108721,48.143852],[17.108728,48.143801]]]}},{"type":"Feature","properties":{"v":31.6,"p":11},"geometry":{"type":"Polygon","coordinates":[[[17.10864,48.143764],[17.108668,48.143766],[17.108661,48.143811],[17.108633,48.14381],[17.10864,48.143764]]]}},{"type":"Feature","properties":{"v":31.6,"p":11},"geometry":{"type":"Polygon","coordinates":[[[17.108633,48.14381],[17.10864,48.14381],[17.108638,48.143822],[17.108631,48.143821],[17.108633,48.14381]]]}},{"type":"Feature","properties":{"v":31.7,"p":11},"geometry":{"type":"Polygon","coordinates":[[[17.108638,48.143822],[17.108704,48.143826],[17.1087,48.143847],[17.108635,48.143842],[17.108638,48.143822]]]}},{"type":"Feature","properties":{"v":31.7,"p":11},"geometry":{"type":"Polygon","coordinates":[[[17.108701,48.143844],[17.108716,48.143845],[17.108716,48.143848],[17.1087,48.143847],[17.108701,48.143844]]]}},{"type":"Feature","properties":{"v":31.6,"p":11},"geometry":{"type":"Polygon","coordinates":[[[17.108723,48.143802],[17.108755,48.143804],[17.108748,48.143847],[17.108716,48.143845],[17.108723,48.143802]]]}},{"type":"Feature","properties":{"v":31.6,"p":11},"geometry":{"type":"Polygon","coordinates":[[[17.108751,48.143793],[17.108757,48.143793],[17.108755,48.143804],[17.108749,48.143804],[17.108751,48.143793]]]}},{"type":"Feature","properties":{"v":31.6,"p":11},"geometry":{"type":"Polygon","coordinates":[[[17.108684,48.143763],[17.108755,48.143768],[17.108751,48.143793],[17.10868,48.143788],[17.108684,48.143763]]]}},{"type":"Feature","properties":{"v":31.6,"p":11},"geometry":{"type":"Polygon","coordinates":[[[17.108669,48.143762],[17.108684,48.143763],[17.108683,48.143767],[17.108668,48.143766],[17.108669,48.143762]]]}},{"type":"Feature","properties":{"v":9.4,"p":3},"geometry":{"type":"Polygon","coordinates":[[[17.10881,48.143804],[17.108834,48.143806],[17.108833,48.143812],[17.108809,48.143811],[17.10881,48.143804]]]}},{"type":"Feature","properties":{"v":8.4,"p":3},"geometry":{"type":"Polygon","coordinates":[[[17.108834,48.143806],[17.108938,48.143813],[17.108932,48.143848],[17.108829,48.143841],[17.108834,48.143806]]]}},{"type":"Feature","properties":{"v":16.4,"p":5},"geometry":{"type":"Polygon","coordinates":[[[17.109097,48.143623],[17.1092,48.14363],[17.109196,48.143655],[17.109094,48.143648],[17.109097,48.143623]]]}},{"type":"Feature","properties":{"v":13.7,"p":5},"geometry":{"type":"Polygon","coordinates":[[[17.10916,48.143778],[17.109256,48.143785],[17.10923,48.143958],[17.109133,48.143951],[17.10916,48.143778]]]}},{"type":"Feature","properties":{"v":13.7,"p":5},"geometry":{"type":"Polygon","coordinates":[[[17.109161,48.143776],[17.109247,48.143782],[17.109224,48.143937],[17.109138,48.143931],[17.109161,48.143776]]]}},{"type":"Feature","properties":{"v":13.5,"p":4},"geometry":{"type":"Polygon","coordinates":[[[17.109129,48.14393],[17.109138,48.143931],[17.109135,48.143949],[17.109126,48.143949],[17.109129,48.14393]]]}},{"type":"Feature","properties":{"v":13.5,"p":4},"geometry":{"type":"Polygon","coordinates":[[[17.109126,48.143949],[17.109134,48.143949],[17.109133,48.143951],[17.109126,48.143951],[17.109126,48.143949]]]}},{"type":"Feature","properties":{"v":16.6,"p":6},"geometry":{"type":"Polygon","coordinates":[[[17.109321,48.143806],[17.109327,48.143806],[17.109325,48.143817],[17.109319,48.143817],[17.109321,48.143806]]]}},{"type":"Feature","properties":{"v":16.7,"p":6},"geometry":{"type":"Polygon","coordinates":[[[17.109245,48.143783],[17.10925,48.143783],[17.109249,48.143793],[17.109243,48.143793],[17.109245,48.143783]]]}},{"type":"Feature","properties":{"v":16.7,"p":6},"geometry":{"type":"Polygon","coordinates":[[[17.109243,48.143793],[17.109322,48.143798],[17.109319,48.143817],[17.10924,48.143812],[17.109243,48.143793]]]}},{"type":"Feature","properties":{"v":2.7,"p":1},"geometry":{"type":"Polygon","coordinates":[[[17.108866,48.143773],[17.108834,48.143806],[17.108816,48.143809],[17.108792,48.143799],[17.108832,48.143759],[17.108866,48.143773]]]}},{"type":"Feature","properties":{"v":10.8,"p":4},"geometry":{"type":"Polygon","coordinates":[[[17.108832,48.143759],[17.108868,48.143761],[17.108866,48.143773],[17.108831,48.14377],[17.108832,48.143759]]]}},{"type":"Feature","properties":{"v":8.4,"p":3},"geometry":{"type":"Polygon","coordinates":[[[17.108839,48.143771],[17.108866,48.143773],[17.108861,48.143808],[17.108834,48.143806],[17.108839,48.143771]]]}},{"type":"Feature","properties":{"v":26.5,"p":9},"geometry":{"type":"Polygon","coordinates":[[[17.109452,48.143772],[17.109463,48.143773],[17.10946,48.143791],[17.109449,48.14379],[17.109452,48.143772]]]}},{"type":"Feature","properties":{"v":26.4,"p":9},"geometry":{"type":"Polygon","coordinates":[[[17.109522,48.143792],[17.109531,48.143793],[17.109528,48.143813],[17.109519,48.143812],[17.109522,48.143792]]]}},{"type":"Feature","properties":{"v":26.4,"p":9},"geometry":{"type":"Polygon","coordinates":[[[17.109463,48.143773],[17.109533,48.143778],[17.109531,48.143793],[17.10946,48.143788],[17.109463,48.143773]]]}},{"type":"Feature","properties":{"v":23.4,"p":8},"geometry":{"type":"Polygon","coordinates":[[[17.109563,48.143744],[17.109572,48.143745],[17.109572,48.143747],[17.109563,48.143746],[17.109563,48.143744]]]}},{"type":"Feature","properties":{"v":16.6,"p":6},"geometry":{"type":"Polygon","coordinates":[[[17.109503,48.143669],[17.109532,48.143671],[17.109524,48.143724],[17.109495,48.143722],[17.109503,48.143669]]]}},{"type":"Feature","properties":{"v":16.6,"p":6},"geometry":{"type":"Polygon","coordinates":[[[17.109532,48.143671],[17.109613,48.143676],[17.10961,48.143695],[17.109529,48.143689],[17.109532,48.143671]]]}},{"type":"Feature","properties":{"v":2.1,"p":1},"geometry":{"type":"Polygon","coordinates":[[[17.109952,48.14402],[17.109964,48.14402],[17.109964,48.144023],[17.109952,48.144022],[17.109952,48.14402]]]}},{"type":"Feature","properties":{"v":2.1,"p":1},"geometry":{"type":"Polygon","coordinates":[[[17.109951,48.14402],[17.109952,48.14402],[17.109952,48.144022],[17.109951,48.144022],[17.109951,48.14402]]]}},{"type":"Feature","properties":{"v":2.1,"p":1},"geometry":{"type":"Polygon","coordinates":[[[17.109826,48.143984],[17.109955,48.143993],[17.109951,48.144022],[17.109822,48.144013],[17.109826,48.143984]]]}},{"type":"Feature","properties":{"v":2.1,"p":1},"geometry":{"type":"Polygon","coordinates":[[[17.109826,48.143982],[17.109828,48.143982],[17.109827,48.143984],[17.109826,48.143984],[17.109826,48.143982]]]}},{"type":"Feature","properties":{"v":2.1,"p":1},"geometry":{"type":"Polygon","coordinates":[[[17.109815,48.143978],[17.109828,48.143979],[17.109828,48.143982],[17.109814,48.143981],[17.109815,48.143978]]]}},{"type":"Feature","properties":{"v":2.1,"p":1},"geometry":{"type":"Polygon","coordinates":[[[17.10981,48.143977],[17.109815,48.143978],[17.109813,48.143987],[17.109809,48.143986],[17.10981,48.143977]]]}},{"type":"Feature","properties":{"v":2.1,"p":1},"geometry":{"type":"Polygon","coordinates":[[[17.109809,48.143986],[17.109823,48.143987],[17.109823,48.143991],[17.109808,48.14399],[17.109809,48.143986]]]}},{"type":"Feature","properties":{"v":2.1,"p":1},"geometry":{"type":"Polygon","coordinates":[[[17.109823,48.143989],[17.109824,48.143989],[17.109824,48.143991],[17.109823,48.143991],[17.109823,48.143989]]]}},{"type":"Feature","properties":{"v":2.1,"p":1},"geometry":{"type":"Polygon","coordinates":[[[17.109824,48.143989],[17.109857,48.143991],[17.109856,48.143999],[17.109823,48.143997],[17.109824,48.143989]]]}},{"type":"Feature","properties":{"v":2.1,"p":1},"geometry":{"type":"Polygon","coordinates":[[[17.109855,48.143999],[17.109856,48.143999],[17.109856,48.144001],[17.109855,48.144001],[17.109855,48.143999]]]}},{"type":"Feature","properties":{"v":2.1,"p":1},"geometry":{"type":"Polygon","coordinates":[[[17.109855,48.144001],[17.109867,48.144001],[17.109866,48.144004],[17.109854,48.144003],[17.109855,48.144001]]]}},{"type":"Feature","properties":{"v":2.1,"p":1},"geometry":{"type":"Polygon","coordinates":[[[17.109867,48.144003],[17.109867,48.144003],[17.109867,48.144004],[17.109866,48.144004],[17.109867,48.144003]]]}},{"type":"Feature","properties":{"v":2.1,"p":1},"geometry":{"type":"Polygon","coordinates":[[[17.109867,48.144003],[17.109905,48.144005],[17.109904,48.144014],[17.109866,48.144011],[17.109867,48.144003]]]}},{"type":"Feature","properties":{"v":2.1,"p":1},"geometry":{"type":"Polygon","coordinates":[[[17.109903,48.144014],[17.109904,48.144014],[17.109904,48.144015],[17.109903,48.144015],[17.109903,48.144014]]]}},{"type":"Feature","properties":{"v":2.1,"p":1},"geometry":{"type":"Polygon","coordinates":[[[17.109903,48.144015],[17.109914,48.144016],[17.109913,48.144019],[17.109902,48.144018],[17.109903,48.144015]]]}},{"type":"Feature","properties":{"v":2.1,"p":1},"geometry":{"type":"Polygon","coordinates":[[[17.109914,48.144018],[17.109914,48.144018],[17.109914,48.144019],[17.109913,48.144019],[17.109914,48.144018]]]}},{"type":"Feature","properties":{"v":2.1,"p":1},"geometry":{"type":"Polygon","coordinates":[[[17.109914,48.144018],[17.10996,48.144021],[17.109958,48.144031],[17.109912,48.144028],[17.109914,48.144018]]]}},{"type":"Feature","properties":{"v":2.1,"p":1},"geometry":{"type":"Polygon","coordinates":[[[17.10996,48.144023],[17.109964,48.144023],[17.109963,48.144032],[17.109958,48.144031],[17.10996,48.144023]]]}},{"type":"Feature","properties":{"v":2.1,"p":1},"geometry":{"type":"Polygon","coordinates":[[[17.109863,48.143991],[17.10992,48.143995],[17.109918,48.144008],[17.109861,48.144004],[17.109863,48.143991]]]}},{"type":"Feature","properties":{"v":2.1,"p":1},"geometry":{"type":"Polygon","coordinates":[[[17.109861,48.143991],[17.109863,48.143991],[17.109863,48.143995],[17.109861,48.143995],[17.109861,48.143991]]]}},{"type":"Feature","properties":{"v":2.1,"p":1},"geometry":{"type":"Polygon","coordinates":[[[17.109916,48.144008],[17.109918,48.144008],[17.109918,48.144012],[17.109916,48.144012],[17.109916,48.144008]]]}},{"type":"Feature","properties":{"v":2.1,"p":1},"geometry":{"type":"Polygon","coordinates":[[[17.109404,48.14386],[17.109416,48.14386],[17.109415,48.143863],[17.109403,48.143862],[17.109404,48.14386]]]}},{"type":"Feature","properties":{"v":2.1,"p":1},"geometry":{"type":"Polygon","coordinates":[[[17.109416,48.143861],[17.109416,48.143861],[17.109416,48.143863],[17.109415,48.143863],[17.109416,48.143861]]]}},{"type":"Feature","properties":{"v":2.1,"p":1},"geometry":{"type":"Polygon","coordinates":[[[17.109416,48.143861],[17.109452,48.143864],[17.109451,48.143872],[17.109415,48.14387],[17.109416,48.143861]]]}},{"type":"Feature","properties":{"v":2.1,"p":1},"geometry":{"type":"Polygon","coordinates":[[[17.10945,48.143872],[17.109451,48.143872],[17.109451,48.143874],[17.10945,48.143874],[17.10945,48.143872]]]}},{"type":"Feature","properties":{"v":2.1,"p":1},"geometry":{"type":"Polygon","coordinates":[[[17.10945,48.143874],[17.109462,48.143874],[17.109462,48.143877],[17.10945,48.143876],[17.10945,48.143874]]]}},{"type":"Feature","properties":{"v":2.1,"p":1},"geometry":{"type":"Polygon","coordinates":[[[17.109462,48.143876],[17.109462,48.143876],[17.109462,48.143877],[17.109462,48.143877],[17.109462,48.143876]]]}},{"type":"Feature","properties":{"v":2.1,"p":1},"geometry":{"type":"Polygon","coordinates":[[[17.109462,48.143876],[17.109498,48.143879],[17.109497,48.143887],[17.109461,48.143885],[17.109462,48.143876]]]}},{"type":"Feature","properties":{"v":2.1,"p":1},"geometry":{"type":"Polygon","coordinates":[[[17.109496,48.143887],[17.109497,48.143887],[17.109497,48.143888],[17.109496,48.143888],[17.109496,48.143887]]]}},{"type":"Feature","properties":{"v":2.1,"p":1},"geometry":{"type":"Polygon","coordinates":[[[17.109496,48.143888],[17.109508,48.143889],[17.109507,48.143892],[17.109496,48.143891],[17.109496,48.143888]]]}},{"type":"Feature","properties":{"v":2.1,"p":1},"geometry":{"type":"Polygon","coordinates":[[[17.109507,48.143891],[17.109508,48.143891],[17.109508,48.143892],[17.109507,48.143892],[17.109507,48.143891]]]}},{"type":"Feature","properties":{"v":2.1,"p":1},"geometry":{"type":"Polygon","coordinates":[[[17.109508,48.143891],[17.109552,48.143894],[17.109551,48.143904],[17.109506,48.143901],[17.109508,48.143891]]]}},{"type":"Feature","properties":{"v":2.1,"p":1},"geometry":{"type":"Polygon","coordinates":[[[17.10942,48.143856],[17.10956,48.143866],[17.109555,48.143898],[17.109415,48.143889],[17.10942,48.143856]]]}},{"type":"Feature","properties":{"v":2.1,"p":1},"geometry":{"type":"Polygon","coordinates":[[[17.10942,48.143853],[17.109422,48.143853],[17.109421,48.143856],[17.10942,48.143856],[17.10942,48.143853]]]}},{"type":"Feature","properties":{"v":2.1,"p":1},"geometry":{"type":"Polygon","coordinates":[[[17.109411,48.14385],[17.109422,48.14385],[17.109422,48.143853],[17.10941,48.143852],[17.109411,48.14385]]]}},{"type":"Feature","properties":{"v":2.1,"p":1},"geometry":{"type":"Polygon","coordinates":[[[17.109405,48.143849],[17.109411,48.14385],[17.109409,48.14386],[17.109404,48.14386],[17.109405,48.143849]]]}},{"type":"Feature","properties":{"v":2.1,"p":1},"geometry":{"type":"Polygon","coordinates":[[[17.109511,48.143881],[17.109512,48.143881],[17.109512,48.143884],[17.10951,48.143884],[17.109511,48.143881]]]}},{"type":"Feature","properties":{"v":2.1,"p":1},"geometry":{"type":"Polygon","coordinates":[[[17.109457,48.143864],[17.109514,48.143868],[17.109512,48.143881],[17.109455,48.143877],[17.109457,48.143864]]]}},{"type":"Feature","properties":{"v":2.1,"p":1},"geometry":{"type":"Polygon","coordinates":[[[17.109455,48.143864],[17.109457,48.143864],[17.109457,48.143867],[17.109455,48.143867],[17.109455,48.143864]]]}},{"type":"Feature","properties":{"v":2.1,"p":1},"geometry":{"type":"Polygon","coordinates":[[[17.109547,48.143903],[17.109552,48.143904],[17.109551,48.143912],[17.109546,48.143912],[17.109547,48.143903]]]}},{"type":"Feature","properties":{"v":2.1,"p":1},"geometry":{"type":"Polygon","coordinates":[[[17.109555,48.143898],[17.109563,48.143899],[17.109561,48.143913],[17.109553,48.143913],[17.109555,48.143898]]]}},{"type":"Feature","properties":{"v":2.1,"p":1},"geometry":{"type":"Polygon","coordinates":[[[17.109746,48.143972],[17.109807,48.143976],[17.109805,48.143989],[17.109744,48.143985],[17.109746,48.143972]]]}},{"type":"Feature","properties":{"v":2.1,"p":1},"geometry":{"type":"Polygon","coordinates":[[[17.109742,48.143977],[17.10979,48.143981],[17.109789,48.143991],[17.109741,48.143988],[17.109742,48.143977]]]}},{"type":"Feature","properties":{"v":2.1,"p":1},"geometry":{"type":"Polygon","coordinates":[[[17.109788,48.143991],[17.109789,48.143991],[17.109788,48.143994],[17.109787,48.143993],[17.109788,48.143991]]]}},{"type":"Feature","properties":{"v":2.1,"p":1},"geometry":{"type":"Polygon","coordinates":[[[17.109787,48.143993],[17.1098,48.143994],[17.109799,48.143997],[17.109787,48.143996],[17.109787,48.143993]]]}},{"type":"Feature","properties":{"v":2.1,"p":1},"geometry":{"type":"Polygon","coordinates":[[[17.109801,48.143989],[17.109805,48.143989],[17.109803,48.143997],[17.109799,48.143997],[17.109801,48.143989]]]}},{"type":"Feature","properties":{"v":2.1,"p":1},"geometry":{"type":"Polygon","coordinates":[[[17.10956,48.143919],[17.109561,48.143919],[17.10956,48.143921],[17.10956,48.143921],[17.10956,48.143919]]]}},{"type":"Feature","properties":{"v":2.1,"p":1},"geometry":{"type":"Polygon","coordinates":[[[17.109561,48.143919],[17.109612,48.143923],[17.10961,48.143935],[17.109559,48.143931],[17.109561,48.143919]]]}},{"type":"Feature","properties":{"v":2.1,"p":1},"geometry":{"type":"Polygon","coordinates":[[[17.109552,48.143911],[17.109616,48.143915],[17.109614,48.14393],[17.10955,48.143926],[17.109552,48.143911]]]}},{"type":"Feature","properties":{"v":2.1,"p":1},"geometry":{"type":"Polygon","coordinates":[[[17.109549,48.14391],[17.109552,48.143911],[17.109551,48.143917],[17.109548,48.143917],[17.109549,48.14391]]]}},{"type":"Feature","properties":{"v":2.1,"p":1},"geometry":{"type":"Polygon","coordinates":[[[17.109548,48.143917],[17.10956,48.143918],[17.10956,48.143921],[17.109547,48.14392],[17.109548,48.143917]]]}},{"type":"Feature","properties":{"v":2.8,"p":1},"geometry":{"type":"Polygon","coordinates":[[[17.109654,48.143944],[17.109705,48.143947],[17.109703,48.143959],[17.109652,48.143956],[17.109654,48.143944]]]}},{"type":"Feature","properties":{"v":2.8,"p":1},"geometry":{"type":"Polygon","coordinates":[[[17.109649,48.143944],[17.109654,48.143944],[17.109652,48.143953],[17.109648,48.143952],[17.109649,48.143944]]]}},{"type":"Feature","properties":{"v":2.8,"p":1},"geometry":{"type":"Polygon","coordinates":[[[17.109648,48.143952],[17.109699,48.143956],[17.109697,48.143968],[17.109646,48.143964],[17.109648,48.143952]]]}},{"type":"Feature","properties":{"v":2.8,"p":1},"geometry":{"type":"Polygon","coordinates":[[[17.109698,48.143959],[17.109703,48.143959],[17.109702,48.143968],[17.109697,48.143968],[17.109698,48.143959]]]}},{"type":"Feature","properties":{"v":7.5,"p":2},"geometry":{"type":"Polygon","coordinates":[[[17.109734,48.143989],[17.109737,48.143989],[17.109736,48.143995],[17.109733,48.143995],[17.109734,48.143989]]]}},{"type":"Feature","properties":{"v":7.5,"p":2},"geometry":{"type":"Polygon","coordinates":[[[17.109733,48.143995],[17.109741,48.143996],[17.109741,48.143998],[17.109733,48.143997],[17.109733,48.143995]]]}},{"type":"Feature","properties":{"v":7.5,"p":2},"geometry":{"type":"Polygon","coordinates":[[[17.109742,48.143991],[17.109745,48.143992],[17.109744,48.143998],[17.109741,48.143998],[17.109742,48.143991]]]}},{"type":"Feature","properties":{"v":7.5,"p":2},"geometry":{"type":"Polygon","coordinates":[[[17.109689,48.143975],[17.109692,48.143975],[17.109691,48.143981],[17.109688,48.143981],[17.109689,48.143975]]]}},{"type":"Feature","properties":{"v":7.5,"p":2},"geometry":{"type":"Polygon","coordinates":[[[17.109688,48.143981],[17.109696,48.143981],[17.109696,48.143983],[17.109688,48.143983],[17.109688,48.143981]]]}},{"type":"Feature","properties":{"v":7.5,"p":2},"geometry":{"type":"Polygon","coordinates":[[[17.109697,48.143977],[17.1097,48.143977],[17.109699,48.143984],[17.109696,48.143983],[17.109697,48.143977]]]}},{"type":"Feature","properties":{"v":7.5,"p":2},"geometry":{"type":"Polygon","coordinates":[[[17.109631,48.143956],[17.109634,48.143956],[17.109633,48.143963],[17.10963,48.143962],[17.109631,48.143956]]]}},{"type":"Feature","properties":{"v":7.5,"p":2},"geometry":{"type":"Polygon","coordinates":[[[17.10963,48.143962],[17.109638,48.143963],[17.109638,48.143965],[17.10963,48.143964],[17.10963,48.143962]]]}},{"type":"Feature","properties":{"v":7.5,"p":2},"geometry":{"type":"Polygon","coordinates":[[[17.109639,48.143959],[17.109642,48.143959],[17.109641,48.143965],[17.109638,48.143965],[17.109639,48.143959]]]}},{"type":"Feature","properties":{"v":7.5,"p":2},"geometry":{"type":"Polygon","coordinates":[[[17.109589,48.143943],[17.109592,48.143943],[17.109591,48.143949],[17.109588,48.143949],[17.109589,48.143943]]]}},{"type":"Feature","properties":{"v":7.5,"p":2},"geometry":{"type":"Polygon","coordinates":[[[17.109588,48.143949],[17.109596,48.14395],[17.109596,48.143952],[17.109587,48.143951],[17.109588,48.143949]]]}},{"type":"Feature","properties":{"v":7.5,"p":2},"geometry":{"type":"Polygon","coordinates":[[[17.109597,48.143946],[17.1096,48.143946],[17.109599,48.143952],[17.109596,48.143952],[17.109597,48.143946]]]}},{"type":"Feature","properties":{"v":4.9,"p":2},"geometry":{"type":"Polygon","coordinates":[[[17.108667,48.143718],[17.108689,48.14372],[17.108685,48.143748],[17.108662,48.143746],[17.108667,48.143718]]]}},{"type":"Feature","properties":{"v":4.9,"p":2},"geometry":{"type":"Polygon","coordinates":[[[17.108662,48.143746],[17.108669,48.143747],[17.108669,48.143749],[17.108662,48.143749],[17.108662,48.143746]]]}},{"type":"Feature","properties":{"v":6.3,"p":2},"geometry":{"type":"Polygon","coordinates":[[[17.10929,48.145074],[17.109282,48.145079],[17.109277,48.145076],[17.109284,48.145072],[17.10929,48.145074]]]}},{"type":"Feature","properties":{"v":6.3,"p":2},"geometry":{"type":"Polygon","coordinates":[[[17.109294,48.145067],[17.10929,48.145074],[17.109284,48.145072],[17.109288,48.145066],[17.109294,48.145067]]]}},{"type":"Feature","properties":{"v":6.3,"p":2},"geometry":{"type":"Polygon","coordinates":[[[17.109294,48.145067],[17.109288,48.145066],[17.109287,48.14506],[17.109293,48.14506],[17.109294,48.145067]]]}},{"type":"Feature","properties":{"v":6.3,"p":2},"geometry":{"type":"Polygon","coordinates":[[[17.109293,48.14506],[17.109287,48.14506],[17.10928,48.145055],[17.109284,48.145052],[17.109293,48.14506]]]}},{"type":"Feature","properties":{"v":6.3,"p":2},"geometry":{"type":"Polygon","coordinates":[[[17.109284,48.145052],[17.10928,48.145055],[17.109272,48.145053],[17.109273,48.145049],[17.109284,48.145052]]]}},{"type":"Feature","properties":{"v":6.3,"p":2},"geometry":{"type":"Polygon","coordinates":[[[17.109272,48.145053],[17.109262,48.145054],[17.10926,48.14505],[17.109273,48.145049],[17.109272,48.145053]]]}},{"type":"Feature","properties":{"v":6.3,"p":2},"geometry":{"type":"Polygon","coordinates":[[[17.109262,48.145054],[17.109255,48.145058],[17.109252,48.145054],[17.10926,48.14505],[17.109262,48.145054]]]}},{"type":"Feature","properties":{"v":6.3,"p":2},"geometry":{"type":"Polygon","coordinates":[[[17.109255,48.145058],[17.109252,48.145064],[17.109248,48.145061],[17.109252,48.145054],[17.109255,48.145058]]]}},{"type":"Feature","properties":{"v":6.3,"p":2},"geometry":{"type":"Polygon","coordinates":[[[17.109252,48.145064],[17.109253,48.14507],[17.109247,48.145069],[17.109248,48.145061],[17.109252,48.145064]]]}},{"type":"Feature","properties":{"v":6.3,"p":2},"geometry":{"type":"Polygon","coordinates":[[[17.109253,48.14507],[17.109258,48.145074],[17.109255,48.145077],[17.109247,48.145069],[17.109253,48.14507]]]}},{"type":"Feature","properties":{"v":6.3,"p":2},"geometry":{"type":"Polygon","coordinates":[[[17.109268,48.145077],[17.109268,48.145081],[17.109255,48.145077],[17.109258,48.145074],[17.109268,48.145077]]]}},{"type":"Feature","properties":{"v":6.3,"p":2},"geometry":{"type":"Polygon","coordinates":[[[17.109282,48.145079],[17.109268,48.145081],[17.109268,48.145077],[17.109277,48.145076],[17.109282,48.145079]]]}},{"type":"Feature","properties":{"v":2.2,"p":1},"geometry":{"type":"Polygon","coordinates":[[[17.109268,48.145077],[17.109258,48.145074],[17.10927,48.145065],[17.109268,48.145077]]]}},{"type":"Feature","properties":{"v":2.2,"p":1},"geometry":{"type":"Polygon","coordinates":[[[17.109277,48.145076],[17.109268,48.145077],[17.10927,48.145065],[17.109277,48.145076]]]}},{"type":"Feature","properties":{"v":2.2,"p":1},"geometry":{"type":"Polygon","coordinates":[[[17.109284,48.145072],[17.109277,48.145076],[17.10927,48.145065],[17.109284,48.145072]]]}},{"type":"Feature","properties":{"v":2.2,"p":1},"geometry":{"type":"Polygon","coordinates":[[[17.109288,48.145066],[17.109284,48.145072],[17.10927,48.145065],[17.109288,48.145066]]]}},{"type":"Feature","properties":{"v":2.2,"p":1},"geometry":{"type":"Polygon","coordinates":[[[17.109288,48.145066],[17.10927,48.145065],[17.109287,48.14506],[17.109288,48.145066]]]}},{"type":"Feature","properties":{"v":2.2,"p":1},"geometry":{"type":"Polygon","coordinates":[[[17.109287,48.14506],[17.10927,48.145065],[17.10928,48.145055],[17.109287,48.14506]]]}},{"type":"Feature","properties":{"v":2.2,"p":1},"geometry":{"type":"Polygon","coordinates":[[[17.10928,48.145055],[17.10927,48.145065],[17.109272,48.145053],[17.10928,48.145055]]]}},{"type":"Feature","properties":{"v":2.2,"p":1},"geometry":{"type":"Polygon","coordinates":[[[17.10927,48.145065],[17.109262,48.145054],[17.109272,48.145053],[17.10927,48.145065]]]}},{"type":"Feature","properties":{"v":2.2,"p":1},"geometry":{"type":"Polygon","coordinates":[[[17.10927,48.145065],[17.109255,48.145058],[17.109262,48.145054],[17.10927,48.145065]]]}},{"type":"Feature","properties":{"v":2.2,"p":1},"geometry":{"type":"Polygon","coordinates":[[[17.10927,48.145065],[17.109252,48.145064],[17.109255,48.145058],[17.10927,48.145065]]]}},{"type":"Feature","properties":{"v":2.2,"p":1},"geometry":{"type":"Polygon","coordinates":[[[17.109253,48.14507],[17.109252,48.145064],[17.10927,48.145065],[17.109253,48.14507]]]}},{"type":"Feature","properties":{"v":2.2,"p":1},"geometry":{"type":"Polygon","coordinates":[[[17.109258,48.145074],[17.109253,48.14507],[17.10927,48.145065],[17.109258,48.145074]]]}},{"type":"Feature","properties":{"v":9.2,"p":3},"geometry":{"type":"Polygon","coordinates":[[[17.109504,48.144664],[17.109288,48.145058],[17.109215,48.145029],[17.109418,48.144643],[17.109504,48.144664]]]}},{"type":"Feature","properties":{"v":9.3,"p":3},"geometry":{"type":"Polygon","coordinates":[[[17.109578,48.144674],[17.109469,48.144892],[17.109386,48.145059],[17.109288,48.145058],[17.109504,48.144664],[17.109578,48.144674]]]}},{"type":"Feature","properties":{"v":9.5,"p":3},"geometry":{"type":"Polygon","coordinates":[[[17.109624,48.145061],[17.10925,48.145115],[17.109287,48.145061],[17.109604,48.145017],[17.109624,48.145061]]]}},{"type":"Feature","properties":{"v":9.5,"p":3},"geometry":{"type":"Polygon","coordinates":[[[17.109287,48.145061],[17.10925,48.145115],[17.109215,48.145029],[17.109287,48.145061]]]}},{"type":"Feature","properties":{"v":4.7,"p":2},"geometry":{"type":"Polygon","coordinates":[[[17.109594,48.144972],[17.109366,48.144952],[17.109585,48.144935],[17.109594,48.144972]]]}},{"type":"Feature","properties":{"v":5.4,"p":2},"geometry":{"type":"Polygon","coordinates":[[[17.109585,48.144935],[17.109366,48.144952],[17.109469,48.144892],[17.109585,48.144892],[17.109585,48.144935]]]}},{"type":"Feature","properties":{"v":5.5,"p":2},"geometry":{"type":"Polygon","coordinates":[[[17.109594,48.144972],[17.109313,48.145049],[17.109366,48.144952],[17.109594,48.144972]]]}},{"type":"Feature","properties":{"v":8.8,"p":3},"geometry":{"type":"Polygon","coordinates":[[[17.109604,48.145017],[17.109287,48.145061],[17.109313,48.145049],[17.109594,48.144972],[17.109604,48.145017]]]}},{"type":"Feature","properties":{"v":2.2,"p":1},"geometry":{"type":"Polygon","coordinates":[[[17.109624,48.144691],[17.10959,48.144704],[17.109498,48.144679],[17.109525,48.144662],[17.109624,48.144691]]]}},{"type":"Feature","properties":{"v":2.2,"p":1},"geometry":{"type":"Polygon","coordinates":[[[17.109602,48.144731],[17.10959,48.144704],[17.109624,48.144691],[17.109602,48.144731]]]}},{"type":"Feature","properties":{"v":2.2,"p":1},"geometry":{"type":"Polygon","coordinates":[[[17.10959,48.144704],[17.109602,48.144731],[17.109495,48.144703],[17.109498,48.144679],[17.10959,48.144704]]]}},{"type":"Feature","properties":{"v":6.3,"p":2},"geometry":{"type":"Polygon","coordinates":[[[17.109784,48.144978],[17.109601,48.145015],[17.109594,48.144972],[17.109759,48.144935],[17.109784,48.144978]]]}},{"type":"Feature","properties":{"v":5.6,"p":2},"geometry":{"type":"Polygon","coordinates":[[[17.109796,48.145024],[17.109622,48.145062],[17.109601,48.145015],[17.109784,48.144978],[17.109796,48.145024]]]}},{"type":"Feature","properties":{"v":9.5,"p":3},"geometry":{"type":"Polygon","coordinates":[[[17.109288,48.145058],[17.109287,48.145061],[17.109215,48.145029],[17.109288,48.145058]]]}},{"type":"Feature","properties":{"v":28.6,"p":10},"geometry":{"type":"Polygon","coordinates":[[[17.109247,48.145069],[17.109256,48.14507],[17.109255,48.145077],[17.109246,48.145076],[17.109247,48.145069]]]}},{"type":"Feature","properties":{"v":28.5,"p":10},"geometry":{"type":"Polygon","coordinates":[[[17.109255,48.145077],[17.109268,48.145078],[17.109268,48.145081],[17.109255,48.14508],[17.109255,48.145077]]]}},{"type":"Feature","properties":{"v":28.5,"p":10},"geometry":{"type":"Polygon","coordinates":[[[17.109268,48.145078],[17.109282,48.145079],[17.109282,48.145082],[17.109268,48.145081],[17.109268,48.145078]]]}},{"type":"Feature","properties":{"v":28.5,"p":10},"geometry":{"type":"Polygon","coordinates":[[[17.109283,48.145073],[17.10929,48.145074],[17.109289,48.145079],[17.109282,48.145079],[17.109283,48.145073]]]}},{"type":"Feature","properties":{"v":28.5,"p":10},"geometry":{"type":"Polygon","coordinates":[[[17.109291,48.145066],[17.109294,48.145067],[17.109293,48.145074],[17.10929,48.145074],[17.109291,48.145066]]]}},{"type":"Feature","properties":{"v":28.5,"p":10},"geometry":{"type":"Polygon","coordinates":[[[17.109293,48.14506],[17.109295,48.14506],[17.109294,48.145067],[17.109291,48.145067],[17.109293,48.14506]]]}},{"type":"Feature","properties":{"v":28.6,"p":10},"geometry":{"type":"Polygon","coordinates":[[[17.109284,48.145052],[17.109294,48.145053],[17.109293,48.14506],[17.109283,48.145059],[17.109284,48.145052]]]}},{"type":"Feature","properties":{"v":28.6,"p":10},"geometry":{"type":"Polygon","coordinates":[[[17.109273,48.145049],[17.109285,48.14505],[17.109284,48.145052],[17.109272,48.145052],[17.109273,48.145049]]]}},{"type":"Feature","properties":{"v":28.7,"p":10},"geometry":{"type":"Polygon","coordinates":[[[17.109261,48.145048],[17.109273,48.145049],[17.109272,48.145051],[17.10926,48.14505],[17.109261,48.145048]]]}},{"type":"Feature","properties":{"v":28.7,"p":10},"geometry":{"type":"Polygon","coordinates":[[[17.109253,48.14505],[17.10926,48.14505],[17.10926,48.145055],[17.109252,48.145054],[17.109253,48.14505]]]}},{"type":"Feature","properties":{"v":28.7,"p":10},"geometry":{"type":"Polygon","coordinates":[[[17.109249,48.145054],[17.109252,48.145054],[17.109251,48.145061],[17.109248,48.145061],[17.109249,48.145054]]]}},{"type":"Feature","properties":{"v":28.6,"p":10},"geometry":{"type":"Polygon","coordinates":[[[17.109248,48.145061],[17.109249,48.145061],[17.109247,48.145069],[17.109246,48.145069],[17.109248,48.145061]]]}},{"type":"Feature","properties":{"v":25.7,"p":9},"geometry":{"type":"Polygon","coordinates":[[[17.109299,48.145038],[17.109322,48.14504],[17.109316,48.14508],[17.109293,48.145078],[17.109299,48.145038]]]}},{"type":"Feature","properties":{"v":25.8,"p":9},"geometry":{"type":"Polygon","coordinates":[[[17.109232,48.145034],[17.109299,48.145038],[17.109297,48.145054],[17.10923,48.145049],[17.109232,48.145034]]]}},{"type":"Feature","properties":{"v":25.8,"p":9},"geometry":{"type":"Polygon","coordinates":[[[17.10923,48.145049],[17.109254,48.145051],[17.109248,48.145091],[17.109223,48.14509],[17.10923,48.145049]]]}},{"type":"Feature","properties":{"v":25.5,"p":8},"geometry":{"type":"Polygon","coordinates":[[[17.10925,48.145076],[17.109316,48.14508],[17.109313,48.145096],[17.109248,48.145091],[17.10925,48.145076]]]}},{"type":"Feature","properties":{"v":11.6,"p":4},"geometry":{"type":"Polygon","coordinates":[[[17.109585,48.144892],[17.109606,48.144893],[17.109594,48.144972],[17.109573,48.144971],[17.109585,48.144892]]]}},{"type":"Feature","properties":{"v":11.7,"p":4},"geometry":{"type":"Polygon","coordinates":[[[17.109594,48.144972],[17.109637,48.144975],[17.109624,48.145061],[17.109581,48.145058],[17.109594,48.144972]]]}},{"type":"Feature","properties":{"v":11.1,"p":4},"geometry":{"type":"Polygon","coordinates":[[[17.109215,48.145029],[17.109263,48.145032],[17.10925,48.145115],[17.109203,48.145111],[17.109215,48.145029]]]}},{"type":"Feature","properties":{"v":11.1,"p":4},"geometry":{"type":"Polygon","coordinates":[[[17.109262,48.145037],[17.109624,48.145061],[17.109612,48.145139],[17.10925,48.145115],[17.109262,48.145037]]]}},{"type":"Feature","properties":{"v":11.3,"p":4},"geometry":{"type":"Polygon","coordinates":[[[17.109445,48.144665],[17.109578,48.144674],[17.109519,48.145068],[17.109386,48.145059],[17.109445,48.144665]]]}},{"type":"Feature","properties":{"v":11.7,"p":4},"geometry":{"type":"Polygon","coordinates":[[[17.109275,48.144633],[17.109418,48.144643],[17.109358,48.145038],[17.109215,48.145029],[17.109275,48.144633]]]}},{"type":"Feature","properties":{"v":16,"p":5},"geometry":{"type":"Polygon","coordinates":[[[17.109608,48.14469],[17.109624,48.144691],[17.109618,48.144732],[17.109602,48.144731],[17.109608,48.14469]]]}},{"type":"Feature","properties":{"v":16.2,"p":5},"geometry":{"type":"Polygon","coordinates":[[[17.109525,48.144662],[17.109628,48.144669],[17.109624,48.144691],[17.109522,48.144684],[17.109525,48.144662]]]}},{"type":"Feature","properties":{"v":16.2,"p":5},"geometry":{"type":"Polygon","coordinates":[[[17.109495,48.144703],[17.109605,48.144711],[17.109602,48.144731],[17.109492,48.144724],[17.109495,48.144703]]]}},{"type":"Feature","properties":{"v":12.6,"p":4},"geometry":{"type":"Polygon","coordinates":[[[17.109759,48.144935],[17.109809,48.144938],[17.109796,48.145024],[17.109746,48.145021],[17.109759,48.144935]]]}},{"type":"Feature","properties":{"v":11.7,"p":4},"geometry":{"type":"Polygon","coordinates":[[[17.109601,48.144924],[17.109759,48.144935],[17.109752,48.144983],[17.109594,48.144972],[17.109601,48.144924]]]}},{"type":"Feature","properties":{"v":12.4,"p":4},"geometry":{"type":"Polygon","coordinates":[[[17.109594,48.144972],[17.109635,48.144975],[17.109622,48.145062],[17.109581,48.145059],[17.109594,48.144972]]]}},{"type":"Feature","properties":{"v":12.6,"p":4},"geometry":{"type":"Polygon","coordinates":[[[17.109629,48.145013],[17.109796,48.145024],[17.109789,48.145073],[17.109622,48.145062],[17.109629,48.145013]]]}},{"type":"Feature","properties":{"v":6.1,"p":2},"geometry":{"type":"Polygon","coordinates":[[[17.109784,48.144978],[17.109796,48.145024],[17.109759,48.144935],[17.109784,48.144978]]]}},{"type":"Feature","properties":{"v":5.4,"p":2},"geometry":{"type":"Polygon","coordinates":[[[17.109594,48.144972],[17.109585,48.144935],[17.109585,48.144892],[17.109594,48.144972]]]}},{"type":"Feature","properties":{"v":9.5,"p":3},"geometry":{"type":"Polygon","coordinates":[[[17.109624,48.145061],[17.109604,48.145017],[17.109594,48.144972],[17.109624,48.145061]]]}},{"type":"Feature","properties":{"v":6.3,"p":2},"geometry":{"type":"Polygon","coordinates":[[[17.109622,48.145062],[17.109601,48.145015],[17.109594,48.144972],[17.109622,48.145062]]]}},{"type":"Feature","properties":{"v":3.1,"p":1},"geometry":{"type":"Polygon","coordinates":[[[17.109622,48.144909],[17.109755,48.144919],[17.10975,48.144952],[17.109617,48.144943],[17.109622,48.144909]]]}},{"type":"Feature","properties":{"v":3.2,"p":1},"geometry":{"type":"Polygon","coordinates":[[[17.109593,48.144872],[17.109627,48.144874],[17.109617,48.144943],[17.109582,48.144941],[17.109593,48.144872]]]}},{"type":"Feature","properties":{"v":3.3,"p":1},"geometry":{"type":"Polygon","coordinates":[[[17.10948,48.144864],[17.109593,48.144872],[17.109592,48.14488],[17.109479,48.144872],[17.10948,48.144864]]]}},{"type":"Feature","properties":{"v":11,"p":4},"geometry":{"type":"Polygon","coordinates":[[[17.10947,48.144884],[17.109585,48.144892],[17.109584,48.1449],[17.109469,48.144892],[17.10947,48.144884]]]}},{"type":"Feature","properties":{"v":35.7,"p":12},"geometry":{"type":"Polygon","coordinates":[[[17.110661,48.146064],[17.110613,48.146105],[17.110566,48.146149],[17.110286,48.145999],[17.110314,48.145978],[17.110314,48.145977],[17.110358,48.145942],[17.110358,48.145942],[17.110388,48.145917],[17.110661,48.146064]]]}},{"type":"Feature","properties":{"v":21.8,"p":7},"geometry":{"type":"Polygon","coordinates":[[[17.111281,48.144882],[17.110839,48.144626],[17.110892,48.144546],[17.11089,48.144545],[17.110903,48.144526],[17.110972,48.144419],[17.110982,48.144403],[17.110988,48.144393],[17.110988,48.144393],[17.111001,48.144373],[17.111011,48.144358],[17.111069,48.144281],[17.111223,48.144323],[17.111653,48.144585],[17.111647,48.144599],[17.111649,48.1446],[17.111646,48.144602],[17.11164,48.144616],[17.111568,48.144673],[17.111568,48.144673],[17.111549,48.144688],[17.111517,48.14471],[17.111415,48.144789],[17.111405,48.144797],[17.111405,48.144797],[17.111383,48.144813],[17.111367,48.144826],[17.111363,48.144824],[17.111281,48.144882]],[[17.110942,48.144492],[17.110948,48.144484],[17.110947,48.144483],[17.110942,48.144492]],[[17.110985,48.144424],[17.110997,48.144431],[17.110986,48.144424],[17.110997,48.144407],[17.110996,48.144407],[17.110985,48.144424]],[[17.111003,48.144397],[17.111004,48.144397],[17.111014,48.144381],[17.111014,48.14438],[17.111003,48.144397]]]}},{"type":"Feature","properties":{"v":29.5,"p":10},"geometry":{"type":"Polygon","coordinates":[[[17.110635,48.142723],[17.110495,48.142667],[17.110454,48.142652],[17.11045,48.142657],[17.110218,48.142562],[17.110215,48.142565],[17.110161,48.142542],[17.110164,48.142538],[17.109964,48.14246],[17.109958,48.142467],[17.109834,48.142418],[17.109838,48.142413],[17.109898,48.142345],[17.109896,48.142344],[17.10989,48.142341],[17.109884,48.142337],[17.10988,48.142333],[17.109876,48.142328],[17.109874,48.142323],[17.109873,48.142318],[17.109873,48.142312],[17.109874,48.142307],[17.109876,48.142303],[17.109824,48.142283],[17.109824,48.142282],[17.109893,48.142204],[17.109945,48.142224],[17.109947,48.142222],[17.109953,48.142218],[17.10996,48.142215],[17.109967,48.142213],[17.109975,48.142211],[17.109982,48.142211],[17.10999,48.142211],[17.109998,48.142212],[17.110006,48.142213],[17.110014,48.142216],[17.110071,48.142152],[17.110062,48.142148],[17.110068,48.142141],[17.1102,48.142192],[17.110193,48.142199],[17.110392,48.142277],[17.110396,48.142273],[17.110459,48.142298],[17.110457,48.142301],[17.110686,48.142391],[17.110681,48.142397],[17.110723,48.142411],[17.110862,48.142467],[17.110635,48.142723]]]}},{"type":"Feature","properties":{"v":37,"p":12},"geometry":{"type":"Polygon","coordinates":[[[17.110168,48.141234],[17.110165,48.141255],[17.110149,48.141294],[17.110136,48.141324],[17.110197,48.141329],[17.110195,48.141335],[17.110185,48.141378],[17.110183,48.141386],[17.110178,48.141397],[17.109968,48.141365],[17.109956,48.141368],[17.10983,48.14135],[17.109825,48.141349],[17.109813,48.141347],[17.109684,48.141329],[17.109677,48.141321],[17.109681,48.14131],[17.109673,48.141287],[17.109675,48.141268],[17.109683,48.141252],[17.109708,48.141228],[17.109713,48.141215],[17.109718,48.141211],[17.109751,48.141116],[17.109746,48.14111],[17.109738,48.141106],[17.109727,48.141104],[17.109722,48.14109],[17.109721,48.141067],[17.109729,48.141045],[17.109745,48.141025],[17.109756,48.141016],[17.109767,48.141018],[17.109777,48.141015],[17.109783,48.141009],[17.109787,48.141003],[17.109819,48.140914],[17.1098,48.140912],[17.10982,48.140859],[17.10981,48.140858],[17.109858,48.140701],[17.109867,48.140703],[17.109884,48.140651],[17.109903,48.140654],[17.109922,48.140595],[17.109929,48.140585],[17.109939,48.14058],[17.109953,48.140575],[17.11001,48.140579],[17.11001,48.140579],[17.110062,48.140583],[17.110123,48.140597],[17.110164,48.140607],[17.110174,48.140613],[17.11018,48.140619],[17.110182,48.140629],[17.110178,48.140642],[17.110233,48.14065],[17.110248,48.140643],[17.110267,48.140637],[17.110291,48.140636],[17.110312,48.140638],[17.110334,48.140643],[17.110354,48.14065],[17.110368,48.140658],[17.110378,48.14067],[17.110445,48.14068],[17.110397,48.140767],[17.110392,48.140777],[17.110371,48.140822],[17.110356,48.140852],[17.110356,48.140853],[17.110285,48.140994],[17.110267,48.141016],[17.110267,48.141016],[17.110206,48.141171],[17.110179,48.141237],[17.110168,48.141234],[17.110256,48.141015],[17.110076,48.140987],[17.11007,48.141],[17.110063,48.141007],[17.110054,48.141012],[17.110044,48.141014],[17.110014,48.141009],[17.110004,48.141035],[17.110064,48.141043],[17.110064,48.141054],[17.110071,48.141062],[17.110082,48.141065],[17.110059,48.141144],[17.110042,48.141146],[17.110032,48.14115],[17.110028,48.141159],[17.109974,48.141153],[17.109968,48.141169],[17.109991,48.141178],[17.11,48.141184],[17.110007,48.141196],[17.110006,48.141211],[17.110168,48.141234]],[[17.109821,48.141007],[17.109818,48.141016],[17.109818,48.141016],[17.109822,48.141005],[17.109822,48.141005],[17.109821,48.141007]],[[17.109874,48.140856],[17.109874,48.140856],[17.109838,48.140851],[17.109874,48.140856]],[[17.109928,48.140657],[17.109929,48.140658],[17.109929,48.140657],[17.109928,48.140657]]]}},{"type":"Feature","properties":{"v":78.6,"p":26},"geometry":{"type":"Polygon","coordinates":[[[17.105027,48.142155],[17.104875,48.142125],[17.104895,48.142079],[17.104581,48.142017],[17.10461,48.141949],[17.104602,48.141948],[17.104644,48.141855],[17.104652,48.141856],[17.104682,48.141788],[17.104915,48.141835],[17.104931,48.1418],[17.105047,48.141823],[17.105032,48.141858],[17.105234,48.141898],[17.105216,48.141938],[17.10553,48.142001],[17.10559,48.142064],[17.105566,48.142118],[17.105455,48.142148],[17.105269,48.14211],[17.105252,48.142149],[17.105231,48.142145],[17.105225,48.142159],[17.105127,48.142139],[17.105133,48.142127],[17.105047,48.14211],[17.105027,48.142155]]]}},{"type":"Feature","properties":{"v":16,"p":5},"geometry":{"type":"Polygon","coordinates":[[[17.09824,48.146796],[17.097916,48.146855],[17.09765,48.146205],[17.097974,48.146145],[17.09824,48.146796]]]}},{"type":"Feature","properties":{"v":54.2,"p":18},"geometry":{"type":"Polygon","coordinates":[[[17.106766,48.145079],[17.106767,48.14508],[17.106767,48.14508],[17.106768,48.14508],[17.10677,48.14508],[17.106776,48.145081],[17.106777,48.145082],[17.106779,48.145082],[17.106795,48.145086],[17.106801,48.145087],[17.106805,48.145088],[17.10681,48.145089],[17.106812,48.145089],[17.106816,48.14509],[17.106818,48.145091],[17.106821,48.145091],[17.106824,48.145092],[17.106825,48.145092],[17.106855,48.145099],[17.106816,48.145178],[17.106786,48.145172],[17.106772,48.145169],[17.106771,48.145169],[17.106766,48.145168],[17.106762,48.145167],[17.10676,48.145166],[17.106741,48.145162],[17.106738,48.145161],[17.106737,48.145161],[17.106735,48.145161],[17.106734,48.145161],[17.106734,48.145161],[17.10673,48.14516],[17.106729,48.145159],[17.106728,48.145159],[17.106727,48.145159],[17.106697,48.145152],[17.106736,48.145073],[17.106766,48.145079]]]}},{"type":"Feature","properties":{"v":20,"p":7},"geometry":{"type":"Polygon","coordinates":[[[17.104631,48.143843],[17.104495,48.143799],[17.10445,48.143784],[17.104446,48.143792],[17.10425,48.143741],[17.104223,48.143734],[17.104292,48.14327],[17.104354,48.143281],[17.104444,48.143298],[17.10476,48.143365],[17.104739,48.143424],[17.104433,48.143364],[17.104412,48.1435],[17.104383,48.143677],[17.104497,48.143705],[17.104578,48.143726],[17.104624,48.143668],[17.104631,48.143671],[17.104737,48.143557],[17.104773,48.143517],[17.104838,48.14343],[17.104903,48.143451],[17.104968,48.143473],[17.104903,48.143557],[17.104861,48.143602],[17.104757,48.143713],[17.104631,48.143843]]]}},{"type":"Feature","properties":{"v":33.5,"p":11},"geometry":{"type":"Polygon","coordinates":[[[17.110297,48.145033],[17.110301,48.14504],[17.110306,48.145052],[17.110314,48.145067],[17.110348,48.145131],[17.110368,48.145169],[17.110369,48.145172],[17.110401,48.145228],[17.110407,48.14524],[17.110417,48.145258],[17.110436,48.145284],[17.11044,48.145297],[17.109884,48.145377],[17.10988,48.145364],[17.109867,48.145321],[17.109882,48.145319],[17.109869,48.145276],[17.109863,48.145258],[17.109858,48.14524],[17.109839,48.145178],[17.109819,48.145114],[17.109812,48.145094],[17.109958,48.145068],[17.110289,48.145015],[17.110297,48.145033]]]}},{"type":"Feature","properties":{"v":19.1,"p":6},"geometry":{"type":"Polygon","coordinates":[[[17.09759,48.140397],[17.097585,48.140375],[17.097563,48.140378],[17.097554,48.140341],[17.097574,48.140339],[17.097568,48.140315],[17.097715,48.140298],[17.097686,48.140187],[17.097722,48.140183],[17.097758,48.140179],[17.097787,48.14029],[17.097791,48.140305],[17.097811,48.140318],[17.097817,48.140344],[17.097804,48.14036],[17.097773,48.140364],[17.097775,48.140374],[17.097776,48.140375],[17.09759,48.140397]]]}},{"type":"Feature","properties":{"v":35.5,"p":12},"geometry":{"type":"Polygon","coordinates":[[[17.109288,48.146294],[17.109205,48.146268],[17.109121,48.146242],[17.109143,48.146211],[17.109115,48.146202],[17.109147,48.146158],[17.109196,48.146107],[17.109145,48.146092],[17.109185,48.146032],[17.109256,48.146057],[17.109423,48.14611],[17.109489,48.14613],[17.109443,48.146174],[17.109378,48.146233],[17.109335,48.146271],[17.109311,48.146263],[17.109288,48.146294]]]}},{"type":"Feature","properties":{"v":4.5,"p":2},"geometry":{"type":"Polygon","coordinates":[[[17.112382,48.140604],[17.112342,48.140711],[17.112051,48.140662],[17.112092,48.140555],[17.112382,48.140604]]]}},{"type":"Feature","properties":{"v":39,"p":13},"geometry":{"type":"Polygon","coordinates":[[[17.10572,48.143983],[17.105716,48.143979],[17.105707,48.14398],[17.1054,48.143888],[17.105336,48.143872],[17.105275,48.14385],[17.105267,48.143848],[17.105326,48.143792],[17.105313,48.143779],[17.105344,48.143766],[17.105354,48.143776],[17.105362,48.143784],[17.105754,48.143902],[17.105763,48.143905],[17.10578,48.14394],[17.105777,48.143945],[17.105772,48.143951],[17.10572,48.143983]]]}},{"type":"Feature","properties":{"v":18.5,"p":6},"geometry":{"type":"Polygon","coordinates":[[[17.103399,48.141459],[17.103504,48.141507],[17.103508,48.141508],[17.103475,48.141541],[17.10333,48.141515],[17.103158,48.141437],[17.103151,48.141444],[17.10289,48.141325],[17.102918,48.141297],[17.102925,48.141299],[17.102962,48.141262],[17.103217,48.141378],[17.103214,48.141381],[17.10328,48.141411],[17.103295,48.141397],[17.10341,48.141449],[17.103399,48.141459]]]}},{"type":"Feature","properties":{"v":18.5,"p":6},"geometry":{"type":"Polygon","coordinates":[[[17.102889,48.141061],[17.102709,48.141006],[17.102702,48.141016],[17.102517,48.140966],[17.102522,48.140958],[17.102333,48.140912],[17.102388,48.140798],[17.102607,48.140844],[17.102602,48.140856],[17.102763,48.140906],[17.102772,48.140893],[17.102974,48.140968],[17.102963,48.14098],[17.102889,48.141061]]]}},{"type":"Feature","properties":{"v":17,"p":6},"geometry":{"type":"Polygon","coordinates":[[[17.103094,48.140835],[17.103022,48.140915],[17.102695,48.140792],[17.102686,48.140801],[17.102421,48.140738],[17.102465,48.140652],[17.102754,48.140721],[17.102832,48.140751],[17.102837,48.140743],[17.103094,48.140835]]]}},{"type":"Feature","properties":{"v":17,"p":6},"geometry":{"type":"Polygon","coordinates":[[[17.103422,48.140743],[17.103308,48.140825],[17.103058,48.140708],[17.103055,48.140713],[17.102811,48.140637],[17.102808,48.140642],[17.102511,48.140552],[17.102567,48.140452],[17.10286,48.14054],[17.102863,48.140534],[17.103125,48.140609],[17.103422,48.140743]]]}},{"type":"Feature","properties":{"v":15,"p":5},"geometry":{"type":"Polygon","coordinates":[[[17.103562,48.14089],[17.103621,48.14097],[17.103685,48.141105],[17.103639,48.141116],[17.103409,48.140897],[17.103514,48.140824],[17.103562,48.14089]]]}},{"type":"Feature","properties":{"v":18.5,"p":6},"geometry":{"type":"Polygon","coordinates":[[[17.103504,48.141112],[17.103442,48.141141],[17.103276,48.141062],[17.103223,48.141014],[17.103308,48.140974],[17.103342,48.140957],[17.103504,48.141112]]]}},{"type":"Feature","properties":{"v":17,"p":6},"geometry":{"type":"Polygon","coordinates":[[[17.103614,48.141212],[17.103795,48.141376],[17.103733,48.141406],[17.103563,48.141378],[17.103351,48.141277],[17.103355,48.141273],[17.103087,48.14114],[17.103173,48.141058],[17.103445,48.141186],[17.103453,48.141179],[17.103614,48.141212]]]}},{"type":"Feature","properties":{"v":10.5,"p":4},"geometry":{"type":"Polygon","coordinates":[[[17.104184,48.141504],[17.104113,48.141505],[17.103915,48.141387],[17.103947,48.141366],[17.103974,48.141377],[17.104002,48.141387],[17.10403,48.141396],[17.10406,48.141403],[17.10409,48.141409],[17.104121,48.141414],[17.104152,48.141417],[17.104183,48.141418],[17.104184,48.141504]]]}},{"type":"Feature","properties":{"v":16,"p":5},"geometry":{"type":"Polygon","coordinates":[[[17.104108,48.141604],[17.104064,48.141651],[17.103946,48.141593],[17.10395,48.141582],[17.103854,48.141569],[17.103851,48.141579],[17.103838,48.141592],[17.1038,48.14163],[17.10365,48.141568],[17.103712,48.14153],[17.103753,48.141504],[17.103797,48.141477],[17.104003,48.141527],[17.104055,48.141565],[17.104108,48.141604]]]}},{"type":"Feature","properties":{"v":33.2,"p":11},"geometry":{"type":"Polygon","coordinates":[[[17.108063,48.132251],[17.108127,48.132262],[17.108134,48.132263],[17.108115,48.132321],[17.108035,48.132307],[17.108054,48.132248],[17.108063,48.132251]]]}},{"type":"Feature","properties":{"v":32.8,"p":11},"geometry":{"type":"Polygon","coordinates":[[[17.107336,48.132574],[17.107304,48.132634],[17.10722,48.132616],[17.107244,48.132571],[17.107246,48.132565],[17.107251,48.132557],[17.107336,48.132574]]]}},{"type":"Feature","properties":{"v":14.3,"p":5},"geometry":{"type":"Polygon","coordinates":[[[17.106897,48.132521],[17.106906,48.132523],[17.107031,48.132586],[17.107154,48.132648],[17.107157,48.13265],[17.106331,48.133403],[17.106019,48.133244],[17.106016,48.133242],[17.106251,48.133031],[17.10649,48.132824],[17.106653,48.132683],[17.106812,48.132552],[17.106832,48.132535],[17.106845,48.132527],[17.106854,48.132524],[17.106864,48.132521],[17.106873,48.13252],[17.106884,48.13252],[17.106897,48.132521]]]}},{"type":"Feature","properties":{"v":21,"p":7},"geometry":{"type":"Polygon","coordinates":[[[17.098854,48.140846],[17.098771,48.140805],[17.09858,48.140823],[17.098565,48.140741],[17.098563,48.140722],[17.098562,48.140703],[17.098609,48.140699],[17.09861,48.140699],[17.098657,48.140695],[17.098671,48.140693],[17.098705,48.140691],[17.098727,48.140689],[17.098752,48.140687],[17.098773,48.140685],[17.098779,48.140684],[17.0988,48.140682],[17.098847,48.140678],[17.098888,48.140675],[17.098895,48.140674],[17.098942,48.14067],[17.09899,48.140666],[17.098997,48.140666],[17.099037,48.140662],[17.099085,48.140658],[17.099105,48.140656],[17.099133,48.140654],[17.09918,48.14065],[17.099214,48.140647],[17.099228,48.140646],[17.099275,48.140642],[17.099281,48.140641],[17.099282,48.140641],[17.099323,48.140638],[17.099324,48.140645],[17.099327,48.140657],[17.099331,48.140676],[17.099357,48.1408],[17.099245,48.14081],[17.099133,48.14082],[17.099134,48.140827],[17.099134,48.140834],[17.098954,48.140848],[17.098953,48.140841],[17.098953,48.140834],[17.098854,48.140846]]]}},{"type":"Feature","properties":{"v":18,"p":6},"geometry":{"type":"Polygon","coordinates":[[[17.099304,48.140522],[17.099047,48.140543],[17.098791,48.140564],[17.098805,48.140616],[17.098706,48.140625],[17.098608,48.140633],[17.098585,48.140514],[17.098634,48.140447],[17.098672,48.140397],[17.09886,48.140379],[17.098864,48.140404],[17.09902,48.140391],[17.099017,48.140366],[17.099143,48.140354],[17.099269,48.140343],[17.099274,48.140369],[17.099279,48.140395],[17.099304,48.140522]]]}},{"type":"Feature","properties":{"v":21,"p":7},"geometry":{"type":"Polygon","coordinates":[[[17.099553,48.140783],[17.099442,48.140792],[17.099423,48.140695],[17.099415,48.140653],[17.09945,48.140638],[17.099485,48.140623],[17.099661,48.140608],[17.099836,48.140593],[17.100012,48.140578],[17.100188,48.140563],[17.100197,48.140604],[17.100206,48.140645],[17.100154,48.140744],[17.100009,48.140755],[17.100009,48.140742],[17.099845,48.140757],[17.099846,48.140764],[17.099847,48.140771],[17.099666,48.140787],[17.099664,48.140773],[17.099553,48.140783]],[[17.099963,48.14062],[17.099822,48.140632],[17.100115,48.140607],[17.099963,48.14062]]]}},{"type":"Feature","properties":{"v":20,"p":7},"geometry":{"type":"Polygon","coordinates":[[[17.099805,48.140481],[17.099612,48.140498],[17.099623,48.140547],[17.09951,48.140556],[17.099397,48.140566],[17.099373,48.140446],[17.099361,48.140382],[17.099362,48.140358],[17.099363,48.140335],[17.099632,48.140314],[17.099902,48.140294],[17.100171,48.140273],[17.100175,48.140294],[17.100179,48.140314],[17.100191,48.140362],[17.100181,48.140495],[17.100009,48.140511],[17.099998,48.140463],[17.099805,48.140481]]]}},{"type":"Feature","properties":{"v":18,"p":6},"geometry":{"type":"Polygon","coordinates":[[[17.100162,48.140155],[17.099909,48.140174],[17.099656,48.140192],[17.099404,48.140211],[17.099388,48.14012],[17.099387,48.140086],[17.099613,48.140087],[17.099719,48.140076],[17.099825,48.140065],[17.099988,48.140058],[17.100151,48.140052],[17.100162,48.140155]]]}},{"type":"Feature","properties":{"v":21,"p":7},"geometry":{"type":"Polygon","coordinates":[[[17.100949,48.140574],[17.101153,48.140593],[17.101148,48.140634],[17.101141,48.140689],[17.101111,48.140727],[17.100828,48.140708],[17.100546,48.14069],[17.10053,48.140655],[17.100539,48.140593],[17.100542,48.140577],[17.100544,48.140561],[17.100745,48.140556],[17.100949,48.140574]]]}},{"type":"Feature","properties":{"v":21,"p":7},"geometry":{"type":"Polygon","coordinates":[[[17.101741,48.140675],[17.102133,48.140735],[17.10215,48.140754],[17.102167,48.140772],[17.102114,48.14086],[17.102038,48.140864],[17.101776,48.140825],[17.101515,48.140785],[17.101253,48.140746],[17.101285,48.14064],[17.101317,48.140628],[17.101348,48.140616],[17.101741,48.140675]]]}},{"type":"Feature","properties":{"v":18,"p":6},"geometry":{"type":"Polygon","coordinates":[[[17.10213,48.140555],[17.10228,48.14059],[17.10224,48.140684],[17.101938,48.140633],[17.101979,48.14052],[17.10213,48.140555]]]}},{"type":"Feature","properties":{"v":18,"p":6},"geometry":{"type":"Polygon","coordinates":[[[17.101942,48.140495],[17.1019,48.140609],[17.101752,48.140585],[17.101604,48.140561],[17.101632,48.140491],[17.101661,48.140422],[17.101942,48.140495]]]}},{"type":"Feature","properties":{"v":18,"p":6},"geometry":{"type":"Polygon","coordinates":[[[17.101611,48.140419],[17.101557,48.140567],[17.101438,48.140547],[17.10132,48.140528],[17.101316,48.140462],[17.101344,48.140405],[17.101371,48.140349],[17.101611,48.140419]]]}},{"type":"Feature","properties":{"v":15,"p":5},"geometry":{"type":"Polygon","coordinates":[[[17.10151,48.140148],[17.101607,48.140172],[17.101704,48.140195],[17.101833,48.140235],[17.101963,48.140275],[17.102104,48.140313],[17.102245,48.140351],[17.102385,48.140389],[17.102323,48.140497],[17.102188,48.140467],[17.102053,48.140438],[17.101876,48.140388],[17.1017,48.140338],[17.101616,48.14031],[17.101501,48.140262],[17.101386,48.140215],[17.101414,48.140124],[17.10151,48.140148]]]}},{"type":"Feature","properties":{"v":17,"p":6},"geometry":{"type":"Polygon","coordinates":[[[17.108964,48.14441],[17.108682,48.144835],[17.108571,48.14483],[17.108489,48.144778],[17.10877,48.144353],[17.108964,48.14441]]]}},{"type":"Feature","properties":{"v":42.5,"p":14},"geometry":{"type":"Polygon","coordinates":[[[17.108432,48.144975],[17.108449,48.14498],[17.108463,48.145007],[17.108446,48.145033],[17.108409,48.145043],[17.108259,48.144999],[17.108263,48.144993],[17.108018,48.144917],[17.108054,48.144867],[17.108046,48.144865],[17.108026,48.144859],[17.10805,48.14482],[17.108048,48.144819],[17.10808,48.144768],[17.108082,48.144768],[17.108108,48.144728],[17.108118,48.144731],[17.108127,48.144733],[17.108143,48.144737],[17.108213,48.144705],[17.108486,48.144779],[17.108486,48.144779],[17.108519,48.144788],[17.108542,48.144807],[17.108529,48.14483],[17.108499,48.144833],[17.108523,48.144841],[17.108538,48.144819],[17.108687,48.144837],[17.108694,48.14484],[17.10869,48.144847],[17.108751,48.14486],[17.108716,48.144964],[17.108694,48.144962],[17.108668,48.144997],[17.108612,48.145011],[17.108445,48.144955],[17.108432,48.144975]],[[17.10846,48.144822],[17.108462,48.144822],[17.10847,48.144808],[17.10846,48.144822]]]}},{"type":"Feature","properties":{"v":28.9,"p":10},"geometry":{"type":"Polygon","coordinates":[[[17.105784,48.147503],[17.105794,48.147515],[17.105707,48.14774],[17.105693,48.147743],[17.105206,48.147664],[17.105197,48.147653],[17.105285,48.147426],[17.1053,48.147422],[17.105695,48.147488],[17.105728,48.147407],[17.105677,48.147389],[17.105579,48.147366],[17.105518,48.147353],[17.105437,48.147332],[17.105254,48.147321],[17.105283,48.147212],[17.105494,48.14722],[17.105497,48.147218],[17.105501,48.147215],[17.105505,48.147214],[17.10551,48.147213],[17.105515,48.147214],[17.10552,48.147216],[17.105673,48.147251],[17.105679,48.147252],[17.105685,48.147254],[17.105689,48.147257],[17.105692,48.14726],[17.105695,48.147264],[17.105694,48.147267],[17.105849,48.147339],[17.105827,48.147393],[17.105816,48.147422],[17.105784,48.147503]]]}}]}