{"type":"FeatureCollection","features":[{"type":"Feature","geometry":{"type":"LineString","coordinates":[[17.101544,48.148497],[17.10139,48.148834],[17.101405,48.149211],[17.101453,48.149487],[17.101649,48.149532],[17.101638,48.149735],[17.101693,48.149841]]},"properties":{"n":"Maróthyho"}},{"type":"Feature","geometry":{"type":"LineString","coordinates":[[17.098847,48.145195],[17.098235,48.145273],[17.098107,48.145263],[17.097958,48.145154],[17.097555,48.143982]]},"properties":{"n":"Koreničova"}},{"type":"Feature","geometry":{"type":"LineString","coordinates":[[17.115013,48.149707],[17.116932,48.149554],[17.117321,48.14956],[17.119359,48.149042],[17.12017,48.148999],[17.121958,48.1467],[17.123173,48.14458]]},"properties":{"n":"Ul. 29.augusta"}},{"type":"Feature","geometry":{"type":"LineString","coordinates":[[17.108719,48.153659],[17.108075,48.153752],[17.108164,48.155152]]},"properties":{"n":"Čajkovského"}},{"type":"Feature","geometry":{"type":"MultiLineString","coordinates":[[[17.10207,48.157726],[17.10187,48.157599],[17.101732,48.157326],[17.101734,48.157193]],[[17.10255,48.155723],[17.1029,48.156122],[17.102912,48.156235],[17.102784,48.156608],[17.102636,48.156864],[17.102546,48.156931],[17.101878,48.157153]]]},"properties":{"n":"Čapkova"}},{"type":"Feature","geometry":{"type":"LineString","coordinates":[[17.095781,48.145628],[17.095497,48.144532],[17.095757,48.143473],[17.095738,48.143274]]},"properties":{"n":"Čelakovského"}},{"type":"Feature","geometry":{"type":"LineString","coordinates":[[17.085984,48.161549],[17.087252,48.162738]]},"properties":{"n":"Čerešňová"}},{"type":"Feature","geometry":{"type":"LineString","coordinates":[[17.095795,48.146466],[17.09623,48.147463],[17.096328,48.14777],[17.096298,48.147951],[17.096041,48.148259],[17.095221,48.148984],[17.094677,48.149628],[17.094416,48.150061],[17.094465,48.150248],[17.094609,48.150353]]},"properties":{"n":"Červeňova"}},{"type":"Feature","geometry":{"type":"LineString","coordinates":[[17.113485,48.143224],[17.11442,48.143749],[17.115055,48.143996],[17.117066,48.144264],[17.123506,48.145846],[17.123654,48.145845]]},"properties":{"n":"Grösslingová"}},{"type":"Feature","geometry":{"type":"LineString","coordinates":[[17.123483,48.144369],[17.123489,48.14412],[17.125881,48.14087],[17.126059,48.14057]]},"properties":{"n":"Čulenova"}},{"type":"Feature","geometry":{"type":"LineString","coordinates":[[17.117029,48.158197],[17.116122,48.157239],[17.116073,48.157093]]},"properties":{"n":"Ľadová"}},{"type":"Feature","geometry":{"type":"LineString","coordinates":[[17.088696,48.163073],[17.087738,48.163316],[17.087352,48.16335],[17.086859,48.163259]]},"properties":{"n":"Šípková"}},{"type":"Feature","geometry":{"type":"MultiLineString","coordinates":[[[17.115411,48.141817],[17.116512,48.141073]],[[17.116808,48.141167],[17.116132,48.142038],[17.115873,48.14206],[17.115515,48.141939],[17.115523,48.14185],[17.116773,48.141066]]]},"properties":{"n":"Šafárikovo námestie"}},{"type":"Feature","geometry":{"type":"LineString","coordinates":[[17.081608,48.156876],[17.081524,48.156762],[17.081306,48.156668],[17.080481,48.156488],[17.080102,48.156353]]},"properties":{"n":"Šafránová"}},{"type":"Feature","geometry":{"type":"LineString","coordinates":[[17.115422,48.153173],[17.117411,48.15215]]},"properties":{"n":"Školská"}},{"type":"Feature","geometry":{"type":"LineString","coordinates":[[17.111813,48.154937],[17.112766,48.154513]]},"properties":{"n":"Škovránčia"}},{"type":"Feature","geometry":{"type":"LineString","coordinates":[[17.121941,48.152391],[17.123201,48.151033],[17.124012,48.150366],[17.124433,48.150125],[17.125189,48.14995]]},"properties":{"n":"Šoltésovej"}},{"type":"Feature","geometry":{"type":"MultiLineString","coordinates":[[[17.113057,48.14486],[17.113873,48.145873],[17.116446,48.148181],[17.117178,48.149288],[17.117765,48.150588]],[[17.117663,48.1506],[17.116992,48.149145],[17.116835,48.14889],[17.116643,48.148738],[17.11621,48.148058],[17.114137,48.146254],[17.112937,48.145005],[17.11283,48.144782]]]},"properties":{"n":"Špitálska"}},{"type":"Feature","geometry":{"type":"MultiLineString","coordinates":[[[17.115411,48.141817],[17.11422,48.142592],[17.114326,48.142663]],[[17.112896,48.143804],[17.113027,48.143399],[17.11422,48.142592]],[[17.115523,48.14185],[17.113194,48.143459],[17.113121,48.14356],[17.113063,48.14385]]]},"properties":{"n":"Štúrova"}},{"type":"Feature","geometry":{"type":"MultiLineString","coordinates":[[[17.105937,48.15501],[17.10612,48.154282],[17.106213,48.154369]],[[17.107166,48.148462],[17.107032,48.149121],[17.106636,48.152647],[17.106276,48.154018],[17.106213,48.154369],[17.106249,48.154449],[17.106132,48.154822],[17.106221,48.154986],[17.106567,48.15524]],[[17.106132,48.154822],[17.106035,48.155195]],[[17.10612,48.154282],[17.106468,48.153051],[17.106598,48.152421],[17.106697,48.150969],[17.106985,48.148604]]]},"properties":{"n":"Štefánikova"}},{"type":"Feature","geometry":{"type":"LineString","coordinates":[[17.107546,48.155417],[17.108423,48.155065],[17.110048,48.154573],[17.110912,48.15417],[17.111042,48.154149],[17.111003,48.154239],[17.11008,48.154652],[17.108624,48.155089]]},"properties":{"n":"Štefanovičova"}},{"type":"Feature","geometry":{"type":"LineString","coordinates":[[17.10373,48.147837],[17.103724,48.148461],[17.103829,48.148997]]},"properties":{"n":"Štetinova"}},{"type":"Feature","geometry":{"type":"MultiLineString","coordinates":[[[17.100631,48.147919],[17.098772,48.148499],[17.098431,48.148683],[17.098318,48.14903]],[[17.094922,48.151232],[17.093743,48.151903],[17.0933,48.151985],[17.091894,48.152629]],[[17.098431,48.148683],[17.097942,48.148884],[17.097498,48.149234],[17.096167,48.150376],[17.095946,48.15071],[17.095376,48.150867],[17.094671,48.15116],[17.093687,48.151813],[17.09327,48.151882],[17.092158,48.152377],[17.092011,48.152576]]]},"properties":{"n":"Šulekova"}},{"type":"Feature","geometry":{"type":"MultiLineString","coordinates":[[[17.078805,48.148364],[17.080264,48.148311],[17.08069,48.148342],[17.080799,48.148275],[17.080968,48.147945]],[[17.084122,48.148166],[17.084741,48.147995],[17.085135,48.147994],[17.084402,48.147341],[17.084175,48.146874],[17.084124,48.146568],[17.084161,48.146064],[17.084291,48.145754]],[[17.085854,48.148736],[17.085135,48.147994]]]},"properties":{"n":"Údolná"}},{"type":"Feature","geometry":{"type":"MultiLineString","coordinates":[[[17.087909,48.161427],[17.087246,48.161892],[17.085139,48.162886]],[[17.085024,48.162789],[17.082214,48.164149]]]},"properties":{"n":"Úprkova"}},{"type":"Feature","geometry":{"type":"LineString","coordinates":[[17.108068,48.155516],[17.107895,48.156054],[17.107766,48.156979],[17.108588,48.157857],[17.108686,48.158018]]},"properties":{"n":"Žabotova"}},{"type":"Feature","geometry":{"type":"LineString","coordinates":[[17.108147,48.157391],[17.110835,48.15676]]},"properties":{"n":"Železničiarska"}},{"type":"Feature","geometry":{"type":"MultiLineString","coordinates":[[[17.081926,48.143697],[17.08274,48.143547],[17.085177,48.143256],[17.085515,48.143094],[17.085867,48.143011],[17.087048,48.142829],[17.087811,48.142612],[17.088427,48.142504],[17.090516,48.142297],[17.091173,48.142156],[17.091685,48.142112],[17.091393,48.142445],[17.091023,48.142551],[17.090763,48.142714]],[[17.100103,48.140118],[17.098766,48.140335],[17.096746,48.140559],[17.095648,48.140763],[17.09543,48.140958],[17.093952,48.14145],[17.093105,48.141836],[17.092317,48.142071],[17.091685,48.142112]]]},"properties":{"n":"Žižkova"}},{"type":"Feature","geometry":{"type":"LineString","coordinates":[[17.093137,48.14878],[17.092548,48.148048]]},"properties":{"n":"Žiarska"}},{"type":"Feature","geometry":{"type":"LineString","coordinates":[[17.103954,48.141487],[17.104128,48.141604],[17.104195,48.141706],[17.104172,48.142024],[17.103963,48.142663],[17.103778,48.143717],[17.103691,48.144047],[17.103584,48.144226],[17.103394,48.144468],[17.103217,48.144569]]},"properties":{"n":"Židovská"}},{"type":"Feature","geometry":{"type":"LineString","coordinates":[[17.111042,48.154149],[17.11167,48.154776],[17.113216,48.156497]]},"properties":{"n":"Žilinská"}},{"type":"Feature","geometry":{"type":"LineString","coordinates":[[17.111398,48.149026],[17.11139,48.149355],[17.111629,48.149664]]},"properties":{"n":"Živnostenská"}},{"type":"Feature","geometry":{"type":"MultiLineString","coordinates":[[[17.119429,48.151339],[17.118973,48.151136],[17.119257,48.151326],[17.11911,48.151382],[17.117871,48.150797],[17.11819,48.152031],[17.11911,48.151382]],[[17.117765,48.150588],[17.118973,48.151136]]]},"properties":{"n":"Americké námestie"}},{"type":"Feature","geometry":{"type":"MultiLineString","coordinates":[[[17.082822,48.149933],[17.082165,48.149735],[17.08191,48.149561],[17.081825,48.149361],[17.081794,48.14907]],[[17.0806,48.14998],[17.08205,48.149931],[17.08231,48.149985],[17.082405,48.15005]],[[17.085555,48.148414],[17.082564,48.149357]]]},"properties":{"n":"Bôrik"}},{"type":"Feature","geometry":{"type":"LineString","coordinates":[[17.098847,48.155871],[17.099202,48.156111]]},"properties":{"n":"Břeclavská"}},{"type":"Feature","geometry":{"type":"LineString","coordinates":[[17.091894,48.152629],[17.090767,48.153542],[17.089794,48.154535],[17.089268,48.155001],[17.088819,48.155536],[17.088113,48.156716],[17.087009,48.159248],[17.086808,48.159508],[17.08584,48.160168]]},"properties":{"n":"Búdková"}},{"type":"Feature","geometry":{"type":"LineString","coordinates":[[17.106788,48.145021],[17.106342,48.144967],[17.105089,48.144563]]},"properties":{"n":"Baštová"}},{"type":"Feature","geometry":{"type":"LineString","coordinates":[[17.102622,48.158166],[17.102435,48.158177],[17.102194,48.158293],[17.10212,48.158389],[17.102199,48.159009],[17.102093,48.160009]]},"properties":{"n":"Banícka"}},{"type":"Feature","geometry":{"type":"LineString","coordinates":[[17.109671,48.151515],[17.10955,48.151413],[17.109122,48.150396],[17.10858,48.149306],[17.108614,48.149207],[17.108928,48.14896]]},"properties":{"n":"Banskobystrická"}},{"type":"Feature","geometry":{"type":"LineString","coordinates":[[17.095781,48.145628],[17.095539,48.145818],[17.0946,48.145933],[17.094016,48.146146],[17.092832,48.147112],[17.092713,48.147299]]},"properties":{"n":"Bartoňova"}},{"type":"Feature","geometry":{"type":"MultiLineString","coordinates":[[[17.085552,48.153518],[17.085817,48.152763],[17.086487,48.152153],[17.085958,48.151715],[17.085917,48.151572]],[[17.086058,48.152552],[17.085675,48.153734],[17.085779,48.154008],[17.085599,48.154114]]]},"properties":{"n":"Bartókova"}},{"type":"Feature","geometry":{"type":"LineString","coordinates":[[17.103957,48.142231],[17.10377,48.14215],[17.10356,48.14179],[17.103343,48.141591],[17.10306,48.141454]]},"properties":{"n":"Beblavého"}},{"type":"Feature","geometry":{"type":"LineString","coordinates":[[17.119422,48.155278],[17.12199,48.154356]]},"properties":{"n":"Wilsonova"}},{"type":"Feature","geometry":{"type":"LineString","coordinates":[[17.11552,48.154208],[17.112523,48.155704]]},"properties":{"n":"Belopotockého"}},{"type":"Feature","geometry":{"type":"LineString","coordinates":[[17.11582,48.154451],[17.114266,48.155201]]},"properties":{"n":"Benediktiho"}},{"type":"Feature","geometry":{"type":"LineString","coordinates":[[17.119688,48.156062],[17.12284,48.154832]]},"properties":{"n":"Bernolákova"}},{"type":"Feature","geometry":{"type":"LineString","coordinates":[[17.113666,48.157918],[17.115702,48.157196],[17.115843,48.157092]]},"properties":{"n":"Beskydská"}},{"type":"Feature","geometry":{"type":"LineString","coordinates":[[17.116837,48.144219],[17.117807,48.141428]]},"properties":{"n":"Bezručova"}},{"type":"Feature","geometry":{"type":"LineString","coordinates":[[17.10666,48.144195],[17.107604,48.144217]]},"properties":{"n":"Biela"}},{"type":"Feature","geometry":{"type":"LineString","coordinates":[[17.113967,48.154957],[17.114527,48.155452],[17.114779,48.15583],[17.114936,48.156502],[17.114849,48.156807]]},"properties":{"n":"Björnsonova"}},{"type":"Feature","geometry":{"type":"LineString","coordinates":[[17.102629,48.155694],[17.102599,48.155257],[17.101638,48.155135],[17.101597,48.155085],[17.101698,48.154811],[17.101501,48.1542]]},"properties":{"n":"Boženy Němcovej"}},{"type":"Feature","geometry":{"type":"LineString","coordinates":[[17.087167,48.160983],[17.081319,48.163809],[17.081105,48.163858]]},"properties":{"n":"Bohúňova"}},{"type":"Feature","geometry":{"type":"LineString","coordinates":[[17.127162,48.144026],[17.131169,48.145343]]},"properties":{"n":"Bottova"}},{"type":"Feature","geometry":{"type":"LineString","coordinates":[[17.099449,48.146545],[17.097205,48.147167],[17.097211,48.147414],[17.096797,48.148068],[17.096578,48.148514],[17.096423,48.149042],[17.096602,48.149204]]},"properties":{"n":"Bradlianska"}},{"type":"Feature","geometry":{"type":"MultiLineString","coordinates":[[[17.078211,48.167283],[17.079398,48.166634],[17.08114,48.165918]],[[17.082519,48.165352],[17.082043,48.165443],[17.081111,48.165807],[17.08114,48.165918],[17.083783,48.164889],[17.085414,48.164379],[17.087079,48.163923],[17.088665,48.163564],[17.090614,48.163197],[17.092125,48.163081]],[[17.092122,48.163215],[17.090349,48.163394],[17.088072,48.163839],[17.087892,48.163734]],[[17.088168,48.163407],[17.085146,48.164331],[17.083334,48.164967],[17.0828,48.165074],[17.082043,48.165443]],[[17.088072,48.163839],[17.085593,48.164466],[17.084116,48.16494],[17.082674,48.165472],[17.08176,48.165929],[17.079784,48.166781],[17.079001,48.167174],[17.078439,48.167547]]]},"properties":{"n":"Brnianska"}},{"type":"Feature","geometry":{"type":"LineString","coordinates":[[17.091862,48.149811],[17.091754,48.150739],[17.091678,48.150825]]},"properties":{"n":"Broskyňová"}},{"type":"Feature","geometry":{"type":"LineString","coordinates":[[17.079022,48.149265],[17.078803,48.149487],[17.078501,48.14996],[17.078215,48.150741],[17.078175,48.151075]]},"properties":{"n":"Buková"}},{"type":"Feature","geometry":{"type":"LineString","coordinates":[[17.108947,48.157202],[17.108767,48.156855],[17.108719,48.156525]]},"properties":{"n":"Bukureštská"}},{"type":"Feature","geometry":{"type":"MultiLineString","coordinates":[[[17.072406,48.171141],[17.072872,48.171165],[17.072743,48.171021],[17.072758,48.170943],[17.072848,48.170968],[17.073034,48.171068],[17.073258,48.171402],[17.072872,48.171165]],[[17.073168,48.170727],[17.073053,48.170939],[17.073067,48.171107]],[[17.074197,48.171943],[17.074074,48.172178],[17.073963,48.171958],[17.074151,48.171977],[17.074195,48.171874],[17.074077,48.171821],[17.073903,48.171878],[17.073658,48.171727],[17.074077,48.171821]],[[17.073974,48.171852],[17.073963,48.171958],[17.073903,48.171878]],[[17.073258,48.171402],[17.073658,48.171727]]]},"properties":{"n":"Cesta na Červený most"}},{"type":"Feature","geometry":{"type":"LineString","coordinates":[[17.128141,48.145879],[17.128309,48.145861],[17.130084,48.143505]]},"properties":{"n":"Chalupkova"}},{"type":"Feature","geometry":{"type":"MultiLineString","coordinates":[[[17.123249,48.151001],[17.124954,48.151685]],[[17.123425,48.150867],[17.125089,48.15155]]]},"properties":{"n":"Chorvátska"}},{"type":"Feature","geometry":{"type":"LineString","coordinates":[[17.115091,48.145681],[17.115811,48.146001],[17.121072,48.147813]]},"properties":{"n":"Cintorínska"}},{"type":"Feature","geometry":{"type":"LineString","coordinates":[[17.117882,48.147489],[17.11942,48.148932],[17.119455,48.149031]]},"properties":{"n":"Cukrová"}},{"type":"Feature","geometry":{"type":"LineString","coordinates":[[17.098107,48.145263],[17.097674,48.145612],[17.097489,48.145675],[17.097182,48.145084],[17.097142,48.144614]]},"properties":{"n":"Dankovského"}},{"type":"Feature","geometry":{"type":"MultiLineString","coordinates":[[[17.107285,48.155701],[17.106993,48.156188],[17.106569,48.157063],[17.106518,48.157927],[17.106334,48.158026],[17.106031,48.158022],[17.106009,48.157865],[17.106506,48.15691],[17.107253,48.155563],[17.107353,48.155484]],[[17.10707,48.155906],[17.107124,48.155714],[17.107099,48.155598],[17.106896,48.155429]]]},"properties":{"n":"Námestie Franza Liszta"}},{"type":"Feature","geometry":{"type":"MultiLineString","coordinates":[[[17.109667,48.157775],[17.109796,48.157899],[17.110116,48.157961],[17.111673,48.158195],[17.111945,48.158192]],[[17.112037,48.158326],[17.112109,48.158411],[17.112428,48.158388],[17.11281,48.158506],[17.11378,48.158896],[17.113918,48.15896],[17.114098,48.159261]]]},"properties":{"n":"Dobšinského"}},{"type":"Feature","geometry":{"type":"LineString","coordinates":[[17.116291,48.14819],[17.116121,48.148231],[17.115216,48.14877]]},"properties":{"n":"Dobrovského"}},{"type":"Feature","geometry":{"type":"LineString","coordinates":[[17.103124,48.154336],[17.10314,48.154426],[17.102735,48.154759]]},"properties":{"n":"Dohnalova"}},{"type":"Feature","geometry":{"type":"MultiLineString","coordinates":[[[17.089794,48.154535],[17.090036,48.154608],[17.090083,48.154665],[17.09041,48.155681]],[[17.090239,48.155102],[17.090961,48.155221],[17.091122,48.155204],[17.091292,48.155092]]]},"properties":{"n":"Dolná"}},{"type":"Feature","geometry":{"type":"LineString","coordinates":[[17.100511,48.150896],[17.100736,48.150702],[17.101088,48.15063],[17.101738,48.150642],[17.101965,48.150678],[17.102156,48.15078]]},"properties":{"n":"Donovalova"}},{"type":"Feature","geometry":{"type":"MultiLineString","coordinates":[[[17.123005,48.144284],[17.122187,48.143411],[17.121776,48.143071],[17.121036,48.142667],[17.116808,48.141167]],[[17.116773,48.141066],[17.121195,48.142637],[17.121801,48.142813],[17.122143,48.142836]],[[17.121195,48.142637],[17.122067,48.143101],[17.122578,48.14361],[17.123175,48.144341]]]},"properties":{"n":"Dostojevského rad"}},{"type":"Feature","geometry":{"type":"LineString","coordinates":[[17.108584,48.146769],[17.107739,48.147269],[17.107246,48.14748]]},"properties":{"n":"Drevená"}},{"type":"Feature","geometry":{"type":"MultiLineString","coordinates":[[[17.080552,48.159575],[17.080499,48.159911],[17.080562,48.160023],[17.080249,48.160094],[17.080199,48.160176],[17.080225,48.160261],[17.080566,48.160546],[17.080823,48.160592],[17.080966,48.160544],[17.081004,48.16048],[17.080982,48.160393],[17.080562,48.160023]],[[17.080865,48.159539],[17.080996,48.15945],[17.082236,48.159281]],[[17.08259,48.159977],[17.0828,48.159876],[17.082401,48.159582],[17.082258,48.159542],[17.079653,48.159563],[17.079537,48.160823],[17.079679,48.16132],[17.079831,48.161481]],[[17.091552,48.15287],[17.090777,48.153258],[17.08992,48.153457],[17.089381,48.153517],[17.087796,48.153567],[17.087575,48.153767],[17.086698,48.154243],[17.083576,48.155501],[17.081935,48.156599],[17.081245,48.157199],[17.080697,48.157801],[17.079929,48.158784],[17.07972,48.159237],[17.079653,48.159563]]]},"properties":{"n":"Drotárska cesta"}},{"type":"Feature","geometry":{"type":"LineString","coordinates":[[17.081649,48.163634],[17.083079,48.165009]]},"properties":{"n":"Dubová"}},{"type":"Feature","geometry":{"type":"MultiLineString","coordinates":[[[17.118868,48.147048],[17.12,48.145567],[17.121776,48.143071]],[[17.116446,48.148181],[17.11851,48.14717],[17.118731,48.147002]]]},"properties":{"n":"Lazaretská"}},{"type":"Feature","geometry":{"type":"LineString","coordinates":[[17.113683,48.14436],[17.115675,48.144704],[17.116524,48.144919],[17.118608,48.145571],[17.119678,48.145996],[17.121958,48.1467]]},"properties":{"n":"Dunajská"}},{"type":"Feature","geometry":{"type":"LineString","coordinates":[[17.093389,48.149371],[17.093722,48.149129],[17.093853,48.148868],[17.094092,48.148608],[17.094532,48.148325],[17.094637,48.148132],[17.094636,48.147917],[17.094532,48.147821],[17.093838,48.147477],[17.093532,48.14744],[17.09287,48.147517],[17.092715,48.147399],[17.092713,48.147299]]},"properties":{"n":"Fándlyho"}},{"type":"Feature","geometry":{"type":"LineString","coordinates":[[17.116479,48.140054],[17.112216,48.14009],[17.11212,48.140116],[17.112072,48.140221]]},"properties":{"n":"Fajnorovo nábrežie"}},{"type":"Feature","geometry":{"type":"LineString","coordinates":[[17.116132,48.153716],[17.118334,48.152801]]},"properties":{"n":"Fazuľová"}},{"type":"Feature","geometry":{"type":"LineString","coordinates":[[17.119378,48.146403],[17.121609,48.147159]]},"properties":{"n":"Ferienčíkova"}},{"type":"Feature","geometry":{"type":"LineString","coordinates":[[17.093619,48.14532],[17.093388,48.145097],[17.092961,48.144896],[17.092802,48.144756],[17.092743,48.144479],[17.09277,48.144216],[17.092718,48.144168],[17.090925,48.144015],[17.090328,48.144086],[17.089945,48.144261],[17.088087,48.145461]]},"properties":{"n":"Fialkové údolie"}},{"type":"Feature","geometry":{"type":"LineString","coordinates":[[17.10585,48.150716],[17.105775,48.151389],[17.104947,48.151687]]},"properties":{"n":"Flöglova"}},{"type":"Feature","geometry":{"type":"LineString","coordinates":[[17.104996,48.151041],[17.10494,48.152343],[17.105116,48.15279],[17.105108,48.152868],[17.105017,48.152941],[17.105038,48.153079],[17.104987,48.15328],[17.104763,48.153875],[17.103912,48.155084],[17.10387,48.155181],[17.103905,48.155284]]},"properties":{"n":"Fraňa Kráľa"}},{"type":"Feature","geometry":{"type":"LineString","coordinates":[[17.093222,48.155191],[17.094245,48.154618],[17.094504,48.154406],[17.094612,48.154239],[17.094855,48.153616],[17.0951,48.153258],[17.095284,48.153113],[17.095684,48.15296],[17.096948,48.152772],[17.097212,48.152675]]},"properties":{"n":"Francúzskych partizánov"}},{"type":"Feature","geometry":{"type":"LineString","coordinates":[[17.119465,48.147258],[17.119127,48.147687],[17.118443,48.148005]]},"properties":{"n":"Francisciho"}},{"type":"Feature","geometry":{"type":"LineString","coordinates":[[17.109734,48.140539],[17.110219,48.140568],[17.111612,48.140988],[17.112393,48.141403],[17.112559,48.141575],[17.112883,48.14259],[17.113383,48.143132]]},"properties":{"n":"Medená"}},{"type":"Feature","geometry":{"type":"LineString","coordinates":[[17.081316,48.163532],[17.080205,48.165196],[17.079947,48.16564],[17.079649,48.166362],[17.079436,48.166523],[17.079273,48.166539]]},"properties":{"n":"Gaštanová"}},{"type":"Feature","geometry":{"type":"LineString","coordinates":[[17.114782,48.142977],[17.115805,48.143356],[17.119972,48.1444]]},"properties":{"n":"Gajova"}},{"type":"Feature","geometry":{"type":"LineString","coordinates":[[17.100247,48.148761],[17.098901,48.149386]]},"properties":{"n":"Galandova"}},{"type":"Feature","geometry":{"type":"MultiLineString","coordinates":[[[17.100676,48.148644],[17.100247,48.148761]],[[17.100247,48.148761],[17.100391,48.149157],[17.100359,48.149193],[17.09973,48.149597],[17.099099,48.149816]]]},"properties":{"n":"Godrova"}},{"type":"Feature","geometry":{"type":"LineString","coordinates":[[17.116837,48.140057],[17.116677,48.140754],[17.116475,48.1408],[17.116389,48.140773],[17.116479,48.140054]]},"properties":{"n":"Gondova"}},{"type":"Feature","geometry":{"type":"LineString","coordinates":[[17.097832,48.158245],[17.096117,48.15945],[17.094623,48.160723],[17.094048,48.161262],[17.093919,48.161463],[17.093097,48.162074],[17.092295,48.162788],[17.092234,48.162891]]},"properties":{"n":"Gorazdova"}},{"type":"Feature","geometry":{"type":"LineString","coordinates":[[17.109407,48.142313],[17.112896,48.143804]]},"properties":{"n":"Gorkého"}},{"type":"Feature","geometry":{"type":"LineString","coordinates":[[17.106824,48.150023],[17.106133,48.150004],[17.104231,48.150689],[17.103865,48.150449],[17.103789,48.150447],[17.103576,48.150602]]},"properties":{"n":"Gunduličova"}},{"type":"Feature","geometry":{"type":"MultiLineString","coordinates":[[[17.078738,48.166058],[17.07881,48.165894],[17.078563,48.16591]],[[17.079136,48.165309],[17.07881,48.165894]]]},"properties":{"n":"Hýrošova"}},{"type":"Feature","geometry":{"type":"LineString","coordinates":[[17.102101,48.153246],[17.102028,48.15341],[17.101892,48.153511],[17.100255,48.15434],[17.100273,48.154517],[17.100191,48.155213],[17.100105,48.155429],[17.09988,48.155702],[17.098761,48.156401],[17.098465,48.156638],[17.097955,48.15688],[17.097948,48.157012],[17.098165,48.157543]]},"properties":{"n":"Havlíčkova"}},{"type":"Feature","geometry":{"type":"MultiLineString","coordinates":[[[17.090543,48.152106],[17.089338,48.152988],[17.089126,48.153527]],[[17.090866,48.152242],[17.090543,48.152106],[17.091275,48.151716],[17.091391,48.152274]],[[17.091931,48.151543],[17.091275,48.151716]]]},"properties":{"n":"Haydnova"}},{"type":"Feature","geometry":{"type":"LineString","coordinates":[[17.111402,48.146097],[17.114345,48.148399]]},"properties":{"n":"Heydukova"}},{"type":"Feature","geometry":{"type":"LineString","coordinates":[[17.096744,48.146236],[17.097205,48.147167]]},"properties":{"n":"Hlavatého"}},{"type":"Feature","geometry":{"type":"LineString","coordinates":[[17.105424,48.154523],[17.104946,48.154954],[17.102629,48.155694],[17.101411,48.156144],[17.099405,48.157134],[17.09777,48.157712]]},"properties":{"n":"Hlboká cesta"}},{"type":"Feature","geometry":{"type":"LineString","coordinates":[[17.107823,48.156517],[17.109597,48.156532]]},"properties":{"n":"Holekova"}},{"type":"Feature","geometry":{"type":"LineString","coordinates":[[17.112758,48.147932],[17.114715,48.146763]]},"properties":{"n":"Hollého"}},{"type":"Feature","geometry":{"type":"LineString","coordinates":[[17.097196,48.14949],[17.09652,48.149619],[17.095338,48.149954],[17.09469,48.150297],[17.093483,48.15139],[17.09332,48.151607],[17.09327,48.151882]]},"properties":{"n":"Holubyho"}},{"type":"Feature","geometry":{"type":"MultiLineString","coordinates":[[[17.095377,48.143449],[17.095188,48.143301],[17.094569,48.143199],[17.094461,48.142978]],[[17.094951,48.143285],[17.094724,48.143337],[17.094516,48.143503]]]},"properties":{"n":"Hradné údolie"}},{"type":"Feature","geometry":{"type":"LineString","coordinates":[[17.085854,48.148736],[17.085606,48.148759],[17.084953,48.148971],[17.084646,48.149134],[17.083881,48.149686],[17.08358,48.149791],[17.082642,48.149975],[17.081543,48.150279],[17.080684,48.150336],[17.080613,48.150417],[17.080055,48.150535],[17.07957,48.150717],[17.079134,48.151038],[17.078717,48.151563],[17.078594,48.151786],[17.078008,48.152155],[17.077878,48.152372]]},"properties":{"n":"Hrebendova"}},{"type":"Feature","geometry":{"type":"MultiLineString","coordinates":[[[17.082654,48.156108],[17.082867,48.156096],[17.083027,48.156165],[17.083262,48.156817],[17.08371,48.157463],[17.084545,48.157455],[17.085308,48.157718],[17.085359,48.157923],[17.085698,48.158046],[17.08569,48.158176],[17.085625,48.158249]],[[17.083027,48.155859],[17.083027,48.156165]]]},"properties":{"n":"Hriňovská"}},{"type":"Feature","geometry":{"type":"LineString","coordinates":[[17.08584,48.160168],[17.0891,48.162161],[17.090186,48.162921],[17.090307,48.163108],[17.090614,48.163197]]},"properties":{"n":"Hroboňova"}},{"type":"Feature","geometry":{"type":"MultiLineString","coordinates":[[[17.091437,48.146175],[17.091806,48.146623],[17.091817,48.146848],[17.090823,48.147455],[17.091382,48.1472],[17.091834,48.146912],[17.091917,48.146783],[17.091896,48.146682],[17.091755,48.146545]],[[17.090823,48.147455],[17.090372,48.147606],[17.089174,48.147529]]]},"properties":{"n":"Hummelova"}},{"type":"Feature","geometry":{"type":"MultiLineString","coordinates":[[[17.107728,48.146126],[17.107322,48.145951],[17.10714,48.146163],[17.107091,48.14642]],[[17.107985,48.145796],[17.107322,48.145951],[17.107146,48.145919],[17.106956,48.146237],[17.10694,48.146457]],[[17.106632,48.145863],[17.107146,48.145919],[17.107496,48.145773],[17.107948,48.145731]]]},"properties":{"n":"Hurbanovo námestie"}},{"type":"Feature","geometry":{"type":"LineString","coordinates":[[17.107515,48.141256],[17.10553,48.140635],[17.105386,48.140715],[17.105402,48.14082],[17.107005,48.141488],[17.109407,48.142313]]},"properties":{"n":"Hviezdoslavovo námestie"}},{"type":"Feature","geometry":{"type":"MultiLineString","coordinates":[[[17.094422,48.144788],[17.094936,48.144967],[17.095,48.145093],[17.094808,48.145214]],[[17.095,48.145093],[17.095664,48.145124]]]},"properties":{"n":"Inovecká"}},{"type":"Feature","geometry":{"type":"LineString","coordinates":[[17.119127,48.147687],[17.120052,48.148242]]},"properties":{"n":"Janáčkova"}},{"type":"Feature","geometry":{"type":"LineString","coordinates":[[17.089214,48.148375],[17.087801,48.148306],[17.086446,48.148659],[17.085854,48.148736]]},"properties":{"n":"Jančova"}},{"type":"Feature","geometry":{"type":"LineString","coordinates":[[17.093286,48.161949],[17.093767,48.162598],[17.094435,48.162929]]},"properties":{"n":"Jánošíkova"}},{"type":"Feature","geometry":{"type":"LineString","coordinates":[[17.084487,48.162277],[17.085879,48.16354],[17.085787,48.164147]]},"properties":{"n":"Jaseňová"}},{"type":"Feature","geometry":{"type":"MultiLineString","coordinates":[[[17.091862,48.149811],[17.091792,48.149723],[17.091632,48.149191],[17.091373,48.148734],[17.091287,48.14869],[17.091076,48.14881],[17.090372,48.147606]],[[17.090278,48.149555],[17.090789,48.149148],[17.091076,48.14881]]]},"properties":{"n":"Javorinská"}},{"type":"Feature","geometry":{"type":"LineString","coordinates":[[17.083081,48.162944],[17.084703,48.164476]]},"properties":{"n":"Javorová"}},{"type":"Feature","geometry":{"type":"LineString","coordinates":[[17.110356,48.146516],[17.110957,48.146817],[17.11081,48.146951]]},"properties":{"n":"Jedlíkova"}},{"type":"Feature","geometry":{"type":"LineString","coordinates":[[17.110559,48.156052],[17.11061,48.156495],[17.11141,48.157404],[17.112037,48.158326]]},"properties":{"n":"Jelenia"}},{"type":"Feature","geometry":{"type":"LineString","coordinates":[[17.113027,48.143399],[17.109658,48.141952],[17.109497,48.141844],[17.111199,48.142504],[17.113081,48.143359]]},"properties":{"n":"Jesenského"}},{"type":"Feature","geometry":{"type":"LineString","coordinates":[[17.111269,48.150337],[17.109439,48.151164]]},"properties":{"n":"Jozefská"}},{"type":"Feature","geometry":{"type":"LineString","coordinates":[[17.123688,48.153081],[17.124954,48.151685]]},"properties":{"n":"Justičná"}},{"type":"Feature","geometry":{"type":"LineString","coordinates":[[17.111368,48.14168],[17.111838,48.141091],[17.112075,48.140302]]},"properties":{"n":"Kúpeľná"}},{"type":"Feature","geometry":{"type":"MultiLineString","coordinates":[[[17.11031,48.15455],[17.110619,48.154975],[17.11074,48.155281],[17.11076,48.155435],[17.110633,48.156004]],[[17.110707,48.155746],[17.111395,48.155562],[17.11211,48.15528]]]},"properties":{"n":"Kýčerského"}},{"type":"Feature","geometry":{"type":"LineString","coordinates":[[17.1044,48.144107],[17.105007,48.143452],[17.105148,48.143203],[17.105199,48.14295],[17.105153,48.142226],[17.104346,48.142169]]},"properties":{"n":"Kapitulská"}},{"type":"Feature","geometry":{"type":"LineString","coordinates":[[17.105587,48.145191],[17.104791,48.144848],[17.103912,48.14461]]},"properties":{"n":"Kapucínska"}},{"type":"Feature","geometry":{"type":"MultiLineString","coordinates":[[[17.124933,48.155579],[17.12506,48.155317],[17.125557,48.15381],[17.125669,48.153336],[17.125736,48.152577],[17.125725,48.152079],[17.125613,48.151408],[17.125189,48.14995],[17.124387,48.147828]],[[17.123005,48.144284],[17.123263,48.144766],[17.124387,48.147828],[17.12447,48.147634],[17.124552,48.147837],[17.12561,48.15083],[17.125882,48.152213],[17.125837,48.153265],[17.125707,48.153821]],[[17.123175,48.144341],[17.123348,48.144607],[17.12447,48.147634]]]},"properties":{"n":"Karadžičova"}},{"type":"Feature","geometry":{"type":"LineString","coordinates":[[17.113251,48.156582],[17.113602,48.157654],[17.113918,48.15896]]},"properties":{"n":"Karpatská"}},{"type":"Feature","geometry":{"type":"LineString","coordinates":[[17.105962,48.143734],[17.105861,48.143995],[17.105189,48.144458],[17.104857,48.144794]]},"properties":{"n":"Klariská"}},{"type":"Feature","geometry":{"type":"LineString","coordinates":[[17.117538,48.145243],[17.119833,48.142138]]},"properties":{"n":"Klemensova"}},{"type":"Feature","geometry":{"type":"LineString","coordinates":[[17.109836,48.144161],[17.109988,48.144201],[17.11162,48.145197]]},"properties":{"n":"Klobučnícka"}},{"type":"Feature","geometry":{"type":"MultiLineString","coordinates":[[[17.120406,48.154955],[17.120948,48.155594]],[[17.121739,48.155273],[17.121205,48.154662]]]},"properties":{"n":"Kmeťovo námestie"}},{"type":"Feature","geometry":{"type":"MultiLineString","coordinates":[[[17.130486,48.143193],[17.130492,48.143049],[17.130877,48.143629],[17.131254,48.144338],[17.130746,48.143495],[17.130544,48.143257]],[[17.130609,48.143214],[17.130792,48.143114],[17.132307,48.14572]],[[17.130095,48.142162],[17.12996,48.141845],[17.129987,48.141796],[17.130253,48.142161],[17.130792,48.143114]],[[17.132091,48.145744],[17.131908,48.145504],[17.131254,48.144338]],[[17.128796,48.140459],[17.129004,48.140686],[17.130492,48.143049],[17.130525,48.143003],[17.13015,48.142312]],[[17.131442,48.144281],[17.131584,48.144682],[17.132085,48.14557]],[[17.12904,48.140291],[17.129213,48.140374],[17.12983,48.141419],[17.129987,48.141796]]]},"properties":{"n":"Košická"}},{"type":"Feature","geometry":{"type":"LineString","coordinates":[[17.113142,48.145231],[17.111402,48.146097],[17.11065,48.146659]]},"properties":{"n":"Kolárska"}},{"type":"Feature","geometry":{"type":"LineString","coordinates":[[17.111629,48.149664],[17.113344,48.149073],[17.113512,48.149148],[17.113823,48.149435]]},"properties":{"n":"Kollárovo námestie"}},{"type":"Feature","geometry":{"type":"LineString","coordinates":[[17.102895,48.146613],[17.104984,48.147196],[17.105499,48.1472],[17.105698,48.147248],[17.106196,48.147453]]},"properties":{"n":"Konventná"}},{"type":"Feature","geometry":{"type":"MultiLineString","coordinates":[[[17.082489,48.153906],[17.082025,48.153718],[17.082246,48.153346],[17.08242,48.153245],[17.082464,48.153158],[17.082366,48.153014],[17.082178,48.152905],[17.081706,48.152824]],[[17.082178,48.152905],[17.082899,48.153069],[17.083202,48.153199],[17.083428,48.153378],[17.083606,48.153632],[17.082935,48.15356],[17.082665,48.153701],[17.082266,48.154161]],[[17.083606,48.153632],[17.083686,48.154052],[17.083826,48.15421],[17.085546,48.15457],[17.085715,48.15465]]]},"properties":{"n":"Korabinského"}},{"type":"Feature","geometry":{"type":"LineString","coordinates":[[17.108516,48.14381],[17.109137,48.14404]]},"properties":{"n":"Kostolná"}},{"type":"Feature","geometry":{"type":"LineString","coordinates":[[17.103907,48.145963],[17.101892,48.147242],[17.100631,48.147919]]},"properties":{"n":"Kozia"}},{"type":"Feature","geometry":{"type":"MultiLineString","coordinates":[[[17.086235,48.145659],[17.086336,48.146071],[17.086217,48.146226],[17.085997,48.146309],[17.08579,48.146313],[17.085548,48.146237],[17.085545,48.146139],[17.085645,48.145902],[17.085581,48.145763],[17.084962,48.14562],[17.084032,48.145813],[17.083524,48.146027]],[[17.085177,48.143256],[17.08502,48.143746],[17.085025,48.144599],[17.085433,48.145206],[17.085581,48.145763]]]},"properties":{"n":"Kráľovské údolie"}},{"type":"Feature","geometry":{"type":"LineString","coordinates":[[17.097555,48.143982],[17.097728,48.14335],[17.097703,48.14268]]},"properties":{"n":"Krátka"}},{"type":"Feature","geometry":{"type":"MultiLineString","coordinates":[[[17.092326,48.161553],[17.090321,48.162786],[17.090186,48.162921]],[[17.094048,48.161262],[17.092446,48.161673],[17.091679,48.161962]]]},"properties":{"n":"Krčméryho"}},{"type":"Feature","geometry":{"type":"MultiLineString","coordinates":[[[17.12348,48.154537],[17.124576,48.153818]],[[17.124963,48.155795],[17.119787,48.151797]],[[17.124843,48.155703],[17.125068,48.155675],[17.12348,48.154537],[17.120558,48.152302]],[[17.121829,48.153398],[17.121828,48.153246]]]},"properties":{"n":"Krížna"}},{"type":"Feature","geometry":{"type":"LineString","coordinates":[[17.097142,48.144614],[17.097752,48.144515]]},"properties":{"n":"Krakovská"}},{"type":"Feature","geometry":{"type":"LineString","coordinates":[[17.10627,48.153735],[17.105424,48.154523]]},"properties":{"n":"Križkova"}},{"type":"Feature","geometry":{"type":"LineString","coordinates":[[17.092217,48.160781],[17.09239,48.160948],[17.092486,48.161138],[17.092456,48.161399],[17.092326,48.161553]]},"properties":{"n":"Krivá"}},{"type":"Feature","geometry":{"type":"MultiLineString","coordinates":[[[17.087252,48.162738],[17.085786,48.163457]],[[17.088948,48.16208],[17.087468,48.162797],[17.087252,48.162738],[17.087947,48.162423],[17.088067,48.162498]]]},"properties":{"n":"Kubániho"}},{"type":"Feature","geometry":{"type":"LineString","coordinates":[[17.115274,48.154702],[17.115963,48.155359]]},"properties":{"n":"Anenská"}},{"type":"Feature","geometry":{"type":"LineString","coordinates":[[17.10277,48.149509],[17.103384,48.149088],[17.10397,48.14978],[17.102393,48.150739]]},"properties":{"n":"Kuzmányho"}},{"type":"Feature","geometry":{"type":"LineString","coordinates":[[17.076244,48.171129],[17.076373,48.171541],[17.076361,48.17167],[17.0762,48.171842],[17.075819,48.172079]]},"properties":{"n":"Kysucká"}},{"type":"Feature","geometry":{"type":"LineString","coordinates":[[17.104984,48.147196],[17.104739,48.147489],[17.104644,48.147717]]},"properties":{"n":"Lýcejná"}},{"type":"Feature","geometry":{"type":"MultiLineString","coordinates":[[[17.078146,48.167332],[17.077464,48.167903],[17.077655,48.167819],[17.078001,48.167526],[17.07826,48.167471]],[[17.078373,48.16759],[17.078094,48.16781]],[[17.078439,48.167547],[17.07826,48.167471],[17.078209,48.167661],[17.078094,48.16781],[17.077002,48.168603],[17.072406,48.171141]],[[17.072593,48.170907],[17.07615,48.168912],[17.076578,48.168625],[17.077464,48.167903],[17.077549,48.167724],[17.077911,48.167413],[17.077975,48.167266],[17.077876,48.167046]]]},"properties":{"n":"Lamačská cesta"}},{"type":"Feature","geometry":{"type":"LineString","coordinates":[[17.093978,48.161371],[17.094059,48.16141],[17.094655,48.162119],[17.094789,48.162193],[17.09502,48.162225],[17.096478,48.161966],[17.097678,48.161515],[17.098555,48.161104],[17.098349,48.160767],[17.098104,48.159869],[17.09787,48.159669]]},"properties":{"n":"Langsfeldova"}},{"type":"Feature","geometry":{"type":"LineString","coordinates":[[17.097832,48.158245],[17.098184,48.158401],[17.098347,48.15853],[17.098407,48.158628],[17.098458,48.158961],[17.098438,48.159172]]},"properties":{"n":"Laučekova"}},{"type":"Feature","geometry":{"type":"LineString","coordinates":[[17.106249,48.154449],[17.108101,48.154357],[17.109838,48.154043]]},"properties":{"n":"Leškova"}},{"type":"Feature","geometry":{"type":"MultiLineString","coordinates":[[[17.124963,48.155795],[17.122065,48.156751]],[[17.12211,48.15597],[17.122476,48.156552],[17.1241,48.156039],[17.124843,48.155703]],[[17.120359,48.157215],[17.122476,48.156552]]]},"properties":{"n":"Legionárska"}},{"type":"Feature","geometry":{"type":"MultiLineString","coordinates":[[[17.113358,48.155278],[17.113552,48.155449],[17.113698,48.155656],[17.113764,48.155851]],[[17.112766,48.154513],[17.113467,48.15522]]]},"properties":{"n":"Lehockého"}},{"type":"Feature","geometry":{"type":"LineString","coordinates":[[17.106768,48.150464],[17.106028,48.150645],[17.103426,48.151654],[17.10339,48.151699],[17.103595,48.151948],[17.103551,48.152046]]},"properties":{"n":"Lermontovova"}},{"type":"Feature","geometry":{"type":"MultiLineString","coordinates":[[[17.095082,48.156449],[17.095092,48.156977],[17.095296,48.15736],[17.095265,48.157577],[17.095104,48.157793],[17.094208,48.158575],[17.094121,48.158729],[17.094126,48.159003],[17.094333,48.159907]],[[17.094105,48.160042],[17.094623,48.160723]]]},"properties":{"n":"Lesná"}},{"type":"Feature","geometry":{"type":"LineString","coordinates":[[17.095318,48.148435],[17.095779,48.147908],[17.095828,48.14767],[17.095742,48.147465],[17.095559,48.147286],[17.095378,48.147222],[17.094716,48.147219],[17.09445,48.147054],[17.094274,48.146765]]},"properties":{"n":"Lichardova"}},{"type":"Feature","geometry":{"type":"LineString","coordinates":[[17.081926,48.143697],[17.082618,48.144947],[17.082777,48.145096]]},"properties":{"n":"Lipová"}},{"type":"Feature","geometry":{"type":"LineString","coordinates":[[17.106982,48.140703],[17.107121,48.140445]]},"properties":{"n":"Lodná"}},{"type":"Feature","geometry":{"type":"LineString","coordinates":[[17.117573,48.143793],[17.118947,48.141907]]},"properties":{"n":"Lomonosovova"}},{"type":"Feature","geometry":{"type":"MultiLineString","coordinates":[[[17.08584,48.160168],[17.083556,48.161716],[17.082084,48.162511],[17.081838,48.162777],[17.081421,48.162677],[17.08122,48.162737]],[[17.080042,48.164084],[17.080254,48.163827],[17.081838,48.162777],[17.081316,48.163532]]]},"properties":{"n":"Lovinského"}},{"type":"Feature","geometry":{"type":"LineString","coordinates":[[17.125364,48.150574],[17.125047,48.150629],[17.124703,48.150765],[17.124215,48.151189]]},"properties":{"n":"Lužická"}},{"type":"Feature","geometry":{"type":"LineString","coordinates":[[17.089823,48.149069],[17.088923,48.149371],[17.087621,48.150133],[17.087251,48.150236],[17.087122,48.150248],[17.087029,48.150199],[17.086899,48.150015],[17.086878,48.149601],[17.086949,48.149378]]},"properties":{"n":"Lubinská"}},{"type":"Feature","geometry":{"type":"LineString","coordinates":[[17.119787,48.151797],[17.118475,48.152723]]},"properties":{"n":"Májkova"}},{"type":"Feature","geometry":{"type":"MultiLineString","coordinates":[[[17.114182,48.141366],[17.114338,48.140673]],[[17.114119,48.140548],[17.114096,48.140061]]]},"properties":{"n":"Múzejná"}},{"type":"Feature","geometry":{"type":"LineString","coordinates":[[17.118144,48.156279],[17.113867,48.152875]]},"properties":{"n":"Mýtna"}},{"type":"Feature","geometry":{"type":"MultiLineString","coordinates":[[[17.090341,48.153982],[17.091319,48.154273]],[[17.091403,48.154766],[17.091219,48.154705],[17.091319,48.154273],[17.092039,48.154491],[17.093222,48.155191],[17.093302,48.155584],[17.093756,48.156036]]]},"properties":{"n":"Majakovského"}},{"type":"Feature","geometry":{"type":"LineString","coordinates":[[17.078012,48.147049],[17.079298,48.146675],[17.080186,48.146304],[17.080276,48.146202],[17.080333,48.146013]]},"properties":{"n":"Malá"}},{"type":"Feature","geometry":{"type":"LineString","coordinates":[[17.101734,48.157193],[17.101875,48.156798],[17.101816,48.156689],[17.101677,48.156666],[17.101622,48.156689],[17.101552,48.157002],[17.100894,48.15729],[17.100722,48.157425],[17.100597,48.157617]]},"properties":{"n":"Malinová"}},{"type":"Feature","geometry":{"type":"MultiLineString","coordinates":[[[17.116099,48.157138],[17.113251,48.156582],[17.113343,48.156524],[17.116082,48.157061]],[[17.113251,48.156582],[17.110559,48.156052]],[[17.113343,48.156524],[17.11035,48.155949],[17.110559,48.156052],[17.107782,48.155517],[17.106441,48.155351],[17.106035,48.155195],[17.106247,48.15518],[17.11035,48.155949]]]},"properties":{"n":"Šancová"}},{"type":"Feature","geometry":{"type":"MultiLineString","coordinates":[[[17.117807,48.141428],[17.117914,48.141294],[17.118121,48.141203],[17.119049,48.14109],[17.121565,48.140915]],[[17.128796,48.140459],[17.128563,48.14039],[17.127619,48.140449],[17.12888,48.1403]],[[17.125321,48.141604],[17.124857,48.141532],[17.124686,48.140675],[17.127619,48.140449]]]},"properties":{"n":"Pribinova"}},{"type":"Feature","geometry":{"type":"LineString","coordinates":[[17.08562,48.160321],[17.085381,48.1602],[17.085146,48.160178],[17.083058,48.160891],[17.080695,48.161542],[17.080193,48.16158],[17.079831,48.161481]]},"properties":{"n":"Matúšova"}},{"type":"Feature","geometry":{"type":"LineString","coordinates":[[17.104658,48.148895],[17.104926,48.149894],[17.105266,48.150334]]},"properties":{"n":"Mateja Bela"}},{"type":"Feature","geometry":{"type":"MultiLineString","coordinates":[[[17.090405,48.145411],[17.090484,48.145224],[17.090391,48.145124],[17.090386,48.145018],[17.091057,48.144817]],[[17.090484,48.145224],[17.090739,48.145443]]]},"properties":{"n":"Medzierka"}},{"type":"Feature","geometry":{"type":"LineString","coordinates":[[17.099008,48.151361],[17.099324,48.151411],[17.100166,48.150992],[17.100511,48.150896],[17.101308,48.151184],[17.101681,48.151465],[17.10193,48.151788],[17.102053,48.152105],[17.102016,48.152377],[17.102101,48.153246],[17.102504,48.153391],[17.102606,48.153548],[17.102574,48.153843],[17.102491,48.15395],[17.101876,48.154161]]},"properties":{"n":"Mišíkova"}},{"type":"Feature","geometry":{"type":"LineString","coordinates":[[17.106597,48.143872],[17.106788,48.145021],[17.106639,48.145387],[17.107148,48.145604],[17.107224,48.145678]]},"properties":{"n":"Michalská"}},{"type":"Feature","geometry":{"type":"MultiLineString","coordinates":[[[17.117326,48.150565],[17.117663,48.1506]],[[17.113487,48.149063],[17.115978,48.150105],[17.117326,48.150565],[17.117871,48.150797]]]},"properties":{"n":"Mickiewiczova"}},{"type":"Feature","geometry":{"type":"MultiLineString","coordinates":[[[17.108928,48.14896],[17.107587,48.148093],[17.107399,48.148049],[17.107236,48.148071],[17.107159,48.148141],[17.107166,48.148462]],[[17.107605,48.147794],[17.108739,48.148515],[17.109211,48.148848],[17.10937,48.149037]]]},"properties":{"n":"Hodžovo námestie"}},{"type":"Feature","geometry":{"type":"LineString","coordinates":[[17.103957,48.142231],[17.103595,48.142761],[17.10359,48.14285],[17.103742,48.143149],[17.103673,48.143681],[17.103757,48.143795]]},"properties":{"n":"Mikulášska"}},{"type":"Feature","geometry":{"type":"MultiLineString","coordinates":[[[17.078146,48.167332],[17.077876,48.167046]],[[17.078211,48.167283],[17.077921,48.166974],[17.078261,48.167086],[17.078585,48.167047]]]},"properties":{"n":"Mlynská dolina"}},{"type":"Feature","geometry":{"type":"MultiLineString","coordinates":[[[17.132307,48.14572],[17.13154,48.145799],[17.131714,48.14564],[17.132189,48.145554]],[[17.130513,48.145795],[17.131714,48.14564],[17.131838,48.145558],[17.131885,48.145465]],[[17.121958,48.1467],[17.123181,48.146611],[17.124474,48.146433],[17.130513,48.145795],[17.131329,48.145751],[17.13154,48.145799],[17.12845,48.146084],[17.123934,48.146578],[17.123181,48.146611]]]},"properties":{"n":"Mlynské nivy"}},{"type":"Feature","geometry":{"type":"LineString","coordinates":[[17.093853,48.148868],[17.093776,48.148787],[17.093751,48.148644],[17.093787,48.148325],[17.093617,48.148084],[17.093503,48.148018],[17.093299,48.147988],[17.092548,48.148048],[17.091626,48.147626],[17.091437,48.147367],[17.091382,48.1472]]},"properties":{"n":"Mošovského"}},{"type":"Feature","geometry":{"type":"LineString","coordinates":[[17.120621,48.151874],[17.123701,48.149406]]},"properties":{"n":"Moskovská"}},{"type":"Feature","geometry":{"type":"LineString","coordinates":[[17.109734,48.140539],[17.109729,48.140748],[17.109473,48.141572],[17.109497,48.141844]]},"properties":{"n":"Mostová"}},{"type":"Feature","geometry":{"type":"LineString","coordinates":[[17.10397,48.14978],[17.104801,48.150753],[17.104996,48.151041]]},"properties":{"n":"Moyzesova"}},{"type":"Feature","geometry":{"type":"MultiLineString","coordinates":[[[17.086487,48.152153],[17.087228,48.151589],[17.087505,48.151617],[17.087744,48.151768],[17.087707,48.151889],[17.087565,48.152025],[17.086824,48.152623],[17.086704,48.152838],[17.086461,48.153605],[17.086337,48.153508],[17.086319,48.153439],[17.086476,48.152884]],[[17.086461,48.153605],[17.086968,48.154104]]]},"properties":{"n":"Mozartova"}},{"type":"Feature","geometry":{"type":"LineString","coordinates":[[17.098363,48.142371],[17.097992,48.14231],[17.097262,48.142464],[17.09659,48.142763],[17.095377,48.143449],[17.095173,48.143626],[17.094659,48.144483],[17.094117,48.145087],[17.090226,48.146701],[17.089638,48.147027],[17.089174,48.147529],[17.089125,48.147775],[17.089214,48.148375],[17.090278,48.149555],[17.090362,48.149905],[17.090462,48.150022],[17.091678,48.150825],[17.092026,48.151807],[17.092007,48.152214],[17.091864,48.152568],[17.091894,48.152629]]},"properties":{"n":"Mudroňova"}},{"type":"Feature","geometry":{"type":"LineString","coordinates":[[17.109794,48.155894],[17.109586,48.156442],[17.109841,48.157007]]},"properties":{"n":"Murgašova"}},{"type":"Feature","geometry":{"type":"LineString","coordinates":[[17.095318,48.148435],[17.095054,48.148625],[17.094352,48.148886],[17.09362,48.149324],[17.093292,48.149391],[17.092307,48.149732],[17.091862,48.149811],[17.090747,48.1497],[17.090313,48.149767]]},"properties":{"n":"Myjavská"}},{"type":"Feature","geometry":{"type":"MultiLineString","coordinates":[[[17.111604,48.15066],[17.111094,48.150196],[17.109312,48.149096],[17.108928,48.14896]],[[17.10937,48.149037],[17.110571,48.149771],[17.111158,48.149839],[17.111629,48.149664]],[[17.110571,48.149771],[17.111116,48.150053],[17.111488,48.149737]],[[17.111116,48.150053],[17.111734,48.150595]]]},"properties":{"n":"Námestie 1.mája"}},{"type":"Feature","geometry":{"type":"MultiLineString","coordinates":[[[17.110009,48.140526],[17.11018,48.140193]],[[17.109659,48.139967],[17.109757,48.1405]]]},"properties":{"n":"Námestie Ľudovíta Štúra"}},{"type":"Feature","geometry":{"type":"MultiLineString","coordinates":[[[17.122109,48.153408],[17.122424,48.153478],[17.12254,48.153453],[17.123146,48.152889]],[[17.121872,48.153229],[17.122318,48.152898],[17.122536,48.152658]]]},"properties":{"n":"Námestie Martina Benku"}},{"type":"Feature","geometry":{"type":"MultiLineString","coordinates":[[[17.112426,48.144739],[17.112167,48.144579],[17.111752,48.144585]],[[17.112652,48.144779],[17.11162,48.145197],[17.110748,48.145438],[17.109988,48.146028],[17.109865,48.146179]],[[17.113683,48.14436],[17.112992,48.144137],[17.112936,48.144531],[17.113057,48.14486]],[[17.107948,48.145731],[17.109836,48.145522],[17.110997,48.145334],[17.11157,48.145166],[17.112326,48.144798],[17.112648,48.144579]],[[17.11283,48.144782],[17.112754,48.144344],[17.112776,48.144137],[17.112896,48.143804]],[[17.113063,48.14385],[17.112992,48.144137]],[[17.110748,48.145438],[17.109737,48.145601],[17.107985,48.145796]],[[17.109324,48.145645],[17.109299,48.145573]]]},"properties":{"n":"Námestie SNP"}},{"type":"Feature","geometry":{"type":"MultiLineString","coordinates":[[[17.109769,48.153828],[17.110048,48.154573]],[[17.112196,48.151243],[17.111604,48.15066],[17.109671,48.151515],[17.109923,48.152004],[17.110267,48.153046],[17.110472,48.153508],[17.111042,48.154149],[17.113867,48.152875],[17.112196,48.151243]]]},"properties":{"n":"Námestie slobody"}},{"type":"Feature","geometry":{"type":"LineString","coordinates":[[17.097544,48.152016],[17.098151,48.152024]]},"properties":{"n":"Na Štyridsiatku"}},{"type":"Feature","geometry":{"type":"LineString","coordinates":[[17.094852,48.15287],[17.0952,48.152995],[17.095284,48.153113]]},"properties":{"n":"Na Baránku"}},{"type":"Feature","geometry":{"type":"LineString","coordinates":[[17.10382,48.150926],[17.103701,48.150969],[17.103067,48.150913]]},"properties":{"n":"Na brezinách"}},{"type":"Feature","geometry":{"type":"LineString","coordinates":[[17.089941,48.149936],[17.089957,48.150053],[17.089546,48.150678],[17.089326,48.1509],[17.088989,48.151398],[17.088492,48.151799],[17.088273,48.152034],[17.08811,48.152497],[17.087857,48.152891],[17.087804,48.153084],[17.087796,48.153567]]},"properties":{"n":"Na Hrebienku"}},{"type":"Feature","geometry":{"type":"LineString","coordinates":[[17.099814,48.157186],[17.100071,48.157269],[17.100033,48.157401],[17.099828,48.157685],[17.099434,48.157804],[17.099178,48.157951],[17.099512,48.158082],[17.099758,48.158417],[17.099824,48.158596],[17.099754,48.158902],[17.09979,48.159462]]},"properties":{"n":"Na Kalvárii"}},{"type":"Feature","geometry":{"type":"LineString","coordinates":[[17.082277,48.145498],[17.082307,48.145603],[17.082173,48.145844],[17.081291,48.14672],[17.081133,48.146791],[17.08063,48.146877],[17.080104,48.147112],[17.079843,48.147283],[17.079203,48.147861],[17.078868,48.147978]]},"properties":{"n":"Na kopci"}},{"type":"Feature","geometry":{"type":"MultiLineString","coordinates":[[[17.098539,48.153039],[17.099498,48.152342],[17.099863,48.152206],[17.099843,48.15207],[17.099989,48.151954],[17.100316,48.151822],[17.100762,48.151819],[17.101187,48.151928],[17.101678,48.152147],[17.102016,48.152377]],[[17.099863,48.152206],[17.1003,48.152212],[17.100464,48.152262],[17.101149,48.152749],[17.101192,48.152834],[17.101212,48.152982],[17.101072,48.153258],[17.100666,48.153797],[17.100366,48.154081],[17.100255,48.15434]]]},"properties":{"n":"Na Slavíne"}},{"type":"Feature","geometry":{"type":"LineString","coordinates":[[17.08992,48.153457],[17.08956,48.153857],[17.088817,48.154275]]},"properties":{"n":"Na stráni"}},{"type":"Feature","geometry":{"type":"LineString","coordinates":[[17.105189,48.144458],[17.1044,48.144107]]},"properties":{"n":"Na vŕšku"}},{"type":"Feature","geometry":{"type":"LineString","coordinates":[[17.077045,48.146017],[17.077417,48.146335],[17.078198,48.147263],[17.078839,48.147889],[17.078868,48.147978],[17.078805,48.148364],[17.078818,48.148747],[17.078863,48.148947],[17.079022,48.149265],[17.079541,48.149843],[17.079811,48.150054],[17.08012,48.150211],[17.080684,48.150336]]},"properties":{"n":"Nad lomom"}},{"type":"Feature","geometry":{"type":"MultiLineString","coordinates":[[[17.110721,48.144644],[17.111305,48.143848]],[[17.109151,48.145141],[17.110385,48.144917],[17.110763,48.144669]]]},"properties":{"n":"Nedbalova"}},{"type":"Feature","geometry":{"type":"LineString","coordinates":[[17.09777,48.157712],[17.096639,48.157772],[17.095296,48.15736]]},"properties":{"n":"Nekrasovova"}},{"type":"Feature","geometry":{"type":"LineString","coordinates":[[17.098318,48.14903],[17.097992,48.149553],[17.097916,48.149784],[17.097876,48.15066],[17.097767,48.150915],[17.097471,48.151306],[17.097357,48.151541],[17.097544,48.152016],[17.097667,48.152939],[17.097649,48.153131],[17.096921,48.154179],[17.095821,48.155297],[17.09559,48.155599],[17.095082,48.156449]]},"properties":{"n":"Novosvetská"}},{"type":"Feature","geometry":{"type":"MultiLineString","coordinates":[[[17.107985,48.145796],[17.107803,48.145915],[17.10778,48.145988],[17.107902,48.146208]],[[17.107728,48.146126],[17.108735,48.146691],[17.113487,48.149063]]]},"properties":{"n":"Obchodná"}},{"type":"Feature","geometry":{"type":"MultiLineString","coordinates":[[[17.11911,48.151382],[17.119442,48.151588],[17.119707,48.151628],[17.119864,48.151765],[17.119787,48.151797],[17.119442,48.151588]],[[17.120621,48.151874],[17.12024,48.15171],[17.119707,48.151628],[17.119257,48.151326],[17.119429,48.151339],[17.12024,48.15171]],[[17.120036,48.15168],[17.119864,48.151765],[17.120558,48.152302],[17.120959,48.152019]]]},"properties":{"n":"Odborárske námestie"}},{"type":"Feature","geometry":{"type":"LineString","coordinates":[[17.10333,48.156985],[17.102402,48.157332],[17.102668,48.157924],[17.102622,48.158166],[17.102623,48.158745]]},"properties":{"n":"Okánikova"}},{"type":"Feature","geometry":{"type":"MultiLineString","coordinates":[[[17.106632,48.145863],[17.105442,48.145524],[17.104112,48.145685]],[[17.106441,48.145835],[17.105774,48.145293],[17.105587,48.145191]]]},"properties":{"n":"Župné námestie"}},{"type":"Feature","geometry":{"type":"MultiLineString","coordinates":[[[17.100773,48.159981],[17.100802,48.159622],[17.100975,48.159514],[17.10089,48.159142],[17.100902,48.158906],[17.101184,48.158353],[17.101148,48.158206],[17.10108,48.158157]],[[17.099754,48.158902],[17.100016,48.158952],[17.100425,48.159144],[17.100664,48.159443],[17.100713,48.159592],[17.100802,48.159622]]]},"properties":{"n":"Ostravská"}},{"type":"Feature","geometry":{"type":"LineString","coordinates":[[17.122223,48.14669],[17.12412,48.147077]]},"properties":{"n":"Malý trh"}},{"type":"Feature","geometry":{"type":"LineString","coordinates":[[17.097645,48.152769],[17.098336,48.153026],[17.098905,48.153133],[17.099106,48.153147],[17.099327,48.153027]]},"properties":{"n":"Pažického"}},{"type":"Feature","geometry":{"type":"LineString","coordinates":[[17.113311,48.156841],[17.108686,48.158018]]},"properties":{"n":"Palárikova"}},{"type":"Feature","geometry":{"type":"LineString","coordinates":[[17.110265,48.141472],[17.111368,48.14168],[17.111645,48.141945],[17.11214,48.14274],[17.112186,48.142838],[17.112168,48.142937]]},"properties":{"n":"Palackého"}},{"type":"Feature","geometry":{"type":"LineString","coordinates":[[17.098363,48.142371],[17.098514,48.142536],[17.098617,48.142869],[17.098679,48.143325],[17.098598,48.144439],[17.098847,48.145195],[17.099449,48.146545],[17.099647,48.146854],[17.100209,48.147547],[17.100631,48.147919],[17.101641,48.148553],[17.103407,48.149024],[17.106985,48.148604]]},"properties":{"n":"Palisády"}},{"type":"Feature","geometry":{"type":"LineString","coordinates":[[17.101892,48.147242],[17.102416,48.147523],[17.103154,48.147739],[17.104655,48.148],[17.106632,48.148151]]},"properties":{"n":"Panenská"}},{"type":"Feature","geometry":{"type":"LineString","coordinates":[[17.108897,48.142882],[17.108098,48.142641],[17.10654,48.142065],[17.106337,48.141901],[17.10477,48.141161]]},"properties":{"n":"Panská"}},{"type":"Feature","geometry":{"type":"LineString","coordinates":[[17.099181,48.145939],[17.097427,48.146092],[17.095996,48.146365],[17.095228,48.146671],[17.094207,48.146777],[17.092713,48.147299]]},"properties":{"n":"Partizánska"}},{"type":"Feature","geometry":{"type":"LineString","coordinates":[[17.108073,48.141184],[17.107498,48.140814],[17.106634,48.140661],[17.106509,48.1406]]},"properties":{"n":"Paulínyho"}},{"type":"Feature","geometry":{"type":"LineString","coordinates":[[17.12017,48.148999],[17.123998,48.149427],[17.124938,48.149315]]},"properties":{"n":"Poľná"}},{"type":"Feature","geometry":{"type":"LineString","coordinates":[[17.124277,48.152463],[17.125703,48.153006]]},"properties":{"n":"Poľská"}},{"type":"Feature","geometry":{"type":"LineString","coordinates":[[17.108486,48.147974],[17.109865,48.146179]]},"properties":{"n":"Poštová"}},{"type":"Feature","geometry":{"type":"LineString","coordinates":[[17.082352,48.144439],[17.079449,48.145466],[17.07933,48.145537],[17.079188,48.145736],[17.079144,48.145965],[17.079193,48.146206]]},"properties":{"n":"Pod vinicami"}},{"type":"Feature","geometry":{"type":"LineString","coordinates":[[17.102552,48.157628],[17.100834,48.158038],[17.099758,48.158417]]},"properties":{"n":"Podhorského chodník"}},{"type":"Feature","geometry":{"type":"LineString","coordinates":[[17.100855,48.14548],[17.101807,48.147171],[17.101892,48.147242]]},"properties":{"n":"Podjavorinskej"}},{"type":"Feature","geometry":{"type":"LineString","coordinates":[[17.103414,48.152334],[17.103557,48.152656],[17.103639,48.152709],[17.103929,48.152754],[17.104633,48.152719],[17.104818,48.152785],[17.105017,48.152941]]},"properties":{"n":"Podtatranského"}},{"type":"Feature","geometry":{"type":"LineString","coordinates":[[17.100261,48.14926],[17.100417,48.149885],[17.100059,48.150115]]},"properties":{"n":"Porubského"}},{"type":"Feature","geometry":{"type":"LineString","coordinates":[[17.116628,48.155092],[17.115622,48.155486],[17.11509,48.155623],[17.113419,48.155919],[17.112914,48.156124]]},"properties":{"n":"Povraznícka"}},{"type":"Feature","geometry":{"type":"MultiLineString","coordinates":[[[17.092125,48.163081],[17.094261,48.163023],[17.095718,48.162818],[17.098404,48.162081],[17.100284,48.161634],[17.101528,48.161144],[17.103004,48.160393],[17.10372,48.159885],[17.104153,48.159351],[17.104487,48.158705],[17.105023,48.157137],[17.105536,48.155866],[17.105937,48.15501]],[[17.105536,48.155866],[17.105852,48.155322],[17.106035,48.155195],[17.105387,48.156548],[17.10442,48.159137],[17.103996,48.159733],[17.10377,48.159957],[17.103172,48.160432],[17.102387,48.160898],[17.101675,48.161242],[17.100019,48.161846],[17.097449,48.162476],[17.095648,48.162976],[17.09423,48.16317],[17.092122,48.163215]]]},"properties":{"n":"Pražská"}},{"type":"Feature","geometry":{"type":"LineString","coordinates":[[17.106512,48.14329],[17.104684,48.142992]]},"properties":{"n":"Prepoštská"}},{"type":"Feature","geometry":{"type":"LineString","coordinates":[[17.082043,48.165443],[17.081049,48.16438],[17.080042,48.164084]]},"properties":{"n":"Pri Habánskom mlyne"}},{"type":"Feature","geometry":{"type":"LineString","coordinates":[[17.088697,48.147423],[17.088557,48.147434],[17.088524,48.147512],[17.088612,48.147558],[17.089132,48.147603]]},"properties":{"n":"Pri hradnej studni"}},{"type":"Feature","geometry":{"type":"LineString","coordinates":[[17.082001,48.16579],[17.081576,48.166297],[17.081338,48.166467],[17.080307,48.167017],[17.079895,48.167304],[17.079627,48.167549],[17.079283,48.167992],[17.078367,48.168898],[17.077116,48.170112],[17.076912,48.170224]]},"properties":{"n":"Pri Suchom mlyne"}},{"type":"Feature","geometry":{"type":"LineString","coordinates":[[17.109353,48.144018],[17.109836,48.144161]]},"properties":{"n":"Primaciálne námestie"}},{"type":"Feature","geometry":{"type":"MultiLineString","coordinates":[[[17.08762,48.163794],[17.087859,48.163625],[17.087835,48.163672],[17.087892,48.163734]],[[17.087859,48.163625],[17.089583,48.162509],[17.090809,48.16156],[17.091604,48.16104],[17.092217,48.160781],[17.092769,48.160683],[17.093032,48.160587],[17.093534,48.160287],[17.094105,48.160042],[17.09527,48.159363],[17.09777,48.157712]]]},"properties":{"n":"Prokopa Veľkého"}},{"type":"Feature","geometry":{"type":"LineString","coordinates":[[17.08129,48.154873],[17.082112,48.155102],[17.0828,48.155188],[17.083174,48.155391],[17.083576,48.155501]]},"properties":{"n":"Prvosienková"}},{"type":"Feature","geometry":{"type":"MultiLineString","coordinates":[[[17.102712,48.153346],[17.1039,48.153504]],[[17.106042,48.153918],[17.104039,48.1535]]]},"properties":{"n":"Puškinova"}},{"type":"Feature","geometry":{"type":"MultiLineString","coordinates":[[[17.104466,48.139848],[17.104827,48.139847],[17.104474,48.139705],[17.105134,48.139703],[17.109381,48.13987]],[[17.110274,48.140026],[17.107741,48.139907],[17.104827,48.139847]]]},"properties":{"n":"Rázusovo nábrežie"}},{"type":"Feature","geometry":{"type":"LineString","coordinates":[[17.084994,48.144274],[17.082889,48.145239],[17.081761,48.145662],[17.08022,48.146038],[17.079193,48.146206],[17.077417,48.146335]]},"properties":{"n":"Révová"}},{"type":"Feature","geometry":{"type":"MultiLineString","coordinates":[[[17.119889,48.157074],[17.118701,48.153316],[17.118433,48.15291],[17.118196,48.152672],[17.114808,48.150434],[17.113931,48.149679],[17.113757,48.149596],[17.113539,48.149593]],[[17.118475,48.152723],[17.118334,48.152801]],[[17.113823,48.149435],[17.114696,48.150217],[17.115352,48.150722],[17.117684,48.152138],[17.118475,48.152723],[17.11873,48.153133],[17.120023,48.157066]]]},"properties":{"n":"Radlinského"}},{"type":"Feature","geometry":{"type":"LineString","coordinates":[[17.109571,48.143086],[17.10944,48.143194],[17.108744,48.143539]]},"properties":{"n":"Radničná"}},{"type":"Feature","geometry":{"type":"LineString","coordinates":[[17.091644,48.146091],[17.091263,48.145663],[17.090878,48.145466],[17.090405,48.145411],[17.088668,48.145375],[17.088087,48.145461],[17.087286,48.146034],[17.086956,48.14633],[17.086676,48.146698],[17.086529,48.146977],[17.086512,48.147324],[17.086634,48.147615],[17.087373,48.148395]]},"properties":{"n":"Radvanská"}},{"type":"Feature","geometry":{"type":"LineString","coordinates":[[17.114769,48.146715],[17.115514,48.146363],[17.115811,48.146001],[17.116524,48.144919]]},"properties":{"n":"Rajská"}},{"type":"Feature","geometry":{"type":"LineString","coordinates":[[17.107498,48.140814],[17.107564,48.140701],[17.10753,48.140451],[17.107594,48.140021]]},"properties":{"n":"Riečna"}},{"type":"Feature","geometry":{"type":"LineString","coordinates":[[17.091263,48.145663],[17.091662,48.145435],[17.091935,48.145003],[17.092091,48.144598],[17.092109,48.144441],[17.092049,48.144087]]},"properties":{"n":"Riznerova"}},{"type":"Feature","geometry":{"type":"MultiLineString","coordinates":[[[17.104845,48.141195],[17.104763,48.141313],[17.104752,48.141388],[17.104798,48.141431],[17.105019,48.141276]],[[17.105153,48.142226],[17.105293,48.142167],[17.105568,48.142154],[17.105612,48.142073],[17.105486,48.141942],[17.10515,48.141844]]]},"properties":{"n":"Rudnayovo námestie"}},{"type":"Feature","geometry":{"type":"LineString","coordinates":[[17.108278,48.143154],[17.108897,48.142882],[17.109407,48.142313]]},"properties":{"n":"Rybárska brána"}},{"type":"Feature","geometry":{"type":"LineString","coordinates":[[17.084644,48.159794],[17.084022,48.160315],[17.083125,48.160674],[17.083059,48.160778],[17.083058,48.160891]]},"properties":{"n":"Súbežná"}},{"type":"Feature","geometry":{"type":"LineString","coordinates":[[17.120023,48.151603],[17.121786,48.150279],[17.122352,48.149259]]},"properties":{"n":"Sasinkova"}},{"type":"Feature","geometry":{"type":"LineString","coordinates":[[17.098035,48.15721],[17.098784,48.156869],[17.099892,48.156274]]},"properties":{"n":"Schillerova"}},{"type":"Feature","geometry":{"type":"LineString","coordinates":[[17.106597,48.143872],[17.107766,48.143379]]},"properties":{"n":"Sedlárska"}},{"type":"Feature","geometry":{"type":"LineString","coordinates":[[17.080453,48.164851],[17.079716,48.164623],[17.079107,48.164505],[17.077308,48.164895],[17.07683,48.165054]]},"properties":{"n":"Senická"}},{"type":"Feature","geometry":{"type":"LineString","coordinates":[[17.115968,48.142664],[17.11723,48.143073]]},"properties":{"n":"Sienkiewiczova"}},{"type":"Feature","geometry":{"type":"LineString","coordinates":[[17.103217,48.144569],[17.102782,48.144372],[17.102557,48.14406],[17.102581,48.14395],[17.102832,48.143637]]},"properties":{"n":"Skalná"}},{"type":"Feature","geometry":{"type":"LineString","coordinates":[[17.080559,48.157974],[17.07898,48.157777]]},"properties":{"n":"Sklenárska"}},{"type":"Feature","geometry":{"type":"LineString","coordinates":[[17.105794,48.148756],[17.106133,48.150004]]},"properties":{"n":"Sládkovičova"}},{"type":"Feature","geometry":{"type":"MultiLineString","coordinates":[[[17.090313,48.149767],[17.088051,48.150651],[17.086914,48.15104],[17.085682,48.151669],[17.085197,48.152049],[17.082668,48.152531],[17.081994,48.152688],[17.081706,48.152824],[17.081346,48.152769],[17.080553,48.153018],[17.079932,48.153361],[17.07956,48.153451],[17.078745,48.153551],[17.077605,48.153556]],[[17.079397,48.153478],[17.079481,48.153631],[17.079457,48.153756],[17.078796,48.154193],[17.078713,48.154293],[17.078737,48.154376],[17.078795,48.15444],[17.078939,48.154471],[17.079646,48.154286],[17.080071,48.154755]]]},"properties":{"n":"Slávičie údolie"}},{"type":"Feature","geometry":{"type":"LineString","coordinates":[[17.092778,48.1447],[17.093004,48.143877]]},"properties":{"n":"Slepá"}},{"type":"Feature","geometry":{"type":"LineString","coordinates":[[17.09659,48.142763],[17.096665,48.142829],[17.096727,48.143052],[17.096675,48.143212],[17.096265,48.14369],[17.096111,48.144458],[17.096113,48.144546],[17.096377,48.144969]]},"properties":{"n":"Smetanova"}},{"type":"Feature","geometry":{"type":"LineString","coordinates":[[17.114849,48.1596],[17.115471,48.159507],[17.117029,48.158197],[17.118297,48.157528]]},"properties":{"n":"Smrečianska"}},{"type":"Feature","geometry":{"type":"LineString","coordinates":[[17.095036,48.160369],[17.096038,48.160724],[17.096224,48.161027]]},"properties":{"n":"Socháňova"}},{"type":"Feature","geometry":{"type":"MultiLineString","coordinates":[[[17.103813,48.155315],[17.103825,48.155405],[17.103487,48.156788],[17.10333,48.156985]],[[17.103497,48.157989],[17.103603,48.158471],[17.103768,48.158731],[17.103915,48.158859],[17.104112,48.15892],[17.104195,48.158881],[17.104239,48.158702],[17.104487,48.158705]]]},"properties":{"n":"Sokolská"}},{"type":"Feature","geometry":{"type":"MultiLineString","coordinates":[[[17.104709,48.151145],[17.104073,48.151043],[17.10382,48.150926],[17.103576,48.150602]],[[17.103085,48.150306],[17.102332,48.149892],[17.101979,48.14984],[17.101505,48.149856]]]},"properties":{"n":"Somolického"}},{"type":"Feature","geometry":{"type":"LineString","coordinates":[[17.118801,48.152493],[17.118296,48.152169],[17.11819,48.152031]]},"properties":{"n":"Floriánske námestie"}},{"type":"Feature","geometry":{"type":"LineString","coordinates":[[17.081438,48.156727],[17.080483,48.156883],[17.08011,48.156841],[17.079602,48.156873],[17.079141,48.156795]]},"properties":{"n":"Srnčia"}},{"type":"Feature","geometry":{"type":"LineString","coordinates":[[17.097645,48.152769],[17.097212,48.152675],[17.095632,48.152513],[17.094841,48.152173],[17.094636,48.152149],[17.094398,48.152171],[17.093195,48.152478],[17.092243,48.152589],[17.092011,48.152576]]},"properties":{"n":"Stará Vinárska"}},{"type":"Feature","geometry":{"type":"MultiLineString","coordinates":[[[17.104466,48.139969],[17.104447,48.141497],[17.103917,48.14444],[17.103915,48.145141],[17.103966,48.145365],[17.104112,48.145685],[17.10437,48.146026],[17.105629,48.146786],[17.106953,48.147481]],[[17.106883,48.147523],[17.106806,48.14756],[17.106563,48.147538],[17.106096,48.147303],[17.104819,48.146519],[17.10462,48.146341],[17.104322,48.14622],[17.103907,48.145963]],[[17.10437,48.146026],[17.104985,48.1465],[17.105707,48.146931],[17.106802,48.147481]],[[17.106732,48.147521],[17.105851,48.147078],[17.10462,48.146341],[17.104187,48.145972],[17.103896,48.145518],[17.103797,48.145072],[17.103838,48.144141],[17.1041,48.142784],[17.104254,48.142228],[17.104347,48.141312],[17.104339,48.140033]]]},"properties":{"n":"Staromestská"}},{"type":"Feature","geometry":{"type":"LineString","coordinates":[[17.093521,48.146243],[17.092822,48.14579],[17.092238,48.145073]]},"properties":{"n":"Staroturský chodník"}},{"type":"Feature","geometry":{"type":"LineString","coordinates":[[17.121786,48.150279],[17.122823,48.150872],[17.123201,48.151033]]},"properties":{"n":"Strážnická"}},{"type":"Feature","geometry":{"type":"LineString","coordinates":[[17.107243,48.141169],[17.10654,48.142065]]},"properties":{"n":"Strakova"}},{"type":"Feature","geometry":{"type":"LineString","coordinates":[[17.098445,48.142822],[17.097034,48.142563]]},"properties":{"n":"Strelecká"}},{"type":"Feature","geometry":{"type":"LineString","coordinates":[[17.09313,48.141822],[17.093307,48.142027],[17.09342,48.142515],[17.093673,48.143006],[17.093831,48.143697],[17.094298,48.143635],[17.095121,48.143709]]},"properties":{"n":"Strmá cesta"}},{"type":"Feature","geometry":{"type":"MultiLineString","coordinates":[[[17.107139,48.147821],[17.106969,48.148027],[17.106894,48.147766],[17.106563,48.147538]],[[17.106985,48.148604],[17.10694,48.146457]],[[17.107091,48.14642],[17.107159,48.148141]]]},"properties":{"n":"Suché mýto"}},{"type":"Feature","geometry":{"type":"LineString","coordinates":[[17.114182,48.141366],[17.115411,48.141817],[17.119179,48.143015]]},"properties":{"n":"Dobrovičova"}},{"type":"Feature","geometry":{"type":"LineString","coordinates":[[17.086914,48.15104],[17.086739,48.150999],[17.085493,48.151027],[17.085126,48.150957],[17.084526,48.150738]]},"properties":{"n":"Svetlá"}},{"type":"Feature","geometry":{"type":"LineString","coordinates":[[17.117533,48.15583],[17.116588,48.156176],[17.116474,48.156277]]},"properties":{"n":"Tabaková"}},{"type":"Feature","geometry":{"type":"LineString","coordinates":[[17.094789,48.162193],[17.095265,48.161376],[17.095377,48.161285],[17.095591,48.161181],[17.096424,48.160965],[17.096849,48.160772],[17.096983,48.160576],[17.097109,48.160013],[17.09787,48.159669],[17.098438,48.159172],[17.098573,48.15911],[17.099352,48.158901],[17.099754,48.158902]]},"properties":{"n":"Tajovského"}},{"type":"Feature","geometry":{"type":"MultiLineString","coordinates":[[[17.084755,48.15195],[17.084295,48.151687],[17.08408,48.151451],[17.083642,48.151148],[17.082435,48.152121],[17.082122,48.152331],[17.08147,48.152571],[17.081381,48.152646],[17.081346,48.152769]],[[17.083642,48.151148],[17.083842,48.151032],[17.083279,48.150936],[17.083589,48.150708]],[[17.085135,48.148925],[17.085136,48.149194],[17.085311,48.149415],[17.085349,48.149533],[17.085244,48.149821],[17.084526,48.150738],[17.083842,48.151032]],[[17.083279,48.150936],[17.082711,48.151286]]]},"properties":{"n":"Tichá"}},{"type":"Feature","geometry":{"type":"LineString","coordinates":[[17.098318,48.14903],[17.098901,48.149386],[17.099061,48.149686],[17.099207,48.150632],[17.098786,48.150837],[17.098687,48.15095],[17.098618,48.151134],[17.098705,48.15124],[17.099008,48.151361]]},"properties":{"n":"Timravina"}},{"type":"Feature","geometry":{"type":"LineString","coordinates":[[17.112559,48.141575],[17.114034,48.141357],[17.115893,48.141386],[17.115996,48.141425]]},"properties":{"n":"Tobrucká"}},{"type":"Feature","geometry":{"type":"LineString","coordinates":[[17.106887,48.14934],[17.104102,48.149666],[17.103929,48.149732]]},"properties":{"n":"Tolstého"}},{"type":"Feature","geometry":{"type":"LineString","coordinates":[[17.085577,48.163285],[17.082735,48.164649]]},"properties":{"n":"Topoľová"}},{"type":"Feature","geometry":{"type":"MultiLineString","coordinates":[[[17.121313,48.143706],[17.122392,48.144053],[17.12258,48.1438]],[[17.122392,48.144053],[17.123005,48.144284]],[[17.126183,48.144339],[17.125581,48.145124],[17.127946,48.1459],[17.128141,48.145879]],[[17.123483,48.144369],[17.123597,48.144478],[17.125581,48.145124]]]},"properties":{"n":"Továrenská"}},{"type":"Feature","geometry":{"type":"LineString","coordinates":[[17.111392,48.145467],[17.111851,48.145871]]},"properties":{"n":"Treskoňova"}},{"type":"Feature","geometry":{"type":"MultiLineString","coordinates":[[[17.097555,48.143982],[17.096377,48.144969],[17.096223,48.145667]],[[17.096303,48.145267],[17.096069,48.145488],[17.095781,48.145628]]]},"properties":{"n":"Tvarožkova"}},{"type":"Feature","geometry":{"type":"MultiLineString","coordinates":[[[17.109929,48.144186],[17.110047,48.144059],[17.110402,48.14384],[17.110679,48.143551]],[[17.109299,48.145573],[17.109149,48.145021],[17.109393,48.144586],[17.109836,48.144161]]]},"properties":{"n":"Uršulínska"}},{"type":"Feature","geometry":{"type":"LineString","coordinates":[[17.101876,48.154161],[17.101206,48.154234],[17.101092,48.154263],[17.101009,48.154364],[17.101195,48.15453],[17.10121,48.154654],[17.101043,48.155423],[17.101113,48.155693],[17.10129,48.155963]]},"properties":{"n":"Urbánkova"}},{"type":"Feature","geometry":{"type":"MultiLineString","coordinates":[[[17.088003,48.148305],[17.088049,48.14811],[17.088008,48.147956],[17.087868,48.147847],[17.08757,48.147739],[17.087398,48.147559],[17.087406,48.147323],[17.087492,48.147215],[17.08767,48.147073],[17.088559,48.146647],[17.090739,48.145443]],[[17.090329,48.145643],[17.090405,48.145411]]]},"properties":{"n":"V záhradách"}},{"type":"Feature","geometry":{"type":"MultiLineString","coordinates":[[[17.109381,48.13987],[17.110458,48.139939],[17.116592,48.141005]],[[17.116512,48.141073],[17.114009,48.140614],[17.110274,48.140026]]]},"properties":{"n":"Vajanského nábrežie"}},{"type":"Feature","geometry":{"type":"LineString","coordinates":[[17.079273,48.166539],[17.078563,48.16591]]},"properties":{"n":"Valašská"}},{"type":"Feature","geometry":{"type":"LineString","coordinates":[[17.097699,48.148474],[17.095779,48.147908]]},"properties":{"n":"Vansovej"}},{"type":"Feature","geometry":{"type":"MultiLineString","coordinates":[[[17.116043,48.154635],[17.11602,48.154491],[17.116315,48.154307]],[[17.121778,48.153616],[17.121829,48.153398]],[[17.115705,48.154356],[17.115955,48.154373],[17.11656,48.154278],[17.119163,48.154381],[17.11964,48.154502],[17.119246,48.154681]],[[17.11964,48.154502],[17.120926,48.154041],[17.121778,48.153616],[17.122096,48.153603]]]},"properties":{"n":"Vazovova"}},{"type":"Feature","geometry":{"type":"LineString","coordinates":[[17.10694,48.146457],[17.106082,48.1464],[17.105629,48.146786]]},"properties":{"n":"Veterná"}},{"type":"Feature","geometry":{"type":"LineString","coordinates":[[17.085854,48.148736],[17.085923,48.148892],[17.08583,48.149616],[17.08586,48.149939]]},"properties":{"n":"Vetvová"}},{"type":"Feature","geometry":{"type":"LineString","coordinates":[[17.101505,48.149856],[17.101476,48.149924],[17.102393,48.150739],[17.102498,48.150997],[17.102766,48.15139],[17.102951,48.151583],[17.103336,48.151799],[17.103551,48.152046],[17.103493,48.152236],[17.103255,48.152501],[17.10321,48.152663],[17.103242,48.152755],[17.103393,48.152866],[17.103911,48.152994],[17.104032,48.153109],[17.104044,48.153222],[17.10398,48.15342],[17.103697,48.153684],[17.103348,48.15416],[17.103124,48.154336],[17.102882,48.154385],[17.102421,48.154391],[17.102102,48.154328],[17.101876,48.154161]]},"properties":{"n":"Vlčkova"}},{"type":"Feature","geometry":{"type":"LineString","coordinates":[[17.098929,48.141474],[17.099189,48.141367],[17.099584,48.141311],[17.100305,48.14139]]},"properties":{"n":"Vodný vrch"}},{"type":"Feature","geometry":{"type":"LineString","coordinates":[[17.113631,48.141392],[17.11422,48.142592]]},"properties":{"n":"Tallerova"}},{"type":"Feature","geometry":{"type":"LineString","coordinates":[[17.087621,48.150133],[17.088051,48.150651]]},"properties":{"n":"Vrchná"}},{"type":"Feature","geometry":{"type":"LineString","coordinates":[[17.108828,48.148198],[17.109939,48.148702],[17.111063,48.149001],[17.112076,48.149035],[17.113009,48.148802]]},"properties":{"n":"Vysoká"}},{"type":"Feature","geometry":{"type":"MultiLineString","coordinates":[[[17.079416,48.16783],[17.080071,48.167726]],[[17.077987,48.16812],[17.078941,48.167933],[17.079119,48.167993],[17.07919,48.168084]]]},"properties":{"n":"Záhorácka"}},{"type":"Feature","geometry":{"type":"LineString","coordinates":[[17.120621,48.151874],[17.124895,48.153587],[17.125557,48.15381],[17.125707,48.153821]]},"properties":{"n":"Záhradnícka"}},{"type":"Feature","geometry":{"type":"MultiLineString","coordinates":[[[17.115622,48.155486],[17.116095,48.15611],[17.116129,48.156251]],[[17.116351,48.156751],[17.11603,48.156679],[17.116129,48.156251],[17.116474,48.156277],[17.116351,48.156751]]]},"properties":{"n":"Záhrebská"}},{"type":"Feature","geometry":{"type":"LineString","coordinates":[[17.106788,48.145021],[17.107616,48.145133],[17.107735,48.145114],[17.107959,48.144937]]},"properties":{"n":"Zámočnícka"}},{"type":"Feature","geometry":{"type":"LineString","coordinates":[[17.098632,48.143768],[17.098888,48.143785],[17.098955,48.143828],[17.099095,48.144214],[17.09937,48.144543],[17.099708,48.1447],[17.100414,48.144871],[17.101026,48.144907],[17.101694,48.144739],[17.102891,48.14457],[17.103217,48.144569]]},"properties":{"n":"Zámocká"}},{"type":"Feature","geometry":{"type":"LineString","coordinates":[[17.10306,48.141454],[17.103768,48.141674]]},"properties":{"n":"Zámocké schody"}},{"type":"Feature","geometry":{"type":"LineString","coordinates":[[17.081111,48.165807],[17.080741,48.165433],[17.080556,48.165312],[17.080205,48.165196],[17.079536,48.165286],[17.076937,48.165404],[17.076824,48.165312],[17.07683,48.165054]]},"properties":{"n":"Západný rad"}},{"type":"Feature","geometry":{"type":"LineString","coordinates":[[17.103256,48.159237],[17.103216,48.159753],[17.10308,48.159987],[17.102807,48.160282],[17.102676,48.160347],[17.102384,48.160312],[17.102199,48.160187],[17.102093,48.160009]]},"properties":{"n":"Za sokolovňou"}},{"type":"Feature","geometry":{"type":"LineString","coordinates":[[17.106491,48.142862],[17.107067,48.142961],[17.107766,48.143379]]},"properties":{"n":"Zelená"}},{"type":"Feature","geometry":{"type":"LineString","coordinates":[[17.103602,48.14566],[17.103341,48.145791],[17.099449,48.146545]]},"properties":{"n":"Zochova"}},{"type":"Feature","geometry":{"type":"LineString","coordinates":[[17.088989,48.151398],[17.089145,48.151451],[17.090306,48.152265]]},"properties":{"n":"Rubinsteinova"}},{"type":"Feature","geometry":{"type":"LineString","coordinates":[[17.098772,48.148499],[17.098209,48.148263],[17.097699,48.148474],[17.096428,48.149358],[17.09652,48.149619]]},"properties":{"n":"Zrínskeho"}},{"type":"Feature","geometry":{"type":"LineString","coordinates":[[17.101026,48.144907],[17.100526,48.14501],[17.099832,48.14499],[17.098847,48.145195]]},"properties":{"n":"Škarniclova"}},{"type":"Feature","geometry":{"type":"LineString","coordinates":[[17.093299,48.147988],[17.093328,48.148357],[17.093216,48.148623],[17.093062,48.148891],[17.092506,48.14957],[17.09251,48.149649]]},"properties":{"n":"Krmanova"}},{"type":"Feature","geometry":{"type":"MultiLineString","coordinates":[[[17.074077,48.171821],[17.074344,48.171794]],[[17.077426,48.168623],[17.077384,48.16895],[17.077126,48.169735],[17.076505,48.171003],[17.076244,48.171129],[17.075529,48.171263],[17.074849,48.171529],[17.074344,48.171794],[17.074197,48.171943]]]},"properties":{"n":"K Železnej studienke"}},{"type":"Feature","geometry":{"type":"LineString","coordinates":[[17.108744,48.143539],[17.108278,48.143154],[17.107766,48.143379],[17.108085,48.143599],[17.108516,48.14381],[17.108744,48.143539]]},"properties":{"n":"Hlavné námestie"}},{"type":"Feature","geometry":{"type":"LineString","coordinates":[[17.107959,48.144937],[17.108304,48.145071],[17.109151,48.145141]]},"properties":{"n":"Františkánska"}},{"type":"Feature","geometry":{"type":"MultiLineString","coordinates":[[[17.121313,48.143706],[17.119179,48.143015]],[[17.118973,48.143312],[17.121121,48.143995]]]},"properties":{"n":"Jakubovo námestie"}},{"type":"Feature","geometry":{"type":"LineString","coordinates":[[17.108897,48.142882],[17.110231,48.143339],[17.111979,48.14415],[17.112211,48.144201],[17.112657,48.14412],[17.112776,48.144137]]},"properties":{"n":"Laurinská"}},{"type":"Feature","geometry":{"type":"LineString","coordinates":[[17.10654,48.142065],[17.106487,48.14225],[17.106491,48.142862],[17.106525,48.14368],[17.106597,48.143872]]},"properties":{"n":"Ventúrska"}},{"type":"Feature","geometry":{"type":"LineString","coordinates":[[17.118801,48.152493],[17.124589,48.155846]]},"properties":{"n":"Blumentálska"}},{"type":"Feature","geometry":{"type":"LineString","coordinates":[[17.11355,48.148925],[17.115645,48.147579]]},"properties":{"n":"Mariánska"}},{"type":"Feature","geometry":{"type":"MultiLineString","coordinates":[[[17.108516,48.14381],[17.107979,48.144723],[17.107959,48.144937]],[[17.107604,48.144217],[17.108167,48.144351]]]},"properties":{"n":"Františkánske námestie"}},{"type":"Feature","geometry":{"type":"LineString","coordinates":[[17.113372,48.144861],[17.113422,48.144752],[17.11352,48.14474],[17.114068,48.144832],[17.113983,48.144925],[17.113633,48.145095],[17.113372,48.144861],[17.113057,48.14486]]},"properties":{"n":"Kamenné námestie"}},{"type":"Feature","geometry":{"type":"LineString","coordinates":[[17.103134,48.144985],[17.100983,48.145405],[17.10067,48.145543],[17.099167,48.145902]]},"properties":{"n":"Svoradova"}},{"type":"Feature","geometry":{"type":"MultiLineString","coordinates":[[[17.102516,48.153387],[17.102689,48.153278],[17.102633,48.152458],[17.103012,48.152404],[17.10331,48.15244]],[[17.102633,48.152458],[17.10259,48.151909]]]},"properties":{"n":"Andreja Plávku"}},{"type":"Feature","geometry":{"type":"LineString","coordinates":[[17.095911,48.159632],[17.097056,48.160196]]},"properties":{"n":"Tablicova"}},{"type":"Feature","geometry":{"type":"LineString","coordinates":[[17.104827,48.139847],[17.104702,48.141129],[17.104511,48.14175]]},"properties":{"n":"Rybné námestie"}},{"type":"Feature","geometry":{"type":"LineString","coordinates":[[17.121565,48.140915],[17.12185,48.140985],[17.12208,48.141156],[17.12218,48.141334],[17.122344,48.142374],[17.122605,48.14269]]},"properties":{"n":"Olejkárska"}},{"type":"Feature","geometry":{"type":"MultiLineString","coordinates":[[[17.129961,48.142216],[17.128387,48.142238],[17.130253,48.142161]],[[17.130339,48.142304],[17.128761,48.142331],[17.124587,48.142601],[17.123144,48.142731],[17.122401,48.142886]],[[17.122222,48.143238],[17.122198,48.143099],[17.122234,48.143005],[17.122401,48.142886],[17.121938,48.143003],[17.121936,48.142915],[17.122605,48.14269],[17.122956,48.142623],[17.129569,48.142131],[17.129743,48.142014],[17.1297,48.141777]]]},"properties":{"n":"Landererova"}},{"type":"Feature","geometry":{"type":"LineString","coordinates":[[17.106591,48.139873],[17.106557,48.140507],[17.106254,48.140866]]},"properties":{"n":"Rigeleho"}},{"type":"Feature","geometry":{"type":"MultiLineString","coordinates":[[[17.077883,48.159183],[17.077816,48.159146],[17.077768,48.159026],[17.078163,48.158373]],[[17.07964,48.159732],[17.079155,48.159627],[17.078271,48.159763],[17.078046,48.159748],[17.078075,48.159618],[17.077874,48.159247],[17.078092,48.158841],[17.078546,48.158689],[17.078746,48.158949],[17.078979,48.159044]],[[17.078546,48.158689],[17.078762,48.158328]],[[17.07972,48.159237],[17.078979,48.159044],[17.078655,48.159504]]]},"properties":{"n":"Martinengova"}},{"type":"Feature","geometry":{"type":"LineString","coordinates":[[17.088187,48.149213],[17.087283,48.149604],[17.08617,48.148882],[17.08601,48.148727]]},"properties":{"n":"Čmeľovec"}},{"type":"Feature","geometry":{"type":"LineString","coordinates":[[17.115183,48.140041],[17.115185,48.140743]]},"properties":{"n":"Prešernova"}},{"type":"Feature","geometry":{"type":"LineString","coordinates":[[17.106657,48.151674],[17.10955,48.151413]]},"properties":{"n":"Spojná"}},{"type":"Feature","geometry":{"type":"LineString","coordinates":[[17.07895,48.149121],[17.07997,48.149179],[17.080404,48.149248]]},"properties":{"n":"Pod Bôrikom"}},{"type":"Feature","geometry":{"type":"LineString","coordinates":[[17.11167,48.154776],[17.110974,48.155061]]},"properties":{"n":"Ulica Jozefa Kronera"}},{"type":"Feature","geometry":{"type":"LineString","coordinates":[[17.076843,48.170343],[17.077226,48.170617],[17.078152,48.170985],[17.078245,48.171112]]},"properties":{"n":"K lomu"}},{"type":"Feature","geometry":{"type":"LineString","coordinates":[[17.103217,48.144569],[17.103134,48.144985],[17.103602,48.14566],[17.103907,48.145963]]},"properties":{"n":"Pilárikova"}},{"type":"Feature","geometry":{"type":"MultiLineString","coordinates":[[[17.079941,48.144205],[17.079585,48.143368]],[[17.075721,48.143797],[17.077219,48.143604],[17.07945,48.143212],[17.084628,48.142225],[17.084876,48.142818]],[[17.084628,48.142225],[17.088073,48.14154]]]},"properties":{"n":"Dvořákovo nábrežie"}},{"type":"Feature","geometry":{"type":"LineString","coordinates":[[17.115778,48.143346],[17.115813,48.143],[17.116378,48.142113]]},"properties":{"n":"Alžbetínska"}},{"type":"Feature","geometry":{"type":"LineString","coordinates":[[17.119974,48.141047],[17.120089,48.141504],[17.120068,48.141701],[17.119971,48.141874],[17.119944,48.142147]]},"properties":{"n":"Krupkova ulica"}},{"type":"Feature","geometry":{"type":"LineString","coordinates":[[17.097089,48.142535],[17.097836,48.142341],[17.098334,48.142356],[17.098524,48.142529],[17.098622,48.142856]]},"properties":{"n":"Námestie Alexandra Dubčeka"}},{"type":"Feature","geometry":{"type":"MultiLineString","coordinates":[[[17.109466,48.141799],[17.109796,48.141626],[17.110067,48.141586],[17.109832,48.142015]],[[17.110067,48.141586],[17.110107,48.141444]]]},"properties":{"n":"Námestie Eugena Suchoňa"}},{"type":"Feature","geometry":{"type":"LineString","coordinates":[[17.102167,48.145186],[17.101977,48.144677]]},"properties":{"n":"Soferove schody"}},{"type":"Feature","geometry":{"type":"LineString","coordinates":[[17.116761,48.146323],[17.117488,48.145227]]},"properties":{"n":"Satinského"}},{"type":"Feature","geometry":{"type":"LineString","coordinates":[[17.104932,48.143583],[17.105927,48.143949]]},"properties":{"n":"Farská"}},{"type":"Feature","geometry":{"type":"LineString","coordinates":[[17.101105,48.155262],[17.102034,48.155375],[17.102073,48.155346],[17.10207,48.155177]]},"properties":{"n":"Havrania"}},{"type":"Feature","geometry":{"type":"LineString","coordinates":[[17.08874,48.149457],[17.088908,48.149613],[17.089275,48.150174]]},"properties":{"n":"Jurovského"}},{"type":"Feature","geometry":{"type":"LineString","coordinates":[[17.111008,48.142968],[17.111351,48.142599]]},"properties":{"n":"Komenského námestie"}},{"type":"Feature","geometry":{"type":"LineString","coordinates":[[17.105927,48.143949],[17.106606,48.14385]]},"properties":{"n":"Podjazd"}},{"type":"Feature","geometry":{"type":"LineString","coordinates":[[17.103553,48.153909],[17.105438,48.154524]]},"properties":{"n":"Vrátňanská"}},{"type":"Feature","geometry":{"type":"MultiLineString","coordinates":[[[17.080797,48.144316],[17.081291,48.144119],[17.081318,48.144041],[17.08118,48.14381],[17.079945,48.144375],[17.076994,48.145877],[17.076604,48.146239],[17.07629,48.146702]],[[17.104811,48.139855],[17.102648,48.139878],[17.097945,48.140086],[17.0953,48.140359],[17.093685,48.140703],[17.092118,48.141457],[17.091508,48.141694],[17.082439,48.14344],[17.08118,48.14381]],[[17.104614,48.139699],[17.097427,48.140003],[17.095522,48.140151],[17.093691,48.140514],[17.092737,48.140935],[17.09198,48.141355],[17.091501,48.141539],[17.082709,48.143246],[17.08188,48.143435],[17.081033,48.143711],[17.079827,48.144267],[17.07702,48.145675],[17.076449,48.146108],[17.076066,48.146606]]]},"properties":{"n":"Nábrežie arm.gen.Ludvíka Svobodu"}},{"type":"Feature","geometry":{"type":"LineString","coordinates":[[17.094747,48.141033],[17.094448,48.14068],[17.094197,48.140228]]},"properties":{"n":"Námestie F. X. Messerschmidta"}},{"type":"Feature","geometry":{"type":"LineString","coordinates":[[17.124031,48.155675],[17.122841,48.156045],[17.122607,48.155708]]},"properties":{"n":"Steinov dvor"}},{"type":"Feature","geometry":{"type":"LineString","coordinates":[[17.119577,48.156133],[17.119337,48.156177],[17.118941,48.156393],[17.119129,48.156545]]},"properties":{"n":"Námestie Mateja Korvína"}},{"type":"Feature","geometry":{"type":"LineString","coordinates":[[17.112845,48.140206],[17.112148,48.140161]]},"properties":{"n":"Námestie T. G. Masaryka"}},{"type":"Feature","geometry":{"type":"LineString","coordinates":[[17.113861,48.15288],[17.116257,48.151995],[17.116985,48.15179]]},"properties":{"n":"Imricha Karvaša"}},{"type":"Feature","geometry":{"type":"LineString","coordinates":[[17.101219,48.148301],[17.100991,48.148534],[17.100676,48.148644]]},"properties":{"n":"Ulica Borisa Nemcova"}},{"type":"Feature","geometry":{"type":"LineString","coordinates":[[17.111752,48.144585],[17.111253,48.144948]]},"properties":{"n":"Námestie nežnej revolúcie"}},{"type":"Feature","geometry":{"type":"MultiLineString","coordinates":[[[17.20855,48.123215],[17.208931,48.122791],[17.208314,48.121737],[17.208164,48.121376],[17.208234,48.121263],[17.208525,48.121106],[17.210018,48.120576],[17.210376,48.120251]],[[17.208931,48.122791],[17.210075,48.121664],[17.210617,48.121202],[17.21302,48.119655],[17.214038,48.118205],[17.214127,48.118047],[17.214115,48.11798],[17.221625,48.111338]]]},"properties":{"n":"Šamorínska"}},{"type":"Feature","geometry":{"type":"LineString","coordinates":[[17.217133,48.128342],[17.220688,48.124568]]},"properties":{"n":"Ul. 8.mája"}},{"type":"Feature","geometry":{"type":"LineString","coordinates":[[17.198115,48.128316],[17.203017,48.127224],[17.203256,48.127203]]},"properties":{"n":"Šikmá"}},{"type":"Feature","geometry":{"type":"LineString","coordinates":[[17.216792,48.128196],[17.216201,48.128809]]},"properties":{"n":"Žiacka"}},{"type":"Feature","geometry":{"type":"LineString","coordinates":[[17.20982,48.123881],[17.215223,48.120043]]},"properties":{"n":"Amurská"}},{"type":"Feature","geometry":{"type":"MultiLineString","coordinates":[[[17.210225,48.125604],[17.208004,48.126968],[17.205401,48.128191],[17.203922,48.129348]],[[17.203731,48.129326],[17.203786,48.12921],[17.204286,48.128763],[17.204859,48.128301],[17.205312,48.128004],[17.207122,48.127126],[17.209985,48.125413]]]},"properties":{"n":"Biskupická"}},{"type":"Feature","geometry":{"type":"LineString","coordinates":[[17.196271,48.136995],[17.196729,48.135241],[17.197192,48.133769],[17.197689,48.132853],[17.198492,48.131562],[17.198475,48.131486]]},"properties":{"n":"Borekova"}},{"type":"Feature","geometry":{"type":"LineString","coordinates":[[17.213409,48.119145],[17.216724,48.120798],[17.216808,48.12088],[17.217119,48.120883],[17.217531,48.121054],[17.217651,48.121178],[17.217662,48.121281],[17.217281,48.121545],[17.217239,48.121746],[17.217694,48.121748],[17.218904,48.122605]]},"properties":{"n":"Devätinová"}},{"type":"Feature","geometry":{"type":"LineString","coordinates":[[17.213921,48.118381],[17.217954,48.12041],[17.219811,48.121294]]},"properties":{"n":"Družobná"}},{"type":"Feature","geometry":{"type":"MultiLineString","coordinates":[[[17.196271,48.136995],[17.196263,48.137152],[17.195582,48.138648],[17.195561,48.139048],[17.195644,48.13959],[17.195573,48.13979],[17.195448,48.139976],[17.195336,48.140054],[17.195097,48.140046],[17.194971,48.140151],[17.194102,48.140513]],[[17.195097,48.140046],[17.194404,48.139917]]]},"properties":{"n":"Geologická"}},{"type":"Feature","geometry":{"type":"MultiLineString","coordinates":[[[17.199775,48.127952],[17.200337,48.128907]],[[17.200009,48.128403],[17.199157,48.128598]]]},"properties":{"n":"Hlbinná"}},{"type":"Feature","geometry":{"type":"LineString","coordinates":[[17.209265,48.128411],[17.218108,48.132215]]},"properties":{"n":"Hviezdna"}},{"type":"Feature","geometry":{"type":"LineString","coordinates":[[17.217819,48.127616],[17.220965,48.128949]]},"properties":{"n":"Hviezdoslavova"}},{"type":"Feature","geometry":{"type":"LineString","coordinates":[[17.218904,48.122605],[17.218956,48.122468],[17.220138,48.120816],[17.220412,48.120341],[17.2206,48.119904],[17.220972,48.118521],[17.221082,48.116945],[17.221405,48.115952],[17.221236,48.115364],[17.220883,48.114537],[17.22094,48.112898],[17.220928,48.112272],[17.220857,48.112018]]},"properties":{"n":"Hydinárska"}},{"type":"Feature","geometry":{"type":"LineString","coordinates":[[17.216149,48.134323],[17.219852,48.13038]]},"properties":{"n":"Jókaiho"}},{"type":"Feature","geometry":{"type":"LineString","coordinates":[[17.215015,48.125109],[17.216148,48.125481],[17.221532,48.127777]]},"properties":{"n":"Janka Kráľa"}},{"type":"Feature","geometry":{"type":"MultiLineString","coordinates":[[[17.199614,48.13149],[17.200652,48.131856],[17.201669,48.132334]],[[17.206331,48.134648],[17.199116,48.131546],[17.198071,48.131163],[17.197365,48.131031]],[[17.197848,48.131113],[17.197789,48.13095],[17.19884,48.131286],[17.206236,48.134466]]]},"properties":{"n":"Kazanská"}},{"type":"Feature","geometry":{"type":"LineString","coordinates":[[17.196217,48.096027],[17.19525,48.09325],[17.19459,48.091582],[17.194873,48.091446],[17.19686,48.091143],[17.19776,48.090927],[17.199848,48.090586],[17.201938,48.090165]]},"properties":{"n":"Ketelec"}},{"type":"Feature","geometry":{"type":"MultiLineString","coordinates":[[[17.197978,48.136956],[17.198071,48.136793],[17.198181,48.137001],[17.199327,48.135195],[17.200446,48.133292],[17.200731,48.133018],[17.201459,48.132547]],[[17.198071,48.136793],[17.198688,48.135604],[17.199017,48.135079],[17.20027,48.133147],[17.200908,48.132457],[17.200925,48.132322]]]},"properties":{"n":"Komárovská"}},{"type":"Feature","geometry":{"type":"LineString","coordinates":[[17.195951,48.132419],[17.200069,48.133451]]},"properties":{"n":"Kovová"}},{"type":"Feature","geometry":{"type":"LineString","coordinates":[[17.197789,48.13095],[17.198072,48.130563],[17.19981,48.129329],[17.201035,48.128317],[17.201354,48.128128],[17.20267,48.127591],[17.206745,48.124877],[17.207425,48.124328],[17.20855,48.123215]]},"properties":{"n":"Krajinská"}},{"type":"Feature","geometry":{"type":"MultiLineString","coordinates":[[[17.200005,48.131611],[17.200128,48.130642],[17.200429,48.130024],[17.200814,48.128824]],[[17.200128,48.130642],[17.199017,48.13035],[17.198635,48.130162]]]},"properties":{"n":"Kvetinárska"}},{"type":"Feature","geometry":{"type":"LineString","coordinates":[[17.200433,48.107279],[17.197759,48.100453],[17.196217,48.096027]]},"properties":{"n":"Lieskovec"}},{"type":"Feature","geometry":{"type":"LineString","coordinates":[[17.20607,48.12141],[17.203365,48.114753],[17.20077,48.108067],[17.200528,48.107656],[17.200194,48.107388]]},"properties":{"n":"Lieskovská cesta"}},{"type":"Feature","geometry":{"type":"MultiLineString","coordinates":[[[17.211878,48.129529],[17.213622,48.127707]],[[17.20953,48.131923],[17.211828,48.129508]]]},"properties":{"n":"Máchova"}},{"type":"Feature","geometry":{"type":"LineString","coordinates":[[17.214983,48.1339],[17.21878,48.129913]]},"properties":{"n":"Madáchova"}},{"type":"Feature","geometry":{"type":"LineString","coordinates":[[17.20607,48.12141],[17.206305,48.1219],[17.206548,48.122201],[17.207145,48.122585],[17.208077,48.123039],[17.20855,48.123215]]},"properties":{"n":"Mramorová"}},{"type":"Feature","geometry":{"type":"LineString","coordinates":[[17.201576,48.132432],[17.202296,48.131475],[17.2031,48.130652],[17.203297,48.130368],[17.203593,48.129768],[17.203922,48.129348]]},"properties":{"n":"Nákovná"}},{"type":"Feature","geometry":{"type":"LineString","coordinates":[[17.20737,48.127275],[17.207503,48.127379],[17.208553,48.128645]]},"properties":{"n":"Nákupná"}},{"type":"Feature","geometry":{"type":"LineString","coordinates":[[17.213224,48.13334],[17.217155,48.129223]]},"properties":{"n":"Nezvalova"}},{"type":"Feature","geometry":{"type":"LineString","coordinates":[[17.20267,48.127591],[17.202723,48.127683],[17.202697,48.12774],[17.20219,48.12828],[17.202174,48.128476],[17.202341,48.128769],[17.203078,48.129194]]},"properties":{"n":"Oblúková"}},{"type":"Feature","geometry":{"type":"LineString","coordinates":[[17.212979,48.12657],[17.231076,48.134302]]},"properties":{"n":"Odeská"}},{"type":"Feature","geometry":{"type":"LineString","coordinates":[[17.20566,48.121888],[17.206755,48.123201],[17.207341,48.124249],[17.207425,48.124328]]},"properties":{"n":"Orechová"}},{"type":"Feature","geometry":{"type":"LineString","coordinates":[[17.212369,48.127166],[17.220415,48.130645]]},"properties":{"n":"Orenburská"}},{"type":"Feature","geometry":{"type":"LineString","coordinates":[[17.212593,48.116606],[17.21456,48.117605]]},"properties":{"n":"Ovčiarska"}},{"type":"Feature","geometry":{"type":"MultiLineString","coordinates":[[[17.197545,48.125146],[17.197653,48.125206],[17.197646,48.125507],[17.197723,48.125619],[17.200456,48.127798]],[[17.197457,48.123834],[17.197592,48.12446],[17.197622,48.124966],[17.19769,48.12502]]]},"properties":{"n":"Pšeničná"}},{"type":"Feature","geometry":{"type":"MultiLineString","coordinates":[[[17.217239,48.121746],[17.216793,48.121803],[17.216074,48.122105],[17.213529,48.12371],[17.212985,48.124211],[17.212719,48.124389],[17.212438,48.124562],[17.211692,48.124881]],[[17.211381,48.124586],[17.212301,48.124113],[17.215902,48.121794],[17.216594,48.121247],[17.216736,48.121085],[17.216808,48.12088]]]},"properties":{"n":"Padlých hrdinov"}},{"type":"Feature","geometry":{"type":"LineString","coordinates":[[17.218341,48.125521],[17.219783,48.123944],[17.219898,48.123884]]},"properties":{"n":"Parcelná"}},{"type":"Feature","geometry":{"type":"LineString","coordinates":[[17.198446,48.123341],[17.203256,48.127203]]},"properties":{"n":"Pasienková"}},{"type":"Feature","geometry":{"type":"LineString","coordinates":[[17.211383,48.132698],[17.215428,48.128486]]},"properties":{"n":"Petőfiho"}},{"type":"Feature","geometry":{"type":"LineString","coordinates":[[17.213215,48.12401],[17.213508,48.124256],[17.215015,48.125109]]},"properties":{"n":"Požiarnická"}},{"type":"Feature","geometry":{"type":"MultiLineString","coordinates":[[[17.207122,48.132716],[17.207047,48.132834],[17.207065,48.132893],[17.20811,48.133349]],[[17.202168,48.13637],[17.201134,48.135947],[17.200779,48.136328],[17.201743,48.136752],[17.201788,48.136753],[17.202168,48.13637],[17.202228,48.136362],[17.202584,48.136402],[17.203404,48.136722]],[[17.202773,48.131931],[17.203758,48.132065],[17.203869,48.131742]],[[17.204541,48.132172],[17.203758,48.132065]],[[17.204741,48.133402],[17.20506,48.13305],[17.20522,48.132746],[17.2052,48.132253]],[[17.202327,48.136858],[17.202259,48.135815],[17.202494,48.135318],[17.202704,48.134969],[17.203134,48.134444],[17.203601,48.134071],[17.203993,48.133861]],[[17.204634,48.131842],[17.204541,48.132172],[17.2052,48.132253],[17.205178,48.132065],[17.20645,48.132593]],[[17.204716,48.133808],[17.206045,48.132427]],[[17.205178,48.132065],[17.205044,48.131296],[17.205067,48.130909],[17.205276,48.130069]],[[17.202298,48.136309],[17.204626,48.133897]],[[17.202752,48.135877],[17.204071,48.136445]]]},"properties":{"n":"Podzáhradná"}},{"type":"Feature","geometry":{"type":"MultiLineString","coordinates":[[[17.192725,48.140526],[17.193296,48.13981],[17.193436,48.140131],[17.193325,48.140324],[17.192926,48.140416],[17.192725,48.140526]],[[17.193866,48.138346],[17.193775,48.138798],[17.193634,48.139179],[17.193296,48.13981]],[[17.197365,48.131031],[17.196953,48.1311],[17.196644,48.13121],[17.196482,48.131381],[17.196143,48.131949],[17.195951,48.132419],[17.195353,48.134325],[17.194812,48.135213],[17.194613,48.135712],[17.194566,48.137117],[17.193639,48.138753],[17.193604,48.138306],[17.193496,48.138854],[17.193306,48.139325],[17.193639,48.138753],[17.193634,48.139179]],[[17.193306,48.139325],[17.193078,48.139741],[17.192537,48.140429],[17.192545,48.14029],[17.192622,48.140159],[17.192891,48.13984],[17.193078,48.139741]]]},"properties":{"n":"Popradská"}},{"type":"Feature","geometry":{"type":"LineString","coordinates":[[17.196577,48.13081],[17.194799,48.12977],[17.194818,48.129693],[17.195185,48.129431],[17.195128,48.129363]]},"properties":{"n":"Prípojná"}},{"type":"Feature","geometry":{"type":"MultiLineString","coordinates":[[[17.213948,48.116368],[17.214711,48.116744],[17.214944,48.116753],[17.215298,48.116946]],[[17.214031,48.115292],[17.216055,48.116302]]]},"properties":{"n":"Pri hrádzi"}},{"type":"Feature","geometry":{"type":"LineString","coordinates":[[17.220564,48.129811],[17.222146,48.12656],[17.222216,48.12639],[17.222212,48.126119],[17.221983,48.125743],[17.219017,48.123103]]},"properties":{"n":"Pri trati"}},{"type":"Feature","geometry":{"type":"LineString","coordinates":[[17.195338,48.137069],[17.194365,48.139216],[17.194404,48.139917]]},"properties":{"n":"Priekopnícka"}},{"type":"Feature","geometry":{"type":"LineString","coordinates":[[17.200493,48.128796],[17.202064,48.128988],[17.203531,48.129303],[17.204422,48.129434],[17.204593,48.1295],[17.205276,48.130069]]},"properties":{"n":"Linzbothova"}},{"type":"Feature","geometry":{"type":"LineString","coordinates":[[17.2204,48.126445],[17.221483,48.125282]]},"properties":{"n":"Sĺňavská"}},{"type":"Feature","geometry":{"type":"MultiLineString","coordinates":[[[17.194841,48.130796],[17.195316,48.130768],[17.196622,48.13081],[17.197789,48.13095]],[[17.187783,48.130303],[17.188291,48.130422],[17.189257,48.130532],[17.193288,48.130718],[17.193586,48.130716],[17.193815,48.130658],[17.194165,48.130398],[17.194195,48.130587],[17.194461,48.130779],[17.194158,48.130864],[17.19398,48.131005],[17.193789,48.130794],[17.193586,48.130716],[17.197365,48.131031]]]},"properties":{"n":"Slovnaftská"}},{"type":"Feature","geometry":{"type":"MultiLineString","coordinates":[[[17.211232,48.12506],[17.211842,48.125628],[17.212979,48.12657]],[[17.212133,48.125869],[17.211526,48.12619],[17.211513,48.126232],[17.211752,48.12651]],[[17.20855,48.123215],[17.21009,48.124051],[17.21095,48.124793]]]},"properties":{"n":"Vetvárska"}},{"type":"Feature","geometry":{"type":"LineString","coordinates":[[17.212979,48.12657],[17.213374,48.126012],[17.213671,48.125685],[17.21469,48.125281],[17.216501,48.124444],[17.218915,48.123053]]},"properties":{"n":"Staromlynská"}},{"type":"Feature","geometry":{"type":"MultiLineString","coordinates":[[[17.21077,48.127275],[17.211628,48.126907],[17.212014,48.126907],[17.212369,48.127166]],[[17.205276,48.130069],[17.206624,48.129388],[17.208553,48.128645],[17.21183,48.127501],[17.212477,48.127079],[17.212979,48.12657]]]},"properties":{"n":"Učiteľská"}},{"type":"Feature","geometry":{"type":"LineString","coordinates":[[17.216947,48.134662],[17.21883,48.132671],[17.218938,48.132614],[17.219315,48.132622]]},"properties":{"n":"Výtvarná"}},{"type":"Feature","geometry":{"type":"LineString","coordinates":[[17.219017,48.123103],[17.224516,48.121818],[17.225006,48.121689],[17.225701,48.121406],[17.226306,48.121443],[17.229198,48.120785]]},"properties":{"n":"Vinohradnícka"}},{"type":"Feature","geometry":{"type":"LineString","coordinates":[[17.194566,48.137117],[17.197608,48.136918],[17.199689,48.137159],[17.202327,48.136858],[17.202854,48.136868]]},"properties":{"n":"Vrakunská"}},{"type":"Feature","geometry":{"type":"MultiLineString","coordinates":[[[17.194566,48.137117],[17.189766,48.136844],[17.189716,48.136804],[17.189276,48.134862],[17.189228,48.134751],[17.188972,48.13451],[17.188771,48.136433],[17.188889,48.13648],[17.189643,48.136475]],[[17.187986,48.13098],[17.188488,48.131687],[17.188636,48.132032],[17.188997,48.133411],[17.189027,48.134012],[17.188972,48.13451]]]},"properties":{"n":"Závodná"}},{"type":"Feature","geometry":{"type":"MultiLineString","coordinates":[[[17.21095,48.124793],[17.211232,48.12506],[17.210225,48.125604]],[[17.209985,48.125413],[17.21095,48.124793],[17.211381,48.124586],[17.211692,48.124881],[17.211232,48.12506]]]},"properties":{"n":"Trojičné nám."}},{"type":"Feature","geometry":{"type":"MultiLineString","coordinates":[[[17.210204,48.131236],[17.209858,48.131085],[17.209401,48.131552]],[[17.209858,48.131085],[17.209067,48.130741],[17.208612,48.13119]],[[17.209067,48.130741],[17.208267,48.130394]],[[17.206818,48.130758],[17.205276,48.130069]],[[17.209841,48.132065],[17.206818,48.130758],[17.207384,48.130153],[17.207581,48.13011],[17.208267,48.130394],[17.207819,48.130892]],[[17.209499,48.132077],[17.209672,48.132036],[17.209841,48.132065],[17.211126,48.132612],[17.214983,48.1339],[17.216149,48.134323],[17.218161,48.135178]]]},"properties":{"n":"Korytnická"}},{"type":"Feature","geometry":{"type":"LineString","coordinates":[[17.198181,48.137001],[17.198021,48.137951],[17.19789,48.138451],[17.197635,48.138824],[17.196829,48.13967],[17.19669,48.139884],[17.196591,48.140177],[17.196653,48.140585],[17.196784,48.140842],[17.197299,48.141431]]},"properties":{"n":"Podunajská"}},{"type":"Feature","geometry":{"type":"MultiLineString","coordinates":[[[17.201828,48.134116],[17.201953,48.13399],[17.20215,48.134048],[17.202054,48.134305]],[[17.200222,48.133684],[17.200938,48.133976]],[[17.201313,48.134127],[17.200938,48.133976],[17.201532,48.133344],[17.201613,48.133324],[17.201848,48.133401],[17.201884,48.133514],[17.201313,48.134127],[17.202045,48.134453],[17.202078,48.134515],[17.202228,48.134451],[17.202282,48.134365],[17.202445,48.133864],[17.203148,48.133877]],[[17.202395,48.134067],[17.20215,48.134048]],[[17.201953,48.13399],[17.202172,48.133752]],[[17.199689,48.137159],[17.199764,48.137019],[17.202062,48.134587],[17.202078,48.134515]]]},"properties":{"n":"Baltská"}},{"type":"Feature","geometry":{"type":"MultiLineString","coordinates":[[[17.197143,48.141273],[17.197495,48.141102]],[[17.199832,48.141555],[17.198902,48.141682],[17.198763,48.141659],[17.197495,48.141102],[17.197197,48.14018],[17.197198,48.139986],[17.197957,48.139199],[17.198148,48.13911],[17.199588,48.138909],[17.200582,48.139305],[17.201211,48.139207]],[[17.201943,48.139111],[17.202113,48.139678],[17.202448,48.139628]],[[17.202113,48.139678],[17.20065,48.139895],[17.200554,48.139517]]]},"properties":{"n":"Bieloruská"}},{"type":"Feature","geometry":{"type":"MultiLineString","coordinates":[[[17.209866,48.134373],[17.208826,48.133925],[17.208623,48.134152],[17.208687,48.134222],[17.209981,48.134766]],[[17.208826,48.133925],[17.208359,48.13373]],[[17.209025,48.134011],[17.210587,48.132398]],[[17.209566,48.132848],[17.210007,48.132417],[17.210015,48.132322],[17.209716,48.132195],[17.209634,48.132179],[17.209575,48.132221],[17.208192,48.133651],[17.208359,48.13373],[17.207846,48.134343],[17.207898,48.134404],[17.209625,48.135135]],[[17.209779,48.132625],[17.209354,48.132458]]]},"properties":{"n":"Bodrocká"}},{"type":"Feature","geometry":{"type":"MultiLineString","coordinates":[[[17.213905,48.136463],[17.215133,48.13701],[17.215033,48.137126],[17.213777,48.136583]],[[17.215133,48.13701],[17.21585,48.136271],[17.216028,48.136142],[17.216119,48.136125],[17.216425,48.136235],[17.217059,48.136507],[17.217135,48.136579],[17.21705,48.136794],[17.216392,48.137753],[17.21599,48.138189],[17.215893,48.138233],[17.215666,48.138195],[17.214505,48.137684],[17.214827,48.137335],[17.215615,48.137657],[17.215683,48.137652],[17.215816,48.137476],[17.215033,48.137126],[17.214827,48.137335]],[[17.214616,48.135751],[17.21585,48.136271]]]},"properties":{"n":"Dudvážska"}},{"type":"Feature","geometry":{"type":"LineString","coordinates":[[17.199516,48.14194],[17.201061,48.141756],[17.201957,48.142175],[17.202077,48.142492],[17.202155,48.142976],[17.201566,48.143591],[17.200418,48.143755],[17.199491,48.143309],[17.199378,48.143119],[17.199285,48.142759]]},"properties":{"n":"Estónska"}},{"type":"Feature","geometry":{"type":"LineString","coordinates":[[17.206236,48.134466],[17.206713,48.134545],[17.207078,48.134448],[17.20953,48.131923],[17.209499,48.132077],[17.209397,48.132198],[17.207126,48.134525]]},"properties":{"n":"Uzbecká"}},{"type":"Feature","geometry":{"type":"LineString","coordinates":[[17.213777,48.136583],[17.214813,48.135554],[17.21486,48.135469],[17.214817,48.135414],[17.214551,48.135291],[17.214563,48.135248],[17.215033,48.134753],[17.215023,48.134647],[17.214263,48.134341]]},"properties":{"n":"Hornádska"}},{"type":"Feature","geometry":{"type":"LineString","coordinates":[[17.209625,48.135135],[17.210999,48.133723],[17.210985,48.133605],[17.210807,48.133527],[17.210766,48.133452],[17.211383,48.132698]]},"properties":{"n":"Hronská"}},{"type":"Feature","geometry":{"type":"LineString","coordinates":[[17.210645,48.135154],[17.212263,48.135838],[17.212776,48.136073],[17.212958,48.136224],[17.213777,48.136583]]},"properties":{"n":"Ipeľská"}},{"type":"Feature","geometry":{"type":"MultiLineString","coordinates":[[[17.21019,48.134556],[17.212713,48.135681],[17.212841,48.135698],[17.213,48.135647],[17.213194,48.135458],[17.214725,48.133838]],[[17.212814,48.135697],[17.212898,48.135822],[17.213569,48.136128],[17.213366,48.136405]]]},"properties":{"n":"Latorická"}},{"type":"Feature","geometry":{"type":"LineString","coordinates":[[17.202695,48.137574],[17.201802,48.137233],[17.200703,48.137392],[17.200118,48.13797],[17.200086,48.13805],[17.20029,48.138734],[17.200496,48.138891],[17.201211,48.139207],[17.202112,48.139091],[17.202401,48.139107],[17.202412,48.139046],[17.203351,48.138103]]},"properties":{"n":"Lotyšská"}},{"type":"Feature","geometry":{"type":"LineString","coordinates":[[17.218161,48.135178],[17.220181,48.130787],[17.220239,48.130693],[17.220415,48.130645]]},"properties":{"n":"Dvojkrížna"}},{"type":"Feature","geometry":{"type":"LineString","coordinates":[[17.212075,48.122269],[17.2137,48.123211]]},"properties":{"n":"Dneperská"}},{"type":"Feature","geometry":{"type":"LineString","coordinates":[[17.193604,48.138306],[17.193615,48.137077],[17.193529,48.135391],[17.193517,48.133868],[17.193607,48.132858],[17.193901,48.131285],[17.194453,48.129568],[17.195005,48.128345],[17.196049,48.126661],[17.196627,48.125983],[17.197177,48.125434],[17.198784,48.124198],[17.199883,48.123598],[17.201146,48.123029],[17.202802,48.122436],[17.207363,48.120998],[17.210139,48.120052],[17.211557,48.119477],[17.213169,48.118629]]},"properties":{"n":"Ulica svornosti"}},{"type":"Feature","geometry":{"type":"LineString","coordinates":[[17.220287,48.120582],[17.223681,48.122013]]},"properties":{"n":"Perličková"}},{"type":"Feature","geometry":{"type":"LineString","coordinates":[[17.219697,48.121448],[17.221905,48.122417]]},"properties":{"n":"Jonatánová"}},{"type":"Feature","geometry":{"type":"LineString","coordinates":[[17.220653,48.119711],[17.224847,48.121497]]},"properties":{"n":"Borágová"}},{"type":"Feature","geometry":{"type":"LineString","coordinates":[[17.22081,48.119216],[17.224757,48.12088]]},"properties":{"n":"Monardová"}},{"type":"Feature","geometry":{"type":"LineString","coordinates":[[17.206234,48.107492],[17.208126,48.114506],[17.212061,48.117797],[17.213169,48.118629]]},"properties":{"n":"Jegenešská"}},{"type":"Feature","geometry":{"type":"LineString","coordinates":[[17.21313,48.115259],[17.213063,48.115562],[17.212141,48.117737],[17.212194,48.117779]]},"properties":{"n":"Parenicová"}},{"type":"Feature","geometry":{"type":"LineString","coordinates":[[17.213827,48.11819],[17.212381,48.117467]]},"properties":{"n":"Lopárska"}},{"type":"Feature","geometry":{"type":"LineString","coordinates":[[17.205761,48.148544],[17.20659,48.149277],[17.207659,48.150086],[17.208152,48.150347],[17.210173,48.15105]]},"properties":{"n":"Leknová"}},{"type":"Feature","geometry":{"type":"LineString","coordinates":[[17.188295,48.146914],[17.187637,48.146549],[17.187393,48.146245],[17.187352,48.146105],[17.18809,48.14508]]},"properties":{"n":"Čučoriedková"}},{"type":"Feature","geometry":{"type":"LineString","coordinates":[[17.203625,48.150098],[17.205371,48.150262],[17.207921,48.150814]]},"properties":{"n":"Šípová"}},{"type":"Feature","geometry":{"type":"MultiLineString","coordinates":[[[17.205321,48.145777],[17.207215,48.145652]],[[17.207409,48.14549],[17.20917,48.145366]]]},"properties":{"n":"Šíravská"}},{"type":"Feature","geometry":{"type":"LineString","coordinates":[[17.210163,48.14787],[17.2103,48.14758],[17.208971,48.139742],[17.208895,48.13949],[17.208633,48.139279],[17.204762,48.137612]]},"properties":{"n":"Železničná"}},{"type":"Feature","geometry":{"type":"LineString","coordinates":[[17.201988,48.152108],[17.205371,48.150262]]},"properties":{"n":"Borovicová"}},{"type":"Feature","geometry":{"type":"MultiLineString","coordinates":[[[17.200816,48.146808],[17.202467,48.147465],[17.202523,48.147546],[17.202534,48.147949],[17.203232,48.148355],[17.203325,48.148456]],[[17.189604,48.152405],[17.18953,48.152276],[17.189066,48.150736],[17.189103,48.150444],[17.189875,48.149714],[17.19114,48.148865],[17.191943,48.148411],[17.193566,48.147661],[17.194745,48.147179],[17.195934,48.146837],[17.196902,48.146626],[17.198352,48.146469],[17.199225,48.146496],[17.199915,48.146576],[17.199863,48.14751],[17.200812,48.147507],[17.200816,48.146808],[17.199915,48.146576]],[[17.199404,48.145396],[17.200006,48.145391],[17.201105,48.145574],[17.201886,48.145855],[17.202517,48.146151],[17.204007,48.147139],[17.205029,48.148186]]]},"properties":{"n":"Brezová"}},{"type":"Feature","geometry":{"type":"MultiLineString","coordinates":[[[17.207701,48.14396],[17.207395,48.142267],[17.206524,48.142297]],[[17.207466,48.142548],[17.208447,48.142467]]]},"properties":{"n":"Bučinová"}},{"type":"Feature","geometry":{"type":"LineString","coordinates":[[17.206701,48.140044],[17.208971,48.139742]]},"properties":{"n":"Domašská"}},{"type":"Feature","geometry":{"type":"LineString","coordinates":[[17.184642,48.149954],[17.183153,48.149142]]},"properties":{"n":"Egrešová"}},{"type":"Feature","geometry":{"type":"MultiLineString","coordinates":[[[17.200021,48.144005],[17.201619,48.143779],[17.201833,48.144431]],[[17.201619,48.143779],[17.203793,48.143461]]]},"properties":{"n":"Estónska"}},{"type":"Feature","geometry":{"type":"MultiLineString","coordinates":[[[17.203325,48.148456],[17.204493,48.14874]],[[17.207082,48.148119],[17.206972,48.148201],[17.206529,48.148253],[17.206023,48.148439],[17.206491,48.148233],[17.206743,48.147923],[17.206906,48.147906],[17.207048,48.147962],[17.207082,48.148119]],[[17.206798,48.148216],[17.206675,48.148161],[17.206627,48.148056]],[[17.204953,48.148937],[17.206023,48.148439]],[[17.195984,48.153864],[17.203257,48.150392],[17.203625,48.150098],[17.204231,48.14931],[17.204414,48.149059],[17.204493,48.14874],[17.204953,48.148937],[17.203625,48.150098]],[[17.195102,48.154351],[17.195984,48.153864],[17.195084,48.1543],[17.195102,48.154351],[17.192062,48.156249],[17.19162,48.156435],[17.191614,48.156527],[17.190721,48.157057],[17.191702,48.156381],[17.192888,48.155691],[17.193651,48.155158],[17.195084,48.1543]],[[17.192062,48.156249],[17.191614,48.156527]],[[17.204353,48.137422],[17.203316,48.13847],[17.204262,48.13738]],[[17.206743,48.147923],[17.206915,48.147718],[17.206851,48.147475]],[[17.205658,48.146119],[17.205791,48.146279],[17.205801,48.146427],[17.205728,48.146634],[17.205842,48.146916]],[[17.205728,48.146634],[17.205552,48.146737]],[[17.203316,48.13847],[17.203027,48.13883],[17.202916,48.139049],[17.202815,48.13943],[17.202747,48.140083],[17.202802,48.141092],[17.202988,48.141785],[17.203599,48.143096],[17.204642,48.1449],[17.205321,48.145777],[17.205658,48.146119],[17.205708,48.146413],[17.205544,48.146659],[17.205552,48.146737],[17.20689,48.147481],[17.206975,48.147578],[17.20701,48.147941]]]},"properties":{"n":"Hradská"}},{"type":"Feature","geometry":{"type":"MultiLineString","coordinates":[[[17.184567,48.150012],[17.186089,48.150826]],[[17.181529,48.152281],[17.181703,48.152311],[17.181901,48.152276],[17.189476,48.145911]]]},"properties":{"n":"Hrušovská"}},{"type":"Feature","geometry":{"type":"LineString","coordinates":[[17.209216,48.141183],[17.208364,48.141326],[17.20638,48.141473]]},"properties":{"n":"Jedľová"}},{"type":"Feature","geometry":{"type":"LineString","coordinates":[[17.206701,48.140044],[17.20629,48.13845]]},"properties":{"n":"Kaméliová"}},{"type":"Feature","geometry":{"type":"MultiLineString","coordinates":[[[17.207159,48.14504],[17.207879,48.144996],[17.208279,48.144914],[17.20916,48.144224],[17.209693,48.144174]],[[17.208975,48.144362],[17.208861,48.144307],[17.208684,48.143417],[17.207636,48.143495]]]},"properties":{"n":"Kríková"}},{"type":"Feature","geometry":{"type":"MultiLineString","coordinates":[[[17.205822,48.152954],[17.207655,48.153735],[17.208042,48.153325],[17.206759,48.15278]],[[17.208345,48.151156],[17.209638,48.151683],[17.210043,48.151264],[17.210173,48.15105]],[[17.207609,48.151966],[17.208838,48.152504],[17.209243,48.152081],[17.208014,48.151587]],[[17.207026,48.152346],[17.208431,48.152915],[17.208042,48.153325]],[[17.200768,48.151606],[17.212087,48.156362],[17.217473,48.160787],[17.219471,48.162511],[17.219814,48.162445],[17.224386,48.159503]],[[17.207655,48.153735],[17.207145,48.154274]],[[17.209638,48.151683],[17.209243,48.152081]],[[17.208838,48.152504],[17.208431,48.152915]]]},"properties":{"n":"Majerská"}},{"type":"Feature","geometry":{"type":"MultiLineString","coordinates":[[[17.200021,48.144005],[17.199342,48.144179],[17.198196,48.143681],[17.198232,48.143635],[17.198173,48.143516],[17.197256,48.142509],[17.198063,48.142206]],[[17.197256,48.142509],[17.196506,48.14281]]]},"properties":{"n":"Malodunajská"}},{"type":"Feature","geometry":{"type":"LineString","coordinates":[[17.203839,48.152888],[17.207661,48.150755]]},"properties":{"n":"Mostná"}},{"type":"Feature","geometry":{"type":"MultiLineString","coordinates":[[[17.208047,48.147463],[17.207696,48.146966],[17.207297,48.146195],[17.207209,48.145734],[17.207253,48.145588],[17.207089,48.144616]],[[17.206524,48.142297],[17.206265,48.141042],[17.206233,48.1406],[17.206367,48.140307],[17.206701,48.140044]]]},"properties":{"n":"Poľnohospodárska"}},{"type":"Feature","geometry":{"type":"LineString","coordinates":[[17.191434,48.151221],[17.194777,48.149113],[17.195922,48.148442],[17.201399,48.1484],[17.202716,48.148405],[17.203325,48.148456]]},"properties":{"n":"Priehradná"}},{"type":"Feature","geometry":{"type":"MultiLineString","coordinates":[[[17.206798,48.148216],[17.207051,48.148546],[17.206737,48.148293],[17.2065,48.148263]],[[17.2073,48.148794],[17.207051,48.148546]],[[17.207082,48.148119],[17.207005,48.14829],[17.207047,48.148498],[17.207901,48.149395],[17.208329,48.149703],[17.208835,48.149977],[17.209151,48.150119],[17.209376,48.150153],[17.209613,48.150108],[17.209774,48.149965],[17.210922,48.148467],[17.211023,48.148416],[17.211395,48.148431],[17.21666,48.149596],[17.217382,48.149671],[17.217555,48.149622],[17.218966,48.148921],[17.219956,48.148552],[17.221132,48.147989],[17.221659,48.147858],[17.223402,48.147809],[17.224668,48.147318]]]},"properties":{"n":"Ráztočná"}},{"type":"Feature","geometry":{"type":"LineString","coordinates":[[17.185467,48.149281],[17.183852,48.148412]]},"properties":{"n":"Ríbezľová"}},{"type":"Feature","geometry":{"type":"MultiLineString","coordinates":[[[17.207089,48.144616],[17.206384,48.144665],[17.206171,48.143543],[17.203972,48.143734]],[[17.204174,48.142209],[17.2042,48.14244],[17.204337,48.142466],[17.205974,48.142348],[17.206171,48.143543]],[[17.206384,48.144665],[17.205353,48.144747]]]},"properties":{"n":"Rajecká"}},{"type":"Feature","geometry":{"type":"MultiLineString","coordinates":[[[17.189629,48.147452],[17.190181,48.147204],[17.190564,48.14696],[17.191761,48.146013],[17.192211,48.145604],[17.190637,48.14499],[17.189913,48.144758],[17.18974,48.144636],[17.189698,48.144527],[17.189717,48.144401],[17.19023,48.143817]],[[17.189846,48.146264],[17.189811,48.146039],[17.189886,48.145611],[17.190637,48.14499]]]},"properties":{"n":"Rebarborová"}},{"type":"Feature","geometry":{"type":"MultiLineString","coordinates":[[[17.187748,48.147378],[17.188761,48.147785],[17.189092,48.147801]],[[17.188588,48.147721],[17.187611,48.148554]]]},"properties":{"n":"Repíková"}},{"type":"Feature","geometry":{"type":"LineString","coordinates":[[17.203727,48.151155],[17.205892,48.151739]]},"properties":{"n":"Skorocelová"}},{"type":"Feature","geometry":{"type":"LineString","coordinates":[[17.183747,48.150712],[17.182651,48.150122]]},"properties":{"n":"Slnečnicová"}},{"type":"Feature","geometry":{"type":"MultiLineString","coordinates":[[[17.202798,48.139586],[17.203207,48.139731],[17.203324,48.139732],[17.203792,48.139648],[17.203923,48.139587],[17.204105,48.139383],[17.203984,48.139081],[17.203655,48.138948],[17.203209,48.139014],[17.203073,48.139155]],[[17.202884,48.141476],[17.206265,48.141042]],[[17.203316,48.13847],[17.203917,48.138729],[17.204741,48.13782]],[[17.205687,48.141128],[17.20556,48.140318],[17.204856,48.140418]],[[17.20556,48.140318],[17.205425,48.139552],[17.204703,48.139622],[17.204448,48.138523],[17.20439,48.138436],[17.204254,48.138368]],[[17.203917,48.138729],[17.204542,48.139019]],[[17.205425,48.139552],[17.205499,48.139518]]]},"properties":{"n":"Stavbárska"}},{"type":"Feature","geometry":{"type":"MultiLineString","coordinates":[[[17.208467,48.141312],[17.208253,48.140361]],[[17.208535,48.142297],[17.208364,48.141326]]]},"properties":{"n":"Vŕbová"}},{"type":"Feature","geometry":{"type":"MultiLineString","coordinates":[[[17.211923,48.138527],[17.213153,48.139059],[17.213016,48.139215],[17.211774,48.13868]],[[17.213153,48.139059],[17.214152,48.13804]],[[17.2111,48.141213],[17.211987,48.140275],[17.211697,48.140117],[17.21169,48.140052],[17.2119,48.139819],[17.21204,48.139787],[17.212315,48.139909],[17.213016,48.139215]],[[17.211987,48.140275],[17.212315,48.139909]]]},"properties":{"n":"Bebravská"}},{"type":"Feature","geometry":{"type":"LineString","coordinates":[[17.207597,48.138837],[17.210049,48.136267]]},"properties":{"n":"Bodvianska"}},{"type":"Feature","geometry":{"type":"LineString","coordinates":[[17.209759,48.140684],[17.210158,48.140263],[17.210703,48.139805],[17.212904,48.137494]]},"properties":{"n":"Čiernovodská"}},{"type":"Feature","geometry":{"type":"MultiLineString","coordinates":[[[17.211935,48.144206],[17.212521,48.143539]],[[17.211992,48.145048],[17.211388,48.144825],[17.211935,48.144206],[17.211701,48.14409],[17.211674,48.144009],[17.212195,48.143472],[17.212303,48.14346],[17.212521,48.143539],[17.213744,48.142171]],[[17.213004,48.142987],[17.212781,48.142891],[17.212771,48.142837],[17.213054,48.14254],[17.213345,48.142618]],[[17.210151,48.144276],[17.211388,48.144825]]]},"properties":{"n":"Čiližská"}},{"type":"Feature","geometry":{"type":"MultiLineString","coordinates":[[[17.213551,48.139908],[17.213805,48.139551]],[[17.21154,48.140758],[17.212814,48.141304],[17.213945,48.140164],[17.213922,48.140069],[17.213551,48.139908],[17.21309,48.140502],[17.212678,48.140925],[17.213068,48.141089]],[[17.211753,48.140534],[17.212678,48.140925]]]},"properties":{"n":"Hnilecká"}},{"type":"Feature","geometry":{"type":"MultiLineString","coordinates":[[[17.209257,48.137098],[17.207767,48.136455],[17.207383,48.136835],[17.206952,48.136606],[17.207182,48.13631],[17.207275,48.13627],[17.207367,48.136272],[17.207767,48.136455]],[[17.207027,48.137213],[17.207383,48.136835]],[[17.206105,48.138198],[17.207027,48.137213],[17.208553,48.137852]]]},"properties":{"n":"Toplianska"}},{"type":"Feature","geometry":{"type":"LineString","coordinates":[[17.206285,48.137979],[17.205194,48.137502],[17.205147,48.137402],[17.205597,48.136732],[17.205969,48.136336],[17.206605,48.135683],[17.206799,48.135644],[17.212379,48.138036]]},"properties":{"n":"Toryská"}},{"type":"Feature","geometry":{"type":"LineString","coordinates":[[17.210151,48.144276],[17.210899,48.143505],[17.211426,48.142793],[17.212547,48.14161]]},"properties":{"n":"Vážska"}},{"type":"Feature","geometry":{"type":"LineString","coordinates":[[17.209076,48.140395],[17.209303,48.140429],[17.209759,48.140684],[17.210858,48.141146],[17.212312,48.14152],[17.214042,48.142303]]},"properties":{"n":"Žitavská"}},{"type":"Feature","geometry":{"type":"MultiLineString","coordinates":[[[17.212058,48.138375],[17.210486,48.137701],[17.210037,48.138155],[17.209681,48.137993],[17.209674,48.137947],[17.210045,48.137542],[17.210486,48.137701]],[[17.208511,48.138628],[17.209269,48.138956]],[[17.210037,48.138155],[17.208842,48.139417]]]},"properties":{"n":"Rajčianska"}},{"type":"Feature","geometry":{"type":"MultiLineString","coordinates":[[[17.214284,48.140561],[17.214635,48.140706]],[[17.213401,48.142003],[17.214071,48.141293]],[[17.21405,48.140296],[17.21431,48.140416],[17.214318,48.140501],[17.213759,48.141116],[17.213797,48.141178],[17.214071,48.141293],[17.215187,48.140159],[17.213016,48.139215]]]},"properties":{"n":"Slatinská"}},{"type":"Feature","geometry":{"type":"LineString","coordinates":[[17.198063,48.142206],[17.199172,48.143367],[17.199857,48.14392],[17.201014,48.144487],[17.20388,48.145579],[17.205552,48.146737]]},"properties":{"n":"Podunajská"}},{"type":"Feature","geometry":{"type":"MultiLineString","coordinates":[[[17.203821,48.145134],[17.203574,48.144422],[17.2037,48.144357],[17.203549,48.143907],[17.203488,48.143869],[17.20322,48.143889],[17.202294,48.144043],[17.202603,48.144692],[17.203732,48.145137],[17.203821,48.145134],[17.203904,48.145461],[17.20388,48.145579]],[[17.202146,48.143715],[17.202294,48.144043]]]},"properties":{"n":"Arménska"}},{"type":"Feature","geometry":{"type":"LineString","coordinates":[[17.184137,48.150382],[17.187163,48.152007]]},"properties":{"n":"Marhuľová"}},{"type":"Feature","geometry":{"type":"MultiLineString","coordinates":[[[17.214152,48.13804],[17.206708,48.13481]],[[17.206805,48.134716],[17.214265,48.137933]]]},"properties":{"n":"Kazanská"}},{"type":"Feature","geometry":{"type":"MultiLineString","coordinates":[[[17.215187,48.140159],[17.215875,48.139385],[17.215894,48.139258],[17.215851,48.139172]],[[17.20701,48.147941],[17.207738,48.147803],[17.208164,48.147771]],[[17.207082,48.148119],[17.207198,48.147999],[17.20751,48.147899],[17.208864,48.147692],[17.209476,48.147519],[17.209845,48.147333],[17.210618,48.146685],[17.211045,48.146245],[17.211873,48.145205],[17.214042,48.142303],[17.215588,48.140321],[17.215993,48.139546],[17.216484,48.138768],[17.21675,48.138177]]]},"properties":{"n":"Dvojkrížna"}},{"type":"Feature","geometry":{"type":"LineString","coordinates":[[17.191434,48.151221],[17.191773,48.151585],[17.193834,48.15303],[17.195084,48.1543]]},"properties":{"n":"Podpriehradná"}},{"type":"Feature","geometry":{"type":"LineString","coordinates":[[17.19411,48.149539],[17.195827,48.150774],[17.197398,48.150222],[17.198513,48.150224],[17.199873,48.150094],[17.201802,48.14973]]},"properties":{"n":"Levanduľová"}},{"type":"Feature","geometry":{"type":"MultiLineString","coordinates":[[[17.194907,48.151126],[17.19531,48.151423],[17.194797,48.151746]],[[17.19531,48.151423],[17.196209,48.152084]],[[17.195715,48.151721],[17.195213,48.152034]],[[17.193364,48.150013],[17.194907,48.151126],[17.194299,48.15151]]]},"properties":{"n":"Orchideová"}},{"type":"Feature","geometry":{"type":"LineString","coordinates":[[17.193156,48.151839],[17.197119,48.149398],[17.197127,48.148421]]},"properties":{"n":"Platanová"}},{"type":"Feature","geometry":{"type":"LineString","coordinates":[[17.19274,48.150411],[17.190835,48.14906]]},"properties":{"n":"Podbeľová"}},{"type":"Feature","geometry":{"type":"LineString","coordinates":[[17.186123,48.15146],[17.183834,48.153382]]},"properties":{"n":"Margarétová"}},{"type":"Feature","geometry":{"type":"LineString","coordinates":[[17.186538,48.15168],[17.186475,48.152137],[17.185437,48.153019]]},"properties":{"n":"Jesienková"}},{"type":"Feature","geometry":{"type":"LineString","coordinates":[[17.184746,48.152643],[17.185863,48.153259]]},"properties":{"n":"Krokusová"}},{"type":"Feature","geometry":{"type":"LineString","coordinates":[[17.215929,48.14943],[17.215247,48.150169],[17.215164,48.150343],[17.215681,48.150689],[17.217477,48.151724],[17.218321,48.152278]]},"properties":{"n":"Ihličnatá"}},{"type":"Feature","geometry":{"type":"MultiLineString","coordinates":[[[17.219562,48.149379],[17.220281,48.14972],[17.220915,48.149113]],[[17.220281,48.14972],[17.219447,48.150565],[17.220399,48.150818]],[[17.220171,48.148771],[17.220915,48.149113],[17.221182,48.148814],[17.221156,48.148746],[17.220934,48.148631],[17.222074,48.148143]],[[17.215686,48.149696],[17.216406,48.149912],[17.218424,48.150299],[17.219447,48.150565]]]},"properties":{"n":"Kosodrevinová"}},{"type":"Feature","geometry":{"type":"MultiLineString","coordinates":[[[17.196079,48.152367],[17.195677,48.15208],[17.195962,48.151902]],[[17.194831,48.152606],[17.195084,48.152449],[17.19549,48.152746]],[[17.195084,48.152449],[17.195677,48.15208]]]},"properties":{"n":"Orgovánová"}},{"type":"Feature","geometry":{"type":"MultiLineString","coordinates":[[[17.194299,48.15151],[17.193772,48.151851],[17.194179,48.152141],[17.194591,48.15188]],[[17.194179,48.152141],[17.194588,48.152432]],[[17.195,48.15217],[17.194588,48.152432],[17.194989,48.152728]],[[17.192205,48.150727],[17.193772,48.151851]]]},"properties":{"n":"Čakanková"}},{"type":"Feature","geometry":{"type":"LineString","coordinates":[[17.19274,48.150411],[17.194017,48.151307]]},"properties":{"n":"Prasličková"}},{"type":"Feature","geometry":{"type":"LineString","coordinates":[[17.199259,48.148415],[17.199261,48.150139]]},"properties":{"n":"Nechtíková"}},{"type":"Feature","geometry":{"type":"LineString","coordinates":[[17.20008,48.148405],[17.200071,48.15006]]},"properties":{"n":"Imelová"}},{"type":"Feature","geometry":{"type":"LineString","coordinates":[[17.19356,48.149892],[17.191761,48.148611]]},"properties":{"n":"Bodliaková"}},{"type":"Feature","geometry":{"type":"LineString","coordinates":[[17.196795,48.148416],[17.196783,48.147465]]},"properties":{"n":"Bazalková"}},{"type":"Feature","geometry":{"type":"LineString","coordinates":[[17.215247,48.150169],[17.213787,48.149833]]},"properties":{"n":"Žihľavová"}},{"type":"Feature","geometry":{"type":"MultiLineString","coordinates":[[[17.211281,48.14912],[17.210718,48.150246],[17.21051,48.150558]],[[17.212759,48.149605],[17.210596,48.149143],[17.210195,48.150055],[17.209995,48.150386]],[[17.212397,48.149325],[17.212089,48.149991]],[[17.211858,48.149182],[17.211504,48.149911]]]},"properties":{"n":"Píniová"}},{"type":"Feature","geometry":{"type":"MultiLineString","coordinates":[[[17.187942,48.150376],[17.187191,48.151338],[17.186918,48.151193],[17.186897,48.151155],[17.187085,48.150737],[17.1876,48.150161]],[[17.186975,48.151905],[17.187191,48.151338]]]},"properties":{"n":"Ostružinová"}},{"type":"Feature","geometry":{"type":"LineString","coordinates":[[17.190966,48.153266],[17.193834,48.15303]]},"properties":{"n":"Anízová"}},{"type":"Feature","geometry":{"type":"LineString","coordinates":[[17.189824,48.152926],[17.189998,48.152994],[17.191371,48.152779],[17.19335,48.152658]]},"properties":{"n":"Rascová"}},{"type":"Feature","geometry":{"type":"LineString","coordinates":[[17.189736,48.15234],[17.18982,48.152387],[17.190829,48.152272],[17.191267,48.152315],[17.191439,48.152352],[17.191572,48.152465],[17.191747,48.152758]]},"properties":{"n":"Tymiánová"}},{"type":"Feature","geometry":{"type":"MultiLineString","coordinates":[[[17.219227,48.14882],[17.219047,48.147765],[17.223601,48.147434],[17.224348,48.14712],[17.224668,48.147318]],[[17.219147,48.148368],[17.219987,48.148162],[17.220512,48.148124]]]},"properties":{"n":"Jazmínová"}},{"type":"Feature","geometry":{"type":"LineString","coordinates":[[17.184441,48.152884],[17.18373,48.152503],[17.183759,48.152329],[17.183071,48.151944]]},"properties":{"n":"Pod agátmi"}},{"type":"Feature","geometry":{"type":"MultiLineString","coordinates":[[[17.1916,48.153211],[17.191667,48.153627]],[[17.192301,48.153163],[17.192371,48.153569]],[[17.193005,48.153108],[17.193074,48.15352]],[[17.193904,48.154366],[17.193743,48.154237],[17.193682,48.153872],[17.193469,48.153888],[17.193411,48.15355]],[[17.193682,48.153872],[17.194027,48.153898],[17.194158,48.154125],[17.194308,48.154224]],[[17.193385,48.154665],[17.193047,48.154424],[17.192982,48.153927],[17.193469,48.153888]],[[17.191878,48.154062],[17.19198,48.154006],[17.192982,48.153927]],[[17.192766,48.153944],[17.192714,48.153614]],[[17.192057,48.154],[17.192017,48.153653]],[[17.192304,48.15398],[17.19235,48.154305]]]},"properties":{"n":"Majoránová"}},{"type":"Feature","geometry":{"type":"LineString","coordinates":[[17.202716,48.148405],[17.202739,48.14941]]},"properties":{"n":"Modricová"}},{"type":"Feature","geometry":{"type":"LineString","coordinates":[[17.163523,48.14393],[17.165913,48.144133]]},"properties":{"n":"Bažantia"}},{"type":"Feature","geometry":{"type":"MultiLineString","coordinates":[[[17.166803,48.146028],[17.165886,48.146044],[17.165649,48.146161],[17.165975,48.146375],[17.166978,48.146864],[17.167872,48.147438]],[[17.160167,48.146359],[17.161655,48.145371],[17.16182,48.145339],[17.163239,48.145464],[17.164492,48.145354],[17.165649,48.146161]]]},"properties":{"n":"Kľukatá"}},{"type":"Feature","geometry":{"type":"LineString","coordinates":[[17.128586,48.147631],[17.128674,48.148122]]},"properties":{"n":"Šagátová"}},{"type":"Feature","geometry":{"type":"LineString","coordinates":[[17.135488,48.151165],[17.136109,48.150988],[17.136954,48.15033]]},"properties":{"n":"Gemerská"}},{"type":"Feature","geometry":{"type":"LineString","coordinates":[[17.157971,48.158084],[17.157706,48.159705]]},"properties":{"n":"Čaklovská"}},{"type":"Feature","geometry":{"type":"MultiLineString","coordinates":[[[17.168589,48.147513],[17.168607,48.147017],[17.169191,48.147048]],[[17.168607,48.147017],[17.168617,48.14678]],[[17.167872,48.147438],[17.169864,48.147715],[17.169889,48.147266],[17.170028,48.147055],[17.16992,48.146681]],[[17.169864,48.147715],[17.171274,48.14814]]]},"properties":{"n":"Čečinová"}},{"type":"Feature","geometry":{"type":"LineString","coordinates":[[17.176081,48.15841],[17.17655,48.155759]]},"properties":{"n":"Čmelíkova"}},{"type":"Feature","geometry":{"type":"MultiLineString","coordinates":[[[17.160261,48.152482],[17.160426,48.151461],[17.158595,48.151341]],[[17.160426,48.151461],[17.160569,48.150508]]]},"properties":{"n":"Ďatelinová"}},{"type":"Feature","geometry":{"type":"LineString","coordinates":[[17.171484,48.144762],[17.175637,48.145097]]},"properties":{"n":"Ľaliová"}},{"type":"Feature","geometry":{"type":"LineString","coordinates":[[17.163141,48.1565],[17.155073,48.156192]]},"properties":{"n":"Ľanová"}},{"type":"Feature","geometry":{"type":"MultiLineString","coordinates":[[[17.17259,48.155397],[17.173079,48.155432],[17.173145,48.155027]],[[17.174899,48.155879],[17.176506,48.155986]],[[17.17468,48.155544],[17.174269,48.155516],[17.174203,48.155911]],[[17.173944,48.155092],[17.173881,48.155488],[17.17347,48.155461],[17.173385,48.155984]],[[17.173079,48.155432],[17.17347,48.155461]],[[17.173881,48.155488],[17.174269,48.155516]]]},"properties":{"n":"Šándorova"}},{"type":"Feature","geometry":{"type":"LineString","coordinates":[[17.171267,48.145916],[17.171256,48.145977],[17.17133,48.146021],[17.175387,48.146345]]},"properties":{"n":"Šťastná"}},{"type":"Feature","geometry":{"type":"LineString","coordinates":[[17.161738,48.152591],[17.161598,48.15348],[17.161479,48.153543],[17.159528,48.153408],[17.159422,48.153392],[17.15933,48.153294],[17.159379,48.152965],[17.159483,48.152881],[17.161645,48.15302]]},"properties":{"n":"Šalviová"}},{"type":"Feature","geometry":{"type":"MultiLineString","coordinates":[[[17.175963,48.152294],[17.176163,48.152243],[17.176372,48.152253],[17.176874,48.152379],[17.178205,48.153545],[17.17941,48.155292],[17.179603,48.156196]],[[17.179559,48.155948],[17.178628,48.156177]]]},"properties":{"n":"Štedrá"}},{"type":"Feature","geometry":{"type":"LineString","coordinates":[[17.178495,48.14983],[17.180166,48.149221]]},"properties":{"n":"Štyndlova"}},{"type":"Feature","geometry":{"type":"LineString","coordinates":[[17.168031,48.152016],[17.17021,48.152195]]},"properties":{"n":"Albrechtova"}},{"type":"Feature","geometry":{"type":"LineString","coordinates":[[17.177227,48.158686],[17.176867,48.160933],[17.177335,48.161366]]},"properties":{"n":"Astronomická"}},{"type":"Feature","geometry":{"type":"MultiLineString","coordinates":[[[17.15668,48.156245],[17.15681,48.155232],[17.156839,48.155175],[17.156972,48.155122],[17.159003,48.155275],[17.159104,48.155409],[17.159047,48.155713],[17.15895,48.155786],[17.158825,48.155795],[17.157337,48.155686],[17.157429,48.155147]],[[17.157337,48.155686],[17.156751,48.15564]]]},"properties":{"n":"Astrová"}},{"type":"Feature","geometry":{"type":"MultiLineString","coordinates":[[[17.163054,48.152193],[17.163723,48.152233],[17.163838,48.152191],[17.164983,48.150887],[17.165033,48.150743],[17.163667,48.150614]],[[17.165033,48.150743],[17.165565,48.150821]]]},"properties":{"n":"Azalková"}},{"type":"Feature","geometry":{"type":"LineString","coordinates":[[17.167901,48.152779],[17.167956,48.152858],[17.171172,48.153071]]},"properties":{"n":"Babuškova"}},{"type":"Feature","geometry":{"type":"MultiLineString","coordinates":[[[17.142041,48.159384],[17.143246,48.158078],[17.143501,48.157857]],[[17.152558,48.138689],[17.152708,48.138534],[17.152672,48.138699]],[[17.152708,48.138534],[17.153008,48.138242],[17.153256,48.138085]],[[17.14814,48.152291],[17.149452,48.150175]],[[17.149198,48.150112],[17.148579,48.150989]],[[17.15107,48.145819],[17.149393,48.149581],[17.148579,48.150989],[17.144932,48.156825],[17.144486,48.157464],[17.143712,48.158381],[17.142515,48.159622],[17.140832,48.161502]],[[17.151443,48.144172],[17.151464,48.143595],[17.151385,48.141992],[17.151577,48.141323],[17.152086,48.140252],[17.152324,48.139523],[17.152414,48.138962],[17.152558,48.138689],[17.151727,48.143348],[17.151234,48.144771],[17.149601,48.148936],[17.148928,48.150098],[17.14698,48.15299],[17.144376,48.15716],[17.143801,48.157863],[17.140583,48.161386]],[[17.149984,48.148605],[17.151447,48.144825],[17.151883,48.143397],[17.152222,48.141572],[17.152672,48.138699],[17.152556,48.140203],[17.152681,48.141807],[17.152451,48.143119],[17.151566,48.14443]]]},"properties":{"n":"Bajkalská"}},{"type":"Feature","geometry":{"type":"LineString","coordinates":[[17.171877,48.152722],[17.176134,48.153035]]},"properties":{"n":"Bancíkovej"}},{"type":"Feature","geometry":{"type":"MultiLineString","coordinates":[[[17.17287,48.153759],[17.173497,48.153798]],[[17.174216,48.152891],[17.174058,48.153825],[17.176607,48.153969]]]},"properties":{"n":"Borodáčova"}},{"type":"Feature","geometry":{"type":"LineString","coordinates":[[17.142082,48.161818],[17.142998,48.160818],[17.143669,48.160235]]},"properties":{"n":"Brestová"}},{"type":"Feature","geometry":{"type":"LineString","coordinates":[[17.172132,48.15812],[17.172604,48.155317],[17.172424,48.155304],[17.172167,48.155178]]},"properties":{"n":"Chlumeckého"}},{"type":"Feature","geometry":{"type":"LineString","coordinates":[[17.184581,48.143425],[17.184369,48.143086],[17.18428,48.143022],[17.168454,48.141778],[17.168089,48.141789],[17.168258,48.142112],[17.168822,48.142897],[17.168915,48.143127]]},"properties":{"n":"Domkárska"}},{"type":"Feature","geometry":{"type":"MultiLineString","coordinates":[[[17.180958,48.141323],[17.180534,48.141214],[17.179622,48.141091],[17.171297,48.140334],[17.171475,48.139473],[17.171504,48.138971],[17.171438,48.137684],[17.171482,48.137544],[17.173239,48.135107]],[[17.168423,48.140116],[17.171297,48.140334]]]},"properties":{"n":"Domové role"}},{"type":"Feature","geometry":{"type":"LineString","coordinates":[[17.164785,48.16489],[17.165942,48.158108]]},"properties":{"n":"Dr. Vladimíra Clementisa"}},{"type":"Feature","geometry":{"type":"MultiLineString","coordinates":[[[17.162351,48.161263],[17.16534,48.16148]],[[17.143712,48.158381],[17.147375,48.159863],[17.147806,48.160005],[17.148864,48.160239],[17.160825,48.161134]]]},"properties":{"n":"Drieňová"}},{"type":"Feature","geometry":{"type":"LineString","coordinates":[[17.177125,48.159457],[17.175877,48.159354],[17.175799,48.159457],[17.175686,48.160149],[17.173868,48.160015]]},"properties":{"n":"Družicová"}},{"type":"Feature","geometry":{"type":"MultiLineString","coordinates":[[[17.172345,48.156922],[17.174455,48.157075]],[[17.166788,48.156509],[17.16878,48.156647]],[[17.178857,48.157621],[17.17775,48.157533],[17.177842,48.156955]],[[17.174703,48.157321],[17.174795,48.15677]],[[17.175117,48.157351],[17.175408,48.157372],[17.175677,48.15593]],[[17.175408,48.157372],[17.175847,48.157404]],[[17.175751,48.157976],[17.175847,48.157404],[17.17775,48.157533]],[[17.166753,48.156704],[17.175117,48.157351],[17.175023,48.157905]]]},"properties":{"n":"Exnárova"}},{"type":"Feature","geometry":{"type":"LineString","coordinates":[[17.168881,48.145116],[17.1755,48.14568]]},"properties":{"n":"Farebná"}},{"type":"Feature","geometry":{"type":"LineString","coordinates":[[17.16604,48.143498],[17.169117,48.143749]]},"properties":{"n":"Fibichova"}},{"type":"Feature","geometry":{"type":"MultiLineString","coordinates":[[[17.172706,48.150951],[17.175357,48.15114]],[[17.181048,48.149554],[17.183866,48.147945],[17.185049,48.146969],[17.185879,48.146162],[17.18678,48.145191],[17.18717,48.144862],[17.187587,48.144604],[17.189188,48.143878]],[[17.190437,48.143112],[17.189814,48.143648],[17.189413,48.14391],[17.187622,48.144705],[17.187226,48.144952],[17.186933,48.145195],[17.185163,48.146971],[17.184016,48.147919],[17.183516,48.148253],[17.179951,48.15029],[17.179144,48.150598],[17.178348,48.150783],[17.177254,48.150883],[17.175371,48.150804],[17.154501,48.149555]],[[17.157882,48.149689],[17.176942,48.15081],[17.178106,48.150737],[17.17902,48.150548],[17.179993,48.150149],[17.180965,48.149608]]]},"properties":{"n":"Gagarinova"}},{"type":"Feature","geometry":{"type":"LineString","coordinates":[[17.173868,48.160015],[17.173707,48.161062],[17.173605,48.161419]]},"properties":{"n":"Galaktická"}},{"type":"Feature","geometry":{"type":"LineString","coordinates":[[17.170004,48.151572],[17.171397,48.151667]]},"properties":{"n":"Goláňova"}},{"type":"Feature","geometry":{"type":"LineString","coordinates":[[17.171397,48.151667],[17.171172,48.153071]]},"properties":{"n":"Gregorovej"}},{"type":"Feature","geometry":{"type":"LineString","coordinates":[[17.163751,48.142662],[17.168915,48.143127]]},"properties":{"n":"Gruzínska"}},{"type":"Feature","geometry":{"type":"MultiLineString","coordinates":[[[17.149352,48.162318],[17.152054,48.162523],[17.151918,48.163406],[17.152814,48.163506],[17.152859,48.163539],[17.152878,48.163741]],[[17.152054,48.162523],[17.154427,48.162707],[17.1548,48.160695]],[[17.154427,48.162707],[17.154901,48.162759],[17.155127,48.162682],[17.155365,48.162705],[17.155973,48.162558]],[[17.154901,48.162759],[17.155242,48.163249]]]},"properties":{"n":"Haburská"}},{"type":"Feature","geometry":{"type":"LineString","coordinates":[[17.170823,48.157002],[17.171043,48.155331]]},"properties":{"n":"Štefunkova"}},{"type":"Feature","geometry":{"type":"LineString","coordinates":[[17.156527,48.157126],[17.155967,48.160778]]},"properties":{"n":"Herlianska"}},{"type":"Feature","geometry":{"type":"LineString","coordinates":[[17.163029,48.146273],[17.165594,48.146575],[17.16569,48.14657],[17.165975,48.146375]]},"properties":{"n":"Hríbová"}},{"type":"Feature","geometry":{"type":"MultiLineString","coordinates":[[[17.179485,48.146758],[17.179282,48.146392],[17.178767,48.145716],[17.178503,48.145445],[17.177866,48.14493]],[[17.1763,48.148917],[17.176062,48.148611],[17.176286,48.148367],[17.179485,48.146758],[17.179699,48.14718],[17.180022,48.147596]],[[17.180087,48.146412],[17.184413,48.14423],[17.184763,48.143919]]]},"properties":{"n":"Hrachová"}},{"type":"Feature","geometry":{"type":"LineString","coordinates":[[17.157882,48.149689],[17.158037,48.14816],[17.158166,48.14749],[17.158381,48.147221],[17.160435,48.145307],[17.16065,48.144988],[17.160838,48.14458],[17.160988,48.142536]]},"properties":{"n":"Hraničná"}},{"type":"Feature","geometry":{"type":"LineString","coordinates":[[17.174268,48.157986],[17.174422,48.157301],[17.174795,48.154876]]},"properties":{"n":"Ivana Horvátha"}},{"type":"Feature","geometry":{"type":"MultiLineString","coordinates":[[[17.16711,48.164661],[17.167162,48.164303],[17.164929,48.164133]],[[17.167162,48.164303],[17.16749,48.162573]],[[17.167331,48.163419],[17.165965,48.163333]]]},"properties":{"n":"Mesačná"}},{"type":"Feature","geometry":{"type":"MultiLineString","coordinates":[[[17.165861,48.154786],[17.165668,48.155652]],[[17.166601,48.15771],[17.167297,48.15347]]]},"properties":{"n":"Jašíkova"}},{"type":"Feature","geometry":{"type":"LineString","coordinates":[[17.165691,48.14539],[17.166133,48.142864]]},"properties":{"n":"Jabloňová"}},{"type":"Feature","geometry":{"type":"MultiLineString","coordinates":[[[17.167069,48.160021],[17.166192,48.159962],[17.166134,48.16025]],[[17.166518,48.157872],[17.166192,48.159962]]]},"properties":{"n":"Jadrová"}},{"type":"Feature","geometry":{"type":"MultiLineString","coordinates":[[[17.166811,48.138949],[17.166152,48.139317],[17.166151,48.139217],[17.165887,48.138665],[17.165898,48.138596],[17.166266,48.138374],[17.167298,48.138013],[17.168352,48.137301],[17.168595,48.137032],[17.168788,48.136494],[17.169234,48.135874]],[[17.1655,48.139665],[17.166152,48.139317]],[[17.162426,48.139478],[17.162881,48.139658],[17.163491,48.139798],[17.164412,48.139884],[17.164834,48.13983]]]},"properties":{"n":"Jastrabia"}},{"type":"Feature","geometry":{"type":"LineString","coordinates":[[17.162526,48.164232],[17.164272,48.164368]]},"properties":{"n":"Jesenná"}},{"type":"Feature","geometry":{"type":"LineString","coordinates":[[17.166065,48.150167],[17.167091,48.148702],[17.167872,48.147438],[17.168159,48.145577]]},"properties":{"n":"Kaštieľska"}},{"type":"Feature","geometry":{"type":"LineString","coordinates":[[17.159131,48.158549],[17.161097,48.158675]]},"properties":{"n":"Kapušianska"}},{"type":"Feature","geometry":{"type":"LineString","coordinates":[[17.169636,48.146276],[17.17018,48.143242]]},"properties":{"n":"Kláštorská"}},{"type":"Feature","geometry":{"type":"LineString","coordinates":[[17.162337,48.149185],[17.163239,48.145464],[17.163799,48.142415]]},"properties":{"n":"Kladnianska"}},{"type":"Feature","geometry":{"type":"LineString","coordinates":[[17.149979,48.157491],[17.161148,48.158301]]},"properties":{"n":"Komárnická"}},{"type":"Feature","geometry":{"type":"LineString","coordinates":[[17.171166,48.148892],[17.171274,48.14814],[17.170433,48.146166],[17.170956,48.143293]]},"properties":{"n":"Konopná"}},{"type":"Feature","geometry":{"type":"LineString","coordinates":[[17.168197,48.150958],[17.167901,48.152779]]},"properties":{"n":"Kostlivého"}},{"type":"Feature","geometry":{"type":"LineString","coordinates":[[17.163419,48.16197],[17.1631,48.163999]]},"properties":{"n":"Kozmonautická"}},{"type":"Feature","geometry":{"type":"LineString","coordinates":[[17.164492,48.145354],[17.164858,48.14532],[17.168159,48.145577]]},"properties":{"n":"Krásna"}},{"type":"Feature","geometry":{"type":"LineString","coordinates":[[17.189188,48.143878],[17.189906,48.142982],[17.191418,48.141286],[17.191905,48.140817],[17.189782,48.139302]]},"properties":{"n":"Krajinská cesta"}},{"type":"Feature","geometry":{"type":"LineString","coordinates":[[17.170904,48.147284],[17.175148,48.147634]]},"properties":{"n":"Listová"}},{"type":"Feature","geometry":{"type":"LineString","coordinates":[[17.170144,48.150758],[17.171383,48.150826]]},"properties":{"n":"Martákovej"}},{"type":"Feature","geometry":{"type":"LineString","coordinates":[[17.162087,48.146735],[17.162416,48.145389],[17.162665,48.142613]]},"properties":{"n":"Martinská"}},{"type":"Feature","geometry":{"type":"MultiLineString","coordinates":[[[17.159866,48.161045],[17.160069,48.159878],[17.160898,48.159939]],[[17.156148,48.159605],[17.159334,48.159814],[17.159125,48.161013]],[[17.159334,48.159814],[17.160069,48.159878]]]},"properties":{"n":"Medzilaborecká"}},{"type":"Feature","geometry":{"type":"LineString","coordinates":[[17.16253,48.164729],[17.164225,48.164682],[17.164421,48.163453]]},"properties":{"n":"Meteorová"}},{"type":"Feature","geometry":{"type":"MultiLineString","coordinates":[[[17.185352,48.145553],[17.184621,48.145965],[17.185639,48.145727],[17.185352,48.145553],[17.185555,48.145401],[17.186057,48.144859],[17.186378,48.14466]],[[17.185639,48.145727],[17.186565,48.145564]],[[17.154524,48.149481],[17.156315,48.149397],[17.157391,48.149291],[17.158689,48.148894],[17.15936,48.148793],[17.162802,48.149212],[17.164989,48.149129],[17.165736,48.149151],[17.170337,48.149854],[17.173357,48.149817],[17.174225,48.149657],[17.184621,48.145965]]]},"properties":{"n":"Mierová"}},{"type":"Feature","geometry":{"type":"MultiLineString","coordinates":[[[17.173357,48.149817],[17.173375,48.150146],[17.173414,48.150183],[17.174332,48.150516]],[[17.175357,48.15114],[17.175779,48.151109],[17.177044,48.151744],[17.177714,48.152175],[17.17832,48.152658],[17.179021,48.153411],[17.180709,48.15591],[17.181297,48.156445],[17.18236,48.15728]]]},"properties":{"n":"Mlynské luhy"}},{"type":"Feature","geometry":{"type":"LineString","coordinates":[[17.151469,48.157581],[17.15118,48.159217]]},"properties":{"n":"Moldavská"}},{"type":"Feature","geometry":{"type":"MultiLineString","coordinates":[[[17.159447,48.150409],[17.15936,48.150972],[17.157553,48.150833],[17.157629,48.150283],[17.159928,48.150453],[17.159845,48.150923],[17.159796,48.15099],[17.15936,48.150972]],[[17.159928,48.150453],[17.160569,48.150508]]]},"properties":{"n":"Muškátová"}},{"type":"Feature","geometry":{"type":"LineString","coordinates":[[17.144139,48.162639],[17.145476,48.161156]]},"properties":{"n":"Na paši"}},{"type":"Feature","geometry":{"type":"LineString","coordinates":[[17.18236,48.15728],[17.18769,48.154283],[17.18778,48.154163],[17.187776,48.154053],[17.187397,48.153748],[17.187326,48.153656],[17.187335,48.153561]]},"properties":{"n":"Na piesku"}},{"type":"Feature","geometry":{"type":"MultiLineString","coordinates":[[[17.16144,48.154444],[17.161349,48.155138],[17.161162,48.155978],[17.16038,48.155918],[17.160405,48.155772]],[[17.16038,48.155918],[17.159494,48.155891],[17.159533,48.155726],[17.160405,48.155772],[17.160656,48.154424],[17.160709,48.154383],[17.161978,48.154498]]]},"properties":{"n":"Narcisová"}},{"type":"Feature","geometry":{"type":"LineString","coordinates":[[17.15484,48.152112],[17.161738,48.152591],[17.163944,48.152799]]},"properties":{"n":"Nevädzová"}},{"type":"Feature","geometry":{"type":"LineString","coordinates":[[17.151308,48.15013],[17.152568,48.150235],[17.152302,48.15181],[17.152185,48.151848],[17.151477,48.151784],[17.151455,48.151718],[17.151723,48.150175]]},"properties":{"n":"Nezábudková"}},{"type":"Feature","geometry":{"type":"MultiLineString","coordinates":[[[17.186299,48.144577],[17.187525,48.143338]],[[17.187881,48.143003],[17.188525,48.142301],[17.188817,48.141783],[17.188929,48.14146],[17.18906,48.140991],[17.189064,48.140679],[17.188939,48.140491],[17.188686,48.140337]]]},"properties":{"n":"Nové záhrady I"}},{"type":"Feature","geometry":{"type":"LineString","coordinates":[[17.184763,48.143919],[17.185352,48.144133],[17.186299,48.144577]]},"properties":{"n":"Nové záhrady II"}},{"type":"Feature","geometry":{"type":"MultiLineString","coordinates":[[[17.185352,48.144133],[17.186439,48.143004]],[[17.186887,48.142596],[17.187189,48.142286]]]},"properties":{"n":"Nové záhrady III"}},{"type":"Feature","geometry":{"type":"MultiLineString","coordinates":[[[17.185744,48.142308],[17.186209,48.141832]],[[17.185308,48.142719],[17.184581,48.143425],[17.184763,48.143919]]]},"properties":{"n":"Nové záhrady IV"}},{"type":"Feature","geometry":{"type":"LineString","coordinates":[[17.181866,48.141598],[17.183995,48.142258],[17.18438,48.142273],[17.184661,48.142125],[17.186117,48.141084],[17.186924,48.140663],[17.187737,48.14032],[17.188032,48.140251],[17.188363,48.140238],[17.188686,48.140337]]},"properties":{"n":"Nové záhrady V"}},{"type":"Feature","geometry":{"type":"LineString","coordinates":[[17.18964,48.143313],[17.187189,48.142286],[17.186209,48.141832],[17.185575,48.141448]]},"properties":{"n":"Nové záhrady VI"}},{"type":"Feature","geometry":{"type":"LineString","coordinates":[[17.186903,48.142153],[17.188686,48.140337],[17.189782,48.139302]]},"properties":{"n":"Nové záhrady VII"}},{"type":"Feature","geometry":{"type":"LineString","coordinates":[[17.173812,48.160333],[17.17616,48.160483]]},"properties":{"n":"Obežná"}},{"type":"Feature","geometry":{"type":"MultiLineString","coordinates":[[[17.175981,48.153933],[17.176212,48.152548],[17.176092,48.152355],[17.175963,48.152294],[17.175204,48.152082],[17.175357,48.15114],[17.175371,48.150804]],[[17.172638,48.151356],[17.175204,48.152082]]]},"properties":{"n":"Ondrejovova"}},{"type":"Feature","geometry":{"type":"LineString","coordinates":[[17.16804,48.146364],[17.16886,48.146369],[17.170433,48.146166]]},"properties":{"n":"Orechový rad"}},{"type":"Feature","geometry":{"type":"LineString","coordinates":[[17.161669,48.148443],[17.161983,48.147235]]},"properties":{"n":"Oriešková"}},{"type":"Feature","geometry":{"type":"MultiLineString","coordinates":[[[17.174332,48.150516],[17.175342,48.149416],[17.175411,48.149297],[17.175381,48.149238]],[[17.175342,48.149416],[17.175379,48.150596]]]},"properties":{"n":"Osvetová"}},{"type":"Feature","geometry":{"type":"LineString","coordinates":[[17.173026,48.148275],[17.172403,48.14823]]},"properties":{"n":"Párna"}},{"type":"Feature","geometry":{"type":"MultiLineString","coordinates":[[[17.150628,48.152006],[17.150115,48.15321],[17.150263,48.153411],[17.150451,48.153512],[17.150765,48.153576],[17.150976,48.153565],[17.152226,48.153159],[17.154481,48.15325]],[[17.147344,48.154543],[17.147754,48.154645],[17.148059,48.154153],[17.148617,48.154233],[17.148888,48.15414],[17.149207,48.153918],[17.149551,48.153892],[17.149826,48.153685],[17.150115,48.15321]],[[17.148572,48.153724],[17.149207,48.153918]]]},"properties":{"n":"Pažítková"}},{"type":"Feature","geometry":{"type":"LineString","coordinates":[[17.161631,48.156426],[17.162289,48.152638]]},"properties":{"n":"Papraďová"}},{"type":"Feature","geometry":{"type":"LineString","coordinates":[[17.168644,48.146368],[17.169117,48.143749],[17.168915,48.143127]]},"properties":{"n":"Parková"}},{"type":"Feature","geometry":{"type":"LineString","coordinates":[[17.167521,48.150917],[17.170083,48.151052]]},"properties":{"n":"Peterská"}},{"type":"Feature","geometry":{"type":"LineString","coordinates":[[17.154471,48.149737],[17.153098,48.149644],[17.152989,48.150304],[17.153101,48.150376],[17.152636,48.15295]]},"properties":{"n":"Pivoňková"}},{"type":"Feature","geometry":{"type":"MultiLineString","coordinates":[[[17.172341,48.162434],[17.171154,48.162342],[17.170907,48.163738]],[[17.169912,48.162242],[17.171154,48.162342]]]},"properties":{"n":"Planét"}},{"type":"Feature","geometry":{"type":"MultiLineString","coordinates":[[[17.170374,48.150492],[17.170188,48.150588],[17.170157,48.150648],[17.169955,48.150467]],[[17.170157,48.150648],[17.169919,48.152171]]]},"properties":{"n":"Podlučinského"}},{"type":"Feature","geometry":{"type":"LineString","coordinates":[[17.170557,48.159769],[17.172257,48.159889],[17.172489,48.158519]]},"properties":{"n":"Polárna"}},{"type":"Feature","geometry":{"type":"LineString","coordinates":[[17.171081,48.162705],[17.172897,48.162843]]},"properties":{"n":"Poludníková"}},{"type":"Feature","geometry":{"type":"LineString","coordinates":[[17.17832,48.152658],[17.180291,48.151596]]},"properties":{"n":"Prúdová"}},{"type":"Feature","geometry":{"type":"LineString","coordinates":[[17.168746,48.157409],[17.169227,48.154453]]},"properties":{"n":"Bachova"}},{"type":"Feature","geometry":{"type":"LineString","coordinates":[[17.162389,48.161891],[17.165249,48.162114]]},"properties":{"n":"Radarová"}},{"type":"Feature","geometry":{"type":"MultiLineString","coordinates":[[[17.171149,48.149166],[17.171166,48.148892]],[[17.171057,48.149862],[17.171149,48.149166],[17.17172,48.14898],[17.171949,48.14984]],[[17.172276,48.149841],[17.17221,48.150396]]]},"properties":{"n":"Radničné nám."}},{"type":"Feature","geometry":{"type":"LineString","coordinates":[[17.174792,48.16231],[17.175117,48.160413]]},"properties":{"n":"Raketová"}},{"type":"Feature","geometry":{"type":"MultiLineString","coordinates":[[[17.160372,48.151774],[17.162056,48.151899],[17.162135,48.151845],[17.162309,48.150575],[17.162248,48.150528],[17.160763,48.150399],[17.160641,48.150431],[17.160569,48.150508]],[[17.163667,48.150614],[17.16343,48.150639],[17.163316,48.150697],[17.163054,48.152193]],[[17.163309,48.15072],[17.162959,48.150962]]]},"properties":{"n":"Rezedová"}},{"type":"Feature","geometry":{"type":"LineString","coordinates":[[17.171267,48.145916],[17.171755,48.143354]]},"properties":{"n":"Rovná"}},{"type":"Feature","geometry":{"type":"MultiLineString","coordinates":[[[17.168105,48.159887],[17.167426,48.159835],[17.167267,48.160831]],[[17.166236,48.159744],[17.167426,48.159835]]]},"properties":{"n":"Rovníková"}},{"type":"Feature","geometry":{"type":"LineString","coordinates":[[17.171594,48.144203],[17.17574,48.14453]]},"properties":{"n":"Ružičková"}},{"type":"Feature","geometry":{"type":"MultiLineString","coordinates":[[[17.17178,48.158469],[17.173306,48.1586],[17.173213,48.159354],[17.174506,48.159461],[17.17454,48.159236]],[[17.153595,48.156143],[17.154228,48.155591],[17.155983,48.15571]],[[17.14536,48.156142],[17.154937,48.156834]],[[17.155166,48.155654],[17.154937,48.156834],[17.17864,48.158603],[17.179071,48.158689],[17.179216,48.158865],[17.179222,48.159032],[17.179047,48.159198],[17.178917,48.159256],[17.178662,48.159275],[17.177504,48.158752],[17.177227,48.158686],[17.145273,48.156286]]]},"properties":{"n":"Ružinovská"}},{"type":"Feature","geometry":{"type":"LineString","coordinates":[[17.159604,48.148232],[17.1601,48.147104],[17.160153,48.146858],[17.160344,48.146406]]},"properties":{"n":"Ružomberská"}},{"type":"Feature","geometry":{"type":"LineString","coordinates":[[17.154424,48.150022],[17.15657,48.150186],[17.156664,48.15028],[17.156607,48.150658],[17.156549,48.150731],[17.156417,48.150752],[17.15433,48.150571],[17.154301,48.150502],[17.154357,48.150168],[17.154424,48.150022],[17.154501,48.149555]]},"properties":{"n":"Rumančeková"}},{"type":"Feature","geometry":{"type":"LineString","coordinates":[[17.172963,48.148593],[17.173889,48.143538]]},"properties":{"n":"Súľovská"}},{"type":"Feature","geometry":{"type":"LineString","coordinates":[[17.176867,48.160933],[17.175052,48.160783]]},"properties":{"n":"Súhvezdná"}},{"type":"Feature","geometry":{"type":"MultiLineString","coordinates":[[[17.17178,48.158469],[17.171719,48.158795],[17.171608,48.15885],[17.170696,48.1588],[17.170669,48.158987],[17.171658,48.159048]],[[17.170669,48.158987],[17.170557,48.159769]],[[17.170696,48.1588],[17.169336,48.158703],[17.169164,48.159746]],[[17.166434,48.158469],[17.169336,48.158703]]]},"properties":{"n":"Súmračná"}},{"type":"Feature","geometry":{"type":"MultiLineString","coordinates":[[[17.146007,48.16341],[17.148864,48.160239],[17.149338,48.157962],[17.149307,48.157699],[17.149446,48.156911]],[[17.148393,48.160784],[17.149039,48.161052],[17.149419,48.161374],[17.149498,48.161547],[17.149464,48.161748]]]},"properties":{"n":"Sabinovská"}},{"type":"Feature","geometry":{"type":"LineString","coordinates":[[17.158917,48.15978],[17.159184,48.158158]]},"properties":{"n":"Sečovská"}},{"type":"Feature","geometry":{"type":"LineString","coordinates":[[17.156864,48.152248],[17.156601,48.154015],[17.156779,48.154093],[17.158689,48.154216]]},"properties":{"n":"Sedmokrásková"}},{"type":"Feature","geometry":{"type":"LineString","coordinates":[[17.162488,48.148547],[17.160496,48.148288],[17.158037,48.14816]]},"properties":{"n":"Sinokvetná"}},{"type":"Feature","geometry":{"type":"LineString","coordinates":[[17.171208,48.147978],[17.171543,48.147947],[17.172065,48.147986],[17.172199,48.148037],[17.172403,48.14823]]},"properties":{"n":"Sladová"}},{"type":"Feature","geometry":{"type":"LineString","coordinates":[[17.170614,48.146603],[17.17526,48.146977]]},"properties":{"n":"Slivková"}},{"type":"Feature","geometry":{"type":"MultiLineString","coordinates":[[[17.152434,48.159308],[17.15273,48.157667]],[[17.151295,48.158575],[17.152559,48.158665]]]},"properties":{"n":"Smolnícka"}},{"type":"Feature","geometry":{"type":"MultiLineString","coordinates":[[[17.154651,48.157833],[17.154601,48.158201],[17.152653,48.158047]],[[17.154601,48.158201],[17.153894,48.162666]]]},"properties":{"n":"Solivarská"}},{"type":"Feature","geometry":{"type":"MultiLineString","coordinates":[[[17.169688,48.163197],[17.169554,48.16424],[17.167838,48.164124],[17.168013,48.163146],[17.168167,48.163081],[17.169688,48.163197],[17.169795,48.162546],[17.169912,48.162242]],[[17.168592,48.164175],[17.168775,48.163125]],[[17.166244,48.16282],[17.166285,48.162474],[17.167741,48.162574]],[[17.166353,48.162032],[17.166285,48.162474]]]},"properties":{"n":"Sputniková"}},{"type":"Feature","geometry":{"type":"LineString","coordinates":[[17.163257,48.162984],[17.165096,48.163121]]},"properties":{"n":"Stálicová"}},{"type":"Feature","geometry":{"type":"LineString","coordinates":[[17.159485,48.146215],[17.16289,48.146887],[17.166425,48.147315],[17.167746,48.14767]]},"properties":{"n":"Stachanovská"}},{"type":"Feature","geometry":{"type":"MultiLineString","coordinates":[[[17.162699,48.147695],[17.162898,48.147717],[17.163223,48.147852],[17.163261,48.147657],[17.16341,48.147589],[17.163964,48.147654]],[[17.166275,48.148121],[17.166815,48.147409]],[[17.163223,48.147852],[17.164448,48.148334],[17.165954,48.148494],[17.166128,48.148442],[17.166275,48.148121],[17.165475,48.148051],[17.165402,48.148134]],[[17.164755,48.148367],[17.164903,48.14778],[17.164339,48.147699],[17.164273,48.147911]]]},"properties":{"n":"Staré záhrady"}},{"type":"Feature","geometry":{"type":"MultiLineString","coordinates":[[[17.179273,48.150927],[17.179367,48.152106],[17.184403,48.156118]],[[17.177456,48.148517],[17.178954,48.150438]]]},"properties":{"n":"Strojnícka"}},{"type":"Feature","geometry":{"type":"LineString","coordinates":[[17.15004,48.157013],[17.149919,48.157888],[17.149945,48.158012],[17.150487,48.15878]]},"properties":{"n":"Stropkovská"}},{"type":"Feature","geometry":{"type":"LineString","coordinates":[[17.17172,48.14898],[17.172963,48.148593],[17.175071,48.148063]]},"properties":{"n":"Struková"}},{"type":"Feature","geometry":{"type":"MultiLineString","coordinates":[[[17.149089,48.159085],[17.154412,48.15946]],[[17.153627,48.1594],[17.153397,48.160588]],[[17.152857,48.15934],[17.152642,48.16053]]]},"properties":{"n":"Svidnícka"}},{"type":"Feature","geometry":{"type":"LineString","coordinates":[[17.168915,48.143127],[17.175822,48.143721]]},"properties":{"n":"Syslia"}},{"type":"Feature","geometry":{"type":"LineString","coordinates":[[17.175381,48.149238],[17.175071,48.148547],[17.175071,48.148063],[17.175862,48.143912],[17.17588,48.143778],[17.175822,48.143721]]},"properties":{"n":"Telocvičná"}},{"type":"Feature","geometry":{"type":"MultiLineString","coordinates":[[[17.142806,48.161037],[17.148961,48.163568],[17.149681,48.163644],[17.150017,48.163782]],[[17.141555,48.160689],[17.142699,48.161153]]]},"properties":{"n":"Teslova"}},{"type":"Feature","geometry":{"type":"LineString","coordinates":[[17.147971,48.161264],[17.149425,48.161773],[17.153983,48.162076]]},"properties":{"n":"Tokajícka"}},{"type":"Feature","geometry":{"type":"MultiLineString","coordinates":[[[17.150423,48.165423],[17.150944,48.164677],[17.151112,48.16455],[17.151557,48.164322],[17.152339,48.164107],[17.151491,48.164406],[17.151301,48.164515],[17.151051,48.164779],[17.150583,48.165486]],[[17.16602,48.150238],[17.165565,48.150821],[17.164234,48.152322],[17.163755,48.153204],[17.163546,48.153894],[17.162904,48.157952],[17.162767,48.158547],[17.162313,48.159581],[17.162073,48.159977],[17.161787,48.160294],[17.160825,48.161134],[17.159916,48.161687],[17.159277,48.161977],[17.157799,48.162479],[17.152339,48.164107]]]},"properties":{"n":"Tomášikova"}},{"type":"Feature","geometry":{"type":"LineString","coordinates":[[17.161148,48.158301],[17.160898,48.159939],[17.160685,48.160974]]},"properties":{"n":"Trebišovská"}},{"type":"Feature","geometry":{"type":"MultiLineString","coordinates":[[[17.150684,48.165309],[17.150158,48.165078],[17.150431,48.165089],[17.150706,48.16499]],[[17.150158,48.165078],[17.145024,48.163007],[17.145075,48.163067],[17.145707,48.163331],[17.145711,48.1635]],[[17.150583,48.165486],[17.143474,48.162588],[17.143343,48.162725]],[[17.157725,48.165053],[17.153489,48.165134],[17.152747,48.164985],[17.151594,48.164573],[17.151421,48.164551],[17.151208,48.164599]],[[17.157627,48.163745],[17.157725,48.165053],[17.159226,48.16501],[17.159233,48.163363]],[[17.133294,48.158763],[17.133922,48.158831],[17.13528,48.159353]],[[17.128179,48.158119],[17.130381,48.158197],[17.133383,48.158435],[17.133802,48.158503],[17.135355,48.159083],[17.140718,48.161233],[17.145024,48.163007]],[[17.152016,48.16586],[17.152476,48.165772],[17.152844,48.165379],[17.153134,48.165229],[17.153489,48.165134]],[[17.132797,48.158389],[17.133196,48.157936]],[[17.143474,48.162588],[17.13413,48.158785],[17.133643,48.158661],[17.130879,48.158429],[17.131084,48.158588]],[[17.130879,48.158429],[17.129803,48.158337]],[[17.159226,48.16501],[17.169025,48.164809]]]},"properties":{"n":"Trnavská cesta"}},{"type":"Feature","geometry":{"type":"MultiLineString","coordinates":[[[17.173279,48.163237],[17.172897,48.162843],[17.173005,48.162176],[17.174792,48.16231]],[[17.173131,48.161381],[17.173005,48.162176]]]},"properties":{"n":"Uránová"}},{"type":"Feature","geometry":{"type":"MultiLineString","coordinates":[[[17.171561,48.153839],[17.172486,48.153903]],[[17.163755,48.153204],[17.171561,48.153839],[17.171603,48.153673],[17.17287,48.153759]]]},"properties":{"n":"Seberíniho"}},{"type":"Feature","geometry":{"type":"LineString","coordinates":[[17.167366,48.14828],[17.17172,48.14898]]},"properties":{"n":"Včelárska"}},{"type":"Feature","geometry":{"type":"LineString","coordinates":[[17.164492,48.145354],[17.164473,48.145277],[17.164989,48.142404]]},"properties":{"n":"Varínska"}},{"type":"Feature","geometry":{"type":"LineString","coordinates":[[17.177347,48.155578],[17.178075,48.156574]]},"properties":{"n":"Vavrínová"}},{"type":"Feature","geometry":{"type":"MultiLineString","coordinates":[[[17.159793,48.128926],[17.158861,48.128798]],[[17.174205,48.128725],[17.174204,48.128556],[17.174287,48.128488],[17.174424,48.128473],[17.177278,48.128559],[17.177232,48.129391]],[[17.166011,48.128309],[17.162713,48.128174]],[[17.164301,48.127577],[17.162922,48.127552],[17.162855,48.127656],[17.162713,48.128174],[17.162713,48.128466],[17.163004,48.128828],[17.163544,48.129327],[17.165242,48.128915],[17.165934,48.128836],[17.166011,48.128309],[17.170173,48.128472],[17.170133,48.129005],[17.17206,48.129087],[17.171935,48.130087],[17.174523,48.131222],[17.175591,48.130242]],[[17.180564,48.13022],[17.180524,48.130642],[17.1804,48.13083],[17.18036,48.131359],[17.180911,48.13136],[17.181096,48.13127],[17.181151,48.131195],[17.18117,48.130414],[17.181096,48.130245],[17.178402,48.130148],[17.178307,48.130092],[17.178254,48.129985],[17.178305,48.129384]],[[17.179779,48.13021],[17.179912,48.130321],[17.179849,48.131197],[17.179684,48.131327],[17.18036,48.131359]],[[17.165934,48.128836],[17.167519,48.128755],[17.168302,48.128846],[17.169023,48.129045],[17.1693,48.12898],[17.170133,48.129005]],[[17.174038,48.130297],[17.174205,48.128725],[17.173524,48.128706],[17.173301,48.128604],[17.172757,48.128551],[17.170173,48.128472],[17.170206,48.128005]],[[17.166888,48.127939],[17.169476,48.127972],[17.172877,48.128104]],[[17.169348,48.128447],[17.169353,48.127992]],[[17.17206,48.129087],[17.174139,48.129148]],[[17.169861,48.129002],[17.169825,48.129326],[17.171935,48.130087]],[[17.149565,48.12059],[17.14933,48.120754],[17.149325,48.120861],[17.150715,48.122337],[17.150751,48.122486],[17.151306,48.123088],[17.152724,48.124197],[17.152859,48.124496],[17.153058,48.124623],[17.153513,48.124669],[17.153771,48.124623],[17.154096,48.124445],[17.154188,48.124309],[17.154168,48.123971],[17.15436,48.123636],[17.154463,48.123263],[17.154901,48.122966],[17.155298,48.122793],[17.155711,48.12271],[17.156598,48.122776],[17.158173,48.122962],[17.158566,48.123112],[17.15865,48.123187],[17.159409,48.12466],[17.159544,48.124948],[17.159561,48.125158],[17.158787,48.128707],[17.158731,48.128763],[17.15894,48.128856],[17.158973,48.12896],[17.158861,48.129423],[17.158916,48.129587],[17.159156,48.129795],[17.160327,48.129935],[17.161334,48.12989],[17.161909,48.12975],[17.161986,48.127596],[17.162168,48.126868],[17.162216,48.126443],[17.162387,48.123646],[17.162258,48.123293],[17.162104,48.123111],[17.161451,48.122592],[17.161399,48.122374],[17.161418,48.122173],[17.16152,48.122003],[17.161925,48.121682],[17.163914,48.117115],[17.163916,48.117],[17.163859,48.116904],[17.163548,48.116735],[17.16294,48.116521],[17.163075,48.116152],[17.164228,48.115779],[17.164609,48.115561],[17.166188,48.11205],[17.167528,48.108876],[17.167533,48.108754],[17.167373,48.108205],[17.167449,48.107914],[17.168398,48.106166]],[[17.161909,48.12975],[17.163544,48.129327]],[[17.158731,48.128763],[17.157566,48.128559]],[[17.169023,48.129045],[17.169825,48.129326]],[[17.17762,48.130849],[17.177728,48.131091],[17.178037,48.131264],[17.179684,48.131327]]]},"properties":{"n":"Vlčie hrdlo"}},{"type":"Feature","geometry":{"type":"LineString","coordinates":[[17.169025,48.164809],[17.170001,48.164679],[17.170639,48.164447],[17.176984,48.161544],[17.180502,48.159761],[17.181897,48.159835],[17.184207,48.159822],[17.184716,48.159805],[17.1856,48.159637]]},"properties":{"n":"Vrakunská cesta"}},{"type":"Feature","geometry":{"type":"LineString","coordinates":[[17.16013,48.14696],[17.16278,48.147354]]},"properties":{"n":"Vyšná"}},{"type":"Feature","geometry":{"type":"LineString","coordinates":[[17.166309,48.159343],[17.168175,48.159472]]},"properties":{"n":"Západná"}},{"type":"Feature","geometry":{"type":"MultiLineString","coordinates":[[[17.155838,48.161117],[17.155677,48.162153]],[[17.154047,48.161685],[17.155331,48.161788],[17.155456,48.16109],[17.156649,48.161176],[17.156485,48.162249]],[[17.156649,48.161176],[17.157464,48.161245],[17.157316,48.16216]],[[17.155456,48.16109],[17.155514,48.160747]]]},"properties":{"n":"Zálužická"}},{"type":"Feature","geometry":{"type":"LineString","coordinates":[[17.165029,48.163499],[17.163207,48.163373]]},"properties":{"n":"Zimná"}},{"type":"Feature","geometry":{"type":"MultiLineString","coordinates":[[[17.171718,48.162042],[17.171854,48.161281],[17.17013,48.161159],[17.170274,48.160343]],[[17.171854,48.161281],[17.174456,48.161487]],[[17.165462,48.160815],[17.17013,48.161159]]]},"properties":{"n":"Ostredková"}},{"type":"Feature","geometry":{"type":"LineString","coordinates":[[17.154838,48.133421],[17.155462,48.134249],[17.155543,48.134495],[17.156092,48.134789],[17.158243,48.136558],[17.159785,48.137382],[17.160067,48.137679],[17.161713,48.138897],[17.162173,48.13935],[17.162174,48.139549],[17.161922,48.140218],[17.161876,48.140811],[17.161893,48.140942],[17.162028,48.141186]]},"properties":{"n":"Komárňanská"}},{"type":"Feature","geometry":{"type":"MultiLineString","coordinates":[[[17.15172,48.137129],[17.150985,48.137947],[17.15067,48.13813],[17.150299,48.138269],[17.14999,48.138353],[17.149566,48.138389],[17.147832,48.138318],[17.147708,48.13838],[17.147667,48.138584],[17.147489,48.1388],[17.147333,48.138903],[17.146242,48.139157],[17.146822,48.139417],[17.147229,48.13953],[17.151859,48.140137]],[[17.146087,48.13919],[17.146242,48.139157]]]},"properties":{"n":"Alejová"}},{"type":"Feature","geometry":{"type":"LineString","coordinates":[[17.13296,48.1447],[17.135853,48.144401]]},"properties":{"n":"Alešova"}},{"type":"Feature","geometry":{"type":"LineString","coordinates":[[17.126709,48.152904],[17.128045,48.152394],[17.12882,48.152196],[17.129767,48.15237],[17.130461,48.152668]]},"properties":{"n":"Bazová"}},{"type":"Feature","geometry":{"type":"LineString","coordinates":[[17.12776,48.154739],[17.126562,48.155503]]},"properties":{"n":"Cyrilova"}},{"type":"Feature","geometry":{"type":"LineString","coordinates":[[17.159777,48.139835],[17.161151,48.140196],[17.161241,48.140041],[17.161922,48.140218]]},"properties":{"n":"Čalovská"}},{"type":"Feature","geometry":{"type":"LineString","coordinates":[[17.134727,48.14369],[17.135041,48.144998]]},"properties":{"n":"Čipkárska"}},{"type":"Feature","geometry":{"type":"LineString","coordinates":[[17.135253,48.143968],[17.135476,48.144954]]},"properties":{"n":"Gusevova"}},{"type":"Feature","geometry":{"type":"LineString","coordinates":[[17.133419,48.153246],[17.133545,48.152866],[17.132744,48.152755],[17.132619,48.153138]]},"properties":{"n":"Daxnerovo nám."}},{"type":"Feature","geometry":{"type":"LineString","coordinates":[[17.132422,48.154615],[17.132298,48.155038],[17.132214,48.155169],[17.131134,48.156419]]},"properties":{"n":"Dohnányho"}},{"type":"Feature","geometry":{"type":"MultiLineString","coordinates":[[[17.134102,48.149193],[17.133528,48.149317],[17.133479,48.149385],[17.133488,48.149473],[17.133834,48.150235],[17.13449,48.150087]],[[17.135365,48.149121],[17.134453,48.14935]],[[17.134607,48.149614],[17.135485,48.149395]],[[17.133791,48.150077],[17.134394,48.149675]]]},"properties":{"n":"Dulovo nám."}},{"type":"Feature","geometry":{"type":"LineString","coordinates":[[17.133245,48.143835],[17.133439,48.144646]]},"properties":{"n":"Hamuliakova"}},{"type":"Feature","geometry":{"type":"LineString","coordinates":[[17.136866,48.14615],[17.136637,48.146575],[17.136304,48.147629]]},"properties":{"n":"Hontianska"}},{"type":"Feature","geometry":{"type":"LineString","coordinates":[[17.144297,48.1404],[17.142308,48.140433]]},"properties":{"n":"Horárska"}},{"type":"Feature","geometry":{"type":"MultiLineString","coordinates":[[[17.144012,48.147769],[17.144219,48.146931],[17.144398,48.146505],[17.144549,48.146312],[17.144996,48.145962],[17.145161,48.145897],[17.146968,48.14561],[17.14731,48.145651]],[[17.145933,48.14578],[17.146095,48.145912],[17.145994,48.147194]]]},"properties":{"n":"Jarabinková"}},{"type":"Feature","geometry":{"type":"LineString","coordinates":[[17.160067,48.137679],[17.159437,48.138053],[17.158952,48.138226]]},"properties":{"n":"Jarná"}},{"type":"Feature","geometry":{"type":"LineString","coordinates":[[17.126709,48.152904],[17.126941,48.153018],[17.133894,48.153952],[17.134717,48.154379]]},"properties":{"n":"Koceľova"}},{"type":"Feature","geometry":{"type":"LineString","coordinates":[[17.137941,48.151901],[17.137757,48.151949],[17.136109,48.150988]]},"properties":{"n":"Kohútova"}},{"type":"Feature","geometry":{"type":"MultiLineString","coordinates":[[[17.133513,48.151176],[17.133984,48.150778],[17.134615,48.150608]],[[17.13542,48.151352],[17.134102,48.149193],[17.132688,48.146727]],[[17.13556,48.151316],[17.13636,48.152756],[17.136587,48.152817],[17.136735,48.15277]],[[17.13636,48.152756],[17.136503,48.152949]],[[17.13291,48.146696],[17.135488,48.151165],[17.13556,48.151316],[17.13542,48.151352],[17.13582,48.152067],[17.136261,48.152846],[17.136407,48.152961],[17.136503,48.152949],[17.136476,48.153065]]]},"properties":{"n":"Košická"}},{"type":"Feature","geometry":{"type":"LineString","coordinates":[[17.12702,48.157198],[17.128179,48.158119]]},"properties":{"n":"Krížna"}},{"type":"Feature","geometry":{"type":"LineString","coordinates":[[17.126883,48.151166],[17.128246,48.151033],[17.129994,48.151308],[17.131155,48.151775],[17.132744,48.152755]]},"properties":{"n":"Kulíškova"}},{"type":"Feature","geometry":{"type":"MultiLineString","coordinates":[[[17.130461,48.152668],[17.130866,48.152904],[17.130997,48.152934],[17.134826,48.153431],[17.135447,48.153785]],[[17.134826,48.153431],[17.134966,48.153272],[17.13537,48.153054]]]},"properties":{"n":"Kvetná"}},{"type":"Feature","geometry":{"type":"LineString","coordinates":[[17.12702,48.157198],[17.127903,48.156684]]},"properties":{"n":"Levická"}},{"type":"Feature","geometry":{"type":"MultiLineString","coordinates":[[[17.137738,48.149724],[17.138419,48.150079],[17.13865,48.149911],[17.139133,48.149105],[17.139301,48.149],[17.140363,48.147001]],[[17.137788,48.150572],[17.138419,48.150079]]]},"properties":{"n":"Liptovská"}},{"type":"Feature","geometry":{"type":"LineString","coordinates":[[17.156092,48.134789],[17.15615,48.134351],[17.156197,48.134277],[17.157337,48.133093],[17.157677,48.13288],[17.158235,48.132704],[17.159555,48.132402],[17.160355,48.132357],[17.161182,48.132196]]},"properties":{"n":"Malé pálenisko I"}},{"type":"Feature","geometry":{"type":"LineString","coordinates":[[17.157543,48.13296],[17.156235,48.131827]]},"properties":{"n":"Malé pálenisko III"}},{"type":"Feature","geometry":{"type":"MultiLineString","coordinates":[[[17.139362,48.151241],[17.139842,48.150839]],[[17.138639,48.153179],[17.137282,48.152413],[17.136684,48.152896],[17.136503,48.152949],[17.137229,48.152384]],[[17.136213,48.153183],[17.136503,48.152949]],[[17.138597,48.151316],[17.137941,48.151901],[17.137282,48.152413],[17.137229,48.152384],[17.139413,48.150657],[17.139664,48.150374],[17.141607,48.147315]],[[17.133703,48.15524],[17.136213,48.153183],[17.136273,48.152978],[17.136179,48.152701]],[[17.130104,48.158179],[17.130479,48.158082],[17.130545,48.158211]],[[17.130381,48.158197],[17.130479,48.158082],[17.130576,48.157743],[17.131684,48.156821],[17.136684,48.152896]]]},"properties":{"n":"Miletičova"}},{"type":"Feature","geometry":{"type":"LineString","coordinates":[[17.141861,48.151556],[17.14698,48.15299]]},"properties":{"n":"Mliekárenská"}},{"type":"Feature","geometry":{"type":"MultiLineString","coordinates":[[[17.134586,48.145365],[17.134385,48.14544],[17.134679,48.145434]],[[17.141792,48.144601],[17.141678,48.144511],[17.141732,48.144412],[17.141887,48.144387],[17.141997,48.144446],[17.142008,48.144528],[17.14193,48.144593],[17.141509,48.144613],[17.141684,48.144464]],[[17.133141,48.145462],[17.13371,48.145422],[17.134385,48.14544]],[[17.141928,48.144398],[17.142238,48.144453],[17.141988,48.144554]],[[17.137749,48.145089],[17.136774,48.145231],[17.134679,48.145434],[17.134586,48.145365],[17.134517,48.145049],[17.140538,48.144445],[17.140875,48.144463],[17.14105,48.144549],[17.140863,48.144567],[17.140785,48.144806],[17.137892,48.145088]],[[17.149798,48.144603],[17.149698,48.144562],[17.149827,48.144511],[17.149849,48.144451],[17.149754,48.144357],[17.151125,48.144356],[17.151414,48.14427]],[[17.135228,48.145753],[17.134531,48.145592]],[[17.142238,48.144453],[17.143085,48.144398],[17.143759,48.1445],[17.145162,48.144434],[17.147748,48.144484],[17.149334,48.144608]],[[17.152215,48.144469],[17.151654,48.144648],[17.151447,48.144825]],[[17.132456,48.145281],[17.134517,48.145049]],[[17.151166,48.144915],[17.151051,48.14476],[17.150843,48.144636],[17.149334,48.144608],[17.149564,48.144471],[17.1496,48.144133]],[[17.143465,48.144097],[17.144384,48.14395],[17.145085,48.143919],[17.149592,48.144021],[17.149611,48.144221],[17.149754,48.144357],[17.149633,48.144394],[17.149564,48.144471],[17.149698,48.144562],[17.149488,48.144613]],[[17.14105,48.144549],[17.141509,48.144613]],[[17.151858,48.144014],[17.151876,48.144227],[17.151961,48.14437],[17.152215,48.144469],[17.154818,48.144447],[17.155959,48.144502],[17.160063,48.144867],[17.16065,48.144988]]]},"properties":{"n":"Mlynské nivy"}},{"type":"Feature","geometry":{"type":"LineString","coordinates":[[17.13205,48.152301],[17.133496,48.151252],[17.133513,48.151176]]},"properties":{"n":"Mojmírova"}},{"type":"Feature","geometry":{"type":"LineString","coordinates":[[17.159437,48.138053],[17.160116,48.138556]]},"properties":{"n":"Motýlia"}},{"type":"Feature","geometry":{"type":"LineString","coordinates":[[17.141962,48.154537],[17.141613,48.155784]]},"properties":{"n":"Mraziarenská"}},{"type":"Feature","geometry":{"type":"LineString","coordinates":[[17.160386,48.140413],[17.158705,48.139928],[17.158656,48.139857],[17.158672,48.139668],[17.158893,48.139106],[17.159049,48.138937],[17.159131,48.13872],[17.159082,48.138393],[17.158482,48.137601]]},"properties":{"n":"Na výslní"}},{"type":"Feature","geometry":{"type":"LineString","coordinates":[[17.132271,48.149002],[17.131673,48.150115]]},"properties":{"n":"Niťová"}},{"type":"Feature","geometry":{"type":"LineString","coordinates":[[17.160031,48.14098],[17.160386,48.140413]]},"properties":{"n":"Nížinná"}},{"type":"Feature","geometry":{"type":"LineString","coordinates":[[17.135228,48.145753],[17.135288,48.146085],[17.135459,48.146417],[17.135543,48.146809],[17.135476,48.147597]]},"properties":{"n":"Novohradská"}},{"type":"Feature","geometry":{"type":"MultiLineString","coordinates":[[[17.13365,48.147959],[17.134475,48.147706],[17.136225,48.147772],[17.136304,48.147629],[17.135476,48.147597],[17.135469,48.147741]],[[17.136225,48.147772],[17.13714,48.148002]],[[17.134414,48.147539],[17.135476,48.147597]]]},"properties":{"n":"Oravská"}},{"type":"Feature","geometry":{"type":"LineString","coordinates":[[17.129742,48.1484],[17.128725,48.151102]]},"properties":{"n":"Pavlovova"}},{"type":"Feature","geometry":{"type":"MultiLineString","coordinates":[[[17.141702,48.14427],[17.141146,48.141987]],[[17.1426,48.147429],[17.141973,48.144757]]]},"properties":{"n":"Plynárenská"}},{"type":"Feature","geometry":{"type":"LineString","coordinates":[[17.14295,48.154671],[17.144456,48.152289]]},"properties":{"n":"Priemyselná"}},{"type":"Feature","geometry":{"type":"LineString","coordinates":[[17.128752,48.148464],[17.128395,48.149484]]},"properties":{"n":"Revúcka"}},{"type":"Feature","geometry":{"type":"LineString","coordinates":[[17.142326,48.156676],[17.141644,48.157445]]},"properties":{"n":"Sartorisova"}},{"type":"Feature","geometry":{"type":"LineString","coordinates":[[17.16043,48.139237],[17.160668,48.138824],[17.161203,48.138485]]},"properties":{"n":"Senná"}},{"type":"Feature","geometry":{"type":"MultiLineString","coordinates":[[[17.143169,48.149563],[17.144438,48.149927],[17.144913,48.14912]],[[17.14576,48.150297],[17.146451,48.150493],[17.146974,48.149648]],[[17.146518,48.151515],[17.147037,48.150659],[17.147134,48.150687],[17.14766,48.149827]],[[17.147134,48.150687],[17.147787,48.150871],[17.148409,48.149898]],[[17.147787,48.150871],[17.14826,48.151006]],[[17.146451,48.150493],[17.147037,48.150659]],[[17.146319,48.149438],[17.14576,48.150297],[17.144438,48.149927]]]},"properties":{"n":"Sklenárova"}},{"type":"Feature","geometry":{"type":"LineString","coordinates":[[17.135655,48.149241],[17.136617,48.148991]]},"properties":{"n":"Spišská"}},{"type":"Feature","geometry":{"type":"LineString","coordinates":[[17.158812,48.141118],[17.159433,48.140136]]},"properties":{"n":"Stará Černicová"}},{"type":"Feature","geometry":{"type":"MultiLineString","coordinates":[[[17.145519,48.14813],[17.145803,48.147664],[17.145812,48.14755],[17.145351,48.147417]],[[17.145991,48.148234],[17.146059,48.148153],[17.146107,48.14781],[17.146565,48.147716],[17.146795,48.147623],[17.147031,48.147453],[17.14896,48.147495],[17.149652,48.147795],[17.149893,48.147845]],[[17.14896,48.147495],[17.148924,48.147284],[17.148958,48.146447]]]},"properties":{"n":"Stará Prievozská"}},{"type":"Feature","geometry":{"type":"LineString","coordinates":[[17.135957,48.157796],[17.137399,48.15802]]},"properties":{"n":"Stodolova"}},{"type":"Feature","geometry":{"type":"LineString","coordinates":[[17.127426,48.148433],[17.127522,48.148605],[17.128246,48.151033]]},"properties":{"n":"Súťažná"}},{"type":"Feature","geometry":{"type":"MultiLineString","coordinates":[[[17.129091,48.15268],[17.128392,48.152585]],[[17.131476,48.145972],[17.130567,48.14845],[17.130596,48.148615],[17.130168,48.149841],[17.129091,48.15268],[17.128678,48.15415]],[[17.131624,48.145921],[17.130596,48.148615]]]},"properties":{"n":"Svätoplukova"}},{"type":"Feature","geometry":{"type":"LineString","coordinates":[[17.136923,48.148441],[17.138095,48.148742]]},"properties":{"n":"Šarišská"}},{"type":"Feature","geometry":{"type":"LineString","coordinates":[[17.130469,48.155326],[17.131879,48.155537],[17.13285,48.155943]]},"properties":{"n":"Šumavská"}},{"type":"Feature","geometry":{"type":"MultiLineString","coordinates":[[[17.13291,48.146696],[17.135459,48.146417]],[[17.134252,48.146954],[17.134475,48.147706]]]},"properties":{"n":"Tekovská"}},{"type":"Feature","geometry":{"type":"MultiLineString","coordinates":[[[17.138031,48.146312],[17.137843,48.14526]],[[17.137939,48.14643],[17.136617,48.148991],[17.13865,48.149911]]]},"properties":{"n":"Turčianska"}},{"type":"Feature","geometry":{"type":"LineString","coordinates":[[17.157221,48.139043],[17.157167,48.138627],[17.15693,48.138008]]},"properties":{"n":"Uhorková"}},{"type":"Feature","geometry":{"type":"LineString","coordinates":[[17.132777,48.143885],[17.134875,48.143677]]},"properties":{"n":"Valchárska"}},{"type":"Feature","geometry":{"type":"MultiLineString","coordinates":[[[17.131363,48.15079],[17.131975,48.150298],[17.133513,48.151176]],[[17.127803,48.149554],[17.128395,48.149484],[17.131673,48.150115],[17.131975,48.150298]]]},"properties":{"n":"Velehradská"}},{"type":"Feature","geometry":{"type":"LineString","coordinates":[[17.135964,48.152301],[17.1347,48.152666],[17.133545,48.152866]]},"properties":{"n":"Viktorínova"}},{"type":"Feature","geometry":{"type":"LineString","coordinates":[[17.135959,48.144916],[17.135368,48.142193]]},"properties":{"n":"Votrubova"}},{"type":"Feature","geometry":{"type":"LineString","coordinates":[[17.133701,48.143789],[17.13389,48.1446]]},"properties":{"n":"Vrábeľská"}},{"type":"Feature","geometry":{"type":"MultiLineString","coordinates":[[[17.1271,48.153966],[17.135532,48.155014],[17.135814,48.154776],[17.135774,48.154657],[17.135034,48.154218]],[[17.135532,48.155014],[17.143576,48.155995]],[[17.143414,48.156121],[17.135306,48.155094],[17.13349,48.154745]]]},"properties":{"n":"Záhradnícka"}},{"type":"Feature","geometry":{"type":"LineString","coordinates":[[17.140119,48.155573],[17.140483,48.154333]]},"properties":{"n":"Zelinárska"}},{"type":"Feature","geometry":{"type":"MultiLineString","coordinates":[[[17.140264,48.149411],[17.138234,48.148855],[17.138095,48.148742],[17.138318,48.148742],[17.138234,48.148855]],[[17.139298,48.146742],[17.138836,48.147559],[17.138883,48.14768],[17.138318,48.148742],[17.14034,48.149284]],[[17.138836,48.147559],[17.138689,48.147621],[17.138095,48.148742]]]},"properties":{"n":"Zvolenská"}},{"type":"Feature","geometry":{"type":"LineString","coordinates":[[17.131684,48.156821],[17.13006,48.155635]]},"properties":{"n":"Žellova"}},{"type":"Feature","geometry":{"type":"MultiLineString","coordinates":[[[17.165551,48.174606],[17.167792,48.175777],[17.168511,48.175185],[17.169023,48.17545],[17.168302,48.176062],[17.167792,48.175777]],[[17.167193,48.174492],[17.168511,48.175185]],[[17.169023,48.17545],[17.169218,48.175289]],[[17.168302,48.176062],[17.168713,48.176291]]]},"properties":{"n":"Banšelova"}},{"type":"Feature","geometry":{"type":"LineString","coordinates":[[17.168689,48.166279],[17.169178,48.166765],[17.173418,48.16902]]},"properties":{"n":"Beckovská"}},{"type":"Feature","geometry":{"type":"LineString","coordinates":[[17.16625,48.170654],[17.16374,48.172803]]},"properties":{"n":"Bencúrova"}},{"type":"Feature","geometry":{"type":"LineString","coordinates":[[17.166381,48.171599],[17.168045,48.172476]]},"properties":{"n":"Bielkova"}},{"type":"Feature","geometry":{"type":"LineString","coordinates":[[17.170228,48.175205],[17.175595,48.177719],[17.176423,48.17803],[17.179905,48.179153],[17.179993,48.179244]]},"properties":{"n":"Bočná"}},{"type":"Feature","geometry":{"type":"LineString","coordinates":[[17.161989,48.168382],[17.171899,48.173633]]},"properties":{"n":"Bulharská"}},{"type":"Feature","geometry":{"type":"LineString","coordinates":[[17.159385,48.167465],[17.16,48.16641],[17.16011,48.166303]]},"properties":{"n":"Cablkova"}},{"type":"Feature","geometry":{"type":"MultiLineString","coordinates":[[[17.176998,48.187748],[17.178436,48.18828],[17.179743,48.188634],[17.180822,48.188877],[17.182057,48.189051],[17.192914,48.189554]],[[17.193087,48.189561],[17.200105,48.189885]]]},"properties":{"n":"Cesta na Senec"}},{"type":"Feature","geometry":{"type":"LineString","coordinates":[[17.166782,48.173543],[17.170004,48.175247]]},"properties":{"n":"Edisonova"}},{"type":"Feature","geometry":{"type":"LineString","coordinates":[[17.167417,48.177153],[17.167163,48.177048]]},"properties":{"n":"Gallova"}},{"type":"Feature","geometry":{"type":"MultiLineString","coordinates":[[[17.167355,48.177577],[17.16771,48.177283],[17.167553,48.177456],[17.167532,48.177592],[17.167578,48.177794]],[[17.166925,48.177176],[17.167166,48.177278],[17.167401,48.177299],[17.168049,48.176868]],[[17.167291,48.177516],[17.172923,48.172771],[17.173674,48.172017],[17.174727,48.170634],[17.177003,48.167827],[17.178419,48.166174],[17.179372,48.164927],[17.180706,48.163006],[17.181255,48.16215],[17.181592,48.161518]],[[17.181738,48.161792],[17.181247,48.162349],[17.180136,48.164061],[17.178436,48.166385],[17.173717,48.17214],[17.173177,48.172682],[17.171948,48.173745],[17.16771,48.177283]]]},"properties":{"n":"Galvaniho"}},{"type":"Feature","geometry":{"type":"LineString","coordinates":[[17.162915,48.165379],[17.166325,48.165285],[17.166469,48.165371],[17.168699,48.165343],[17.168868,48.165395]]},"properties":{"n":"Gašparíkova"}},{"type":"Feature","geometry":{"type":"LineString","coordinates":[[17.160165,48.16831],[17.161355,48.168915]]},"properties":{"n":"Hanácka"}},{"type":"Feature","geometry":{"type":"LineString","coordinates":[[17.164542,48.171067],[17.166058,48.171863]]},"properties":{"n":"Hasičská"}},{"type":"Feature","geometry":{"type":"MultiLineString","coordinates":[[[17.19002,48.168054],[17.190226,48.166103],[17.19033,48.165698]],[[17.188961,48.171221],[17.188991,48.171153]],[[17.189735,48.169381],[17.189473,48.170507]],[[17.175315,48.166815],[17.173938,48.168527],[17.175502,48.169133]],[[17.195742,48.171823],[17.194841,48.171877],[17.191924,48.171476],[17.191543,48.171433],[17.191523,48.171498],[17.193531,48.17175],[17.195712,48.172148],[17.200244,48.17338],[17.200493,48.173485],[17.200559,48.173684],[17.200466,48.173837],[17.200174,48.174205],[17.199934,48.174394],[17.19696,48.176278]],[[17.194282,48.169113],[17.195342,48.169126],[17.195515,48.169047],[17.195581,48.168952],[17.195654,48.168113],[17.192332,48.168063]],[[17.19795,48.168637],[17.197351,48.168215],[17.197066,48.168125],[17.195654,48.168113]],[[17.191692,48.170728],[17.191543,48.171433],[17.189315,48.171188],[17.189473,48.170507],[17.191692,48.170728],[17.192332,48.168063],[17.19002,48.168054],[17.189735,48.169381],[17.190375,48.169386],[17.190396,48.168399]],[[17.191523,48.171498],[17.189305,48.171258]],[[17.169025,48.164809],[17.172101,48.165907],[17.176871,48.167275],[17.178452,48.167892],[17.182116,48.169459],[17.184025,48.170082],[17.186449,48.170778],[17.187574,48.171],[17.189315,48.171188],[17.189305,48.171258],[17.186748,48.170936],[17.185424,48.1706],[17.183625,48.170047],[17.181994,48.169502],[17.180992,48.169101],[17.177478,48.167515]]]},"properties":{"n":"Ivanská cesta"}},{"type":"Feature","geometry":{"type":"LineString","coordinates":[[17.160404,48.171044],[17.166134,48.174082]]},"properties":{"n":"Jakabova"}},{"type":"Feature","geometry":{"type":"LineString","coordinates":[[17.164286,48.165332],[17.164326,48.166241]]},"properties":{"n":"Jasná"}},{"type":"Feature","geometry":{"type":"MultiLineString","coordinates":[[[17.166685,48.167256],[17.167327,48.167817]],[[17.167328,48.168079],[17.168607,48.168739],[17.168175,48.169099]],[[17.168607,48.168739],[17.169311,48.169115]]]},"properties":{"n":"Kamenárska"}},{"type":"Feature","geometry":{"type":"MultiLineString","coordinates":[[[17.166161,48.168669],[17.166763,48.168369],[17.167496,48.168747]],[[17.167683,48.167886],[17.168602,48.167398]],[[17.167111,48.167928],[17.168413,48.167244]],[[17.164511,48.169726],[17.165737,48.168633],[17.167111,48.167928],[17.167328,48.168079],[17.166763,48.168369]]]},"properties":{"n":"Kašmírska"}},{"type":"Feature","geometry":{"type":"LineString","coordinates":[[17.16768,48.176142],[17.167582,48.176138],[17.166746,48.176813]]},"properties":{"n":"Klatovská"}},{"type":"Feature","geometry":{"type":"LineString","coordinates":[[17.161147,48.166793],[17.160544,48.167846],[17.159971,48.168524],[17.159539,48.168936]]},"properties":{"n":"Kopanice"}},{"type":"Feature","geometry":{"type":"LineString","coordinates":[[17.167025,48.171043],[17.164496,48.173198]]},"properties":{"n":"Koperníkova"}},{"type":"Feature","geometry":{"type":"LineString","coordinates":[[17.165123,48.172672],[17.166782,48.173543]]},"properties":{"n":"Kovorobotnícka"}},{"type":"Feature","geometry":{"type":"LineString","coordinates":[[17.17918,48.180619],[17.175973,48.17961],[17.174046,48.178905],[17.170075,48.177024],[17.168713,48.176291]]},"properties":{"n":"Krajná"}},{"type":"Feature","geometry":{"type":"LineString","coordinates":[[17.161989,48.168382],[17.162064,48.168128],[17.16195,48.164938]]},"properties":{"n":"Krasinského"}},{"type":"Feature","geometry":{"type":"LineString","coordinates":[[17.161034,48.170518],[17.163581,48.171863]]},"properties":{"n":"Kultúrna"}},{"type":"Feature","geometry":{"type":"LineString","coordinates":[[17.169446,48.172345],[17.167552,48.173948]]},"properties":{"n":"Lidická"}},{"type":"Feature","geometry":{"type":"MultiLineString","coordinates":[[[17.162501,48.172165],[17.162297,48.172347],[17.162288,48.172445],[17.16434,48.174276],[17.164504,48.174255],[17.16526,48.173608]],[[17.163357,48.173404],[17.164705,48.17407]]]},"properties":{"n":"Luhačovická"}},{"type":"Feature","geometry":{"type":"MultiLineString","coordinates":[[[17.181742,48.172133],[17.182864,48.172725],[17.183415,48.173285],[17.183697,48.173456],[17.185399,48.173961],[17.185672,48.174173],[17.185956,48.174486],[17.186183,48.174937],[17.186241,48.175276],[17.185923,48.176813],[17.18592,48.177223],[17.186015,48.177622]],[[17.185399,48.173961],[17.187223,48.174473]]]},"properties":{"n":"Mokráň záhon"}},{"type":"Feature","geometry":{"type":"MultiLineString","coordinates":[[[17.173891,48.170246],[17.17247,48.169511],[17.170301,48.171325]],[[17.166469,48.165371],[17.167776,48.166682],[17.168765,48.167534],[17.17247,48.169511]]]},"properties":{"n":"Na križovatkách"}},{"type":"Feature","geometry":{"type":"LineString","coordinates":[[17.160706,48.169486],[17.164223,48.171337]]},"properties":{"n":"Na úvrati"}},{"type":"Feature","geometry":{"type":"LineString","coordinates":[[17.16011,48.166303],[17.160323,48.166469],[17.160891,48.166726],[17.16145,48.166848],[17.162038,48.166884],[17.162522,48.166827],[17.163141,48.166665],[17.16395,48.166239]]},"properties":{"n":"Okružná"}},{"type":"Feature","geometry":{"type":"LineString","coordinates":[[17.16454,48.166238],[17.166469,48.165371]]},"properties":{"n":"Pavlovičova"}},{"type":"Feature","geometry":{"type":"MultiLineString","coordinates":[[[17.169156,48.165253],[17.169722,48.165826]],[[17.169673,48.166269],[17.170228,48.166039],[17.170581,48.166252],[17.170279,48.166486]],[[17.170581,48.166252],[17.171054,48.166502],[17.17065,48.166883],[17.170656,48.166997],[17.171375,48.167353]],[[17.169936,48.165744],[17.170228,48.166039]]]},"properties":{"n":"Piesočná"}},{"type":"Feature","geometry":{"type":"LineString","coordinates":[[17.164889,48.168505],[17.164374,48.168902],[17.161316,48.171533]]},"properties":{"n":"Pri strelnici"}},{"type":"Feature","geometry":{"type":"LineString","coordinates":[[17.168694,48.171923],[17.164762,48.175248]]},"properties":{"n":"Rádiová"}},{"type":"Feature","geometry":{"type":"LineString","coordinates":[[17.161838,48.167859],[17.161472,48.168155]]},"properties":{"n":"Repná"}},{"type":"Feature","geometry":{"type":"LineString","coordinates":[[17.16229,48.169456],[17.164846,48.170798]]},"properties":{"n":"Revolučná"}},{"type":"Feature","geometry":{"type":"LineString","coordinates":[[17.159127,48.16739],[17.161472,48.168155],[17.161989,48.168382]]},"properties":{"n":"Ribayova"}},{"type":"Feature","geometry":{"type":"MultiLineString","coordinates":[[[17.16155,48.165873],[17.161308,48.166211],[17.161213,48.166207],[17.161085,48.166365],[17.161298,48.166426],[17.161373,48.166245],[17.161308,48.166211]],[[17.161199,48.165694],[17.161421,48.165829],[17.161787,48.165923],[17.161982,48.165934],[17.162429,48.165858],[17.162692,48.166185],[17.162622,48.166229],[17.162666,48.166339],[17.162733,48.166376],[17.162917,48.16631],[17.162793,48.166159],[17.162692,48.166185]],[[17.162429,48.165858],[17.16278,48.16567],[17.162889,48.165513],[17.162915,48.165379]]]},"properties":{"n":"Rozmarínová"}},{"type":"Feature","geometry":{"type":"MultiLineString","coordinates":[[[17.150684,48.165309],[17.153376,48.166407],[17.154661,48.166986],[17.155506,48.167443],[17.156668,48.16822],[17.157828,48.169171],[17.164428,48.174957]],[[17.176566,48.187686],[17.175537,48.187063],[17.174969,48.186629],[17.174435,48.186108],[17.173973,48.185496],[17.172673,48.184029],[17.167726,48.178188],[17.166108,48.176597],[17.1644,48.175135],[17.164762,48.175248],[17.164748,48.175367],[17.164886,48.175501],[17.164887,48.175562]],[[17.174029,48.185294],[17.174131,48.185348],[17.174555,48.185859],[17.174796,48.186077],[17.175035,48.186166],[17.175226,48.186117]],[[17.150583,48.165486],[17.154918,48.167292],[17.15535,48.167515],[17.156004,48.167941],[17.157078,48.168751],[17.1644,48.175135],[17.164428,48.174957],[17.166038,48.176355],[17.167291,48.177516],[17.16818,48.178445],[17.172765,48.183925],[17.174029,48.185294],[17.174861,48.186304],[17.175249,48.186685],[17.175812,48.187099],[17.176998,48.187748]]]},"properties":{"n":"Rožňavská"}},{"type":"Feature","geometry":{"type":"LineString","coordinates":[[17.159141,48.170341],[17.160435,48.169668],[17.160706,48.169486],[17.161989,48.168382]]},"properties":{"n":"Slovinská"}},{"type":"Feature","geometry":{"type":"LineString","coordinates":[[17.164889,48.168505],[17.165202,48.168023],[17.16783,48.166651],[17.170662,48.165405]]},"properties":{"n":"Slowackého"}},{"type":"Feature","geometry":{"type":"LineString","coordinates":[[17.16278,48.16567],[17.16395,48.166239],[17.16454,48.166238],[17.166531,48.168235]]},"properties":{"n":"Staničná"}},{"type":"Feature","geometry":{"type":"LineString","coordinates":[[17.175567,48.16961],[17.179067,48.171208],[17.181742,48.172133]]},"properties":{"n":"Stará Ivanská cesta"}},{"type":"Feature","geometry":{"type":"LineString","coordinates":[[17.169723,48.17594],[17.171479,48.176791],[17.174557,48.178184],[17.175346,48.178513],[17.177725,48.17933]]},"properties":{"n":"Stredná"}},{"type":"Feature","geometry":{"type":"MultiLineString","coordinates":[[[17.176166,48.1853],[17.175571,48.18615],[17.175358,48.186338],[17.17506,48.186502]],[[17.179993,48.179244],[17.179378,48.18014],[17.17918,48.180619],[17.17568,48.185726],[17.175395,48.18601],[17.174861,48.186304]],[[17.178257,48.181994],[17.177659,48.183115],[17.176166,48.1853],[17.175529,48.186065],[17.17524,48.18626],[17.17493,48.186372]]]},"properties":{"n":"Studená"}},{"type":"Feature","geometry":{"type":"LineString","coordinates":[[17.165077,48.175515],[17.165376,48.175567],[17.166321,48.176057]]},"properties":{"n":"Štiavnická"}},{"type":"Feature","geometry":{"type":"LineString","coordinates":[[17.173739,48.176839],[17.175087,48.175608],[17.177614,48.173517]]},"properties":{"n":"Technická"}},{"type":"Feature","geometry":{"type":"MultiLineString","coordinates":[[[17.165157,48.168072],[17.165737,48.168633]],[[17.167496,48.168747],[17.168175,48.169099],[17.167735,48.169475],[17.168445,48.169857]],[[17.165924,48.168551],[17.167735,48.169475]]]},"properties":{"n":"Tŕňová"}},{"type":"Feature","geometry":{"type":"LineString","coordinates":[[17.164889,48.168505],[17.164043,48.167648]]},"properties":{"n":"Vápenná"}},{"type":"Feature","geometry":{"type":"MultiLineString","coordinates":[[[17.171054,48.166502],[17.171149,48.166497],[17.172032,48.166798],[17.172333,48.166544],[17.171703,48.166306]],[[17.172333,48.166544],[17.17282,48.166132]],[[17.171738,48.167046],[17.172032,48.166798]],[[17.167025,48.171043],[17.171738,48.167046],[17.170803,48.166741]]]},"properties":{"n":"Vietnamská"}},{"type":"Feature","geometry":{"type":"LineString","coordinates":[[17.169571,48.173282],[17.171261,48.174177]]},"properties":{"n":"Wattova"}},{"type":"Feature","geometry":{"type":"LineString","coordinates":[[17.167075,48.175394],[17.166126,48.176258]]},"properties":{"n":"Za tehelňou"}},{"type":"Feature","geometry":{"type":"LineString","coordinates":[[17.183287,48.189134],[17.184295,48.188424],[17.185318,48.184846],[17.185299,48.184779],[17.185227,48.184742],[17.184337,48.184614],[17.184171,48.184486],[17.183744,48.1844],[17.183634,48.184242],[17.183208,48.184184]]},"properties":{"n":"Zlaté piesky"}},{"type":"Feature","geometry":{"type":"LineString","coordinates":[[17.165748,48.172139],[17.167398,48.173012]]},"properties":{"n":"Železná"}},{"type":"Feature","geometry":{"type":"LineString","coordinates":[[17.162934,48.168907],[17.160404,48.171044]]},"properties":{"n":"Doležalova"}},{"type":"Feature","geometry":{"type":"LineString","coordinates":[[17.16011,48.166303],[17.161349,48.165606],[17.161978,48.16549]]},"properties":{"n":"Na lánoch"}},{"type":"Feature","geometry":{"type":"LineString","coordinates":[[17.179364,48.175579],[17.18106,48.173203],[17.181742,48.172133],[17.183679,48.169971]]},"properties":{"n":"Pestovateľská"}},{"type":"Feature","geometry":{"type":"LineString","coordinates":[[17.162946,48.168145],[17.169556,48.165078]]},"properties":{"n":"Nerudova"}},{"type":"Feature","geometry":{"type":"LineString","coordinates":[[17.170218,48.172733],[17.168312,48.174357]]},"properties":{"n":"Pri zvonici"}},{"type":"Feature","geometry":{"type":"LineString","coordinates":[[17.165507,48.170249],[17.162979,48.1724]]},"properties":{"n":"Spoločenská"}},{"type":"Feature","geometry":{"type":"LineString","coordinates":[[17.168947,48.173818],[17.170635,48.174694]]},"properties":{"n":"Táborská"}},{"type":"Feature","geometry":{"type":"LineString","coordinates":[[17.162946,48.168145],[17.169783,48.171755]]},"properties":{"n":"Vrútocká"}},{"type":"Feature","geometry":{"type":"LineString","coordinates":[[17.127465,48.151101],[17.12652,48.147933],[17.126352,48.147894],[17.126282,48.147987],[17.127208,48.151128]]},"properties":{"n":"Budovateľská"}},{"type":"Feature","geometry":{"type":"MultiLineString","coordinates":[[[17.130703,48.154396],[17.130469,48.155326]],[[17.130337,48.155843],[17.130469,48.155326],[17.13006,48.155635],[17.129465,48.155988]],[[17.130155,48.154832],[17.129768,48.155058],[17.130291,48.155464]]]},"properties":{"n":"Kupeckého"}},{"type":"Feature","geometry":{"type":"LineString","coordinates":[[17.158028,48.131611],[17.1584,48.131743],[17.159234,48.131769],[17.159819,48.131681],[17.161091,48.131279]]},"properties":{"n":"Malé pálenisko IV"}},{"type":"Feature","geometry":{"type":"MultiLineString","coordinates":[[[17.145477,48.148808],[17.145641,48.148815],[17.148345,48.149564]],[[17.149452,48.150175],[17.149637,48.149924],[17.149944,48.149798],[17.151384,48.149929],[17.150628,48.152006]],[[17.151119,48.150581],[17.150909,48.150568],[17.150567,48.150796],[17.150412,48.150801]],[[17.14883,48.150017],[17.145454,48.14906],[17.145353,48.148983],[17.145366,48.14889],[17.145477,48.148808],[17.145382,48.148742],[17.144597,48.148517]]]},"properties":{"n":"Martinčekova"}},{"type":"Feature","geometry":{"type":"LineString","coordinates":[[17.126562,48.155503],[17.126498,48.155614],[17.12654,48.155671],[17.129443,48.15782]]},"properties":{"n":"Metodova"}},{"type":"Feature","geometry":{"type":"MultiLineString","coordinates":[[[17.13868,48.15615],[17.138482,48.156759],[17.138036,48.156944],[17.137799,48.157184],[17.137634,48.157164],[17.136975,48.159748]],[[17.137634,48.157164],[17.137754,48.156674],[17.137654,48.156473]],[[17.137754,48.156674],[17.138036,48.156944]]]},"properties":{"n":"Palkovičova"}},{"type":"Feature","geometry":{"type":"MultiLineString","coordinates":[[[17.154501,48.149555],[17.152816,48.149381],[17.146928,48.148546],[17.141607,48.147315],[17.136136,48.145973],[17.135288,48.146085]],[[17.136136,48.145973],[17.135228,48.145753]],[[17.134385,48.14544],[17.141443,48.147166],[17.145519,48.14813],[17.146876,48.148408],[17.154222,48.14945],[17.157882,48.149689]]]},"properties":{"n":"Prievozská"}},{"type":"Feature","geometry":{"type":"MultiLineString","coordinates":[[[17.130697,48.142162],[17.132376,48.142193],[17.141334,48.141901],[17.142681,48.141734],[17.143351,48.141567]],[[17.142681,48.141734],[17.143151,48.141742],[17.142897,48.141798]],[[17.140849,48.141923],[17.141146,48.141987],[17.141424,48.141894]],[[17.131848,48.142282],[17.141146,48.141987],[17.141988,48.141935],[17.142897,48.141798],[17.143163,48.14185],[17.143164,48.141695],[17.143351,48.141567],[17.145681,48.14074],[17.14713,48.140415]],[[17.146469,48.140945],[17.145691,48.140955],[17.145139,48.141062],[17.143463,48.141644]],[[17.143163,48.14185],[17.143565,48.141907],[17.143151,48.141742],[17.143463,48.141644],[17.143429,48.141808],[17.143565,48.141907],[17.148553,48.141768]]]},"properties":{"n":"Prístavná"}},{"type":"Feature","geometry":{"type":"LineString","coordinates":[[17.160731,48.13815],[17.160116,48.138556],[17.159793,48.139064],[17.162125,48.139682]]},"properties":{"n":"Rákosová"}},{"type":"Feature","geometry":{"type":"LineString","coordinates":[[17.133863,48.142237],[17.134517,48.145049]]},"properties":{"n":"Súkennícka"}},{"type":"Feature","geometry":{"type":"MultiLineString","coordinates":[[[17.154703,48.147109],[17.155194,48.146952],[17.155198,48.146834]],[[17.154769,48.149455],[17.154916,48.148269],[17.155215,48.147862],[17.155194,48.146952],[17.155603,48.146817]]]},"properties":{"n":"Tučkova"}},{"type":"Feature","geometry":{"type":"LineString","coordinates":[[17.12888,48.153938],[17.133791,48.150077]]},"properties":{"n":"Kvačalova"}},{"type":"Feature","geometry":{"type":"LineString","coordinates":[[17.13422,48.153353],[17.133894,48.153952]]},"properties":{"n":"Nitrianska"}},{"type":"Feature","geometry":{"type":"LineString","coordinates":[[17.132623,48.154643],[17.133031,48.153194]]},"properties":{"n":"Rastislavova"}},{"type":"Feature","geometry":{"type":"LineString","coordinates":[[17.131398,48.148798],[17.130913,48.149966]]},"properties":{"n":"Azovská"}},{"type":"Feature","geometry":{"type":"LineString","coordinates":[[17.1271,48.153966],[17.127044,48.15411],[17.127127,48.154277],[17.131202,48.157225]]},"properties":{"n":"Jelačičova"}},{"type":"Feature","geometry":{"type":"LineString","coordinates":[[17.138914,48.15398],[17.139107,48.154087],[17.139534,48.154203],[17.143522,48.154754],[17.144995,48.155085]]},"properties":{"n":"Klincová"}},{"type":"Feature","geometry":{"type":"MultiLineString","coordinates":[[[17.135742,48.157774],[17.136244,48.155994],[17.136423,48.156011]],[[17.136244,48.155994],[17.136491,48.155127]],[[17.135355,48.159083],[17.135742,48.157774],[17.135957,48.157796],[17.13653,48.155644]]]},"properties":{"n":"Jégého"}},{"type":"Feature","geometry":{"type":"LineString","coordinates":[[17.157049,48.138307],[17.157902,48.138142],[17.158689,48.137877]]},"properties":{"n":"Nové pálenisko"}},{"type":"Feature","geometry":{"type":"LineString","coordinates":[[17.138041,48.160181],[17.139773,48.158211]]},"properties":{"n":"Bajzova"}},{"type":"Feature","geometry":{"type":"LineString","coordinates":[[17.137799,48.157184],[17.145205,48.16103],[17.147337,48.161944]]},"properties":{"n":"Prešovská"}},{"type":"Feature","geometry":{"type":"LineString","coordinates":[[17.139773,48.158211],[17.141413,48.15635],[17.141613,48.155784]]},"properties":{"n":"Líščie nivy"}},{"type":"Feature","geometry":{"type":"LineString","coordinates":[[17.139189,48.160639],[17.140077,48.159641],[17.140996,48.158835]]},"properties":{"n":"Ondavská"}},{"type":"Feature","geometry":{"type":"LineString","coordinates":[[17.125695,48.14743],[17.133528,48.149317]]},"properties":{"n":"Páričkova"}},{"type":"Feature","geometry":{"type":"LineString","coordinates":[[17.138015,48.155325],[17.138137,48.154814],[17.138469,48.154341],[17.140777,48.152492],[17.141861,48.151556],[17.143282,48.149392],[17.144105,48.147892]]},"properties":{"n":"Ružová dolina"}},{"type":"Feature","geometry":{"type":"MultiLineString","coordinates":[[[17.135476,48.147597],[17.135677,48.147735],[17.135588,48.149039],[17.135687,48.149335],[17.135835,48.149443],[17.140047,48.151916],[17.14111,48.151107]],[[17.144627,48.153497],[17.145238,48.152511]],[[17.140047,48.151916],[17.140895,48.15238],[17.141343,48.152572],[17.146023,48.153894],[17.146255,48.153988],[17.146305,48.154066],[17.146036,48.154055],[17.144723,48.153694],[17.1411,48.152631],[17.140376,48.152289],[17.138597,48.151316],[17.135643,48.149546],[17.135485,48.149395],[17.135364,48.149039],[17.135469,48.147741]]]},"properties":{"n":"Trenčianska"}},{"type":"Feature","geometry":{"type":"LineString","coordinates":[[17.140761,48.157096],[17.143246,48.158078]]},"properties":{"n":"Priekopy"}},{"type":"Feature","geometry":{"type":"LineString","coordinates":[[17.166736,48.175692],[17.167582,48.176138]]},"properties":{"n":"Krompašská"}},{"type":"Feature","geometry":{"type":"LineString","coordinates":[[17.165736,48.153353],[17.165947,48.152128]]},"properties":{"n":"Sv. Vincenta"}},{"type":"Feature","geometry":{"type":"MultiLineString","coordinates":[[[17.176495,48.167162],[17.177435,48.165788]],[[17.176971,48.166477],[17.176572,48.16636],[17.176389,48.166651]]]},"properties":{"n":"Ambrušova"}},{"type":"Feature","geometry":{"type":"MultiLineString","coordinates":[[[17.188218,48.163045],[17.187982,48.162966],[17.188399,48.161997]],[[17.187982,48.162966],[17.185476,48.162323]],[[17.192907,48.164537],[17.191541,48.165007],[17.192248,48.16371]],[[17.187295,48.1648],[17.187817,48.164837],[17.189357,48.165163],[17.190435,48.163463],[17.191545,48.163695],[17.192248,48.16371],[17.193186,48.162018],[17.193162,48.161902],[17.192962,48.161757],[17.187657,48.160338],[17.187157,48.160264],[17.186907,48.160305],[17.186679,48.160403],[17.18638,48.160771],[17.184742,48.163597],[17.184647,48.163928],[17.18471,48.164062],[17.184927,48.164167],[17.187295,48.1648],[17.187389,48.164527],[17.188218,48.163045],[17.189501,48.16086],[17.189395,48.160474],[17.189164,48.160062],[17.189169,48.15995],[17.189397,48.15974],[17.189434,48.159553],[17.189391,48.159449],[17.189017,48.159166]],[[17.189357,48.165163],[17.190014,48.165295],[17.190199,48.165397],[17.190332,48.165696],[17.190528,48.16551],[17.19154,48.165007]]]},"properties":{"n":"Pri letisku"}},{"type":"Feature","geometry":{"type":"LineString","coordinates":[[17.212504,48.208452],[17.21763,48.210161]]},"properties":{"n":"Pri Struhe"}},{"type":"Feature","geometry":{"type":"LineString","coordinates":[[17.203508,48.202517],[17.205386,48.201035],[17.206243,48.199851],[17.207451,48.196213]]},"properties":{"n":"Čierny chodník"}},{"type":"Feature","geometry":{"type":"LineString","coordinates":[[17.203307,48.205787],[17.204843,48.206842]]},"properties":{"n":"Šaldova"}},{"type":"Feature","geometry":{"type":"LineString","coordinates":[[17.204468,48.19784],[17.206541,48.198686]]},"properties":{"n":"Šinkovské"}},{"type":"Feature","geometry":{"type":"LineString","coordinates":[[17.202686,48.199988],[17.20811,48.201929],[17.208968,48.20235]]},"properties":{"n":"Šuty"}},{"type":"Feature","geometry":{"type":"LineString","coordinates":[[17.209345,48.20577],[17.208866,48.206035],[17.207973,48.206395],[17.20692,48.20648],[17.205778,48.206698],[17.205682,48.207262],[17.20556,48.207547]]},"properties":{"n":"Baničova"}},{"type":"Feature","geometry":{"type":"LineString","coordinates":[[17.197676,48.201011],[17.200538,48.202383],[17.203497,48.204166]]},"properties":{"n":"Dorastenecká"}},{"type":"Feature","geometry":{"type":"LineString","coordinates":[[17.213345,48.207615],[17.215382,48.205344]]},"properties":{"n":"Hospodárska"}},{"type":"Feature","geometry":{"type":"LineString","coordinates":[[17.211651,48.206861],[17.213332,48.205211],[17.213556,48.204895]]},"properties":{"n":"Kúkoľová"}},{"type":"Feature","geometry":{"type":"LineString","coordinates":[[17.213345,48.207615],[17.21279,48.208316],[17.212504,48.208452],[17.206973,48.209242]]},"properties":{"n":"Koncová"}},{"type":"Feature","geometry":{"type":"LineString","coordinates":[[17.202519,48.206218],[17.205138,48.208017]]},"properties":{"n":"Koniarkova"}},{"type":"Feature","geometry":{"type":"LineString","coordinates":[[17.205138,48.208017],[17.205518,48.208302],[17.206422,48.208837],[17.207064,48.209305],[17.207408,48.209755]]},"properties":{"n":"Kratiny"}},{"type":"Feature","geometry":{"type":"MultiLineString","coordinates":[[[17.203738,48.210039],[17.20197,48.209159]],[[17.20556,48.207547],[17.204634,48.208589],[17.203515,48.210399]]]},"properties":{"n":"Na doline"}},{"type":"Feature","geometry":{"type":"LineString","coordinates":[[17.20168,48.20661],[17.204634,48.208589],[17.205112,48.209466],[17.205827,48.210159],[17.206234,48.21078],[17.20682,48.211446]]},"properties":{"n":"Nad jazierkom"}},{"type":"Feature","geometry":{"type":"LineString","coordinates":[[17.203507,48.20384],[17.205268,48.205107],[17.206441,48.206125],[17.206793,48.206504]]},"properties":{"n":"Osloboditeľská"}},{"type":"Feature","geometry":{"type":"MultiLineString","coordinates":[[[17.207798,48.206391],[17.2071,48.205747],[17.206441,48.206125]],[[17.2071,48.205747],[17.20829,48.205087]]]},"properties":{"n":"Pod lipami"}},{"type":"Feature","geometry":{"type":"MultiLineString","coordinates":[[[17.20243,48.208841],[17.203865,48.209829]],[[17.200261,48.20735],[17.200972,48.207874],[17.201938,48.208484],[17.202095,48.20843],[17.203311,48.207694]]]},"properties":{"n":"Pod Válkom"}},{"type":"Feature","geometry":{"type":"MultiLineString","coordinates":[[[17.189567,48.195779],[17.189544,48.195684],[17.189629,48.195529],[17.18903,48.195595]],[[17.211629,48.197004],[17.211516,48.196652],[17.211183,48.196536],[17.20978,48.196647],[17.208753,48.196554],[17.206159,48.195914],[17.204563,48.195284],[17.204883,48.195141],[17.205316,48.195146],[17.208526,48.195541],[17.209469,48.195545]],[[17.189629,48.195529],[17.19677,48.194751],[17.198228,48.194385],[17.199348,48.194445],[17.199735,48.194597],[17.201392,48.194777],[17.202616,48.194964],[17.203364,48.195154],[17.204563,48.195284]]]},"properties":{"n":"Príjazdná"}},{"type":"Feature","geometry":{"type":"MultiLineString","coordinates":[[[17.203928,48.198728],[17.203431,48.198499]],[[17.203988,48.198772],[17.206097,48.199709],[17.209376,48.201006]],[[17.203946,48.198825],[17.206243,48.199851],[17.20928,48.201057]]]},"properties":{"n":"Pračanská"}},{"type":"Feature","geometry":{"type":"LineString","coordinates":[[17.204652,48.203006],[17.205258,48.202455],[17.207174,48.201429],[17.207484,48.201353],[17.208318,48.2013],[17.208878,48.201183],[17.20928,48.201057],[17.209946,48.200654],[17.210272,48.200313],[17.21039,48.200095],[17.211462,48.197266],[17.211629,48.197004],[17.212106,48.196696],[17.213083,48.196289],[17.213593,48.1962],[17.214977,48.196305],[17.217559,48.196605],[17.217746,48.196584],[17.217977,48.196435],[17.218396,48.195052]]},"properties":{"n":"Pri mlyne"}},{"type":"Feature","geometry":{"type":"MultiLineString","coordinates":[[[17.18903,48.195595],[17.189271,48.195637],[17.196065,48.198942],[17.197554,48.199594],[17.197699,48.199613],[17.198244,48.199974]],[[17.201172,48.20139],[17.198244,48.199974],[17.197874,48.199823],[17.197486,48.199776],[17.197235,48.199519],[17.196065,48.198942]]]},"properties":{"n":"Pri starom letisku"}},{"type":"Feature","geometry":{"type":"MultiLineString","coordinates":[[[17.211016,48.206565],[17.210842,48.206413],[17.206878,48.203961],[17.205516,48.203338],[17.205217,48.203309],[17.204652,48.203006],[17.202558,48.202092],[17.201172,48.20139]],[[17.219858,48.209373],[17.218231,48.209207],[17.213345,48.207615],[17.212569,48.207304],[17.209815,48.206048],[17.207237,48.204422],[17.205217,48.203309]]]},"properties":{"n":"Roľnícka"}},{"type":"Feature","geometry":{"type":"MultiLineString","coordinates":[[[17.198608,48.20851],[17.199073,48.208099],[17.19846,48.208754],[17.198287,48.209173],[17.19721,48.209956],[17.198147,48.209226],[17.198307,48.209022],[17.198323,48.208722],[17.198608,48.20851]],[[17.20313,48.203945],[17.203318,48.203845],[17.203507,48.20384],[17.203372,48.205595],[17.203307,48.205787],[17.203044,48.205957],[17.200702,48.207093],[17.199073,48.208099]],[[17.204462,48.202928],[17.203696,48.203505],[17.203542,48.203709],[17.203507,48.20384]],[[17.181367,48.219506],[17.182089,48.219205],[17.183803,48.21865],[17.185289,48.218069],[17.185555,48.217956],[17.186859,48.21718],[17.189211,48.215465],[17.18986,48.214766],[17.190748,48.213934],[17.19239,48.212665],[17.193679,48.211861],[17.194987,48.211159],[17.195968,48.210853],[17.19721,48.209956]]]},"properties":{"n":"Rybničná"}},{"type":"Feature","geometry":{"type":"LineString","coordinates":[[17.205778,48.206698],[17.204843,48.206842],[17.203422,48.207771]]},"properties":{"n":"Skuteckého"}},{"type":"Feature","geometry":{"type":"LineString","coordinates":[[17.204874,48.196757],[17.207034,48.197435],[17.208859,48.198069],[17.209764,48.198321],[17.210967,48.198539]]},"properties":{"n":"Buzalkova"}},{"type":"Feature","geometry":{"type":"LineString","coordinates":[[17.200348,48.198009],[17.203251,48.199473]]},"properties":{"n":"Tibenského"}},{"type":"Feature","geometry":{"type":"MultiLineString","coordinates":[[[17.199168,48.199236],[17.202094,48.200654],[17.202314,48.200724],[17.204469,48.201835],[17.205531,48.202282]],[[17.210075,48.204602],[17.21041,48.204788]],[[17.212458,48.206075],[17.211304,48.205553],[17.210447,48.204879],[17.21041,48.204788],[17.212071,48.205657],[17.212579,48.205978],[17.214124,48.206746],[17.21935,48.208384],[17.219678,48.208672],[17.219682,48.208824],[17.21948,48.20935]]]},"properties":{"n":"Tomanova"}},{"type":"Feature","geometry":{"type":"MultiLineString","coordinates":[[[17.204176,48.198217],[17.203642,48.197983]],[[17.204403,48.197663],[17.203873,48.197417]],[[17.201172,48.20139],[17.203986,48.198776],[17.204874,48.196757]]]},"properties":{"n":"Uhliská"}},{"type":"Feature","geometry":{"type":"LineString","coordinates":[[17.213332,48.205211],[17.214838,48.205978]]},"properties":{"n":"Veľké Štepnice"}},{"type":"Feature","geometry":{"type":"MultiLineString","coordinates":[[[17.210602,48.20776],[17.206793,48.208327],[17.206025,48.207668]],[[17.206793,48.208327],[17.206422,48.208837]]]},"properties":{"n":"Zátureckého"}},{"type":"Feature","geometry":{"type":"LineString","coordinates":[[17.208831,48.207183],[17.208447,48.207295],[17.206025,48.207668],[17.205518,48.208302]]},"properties":{"n":"Za farou"}},{"type":"Feature","geometry":{"type":"LineString","coordinates":[[17.19956,48.198463],[17.202234,48.200379]]},"properties":{"n":"Zbrody"}},{"type":"Feature","geometry":{"type":"MultiLineString","coordinates":[[[17.197193,48.190957],[17.198614,48.191038],[17.198743,48.191001],[17.198812,48.190868]],[[17.193841,48.191985],[17.195847,48.19207],[17.196904,48.192184]],[[17.18941,48.189893],[17.189797,48.189858],[17.194036,48.190057],[17.19442,48.190148],[17.195539,48.190656],[17.195391,48.191046],[17.195196,48.192034]],[[17.195539,48.190656],[17.196087,48.190899],[17.196659,48.190896],[17.197193,48.190957],[17.1968,48.190946]],[[17.196395,48.190986],[17.19598,48.190918],[17.195654,48.190709]]]},"properties":{"n":"Tuhovská"}},{"type":"Feature","geometry":{"type":"LineString","coordinates":[[17.20666,48.204117],[17.205268,48.205107]]},"properties":{"n":"Jačmenná"}},{"type":"Feature","geometry":{"type":"LineString","coordinates":[[17.203515,48.210399],[17.201347,48.20956]]},"properties":{"n":"Nad Válkom"}},{"type":"Feature","geometry":{"type":"LineString","coordinates":[[17.210197,48.207541],[17.211406,48.206753]]},"properties":{"n":"Pri pastierni"}},{"type":"Feature","geometry":{"type":"LineString","coordinates":[[17.203365,48.205049],[17.202629,48.205041],[17.202545,48.205216],[17.202377,48.205349],[17.201979,48.205364]]},"properties":{"n":"Alviano"}},{"type":"Feature","geometry":{"type":"LineString","coordinates":[[17.206531,48.206225],[17.206396,48.206296],[17.206401,48.206346]]},"properties":{"n":"Námestie Titusa Zemana"}},{"type":"Feature","geometry":{"type":"LineString","coordinates":[[17.208569,48.196513],[17.207235,48.199486]]},"properties":{"n":"Šachorová"}},{"type":"Feature","geometry":{"type":"LineString","coordinates":[[17.209473,48.196643],[17.208105,48.199798]]},"properties":{"n":"Široká"}},{"type":"Feature","geometry":{"type":"LineString","coordinates":[[17.210932,48.196901],[17.210405,48.196938],[17.210329,48.197018],[17.209003,48.200089]]},"properties":{"n":"Za mlynom"}},{"type":"Feature","geometry":{"type":"LineString","coordinates":[[17.207973,48.206395],[17.208163,48.206504],[17.208618,48.207097],[17.208744,48.207165],[17.209516,48.207194],[17.212099,48.208496]]},"properties":{"n":"Kataríny Brúderovej"}},{"type":"Feature","geometry":{"type":"LineString","coordinates":[[17.190493,48.208807],[17.190756,48.208658],[17.190872,48.208679],[17.191262,48.208946],[17.194351,48.21151]]},"properties":{"n":"Regrútska"}},{"type":"Feature","geometry":{"type":"LineString","coordinates":[[17.199448,48.201835],[17.200325,48.201019]]},"properties":{"n":"Šutráková"}},{"type":"Feature","geometry":{"type":"LineString","coordinates":[[17.205557,48.202301],[17.205671,48.202342],[17.2064,48.202286],[17.206533,48.202315],[17.206894,48.202529],[17.207275,48.20287],[17.209191,48.203888],[17.210075,48.204602]]},"properties":{"n":"Za humnami"}},{"type":"Feature","geometry":{"type":"LineString","coordinates":[[17.209124,48.205307],[17.209656,48.20489],[17.210546,48.204308]]},"properties":{"n":"Na jarku"}},{"type":"Feature","geometry":{"type":"LineString","coordinates":[[17.202718,48.199185],[17.203241,48.198624]]},"properties":{"n":"Pri pasienku"}},{"type":"Feature","geometry":{"type":"LineString","coordinates":[[17.202167,48.198908],[17.202665,48.198301]]},"properties":{"n":"Pri šanci"}},{"type":"Feature","geometry":{"type":"LineString","coordinates":[[17.201484,48.198569],[17.201877,48.198122]]},"properties":{"n":"Pod krížom"}},{"type":"Feature","geometry":{"type":"LineString","coordinates":[[17.204643,48.208667],[17.20485,48.208913],[17.20516,48.209502],[17.205831,48.21012],[17.206048,48.210531]]},"properties":{"n":"Nemecká dolina"}},{"type":"Feature","geometry":{"type":"LineString","coordinates":[[17.208252,48.20627],[17.207928,48.205961],[17.207896,48.205863],[17.207658,48.205651],[17.207481,48.205561]]},"properties":{"n":"Ochotnícka"}},{"type":"Feature","geometry":{"type":"LineString","coordinates":[[17.203908,48.197399],[17.20417,48.196793]]},"properties":{"n":"Nové Šuty"}},{"type":"Feature","geometry":{"type":"LineString","coordinates":[[17.200458,48.198037],[17.200888,48.197619]]},"properties":{"n":"Pri nadjazde"}},{"type":"Feature","geometry":{"type":"LineString","coordinates":[[17.201067,48.198337],[17.201497,48.197922]]},"properties":{"n":"Pri potoku"}},{"type":"Feature","geometry":{"type":"LineString","coordinates":[[17.18556,48.21798],[17.186004,48.218142],[17.187697,48.218536],[17.189003,48.219077]]},"properties":{"n":"Pri pekárni"}},{"type":"Feature","geometry":{"type":"LineString","coordinates":[[17.187188,48.217717],[17.188796,48.216421],[17.189002,48.216344],[17.189132,48.216347],[17.193403,48.21861]]},"properties":{"n":"Pri majeri"}},{"type":"Feature","geometry":{"type":"LineString","coordinates":[[17.189646,48.21507],[17.190941,48.215738],[17.192351,48.216393],[17.192208,48.216562],[17.192364,48.216731],[17.192763,48.216989],[17.193814,48.217422],[17.193996,48.21737],[17.19533,48.216186],[17.19143,48.214208],[17.191285,48.214224]]},"properties":{"n":"Pri rybníku"}},{"type":"Feature","geometry":{"type":"LineString","coordinates":[[17.150799,48.208058],[17.155058,48.21141]]},"properties":{"n":"Čachtická"}},{"type":"Feature","geometry":{"type":"MultiLineString","coordinates":[[[17.146584,48.201931],[17.146439,48.201455],[17.145908,48.200829]],[[17.147896,48.199998],[17.144086,48.201634]]]},"properties":{"n":"Černockého"}},{"type":"Feature","geometry":{"type":"LineString","coordinates":[[17.144139,48.208519],[17.142889,48.209074],[17.142142,48.209216],[17.141511,48.20943]]},"properties":{"n":"Červená"}},{"type":"Feature","geometry":{"type":"LineString","coordinates":[[17.155479,48.214463],[17.155546,48.214047],[17.156612,48.213399]]},"properties":{"n":"Žarnovická"}},{"type":"Feature","geometry":{"type":"MultiLineString","coordinates":[[[17.157038,48.210295],[17.154949,48.208542],[17.154413,48.208027],[17.153197,48.206597],[17.15037,48.20411],[17.149997,48.203619],[17.149039,48.201941]],[[17.150575,48.204296],[17.150252,48.20445],[17.150201,48.204516],[17.150178,48.204944],[17.149978,48.20568],[17.150489,48.205847]],[[17.150608,48.200891],[17.149132,48.201873],[17.150123,48.203615],[17.150365,48.203953],[17.150759,48.204376],[17.153367,48.206659],[17.154596,48.208126],[17.156539,48.209744]]]},"properties":{"n":"Žitná"}},{"type":"Feature","geometry":{"type":"LineString","coordinates":[[17.144412,48.209047],[17.14349,48.209397]]},"properties":{"n":"Žulová"}},{"type":"Feature","geometry":{"type":"LineString","coordinates":[[17.15764,48.210422],[17.158616,48.21],[17.160171,48.209149]]},"properties":{"n":"Albánska"}},{"type":"Feature","geometry":{"type":"LineString","coordinates":[[17.150664,48.208274],[17.150174,48.208626],[17.148741,48.20948],[17.146636,48.211046]]},"properties":{"n":"Barónka"}},{"type":"Feature","geometry":{"type":"MultiLineString","coordinates":[[[17.15007,48.206971],[17.151144,48.205994],[17.15179,48.205548]],[[17.15213,48.205352],[17.154789,48.203904]]]},"properties":{"n":"Bukovinská"}},{"type":"Feature","geometry":{"type":"MultiLineString","coordinates":[[[17.147089,48.219123],[17.14785,48.219843]],[[17.147655,48.219666],[17.14688,48.220087],[17.146162,48.220326]]]},"properties":{"n":"Chladná"}},{"type":"Feature","geometry":{"type":"LineString","coordinates":[[17.157142,48.213787],[17.156456,48.214182],[17.156446,48.214534],[17.156684,48.214772],[17.15691,48.214907],[17.15754,48.215105],[17.157813,48.215071],[17.158365,48.214777]]},"properties":{"n":"Cígeľská"}},{"type":"Feature","geometry":{"type":"MultiLineString","coordinates":[[[17.153605,48.210261],[17.155577,48.209191]],[[17.155838,48.209039],[17.158654,48.2075]]]},"properties":{"n":"Demänovská"}},{"type":"Feature","geometry":{"type":"LineString","coordinates":[[17.151962,48.213461],[17.152944,48.212617],[17.157038,48.210295]]},"properties":{"n":"Detvianska"}},{"type":"Feature","geometry":{"type":"LineString","coordinates":[[17.163611,48.199809],[17.163869,48.199686],[17.164495,48.199554],[17.171575,48.198299]]},"properties":{"n":"Dopravná"}},{"type":"Feature","geometry":{"type":"LineString","coordinates":[[17.154856,48.212169],[17.153452,48.212965],[17.153325,48.213109],[17.153369,48.213232],[17.153779,48.213543],[17.153925,48.213589],[17.154127,48.213527],[17.154925,48.213079],[17.155595,48.213108],[17.156244,48.213629]]},"properties":{"n":"Gelnická"}},{"type":"Feature","geometry":{"type":"MultiLineString","coordinates":[[[17.148331,48.203993],[17.148805,48.204473]],[[17.149642,48.202986],[17.148552,48.203288],[17.146412,48.203683],[17.14627,48.203774],[17.146207,48.203875]],[[17.146412,48.203683],[17.145966,48.203573]]]},"properties":{"n":"Hečkova"}},{"type":"Feature","geometry":{"type":"LineString","coordinates":[[17.150608,48.200891],[17.150669,48.20094],[17.150753,48.20126],[17.150893,48.20154],[17.152175,48.203526],[17.152862,48.203985],[17.155707,48.206295]]},"properties":{"n":"Hrušková"}},{"type":"Feature","geometry":{"type":"LineString","coordinates":[[17.150799,48.208058],[17.150574,48.20787],[17.15058,48.207803],[17.152469,48.206104],[17.155463,48.204464]]},"properties":{"n":"Hybešova"}},{"type":"Feature","geometry":{"type":"LineString","coordinates":[[17.156554,48.209562],[17.159295,48.208063]]},"properties":{"n":"Ihrisková"}},{"type":"Feature","geometry":{"type":"LineString","coordinates":[[17.150275,48.203595],[17.151915,48.203141]]},"properties":{"n":"Jakubská"}},{"type":"Feature","geometry":{"type":"LineString","coordinates":[[17.152488,48.212983],[17.151985,48.212771],[17.1509,48.211964],[17.1507,48.211896],[17.150349,48.211862],[17.150023,48.21193],[17.14896,48.21267]]},"properties":{"n":"Jurkovičova"}},{"type":"Feature","geometry":{"type":"LineString","coordinates":[[17.138119,48.195303],[17.139464,48.196772],[17.141278,48.198637],[17.146329,48.203994],[17.146726,48.204167],[17.147442,48.204178],[17.14769,48.204284],[17.147897,48.204474],[17.148445,48.205118],[17.148279,48.205831],[17.148302,48.206081],[17.148524,48.2063],[17.148982,48.206528]]},"properties":{"n":"Kadnárova"}},{"type":"Feature","geometry":{"type":"MultiLineString","coordinates":[[[17.152199,48.20992],[17.150715,48.210783]],[[17.149499,48.210054],[17.150484,48.209468],[17.151424,48.210238],[17.151646,48.210195],[17.151694,48.210225]]]},"properties":{"n":"Kafendova"}},{"type":"Feature","geometry":{"type":"LineString","coordinates":[[17.161522,48.218059],[17.161835,48.218499],[17.162069,48.219265],[17.162483,48.220206],[17.162734,48.220484],[17.164087,48.221078],[17.16665,48.221655],[17.168464,48.222318]]},"properties":{"n":"Kamilková"}},{"type":"Feature","geometry":{"type":"MultiLineString","coordinates":[[[17.16321,48.21566],[17.164373,48.216221],[17.164431,48.216431],[17.164499,48.216488],[17.165163,48.216835]],[[17.164373,48.216221],[17.164682,48.216143],[17.164815,48.216162],[17.166031,48.21652]]]},"properties":{"n":"Karpatské námestie"}},{"type":"Feature","geometry":{"type":"LineString","coordinates":[[17.148862,48.212617],[17.147884,48.213289],[17.147497,48.213813],[17.146987,48.214145],[17.146453,48.214314],[17.145679,48.214217],[17.145159,48.214294],[17.140756,48.216366],[17.139753,48.216701]]},"properties":{"n":"Knižkova dolina"}},{"type":"Feature","geometry":{"type":"LineString","coordinates":[[17.15408,48.203338],[17.154222,48.20338],[17.156565,48.205426],[17.156705,48.205555],[17.156622,48.205744],[17.156718,48.205774],[17.156952,48.205974],[17.159851,48.208537],[17.159833,48.20861],[17.159654,48.208721],[17.160511,48.209431],[17.160536,48.209613],[17.161418,48.210322],[17.161719,48.210297],[17.161915,48.210363],[17.162619,48.211021]]},"properties":{"n":"Koľajná"}},{"type":"Feature","geometry":{"type":"MultiLineString","coordinates":[[[17.152089,48.209987],[17.152675,48.210453]],[[17.150546,48.209083],[17.151853,48.210117]],[[17.148982,48.206528],[17.149467,48.206836],[17.150518,48.208025],[17.150664,48.208274],[17.150864,48.208801],[17.151001,48.208985],[17.153384,48.210825],[17.153794,48.211207],[17.154029,48.211554],[17.154323,48.211834]]]},"properties":{"n":"Kubačova"}},{"type":"Feature","geometry":{"type":"MultiLineString","coordinates":[[[17.158373,48.21606],[17.158294,48.21589]],[[17.158196,48.21622],[17.15873,48.216493]],[[17.158558,48.215891],[17.157929,48.21651],[17.157683,48.216914],[17.157791,48.217016],[17.158098,48.217129],[17.15853,48.216808]],[[17.158098,48.217129],[17.158785,48.217421]]]},"properties":{"n":"Lisovňa"}},{"type":"Feature","geometry":{"type":"LineString","coordinates":[[17.144053,48.208349],[17.143697,48.208456],[17.143589,48.208544],[17.142623,48.208932],[17.142051,48.209048],[17.141607,48.209194]]},"properties":{"n":"Modrý chodník"}},{"type":"Feature","geometry":{"type":"LineString","coordinates":[[17.151506,48.205009],[17.152862,48.203985],[17.15408,48.203338]]},"properties":{"n":"Mrazová"}},{"type":"Feature","geometry":{"type":"MultiLineString","coordinates":[[[17.153074,48.210592],[17.153605,48.210261]],[[17.153156,48.210658],[17.151605,48.211557]]]},"properties":{"n":"Mudrochova"}},{"type":"Feature","geometry":{"type":"LineString","coordinates":[[17.144195,48.218975],[17.144753,48.219509],[17.145324,48.219806]]},"properties":{"n":"Na medzi"}},{"type":"Feature","geometry":{"type":"LineString","coordinates":[[17.172497,48.211965],[17.172738,48.212074],[17.17297,48.212009],[17.173123,48.212042],[17.178327,48.216746],[17.178541,48.216017],[17.17865,48.215796],[17.17982,48.213878],[17.180437,48.213212],[17.180146,48.21289]]},"properties":{"n":"Na pántoch"}},{"type":"Feature","geometry":{"type":"LineString","coordinates":[[17.173311,48.197227],[17.175843,48.199046],[17.176278,48.198808],[17.174607,48.197595],[17.174154,48.19785]]},"properties":{"n":"Na pasekách"}},{"type":"Feature","geometry":{"type":"MultiLineString","coordinates":[[[17.145456,48.207761],[17.14537,48.208553],[17.146131,48.209173],[17.146195,48.209082],[17.146342,48.207818]],[[17.146131,48.209173],[17.147598,48.210324]]]},"properties":{"n":"Novohorská"}},{"type":"Feature","geometry":{"type":"MultiLineString","coordinates":[[[17.153367,48.206659],[17.156194,48.205107]],[[17.150799,48.208058],[17.153172,48.206753]]]},"properties":{"n":"Oblačná"}},{"type":"Feature","geometry":{"type":"LineString","coordinates":[[17.151609,48.217904],[17.150599,48.219218]]},"properties":{"n":"Olšová"}},{"type":"Feature","geometry":{"type":"LineString","coordinates":[[17.149762,48.202962],[17.151484,48.202467]]},"properties":{"n":"Ondrejská"}},{"type":"Feature","geometry":{"type":"LineString","coordinates":[[17.155143,48.206613],[17.159464,48.210119],[17.160036,48.210685]]},"properties":{"n":"Oráčska"}},{"type":"Feature","geometry":{"type":"MultiLineString","coordinates":[[[17.157275,48.210336],[17.160102,48.212714],[17.161351,48.21356],[17.163582,48.214675],[17.167314,48.216446],[17.168395,48.216919],[17.16932,48.217213]],[[17.168411,48.216999],[17.16303,48.214486],[17.161191,48.213544],[17.160595,48.213171],[17.159824,48.212587],[17.157038,48.210295]]]},"properties":{"n":"Púchovská"}},{"type":"Feature","geometry":{"type":"LineString","coordinates":[[17.157587,48.205741],[17.158351,48.20643],[17.159332,48.205908],[17.159451,48.205806]]},"properties":{"n":"Pastierska"}},{"type":"Feature","geometry":{"type":"MultiLineString","coordinates":[[[17.146715,48.207833],[17.147295,48.208302]],[[17.147079,48.209587],[17.148064,48.208985],[17.148129,48.208983],[17.149726,48.210238]]]},"properties":{"n":"Plickova"}},{"type":"Feature","geometry":{"type":"LineString","coordinates":[[17.159249,48.215912],[17.160138,48.216711],[17.160594,48.217036],[17.161522,48.218059]]},"properties":{"n":"Podbrezovská"}},{"type":"Feature","geometry":{"type":"MultiLineString","coordinates":[[[17.152044,48.214056],[17.151866,48.214822],[17.151677,48.21527],[17.151521,48.215449],[17.149335,48.217272],[17.147504,48.21788],[17.145193,48.218548],[17.144351,48.218881],[17.1434,48.219503],[17.14283,48.219762],[17.14214,48.219973]],[[17.146891,48.218043],[17.14702,48.218254],[17.146949,48.218342],[17.145807,48.218858],[17.145229,48.219034]]]},"properties":{"n":"Popolná"}},{"type":"Feature","geometry":{"type":"MultiLineString","coordinates":[[[17.148283,48.22245],[17.148798,48.221856],[17.149145,48.221022],[17.149872,48.219909],[17.150151,48.218693]],[[17.148429,48.219458],[17.148974,48.219176],[17.149733,48.218681],[17.150151,48.218693],[17.150466,48.217369],[17.150314,48.216864],[17.150218,48.216668],[17.150122,48.216606]],[[17.150324,48.216449],[17.150424,48.216788],[17.15075,48.217194],[17.150909,48.217598],[17.151542,48.217877]]]},"properties":{"n":"Potočná"}},{"type":"Feature","geometry":{"type":"MultiLineString","coordinates":[[[17.159269,48.201184],[17.1595,48.201764],[17.161624,48.202223],[17.162358,48.202115],[17.162613,48.201933],[17.164159,48.201687]],[[17.164918,48.208612],[17.161221,48.206646],[17.159451,48.205806],[17.159764,48.204446],[17.159844,48.20422],[17.159949,48.204099],[17.160108,48.203975],[17.164087,48.20197],[17.164152,48.201846],[17.164142,48.201603],[17.163925,48.20107],[17.161641,48.201431],[17.161517,48.201334],[17.161394,48.20099],[17.161434,48.200915],[17.161748,48.200878]],[[17.163925,48.20107],[17.163555,48.200038],[17.163543,48.199896],[17.163611,48.199809],[17.161983,48.20007],[17.160332,48.200263],[17.159776,48.200393],[17.159618,48.200449],[17.158922,48.200886],[17.158563,48.20115],[17.158298,48.20142]],[[17.159952,48.202112],[17.159086,48.203127],[17.159747,48.203386],[17.160359,48.203848]]]},"properties":{"n":"Pri Šajbách"}},{"type":"Feature","geometry":{"type":"MultiLineString","coordinates":[[[17.142979,48.211689],[17.14361,48.212194],[17.143852,48.212578],[17.144071,48.212781],[17.144652,48.212939],[17.145374,48.213619],[17.145976,48.21427]],[[17.150269,48.215535],[17.150478,48.215586],[17.150511,48.215461],[17.150358,48.215442],[17.149438,48.216271]],[[17.146177,48.214305],[17.14634,48.214623],[17.1465,48.214718],[17.147034,48.214911],[17.148501,48.215799],[17.150122,48.216606]]]},"properties":{"n":"Pri Kolíske"}},{"type":"Feature","geometry":{"type":"MultiLineString","coordinates":[[[17.152044,48.214056],[17.152763,48.214306],[17.153352,48.214595]],[[17.152469,48.218238],[17.152782,48.218403],[17.152108,48.219271]],[[17.162491,48.216221],[17.164097,48.21499]],[[17.151561,48.219339],[17.152469,48.218238],[17.151542,48.217877],[17.151509,48.217747],[17.15141,48.217671],[17.151463,48.217412],[17.15193,48.216967],[17.152169,48.216663],[17.152212,48.21644],[17.152501,48.215922],[17.152627,48.215425],[17.152891,48.215042],[17.153352,48.214595],[17.153685,48.214744],[17.15624,48.215581],[17.156915,48.215742],[17.157606,48.215852],[17.158294,48.21589],[17.159249,48.215912],[17.160019,48.215862],[17.160789,48.215907],[17.161475,48.215991],[17.162332,48.216167],[17.164513,48.21723]]]},"properties":{"n":"Pri vinohradoch"}},{"type":"Feature","geometry":{"type":"LineString","coordinates":[[17.162241,48.190403],[17.162057,48.190518],[17.161509,48.192679],[17.161439,48.19276],[17.161104,48.192822],[17.157647,48.192461]]},"properties":{"n":"Pribylinská"}},{"type":"Feature","geometry":{"type":"MultiLineString","coordinates":[[[17.135749,48.188193],[17.136255,48.188611],[17.13801,48.189892],[17.139251,48.190988],[17.143543,48.19503],[17.146761,48.198202],[17.147766,48.199438],[17.149132,48.201873]],[[17.149039,48.201941],[17.147591,48.19948],[17.146952,48.198633],[17.146488,48.198137],[17.140703,48.192475],[17.138105,48.190144],[17.13623,48.188755],[17.135598,48.188215]]]},"properties":{"n":"Račianska"}},{"type":"Feature","geometry":{"type":"LineString","coordinates":[[17.151493,48.208598],[17.155707,48.206295],[17.156462,48.20576],[17.156622,48.205744]]},"properties":{"n":"Remeselnícka"}},{"type":"Feature","geometry":{"type":"MultiLineString","coordinates":[[[17.152197,48.209133],[17.154244,48.208029]],[[17.154496,48.20789],[17.157338,48.206336]]]},"properties":{"n":"Rostovská"}},{"type":"Feature","geometry":{"type":"LineString","coordinates":[[17.147176,48.217971],[17.147732,48.218458]]},"properties":{"n":"Rudnícka"}},{"type":"Feature","geometry":{"type":"LineString","coordinates":[[17.150996,48.204409],[17.152175,48.203526]]},"properties":{"n":"Rumunská"}},{"type":"Feature","geometry":{"type":"MultiLineString","coordinates":[[[17.158294,48.21589],[17.158705,48.215712],[17.158862,48.21553],[17.158895,48.21529],[17.158783,48.215084],[17.15984,48.215872]],[[17.15467,48.212079],[17.154544,48.21189],[17.154561,48.211702]],[[17.154323,48.211834],[17.15467,48.212079],[17.155157,48.212282],[17.155547,48.212526],[17.158783,48.215084]]]},"properties":{"n":"Rustaveliho"}},{"type":"Feature","geometry":{"type":"MultiLineString","coordinates":[[[17.149101,48.205222],[17.148863,48.206474]],[[17.149878,48.205731],[17.149679,48.206193],[17.149623,48.206575],[17.15007,48.206971],[17.150257,48.207262],[17.150666,48.207729]]]},"properties":{"n":"Strelkova"}},{"type":"Feature","geometry":{"type":"LineString","coordinates":[[17.148982,48.206528],[17.146715,48.207833],[17.144216,48.207697],[17.143953,48.207795]]},"properties":{"n":"Sadmelijská"}},{"type":"Feature","geometry":{"type":"MultiLineString","coordinates":[[[17.164087,48.20197],[17.16443,48.201783],[17.165157,48.201515],[17.167273,48.201118],[17.16688,48.200071]],[[17.167273,48.201118],[17.170562,48.200532],[17.171032,48.200463],[17.171226,48.2005],[17.171291,48.200562],[17.172245,48.203047],[17.172227,48.203105],[17.172039,48.203187],[17.170238,48.203472],[17.170194,48.203357],[17.170787,48.203272]],[[17.163995,48.201279],[17.164647,48.201497],[17.165157,48.201515]]]},"properties":{"n":"Sklabinská"}},{"type":"Feature","geometry":{"type":"MultiLineString","coordinates":[[[17.176077,48.193963],[17.176199,48.193884],[17.176233,48.193792],[17.17631,48.193884],[17.176424,48.193926]],[[17.158348,48.189602],[17.158654,48.189634],[17.158959,48.18996],[17.159299,48.190051],[17.16174,48.19029],[17.162241,48.190403],[17.162537,48.190389],[17.175532,48.19189],[17.175746,48.191982],[17.175837,48.19214],[17.176233,48.193792]]]},"properties":{"n":"Staviteľská"}},{"type":"Feature","geometry":{"type":"LineString","coordinates":[[17.152881,48.209686],[17.157986,48.206905]]},"properties":{"n":"Stolárska"}},{"type":"Feature","geometry":{"type":"LineString","coordinates":[[17.149378,48.202309],[17.151068,48.201819]]},"properties":{"n":"Stratená"}},{"type":"Feature","geometry":{"type":"LineString","coordinates":[[17.135809,48.215379],[17.134855,48.215152],[17.134448,48.214964],[17.133856,48.214546],[17.133762,48.214358],[17.134048,48.214295],[17.134222,48.214196],[17.134662,48.213826],[17.135039,48.21342],[17.135832,48.213079],[17.136208,48.21301],[17.137249,48.212965],[17.138878,48.213048],[17.140349,48.212438],[17.142107,48.212023],[17.142826,48.211759],[17.143041,48.211633],[17.14315,48.211305],[17.143485,48.211117],[17.144711,48.210648],[17.145349,48.210441],[17.145805,48.210361]]},"properties":{"n":"Stupavská"}},{"type":"Feature","geometry":{"type":"LineString","coordinates":[[17.157265,48.213013],[17.158934,48.214239],[17.159278,48.214258],[17.159917,48.213921],[17.16013,48.213882],[17.160393,48.214003],[17.160773,48.214319],[17.160749,48.214429],[17.15913,48.21535]]},"properties":{"n":"Tbiliská"}},{"type":"Feature","geometry":{"type":"LineString","coordinates":[[17.157026,48.210142],[17.159654,48.208721]]},"properties":{"n":"Trávna"}},{"type":"Feature","geometry":{"type":"LineString","coordinates":[[17.14742,48.20653],[17.146761,48.206905],[17.14625,48.207002],[17.14563,48.207362],[17.145494,48.207451],[17.145456,48.207761]]},"properties":{"n":"Úžiny"}},{"type":"Feature","geometry":{"type":"LineString","coordinates":[[17.158048,48.21078],[17.158918,48.210499],[17.159464,48.210119],[17.160536,48.209613]]},"properties":{"n":"Víťazná"}},{"type":"Feature","geometry":{"type":"LineString","coordinates":[[17.158219,48.211159],[17.161418,48.210322]]},"properties":{"n":"Výhonská"}},{"type":"Feature","geometry":{"type":"LineString","coordinates":[[17.13854,48.206865],[17.138767,48.206793],[17.13927,48.206781],[17.140434,48.206414],[17.140772,48.20635],[17.140973,48.20645],[17.14184,48.207127],[17.141978,48.207188],[17.142394,48.207182],[17.143169,48.206883]]},"properties":{"n":"Vtáčiková cesta"}},{"type":"Feature","geometry":{"type":"LineString","coordinates":[[17.156612,48.213399],[17.157507,48.212859],[17.157641,48.212387],[17.158271,48.212005],[17.158476,48.212008],[17.15871,48.2122],[17.158735,48.212278],[17.158551,48.212495],[17.158468,48.213015],[17.157142,48.213787]]},"properties":{"n":"Závadská"}},{"type":"Feature","geometry":{"type":"LineString","coordinates":[[17.144021,48.208241],[17.142485,48.208868],[17.141731,48.209041],[17.141262,48.209222]]},"properties":{"n":"Zlatá"}},{"type":"Feature","geometry":{"type":"LineString","coordinates":[[17.150308,48.2181],[17.148075,48.218652],[17.146502,48.219391],[17.145499,48.21971],[17.145035,48.220045],[17.144617,48.22057],[17.144167,48.220975],[17.143314,48.221608],[17.142166,48.222095]]},"properties":{"n":"Zvončeková"}},{"type":"Feature","geometry":{"type":"MultiLineString","coordinates":[[[17.152044,48.214056],[17.151914,48.213974]],[[17.14349,48.206925],[17.143542,48.206956],[17.143953,48.207795],[17.144053,48.208349],[17.144412,48.209047],[17.144791,48.209397],[17.145265,48.20973],[17.145805,48.210361],[17.147746,48.211953],[17.148385,48.212366],[17.14896,48.21267],[17.150195,48.213089],[17.151189,48.213562]]]},"properties":{"n":"Alstrova"}},{"type":"Feature","geometry":{"type":"LineString","coordinates":[[17.17232,48.197849],[17.174656,48.199753]]},"properties":{"n":"Šúrska"}},{"type":"Feature","geometry":{"type":"MultiLineString","coordinates":[[[17.128276,48.201785],[17.129502,48.202579]],[[17.143399,48.195107],[17.134842,48.198686],[17.135048,48.198979],[17.134556,48.199792],[17.133734,48.199963],[17.133449,48.200101],[17.132811,48.200257]]]},"properties":{"n":"Pekná cesta"}},{"type":"Feature","geometry":{"type":"LineString","coordinates":[[17.141572,48.198979],[17.143422,48.198205]]},"properties":{"n":"Vrbenského"}},{"type":"Feature","geometry":{"type":"LineString","coordinates":[[17.170638,48.199087],[17.171575,48.198299],[17.172096,48.198013],[17.173199,48.197265],[17.173503,48.197161],[17.174571,48.196964],[17.178831,48.196265]]},"properties":{"n":"Východná"}},{"type":"Feature","geometry":{"type":"LineString","coordinates":[[17.140818,48.194173],[17.14676,48.200475]]},"properties":{"n":"Cyprichova"}},{"type":"Feature","geometry":{"type":"LineString","coordinates":[[17.141642,48.193831],[17.138119,48.195303]]},"properties":{"n":"Hlinícka"}},{"type":"Feature","geometry":{"type":"LineString","coordinates":[[17.137621,48.19554],[17.138956,48.196944]]},"properties":{"n":"Horná"}},{"type":"Feature","geometry":{"type":"LineString","coordinates":[[17.139958,48.194525],[17.145908,48.200829]]},"properties":{"n":"Hubeného"}},{"type":"Feature","geometry":{"type":"LineString","coordinates":[[17.140029,48.192395],[17.13878,48.19311],[17.138062,48.193611],[17.137916,48.193647]]},"properties":{"n":"Nový záhon"}},{"type":"Feature","geometry":{"type":"LineString","coordinates":[[17.149832,48.214863],[17.14875,48.215737]]},"properties":{"n":"Kaplinská"}},{"type":"Feature","geometry":{"type":"LineString","coordinates":[[17.144617,48.22057],[17.145121,48.220964],[17.145247,48.221175],[17.14532,48.221219],[17.14659,48.221601]]},"properties":{"n":"Podkarpatská"}},{"type":"Feature","geometry":{"type":"LineString","coordinates":[[17.151759,48.215116],[17.15101,48.214888],[17.150006,48.214722],[17.149832,48.214863]]},"properties":{"n":"Nad Kúriou"}},{"type":"Feature","geometry":{"type":"LineString","coordinates":[[17.142061,48.212035],[17.142072,48.212176],[17.141539,48.212824],[17.14053,48.213355],[17.139148,48.214256],[17.137222,48.21506],[17.135809,48.215379]]},"properties":{"n":"Stará Stupavská"}},{"type":"Feature","geometry":{"type":"MultiLineString","coordinates":[[[17.151701,48.213872],[17.151825,48.213797],[17.151941,48.213935],[17.151877,48.213978],[17.151577,48.213843],[17.151533,48.213776],[17.151573,48.213706],[17.151749,48.213685],[17.151825,48.213797]],[[17.151551,48.213819],[17.151189,48.213562],[17.151612,48.213686],[17.151962,48.213461],[17.151811,48.213724]]]},"properties":{"n":"Námestie Andreja Hlinku"}},{"type":"Feature","geometry":{"type":"LineString","coordinates":[[17.158348,48.189602],[17.157661,48.192216],[17.157647,48.192461],[17.157563,48.192606],[17.15695,48.194958],[17.156612,48.196437],[17.156705,48.196542],[17.156866,48.19661],[17.15767,48.196659],[17.164173,48.195465],[17.168534,48.194999]]},"properties":{"n":"Bojnická"}},{"type":"Feature","geometry":{"type":"LineString","coordinates":[[17.15256,48.215582],[17.152617,48.215712],[17.153085,48.215868],[17.153031,48.216127],[17.15284,48.216324]]},"properties":{"n":"Piesková"}},{"type":"Feature","geometry":{"type":"MultiLineString","coordinates":[[[17.158512,48.200352],[17.158605,48.200461],[17.15876,48.200331]],[[17.158605,48.200461],[17.157762,48.201101],[17.15769,48.201179],[17.15769,48.20125],[17.158053,48.201364],[17.15834,48.201363],[17.159028,48.200801],[17.159657,48.200432],[17.160125,48.2003],[17.162004,48.20006],[17.163462,48.199819]]]},"properties":{"n":"Rušňová"}},{"type":"Feature","geometry":{"type":"LineString","coordinates":[[17.143408,48.206825],[17.143379,48.206635],[17.143422,48.206596],[17.144416,48.206015]]},"properties":{"n":"Strapcová ulica"}},{"type":"Feature","geometry":{"type":"LineString","coordinates":[[17.134719,48.19948],[17.134315,48.199551],[17.133342,48.199871],[17.132691,48.199966],[17.131427,48.199869],[17.131469,48.199634]]},"properties":{"n":"Ulica pod Vajspetrom"}},{"type":"Feature","geometry":{"type":"LineString","coordinates":[[17.149787,48.219956],[17.149528,48.219962],[17.149185,48.219896],[17.148265,48.220085]]},"properties":{"n":"Kopaničiarska ulica"}},{"type":"Feature","geometry":{"type":"LineString","coordinates":[[17.12591,48.176165],[17.127658,48.176016]]},"properties":{"n":"Smikova"}},{"type":"Feature","geometry":{"type":"MultiLineString","coordinates":[[[17.08377,48.16795],[17.083526,48.168151],[17.082378,48.168714],[17.082193,48.168918],[17.08219,48.169089],[17.082388,48.16922],[17.082738,48.169216],[17.085237,48.168119]],[[17.084009,48.168681],[17.083859,48.16882],[17.083046,48.169294],[17.08272,48.169645]]]},"properties":{"n":"Hrdličkova"}},{"type":"Feature","geometry":{"type":"MultiLineString","coordinates":[[[17.131258,48.161592],[17.129546,48.162198],[17.129907,48.162657]],[[17.129546,48.162198],[17.127166,48.163052]]]},"properties":{"n":"Česká"}},{"type":"Feature","geometry":{"type":"MultiLineString","coordinates":[[[17.130682,48.170536],[17.129291,48.171115]],[[17.130862,48.171241],[17.129468,48.171816]],[[17.131036,48.171938],[17.129655,48.172501]],[[17.130591,48.170151],[17.131229,48.172691]]]},"properties":{"n":"Čsl. parašutistov"}},{"type":"Feature","geometry":{"type":"LineString","coordinates":[[17.134885,48.169174],[17.133347,48.16986],[17.133782,48.170317],[17.135337,48.169649],[17.134885,48.169174]]},"properties":{"n":"Ľudové námestie"}},{"type":"Feature","geometry":{"type":"LineString","coordinates":[[17.129408,48.15966],[17.12662,48.160856]]},"properties":{"n":"Škultétyho"}},{"type":"Feature","geometry":{"type":"LineString","coordinates":[[17.13214,48.161158],[17.132728,48.160892],[17.133118,48.160626]]},"properties":{"n":"Športová"}},{"type":"Feature","geometry":{"type":"MultiLineString","coordinates":[[[17.135426,48.16566],[17.137554,48.164616],[17.137883,48.164372],[17.138992,48.163194],[17.139237,48.16329],[17.138472,48.164143],[17.137879,48.164646],[17.137542,48.164866],[17.136765,48.165259],[17.135533,48.165771]],[[17.139404,48.163108],[17.139237,48.16329]],[[17.138992,48.163194],[17.139153,48.163018],[17.139404,48.163108],[17.140037,48.162405]]]},"properties":{"n":"Bajkalská"}},{"type":"Feature","geometry":{"type":"LineString","coordinates":[[17.130719,48.183096],[17.130268,48.183356],[17.130032,48.184886],[17.129871,48.185068]]},"properties":{"n":"Bardejovská"}},{"type":"Feature","geometry":{"type":"LineString","coordinates":[[17.131441,48.160437],[17.132824,48.161863]]},"properties":{"n":"Bartoškova"}},{"type":"Feature","geometry":{"type":"LineString","coordinates":[[17.123525,48.157159],[17.123476,48.157914]]},"properties":{"n":"Belehradská"}},{"type":"Feature","geometry":{"type":"MultiLineString","coordinates":[[[17.162533,48.182524],[17.162896,48.182512],[17.163153,48.1824],[17.163242,48.18267],[17.163408,48.182836]],[[17.15841,48.189336],[17.158574,48.188639],[17.159632,48.187159],[17.159409,48.187175],[17.156131,48.188649],[17.156077,48.188726],[17.156095,48.188816],[17.156333,48.188881],[17.156357,48.188929],[17.156146,48.189041]],[[17.163424,48.182995],[17.162949,48.182996],[17.16277,48.183078]],[[17.159632,48.187159],[17.161763,48.184258],[17.162104,48.183687]],[[17.166897,48.177956],[17.165911,48.178774]],[[17.164969,48.17989],[17.162962,48.18267],[17.162927,48.182835],[17.16277,48.183078],[17.16229,48.183686],[17.162104,48.183687],[17.162618,48.183]],[[17.16229,48.183686],[17.161763,48.184258]],[[17.165845,48.180164],[17.164969,48.17989],[17.165415,48.179296],[17.165938,48.178705],[17.16686,48.177875]],[[17.162537,48.18269],[17.162618,48.183],[17.162783,48.182788],[17.162962,48.18267]]]},"properties":{"n":"Bojnická"}},{"type":"Feature","geometry":{"type":"LineString","coordinates":[[17.132556,48.172741],[17.132891,48.173134],[17.134791,48.174985]]},"properties":{"n":"Brezovská"}},{"type":"Feature","geometry":{"type":"MultiLineString","coordinates":[[[17.126379,48.163943],[17.125608,48.164179]],[[17.131689,48.162017],[17.127292,48.1636]]]},"properties":{"n":"Budyšínska"}},{"type":"Feature","geometry":{"type":"LineString","coordinates":[[17.156758,48.176071],[17.156665,48.17597],[17.157016,48.175585],[17.15698,48.175392],[17.157025,48.175305],[17.158527,48.173942]]},"properties":{"n":"Chemická"}},{"type":"Feature","geometry":{"type":"LineString","coordinates":[[17.12896,48.184696],[17.129994,48.185114],[17.131503,48.18546],[17.131799,48.185403],[17.132734,48.184921]]},"properties":{"n":"Cintulova"}},{"type":"Feature","geometry":{"type":"MultiLineString","coordinates":[[[17.134188,48.181295],[17.135372,48.18255],[17.136258,48.182201],[17.137187,48.183225]],[[17.135372,48.18255],[17.136425,48.183685],[17.137371,48.185839],[17.137342,48.185978],[17.137222,48.186093],[17.136207,48.186572]],[[17.13572,48.181608],[17.136258,48.182201],[17.136991,48.181912]]]},"properties":{"n":"Nobelova"}},{"type":"Feature","geometry":{"type":"LineString","coordinates":[[17.129719,48.15974],[17.130801,48.159291]]},"properties":{"n":"Družstevná"}},{"type":"Feature","geometry":{"type":"LineString","coordinates":[[17.151559,48.174026],[17.153298,48.172418],[17.154498,48.17137],[17.154622,48.171317],[17.154811,48.171329],[17.155307,48.171511],[17.155512,48.171492],[17.155688,48.171393],[17.15653,48.170659],[17.15684,48.170568],[17.157094,48.170602],[17.158195,48.171144]]},"properties":{"n":"Elektrárenská"}},{"type":"Feature","geometry":{"type":"LineString","coordinates":[[17.125118,48.158098],[17.125097,48.158284],[17.125706,48.160354],[17.125608,48.160966],[17.126144,48.163089],[17.126358,48.163649]]},"properties":{"n":"Filiálne nádražie"}},{"type":"Feature","geometry":{"type":"LineString","coordinates":[[17.135687,48.174365],[17.136438,48.175124]]},"properties":{"n":"Gavlovičova"}},{"type":"Feature","geometry":{"type":"LineString","coordinates":[[17.137699,48.168273],[17.135107,48.169409]]},"properties":{"n":"Svätovojtešská"}},{"type":"Feature","geometry":{"type":"MultiLineString","coordinates":[[[17.128462,48.168953],[17.128709,48.169211]],[[17.128871,48.169364],[17.128545,48.169209]],[[17.128748,48.169315],[17.128562,48.169397]],[[17.128459,48.169149],[17.128545,48.169209],[17.128709,48.169211],[17.128871,48.169364],[17.133364,48.17143],[17.134727,48.173003],[17.135986,48.17417]]]},"properties":{"n":"Hálkova"}},{"type":"Feature","geometry":{"type":"LineString","coordinates":[[17.134635,48.171322],[17.135615,48.172428],[17.136027,48.172645],[17.138152,48.174342]]},"properties":{"n":"Halašova"}},{"type":"Feature","geometry":{"type":"LineString","coordinates":[[17.138152,48.174342],[17.138016,48.174452],[17.135434,48.175558],[17.135346,48.175679],[17.133528,48.176376],[17.131581,48.177045]]},"properties":{"n":"Hattalova"}},{"type":"Feature","geometry":{"type":"LineString","coordinates":[[17.128863,48.160589],[17.126788,48.161469]]},"properties":{"n":"Hlučínska"}},{"type":"Feature","geometry":{"type":"MultiLineString","coordinates":[[[17.127952,48.176492],[17.130239,48.176126]],[[17.133293,48.175123],[17.132431,48.175467]],[[17.131778,48.175727],[17.130216,48.176017]]]},"properties":{"n":"Jánoškova"}},{"type":"Feature","geometry":{"type":"LineString","coordinates":[[17.135533,48.165771],[17.128992,48.168681]]},"properties":{"n":"Jarošova"}},{"type":"Feature","geometry":{"type":"LineString","coordinates":[[17.133083,48.16844],[17.134128,48.16952]]},"properties":{"n":"Jazdecká"}},{"type":"Feature","geometry":{"type":"LineString","coordinates":[[17.136765,48.165259],[17.137495,48.165929],[17.139059,48.167573],[17.140426,48.167374],[17.140804,48.167267],[17.141124,48.167464],[17.141449,48.167773],[17.141492,48.167836],[17.141477,48.167915],[17.14042,48.17041]]},"properties":{"n":"Junácka"}},{"type":"Feature","geometry":{"type":"LineString","coordinates":[[17.128815,48.185491],[17.129718,48.185908],[17.133488,48.187183],[17.134061,48.187718]]},"properties":{"n":"Jurská"}},{"type":"Feature","geometry":{"type":"LineString","coordinates":[[17.130801,48.159291],[17.131156,48.159489],[17.13558,48.161375],[17.136605,48.161797],[17.137084,48.161857],[17.138251,48.16236]]},"properties":{"n":"Kalinčiakova"}},{"type":"Feature","geometry":{"type":"LineString","coordinates":[[17.122436,48.16006],[17.124774,48.159077]]},"properties":{"n":"Kominárska"}},{"type":"Feature","geometry":{"type":"LineString","coordinates":[[17.123525,48.157159],[17.124604,48.157078],[17.124706,48.15696],[17.124641,48.156727]]},"properties":{"n":"Kováčska"}},{"type":"Feature","geometry":{"type":"MultiLineString","coordinates":[[[17.128334,48.168745],[17.128513,48.169077],[17.128545,48.169209],[17.128476,48.169244],[17.128554,48.169592],[17.128545,48.169209]],[[17.128554,48.169592],[17.128638,48.170089],[17.129191,48.17204],[17.129776,48.174356],[17.129796,48.174458],[17.129715,48.174511],[17.12969,48.1746],[17.130534,48.176878],[17.131193,48.178398],[17.131268,48.17847],[17.131385,48.178492],[17.131565,48.178435]],[[17.125712,48.15814],[17.125683,48.158625],[17.126401,48.160066],[17.126788,48.161469],[17.127706,48.165219],[17.127775,48.165764],[17.127655,48.166608],[17.128015,48.167939],[17.128298,48.168582],[17.128476,48.169244]]]},"properties":{"n":"Kukučínova"}},{"type":"Feature","geometry":{"type":"MultiLineString","coordinates":[[[17.128103,48.164485],[17.128003,48.164505],[17.127655,48.164367]],[[17.128658,48.165233],[17.128464,48.16532],[17.1282,48.165732],[17.128398,48.165868],[17.128453,48.165976]],[[17.127775,48.165764],[17.127914,48.165721],[17.1282,48.165732]]]},"properties":{"n":"Kukuričná"}},{"type":"Feature","geometry":{"type":"LineString","coordinates":[[17.133411,48.163837],[17.127699,48.166326]]},"properties":{"n":"Kutuzovova"}},{"type":"Feature","geometry":{"type":"LineString","coordinates":[[17.138607,48.170508],[17.139337,48.171338],[17.139716,48.171578]]},"properties":{"n":"Lamanského"}},{"type":"Feature","geometry":{"type":"LineString","coordinates":[[17.131703,48.163977],[17.129628,48.164711]]},"properties":{"n":"Laskomerského"}},{"type":"Feature","geometry":{"type":"LineString","coordinates":[[17.120127,48.157306],[17.120166,48.157344]]},"properties":{"n":"Legionárska"}},{"type":"Feature","geometry":{"type":"LineString","coordinates":[[17.133838,48.168098],[17.134885,48.169174]]},"properties":{"n":"Letecká"}},{"type":"Feature","geometry":{"type":"MultiLineString","coordinates":[[[17.132228,48.170896],[17.130901,48.171411]],[[17.133782,48.170317],[17.132436,48.170901],[17.132385,48.170961]]]},"properties":{"n":"Letná"}},{"type":"Feature","geometry":{"type":"LineString","coordinates":[[17.137182,48.17116],[17.135202,48.171958]]},"properties":{"n":"Lombardiniho"}},{"type":"Feature","geometry":{"type":"MultiLineString","coordinates":[[[17.166394,48.178373],[17.167103,48.178747]],[[17.164944,48.177456],[17.16643,48.178231]]]},"properties":{"n":"Ľubochnianska"}},{"type":"Feature","geometry":{"type":"LineString","coordinates":[[17.153634,48.179503],[17.15694,48.176181]]},"properties":{"n":"Magnetová"}},{"type":"Feature","geometry":{"type":"LineString","coordinates":[[17.136628,48.170533],[17.137632,48.171675]]},"properties":{"n":"Makovického"}},{"type":"Feature","geometry":{"type":"MultiLineString","coordinates":[[[17.119198,48.157716],[17.118221,48.157538]],[[17.125712,48.15814],[17.120802,48.157813]],[[17.120439,48.157731],[17.127089,48.158132]]]},"properties":{"n":"Šancová"}},{"type":"Feature","geometry":{"type":"LineString","coordinates":[[17.13826,48.168853],[17.135657,48.169975]]},"properties":{"n":"Matičná"}},{"type":"Feature","geometry":{"type":"LineString","coordinates":[[17.131631,48.16296],[17.132672,48.164156]]},"properties":{"n":"Mestská"}},{"type":"Feature","geometry":{"type":"LineString","coordinates":[[17.128424,48.160084],[17.129216,48.161006]]},"properties":{"n":"Moravská"}},{"type":"Feature","geometry":{"type":"MultiLineString","coordinates":[[[17.128016,48.182242],[17.129335,48.182341],[17.129413,48.181929]],[[17.129267,48.181734],[17.127994,48.181932]]]},"properties":{"n":"Námestie Biely kríž"}},{"type":"Feature","geometry":{"type":"MultiLineString","coordinates":[[[17.130022,48.163518],[17.13033,48.163917]],[[17.130661,48.164332],[17.131062,48.164837]]]},"properties":{"n":"Nová"}},{"type":"Feature","geometry":{"type":"LineString","coordinates":[[17.134569,48.169983],[17.135507,48.170964]]},"properties":{"n":"Novinárska"}},{"type":"Feature","geometry":{"type":"MultiLineString","coordinates":[[[17.134099,48.160742],[17.135077,48.159651]],[[17.132057,48.162185],[17.133627,48.161506],[17.134903,48.160126],[17.135153,48.159813],[17.135238,48.159527]]]},"properties":{"n":"Odbojárov"}},{"type":"Feature","geometry":{"type":"LineString","coordinates":[[17.134188,48.181295],[17.139879,48.17887],[17.145487,48.176306]]},"properties":{"n":"Odborárska"}},{"type":"Feature","geometry":{"type":"LineString","coordinates":[[17.158056,48.176742],[17.156758,48.176071],[17.155965,48.175741]]},"properties":{"n":"Olbrachtova"}},{"type":"Feature","geometry":{"type":"LineString","coordinates":[[17.131668,48.183955],[17.131214,48.184212],[17.131005,48.185366]]},"properties":{"n":"Ormisova"}},{"type":"Feature","geometry":{"type":"LineString","coordinates":[[17.129714,48.161451],[17.132046,48.164423]]},"properties":{"n":"Osadná"}},{"type":"Feature","geometry":{"type":"LineString","coordinates":[[17.134727,48.173003],[17.135803,48.172533]]},"properties":{"n":"Pavlovská"}},{"type":"Feature","geometry":{"type":"LineString","coordinates":[[17.128477,48.186165],[17.129354,48.18652],[17.129873,48.187009],[17.130536,48.187721],[17.130759,48.188029],[17.130997,48.188471],[17.130875,48.188684],[17.130899,48.18871]]},"properties":{"n":"Pezinská"}},{"type":"Feature","geometry":{"type":"MultiLineString","coordinates":[[[17.134195,48.175362],[17.133794,48.17571],[17.133528,48.175829],[17.130534,48.176878]],[[17.140461,48.171159],[17.140007,48.171368],[17.137499,48.173153],[17.134195,48.175362],[17.133423,48.174596]]]},"properties":{"n":"Pluhová"}},{"type":"Feature","geometry":{"type":"LineString","coordinates":[[17.127746,48.161064],[17.128858,48.162448]]},"properties":{"n":"Plzenská"}},{"type":"Feature","geometry":{"type":"LineString","coordinates":[[17.133538,48.181896],[17.13506,48.183528],[17.135235,48.183528],[17.135983,48.183205]]},"properties":{"n":"Podniková"}},{"type":"Feature","geometry":{"type":"LineString","coordinates":[[17.132314,48.168783],[17.133347,48.16986]]},"properties":{"n":"Pohronská"}},{"type":"Feature","geometry":{"type":"LineString","coordinates":[[17.13154,48.169142],[17.133931,48.17161]]},"properties":{"n":"Považská"}},{"type":"Feature","geometry":{"type":"LineString","coordinates":[[17.133588,48.163772],[17.13487,48.163217]]},"properties":{"n":"Príkopova"}},{"type":"Feature","geometry":{"type":"MultiLineString","coordinates":[[[17.127834,48.183398],[17.129144,48.183484],[17.12896,48.184696],[17.12878,48.18491],[17.128725,48.185097]],[[17.129335,48.182341],[17.129144,48.183484]]]},"properties":{"n":"Pri Bielom kríži"}},{"type":"Feature","geometry":{"type":"MultiLineString","coordinates":[[[17.166783,48.186909],[17.168312,48.185417]],[[17.157154,48.180733],[17.157621,48.179886],[17.157603,48.179255],[17.157647,48.17885],[17.158145,48.177835],[17.15823,48.177602],[17.158253,48.177352]]]},"properties":{"n":"Pri dvore"}},{"type":"Feature","geometry":{"type":"LineString","coordinates":[[17.13187,48.173637],[17.13279,48.174633],[17.133757,48.175583],[17.133854,48.17562]]},"properties":{"n":"Pri Dynamitke"}},{"type":"Feature","geometry":{"type":"LineString","coordinates":[[17.130468,48.160773],[17.130757,48.160726],[17.132213,48.160101],[17.132338,48.159993]]},"properties":{"n":"Pri starej prachárni"}},{"type":"Feature","geometry":{"type":"LineString","coordinates":[[17.165363,48.183673],[17.165429,48.183756],[17.165467,48.183982],[17.164801,48.184665],[17.164161,48.184377],[17.163962,48.184336]]},"properties":{"n":"Pri starom mýte"}},{"type":"Feature","geometry":{"type":"LineString","coordinates":[[17.128981,48.163888],[17.130076,48.165262]]},"properties":{"n":"Priečna"}},{"type":"Feature","geometry":{"type":"MultiLineString","coordinates":[[[17.120225,48.157858],[17.120161,48.157805]],[[17.120523,48.157811],[17.123278,48.161076],[17.126204,48.164954],[17.126506,48.165407],[17.127517,48.167708],[17.127561,48.168114],[17.127071,48.171107],[17.127071,48.1715],[17.127191,48.172485],[17.128186,48.177619],[17.129101,48.18068],[17.129301,48.181299],[17.129468,48.181649],[17.129769,48.181998],[17.133723,48.185594],[17.134554,48.186611]],[[17.12707,48.17129],[17.12735,48.171181],[17.127557,48.171419]],[[17.128606,48.179733],[17.12791,48.177332],[17.126996,48.172533],[17.126876,48.171542],[17.126859,48.171261],[17.127339,48.168225],[17.127368,48.167778],[17.126263,48.165351],[17.126055,48.165027],[17.122269,48.160121],[17.12044,48.158009],[17.120225,48.157858],[17.119967,48.157797]],[[17.134431,48.186647],[17.134075,48.186201],[17.133323,48.185455],[17.12936,48.181868],[17.129105,48.181338],[17.128606,48.179733],[17.125873,48.180005]]]},"properties":{"n":"Račianska"}},{"type":"Feature","geometry":{"type":"LineString","coordinates":[[17.131362,48.163546],[17.129299,48.16428]]},"properties":{"n":"Rešetkova"}},{"type":"Feature","geometry":{"type":"LineString","coordinates":[[17.138952,48.16957],[17.12954,48.173366],[17.127474,48.173933]]},"properties":{"n":"Riazanská"}},{"type":"Feature","geometry":{"type":"LineString","coordinates":[[17.130782,48.161093],[17.127016,48.162441]]},"properties":{"n":"Robotnícka"}},{"type":"Feature","geometry":{"type":"MultiLineString","coordinates":[[[17.13204,48.163454],[17.132802,48.163174]],[[17.131574,48.163808],[17.132152,48.163596]],[[17.132216,48.163666],[17.133,48.163382]]]},"properties":{"n":"Sadová"}},{"type":"Feature","geometry":{"type":"LineString","coordinates":[[17.137776,48.171618],[17.138151,48.172022],[17.138648,48.172343]]},"properties":{"n":"Semianova"}},{"type":"Feature","geometry":{"type":"MultiLineString","coordinates":[[[17.120938,48.161935],[17.119695,48.160459],[17.119402,48.160477],[17.119346,48.160609],[17.120573,48.16208]],[[17.120774,48.162006],[17.125595,48.167792],[17.125667,48.167964],[17.125573,48.168579]]]},"properties":{"n":"Sibírska"}},{"type":"Feature","geometry":{"type":"MultiLineString","coordinates":[[[17.128911,48.180702],[17.126092,48.181089],[17.125986,48.181148],[17.125924,48.181261],[17.126088,48.181686]],[[17.127636,48.180876],[17.127994,48.181932],[17.128016,48.182242],[17.127834,48.183398]]]},"properties":{"n":"Skalická cesta"}},{"type":"Feature","geometry":{"type":"LineString","coordinates":[[17.129216,48.161006],[17.12808,48.161456]]},"properties":{"n":"Sliezska"}},{"type":"Feature","geometry":{"type":"LineString","coordinates":[[17.133782,48.170317],[17.134714,48.17129]]},"properties":{"n":"Slnečná"}},{"type":"Feature","geometry":{"type":"LineString","coordinates":[[17.139495,48.17016],[17.137139,48.171105]]},"properties":{"n":"Sreznevského"}},{"type":"Feature","geometry":{"type":"MultiLineString","coordinates":[[[17.162682,48.183818],[17.16229,48.183686],[17.162258,48.183483]],[[17.162465,48.183466],[17.162534,48.183744],[17.163607,48.184135],[17.163937,48.184301],[17.164025,48.18449],[17.164026,48.185396],[17.164257,48.185656],[17.167715,48.187347],[17.167964,48.187402],[17.169964,48.187445],[17.171807,48.187545],[17.176183,48.187872],[17.17712,48.18828]],[[17.188309,48.189929],[17.184998,48.189808],[17.184219,48.190057],[17.183987,48.190003],[17.183589,48.189794],[17.183351,48.189728],[17.181891,48.189498],[17.180793,48.189379],[17.179669,48.189182],[17.178719,48.188912],[17.17712,48.18828],[17.176104,48.189592],[17.175815,48.190962]]]},"properties":{"n":"Stará Vajnorská"}},{"type":"Feature","geometry":{"type":"LineString","coordinates":[[17.132344,48.162709],[17.127505,48.164426]]},"properties":{"n":"Tehelná"}},{"type":"Feature","geometry":{"type":"MultiLineString","coordinates":[[[17.124685,48.175262],[17.124863,48.176097]],[[17.126721,48.173768],[17.125131,48.173856]],[[17.125773,48.172622],[17.125894,48.173471],[17.125832,48.17483]]]},"properties":{"n":"Teplická"}},{"type":"Feature","geometry":{"type":"LineString","coordinates":[[17.138909,48.172158],[17.139543,48.172568],[17.139892,48.172863]]},"properties":{"n":"Tetmayerova"}},{"type":"Feature","geometry":{"type":"LineString","coordinates":[[17.13643,48.166937],[17.129964,48.169843]]},"properties":{"n":"Za kasárňou"}},{"type":"Feature","geometry":{"type":"MultiLineString","coordinates":[[[17.14216,48.172126],[17.141922,48.172382]],[[17.141493,48.171944],[17.141744,48.172041],[17.142011,48.17201]],[[17.150484,48.16568],[17.148785,48.168761],[17.148494,48.169092],[17.147989,48.169533],[17.147262,48.169912],[17.14216,48.172126],[17.141724,48.172231],[17.142011,48.17201],[17.147011,48.169885],[17.147751,48.169503],[17.148012,48.169315],[17.148549,48.168785],[17.14874,48.168503],[17.150154,48.16591]]]},"properties":{"n":"Tomášikova"}},{"type":"Feature","geometry":{"type":"MultiLineString","coordinates":[[[17.158195,48.171144],[17.155667,48.173466],[17.156339,48.173803],[17.15674,48.173809],[17.157201,48.174047],[17.155764,48.175316]],[[17.155667,48.173466],[17.155148,48.1732],[17.15492,48.173191],[17.154038,48.173963],[17.153858,48.174018],[17.153563,48.174266]],[[17.152514,48.176337],[17.152002,48.176805],[17.152685,48.174782]],[[17.152002,48.176805],[17.150269,48.178384]]]},"properties":{"n":"Turbínová"}},{"type":"Feature","geometry":{"type":"MultiLineString","coordinates":[[[17.128488,48.158456],[17.132057,48.162185],[17.131918,48.162261],[17.129408,48.15966]],[[17.14441,48.174971],[17.144199,48.175047]],[[17.157154,48.180733],[17.160239,48.181765]],[[17.160171,48.181877],[17.157095,48.180834],[17.157154,48.180733],[17.152284,48.179059]],[[17.152119,48.179167],[17.150183,48.178528]],[[17.174164,48.186788],[17.160171,48.181877],[17.160239,48.181765],[17.160937,48.181988],[17.174048,48.186603],[17.174294,48.186619]],[[17.150269,48.178384],[17.150183,48.178528],[17.14851,48.17795],[17.147597,48.177574],[17.145925,48.176623],[17.14515,48.176016],[17.131918,48.162261]],[[17.132057,48.162185],[17.139694,48.170062],[17.14161,48.172062],[17.141724,48.172231],[17.141922,48.172382],[17.145156,48.175753],[17.145717,48.176244],[17.147176,48.177153],[17.14832,48.177703],[17.152284,48.179059],[17.152119,48.179167],[17.157095,48.180834]]]},"properties":{"n":"Vajnorská"}},{"type":"Feature","geometry":{"type":"MultiLineString","coordinates":[[[17.129417,48.174651],[17.127671,48.175016]],[[17.134232,48.172446],[17.13187,48.173637],[17.129796,48.174458]]]},"properties":{"n":"Varšavská"}},{"type":"Feature","geometry":{"type":"LineString","coordinates":[[17.158142,48.173375],[17.158401,48.173553],[17.158226,48.173732],[17.158527,48.173942],[17.159648,48.174515]]},"properties":{"n":"Vihorlatská"}},{"type":"Feature","geometry":{"type":"LineString","coordinates":[[17.139105,48.17108],[17.135709,48.172482]]},"properties":{"n":"Záborského"}},{"type":"Feature","geometry":{"type":"LineString","coordinates":[[17.141403,48.172163],[17.140093,48.172725],[17.139698,48.173058],[17.138833,48.17352],[17.138405,48.173897],[17.138152,48.174342]]},"properties":{"n":"Zátišie"}},{"type":"Feature","geometry":{"type":"LineString","coordinates":[[17.136312,48.173959],[17.137169,48.174818]]},"properties":{"n":"Závodníkova"}},{"type":"Feature","geometry":{"type":"LineString","coordinates":[[17.135337,48.169649],[17.136296,48.170641]]},"properties":{"n":"Úradnícka"}},{"type":"Feature","geometry":{"type":"LineString","coordinates":[[17.14441,48.174971],[17.145447,48.174179],[17.146911,48.173172],[17.147684,48.172705],[17.149559,48.171784],[17.149645,48.171629],[17.149633,48.171273],[17.149766,48.171136],[17.150312,48.170889],[17.150396,48.170976],[17.150557,48.171008],[17.150913,48.17079]]},"properties":{"n":"Za stanicou"}},{"type":"Feature","geometry":{"type":"LineString","coordinates":[[17.127633,48.158106],[17.127338,48.15792],[17.126766,48.157435]]},"properties":{"n":"Krížna"}},{"type":"Feature","geometry":{"type":"MultiLineString","coordinates":[[[17.125712,48.15814],[17.127867,48.158276],[17.127633,48.158106],[17.127089,48.158132]],[[17.127195,48.158126],[17.127771,48.158206]]]},"properties":{"n":"Trnavské mýto"}},{"type":"Feature","geometry":{"type":"MultiLineString","coordinates":[[[17.122354,48.161414],[17.1231,48.162297]],[[17.123447,48.162196],[17.124079,48.163013]]]},"properties":{"n":"Americká"}},{"type":"Feature","geometry":{"type":"LineString","coordinates":[[17.127368,48.167778],[17.126272,48.168134],[17.126168,48.168464]]},"properties":{"n":"Blatnická"}},{"type":"Feature","geometry":{"type":"LineString","coordinates":[[17.116048,48.158997],[17.116902,48.159988]]},"properties":{"n":"Čajakova"}},{"type":"Feature","geometry":{"type":"LineString","coordinates":[[17.123092,48.161139],[17.118645,48.162803]]},"properties":{"n":"Kraskova"}},{"type":"Feature","geometry":{"type":"LineString","coordinates":[[17.124984,48.166033],[17.122204,48.167077]]},"properties":{"n":"Kyjevská"}},{"type":"Feature","geometry":{"type":"MultiLineString","coordinates":[[[17.124084,48.164808],[17.123727,48.16439],[17.120885,48.165449]],[[17.125154,48.163857],[17.124527,48.164089],[17.124893,48.164507]],[[17.124527,48.164089],[17.123727,48.16439]]]},"properties":{"n":"Legerského"}},{"type":"Feature","geometry":{"type":"LineString","coordinates":[[17.116874,48.15833],[17.117008,48.158422],[17.117367,48.158828],[17.117948,48.159599],[17.12016,48.16223]]},"properties":{"n":"Mikovíniho"}},{"type":"Feature","geometry":{"type":"MultiLineString","coordinates":[[[17.124084,48.164808],[17.124362,48.165159],[17.124635,48.165056],[17.12456,48.164952]],[[17.125202,48.164876],[17.12569,48.164676]],[[17.124635,48.165056],[17.125049,48.165585],[17.125574,48.165392],[17.125599,48.165345],[17.124893,48.164507]],[[17.124362,48.165159],[17.122573,48.165848]]]},"properties":{"n":"Ovručská"}},{"type":"Feature","geometry":{"type":"LineString","coordinates":[[17.123721,48.166504],[17.124904,48.1679],[17.12503,48.167916]]},"properties":{"n":"Piešťanská"}},{"type":"Feature","geometry":{"type":"LineString","coordinates":[[17.114801,48.159601],[17.115912,48.160057],[17.1165,48.16042],[17.117043,48.160883],[17.120885,48.165449],[17.122069,48.16692],[17.122508,48.16741],[17.122883,48.167747],[17.123426,48.168077],[17.1247,48.168464],[17.125573,48.168579],[17.12725,48.168708]]},"properties":{"n":"Pionierska"}},{"type":"Feature","geometry":{"type":"LineString","coordinates":[[17.118221,48.157538],[17.117097,48.158104],[17.116874,48.15833],[17.115377,48.159529],[17.114801,48.159601]]},"properties":{"n":"Smrečianska"}},{"type":"Feature","geometry":{"type":"LineString","coordinates":[[17.12444,48.162917],[17.122886,48.16343],[17.120072,48.164481]]},"properties":{"n":"Šuňavcova"}},{"type":"Feature","geometry":{"type":"LineString","coordinates":[[17.11974,48.162373],[17.120487,48.16333]]},"properties":{"n":"Ukrajinská"}},{"type":"Feature","geometry":{"type":"LineString","coordinates":[[17.123778,48.162059],[17.122361,48.162573],[17.120487,48.16333],[17.119636,48.163586]]},"properties":{"n":"Ursínyho"}},{"type":"Feature","geometry":{"type":"MultiLineString","coordinates":[[[17.122251,48.162632],[17.122886,48.16343]],[[17.122134,48.162358],[17.122361,48.162573]],[[17.122834,48.162392],[17.123509,48.163216]]]},"properties":{"n":"Ľubľanská"}},{"type":"Feature","geometry":{"type":"LineString","coordinates":[[17.157208,48.176293],[17.157412,48.176254],[17.157721,48.175972],[17.158075,48.175928],[17.159648,48.174515]]},"properties":{"n":"Tylova"}},{"type":"Feature","geometry":{"type":"LineString","coordinates":[[17.098392,48.166748],[17.099677,48.166628],[17.100396,48.166677],[17.101178,48.16689],[17.102049,48.167406]]},"properties":{"n":"Ambrova"}},{"type":"Feature","geometry":{"type":"MultiLineString","coordinates":[[[17.101812,48.171188],[17.101074,48.171258],[17.100581,48.170695],[17.10001,48.170324],[17.09934,48.169823],[17.099289,48.16974],[17.0984,48.170356],[17.098104,48.17065],[17.097983,48.170959]],[[17.098224,48.16831],[17.098367,48.168521],[17.098464,48.16858],[17.098923,48.168621],[17.099156,48.168709],[17.099223,48.168879],[17.099289,48.16974]],[[17.095292,48.16541],[17.095579,48.165612],[17.095972,48.16565],[17.097461,48.165377],[17.097894,48.165384],[17.098003,48.165097],[17.0982,48.165027]],[[17.097894,48.165384],[17.098261,48.165498],[17.098482,48.165626],[17.098665,48.165802],[17.098729,48.166048],[17.098688,48.166284],[17.098392,48.166748],[17.098087,48.16709],[17.097997,48.167308],[17.098319,48.167458],[17.098331,48.167652],[17.09822,48.168248]]]},"properties":{"n":"Bárdošova"}},{"type":"Feature","geometry":{"type":"LineString","coordinates":[[17.092288,48.172096],[17.092766,48.172986]]},"properties":{"n":"Belianska"}},{"type":"Feature","geometry":{"type":"MultiLineString","coordinates":[[[17.110353,48.169748],[17.110812,48.170575]],[[17.113911,48.166777],[17.114022,48.166837],[17.11412,48.167046],[17.113978,48.167547],[17.114009,48.16779],[17.113961,48.168013],[17.113645,48.168373],[17.113257,48.168559],[17.11272,48.169052],[17.112445,48.169191],[17.111797,48.169365],[17.11106,48.169417],[17.110689,48.169549],[17.110313,48.169771],[17.10982,48.169887],[17.108783,48.170288],[17.107416,48.170084],[17.107151,48.170097],[17.1068,48.170222],[17.106504,48.170411],[17.105394,48.170745],[17.103929,48.171446],[17.103284,48.171366],[17.102811,48.171116]]]},"properties":{"n":"Bellova"}},{"type":"Feature","geometry":{"type":"LineString","coordinates":[[17.102709,48.162126],[17.102212,48.162581],[17.102099,48.163254]]},"properties":{"n":"Boskovičova"}},{"type":"Feature","geometry":{"type":"LineString","coordinates":[[17.101074,48.171258],[17.101318,48.171579],[17.101719,48.171882],[17.101836,48.172095],[17.101865,48.173099],[17.101757,48.173385],[17.101824,48.173466],[17.101835,48.173648],[17.101971,48.173857],[17.102137,48.173961],[17.103013,48.174257],[17.103314,48.174432],[17.103783,48.174955],[17.103961,48.175092],[17.104891,48.175499],[17.105125,48.175693],[17.105286,48.175934]]},"properties":{"n":"Brečtanová"}},{"type":"Feature","geometry":{"type":"LineString","coordinates":[[17.113772,48.177961],[17.113961,48.178077],[17.11466,48.178255],[17.114769,48.178414]]},"properties":{"n":"Briežky"}},{"type":"Feature","geometry":{"type":"LineString","coordinates":[[17.10731,48.171511],[17.108882,48.172987],[17.108873,48.173299],[17.109482,48.174225]]},"properties":{"n":"Brusnicová"}},{"type":"Feature","geometry":{"type":"MultiLineString","coordinates":[[[17.100187,48.164041],[17.10053,48.164066],[17.10067,48.164029],[17.100727,48.163975],[17.100724,48.163856],[17.100612,48.16376],[17.099414,48.163708],[17.098901,48.163594],[17.098691,48.163498]],[[17.100612,48.16376],[17.101284,48.163799]]]},"properties":{"n":"Cádrova"}},{"type":"Feature","geometry":{"type":"MultiLineString","coordinates":[[[17.082065,48.190266],[17.080966,48.18979],[17.080813,48.189674],[17.081717,48.189861],[17.082048,48.189982],[17.082516,48.190311],[17.083075,48.191024],[17.083338,48.191209],[17.083807,48.191372],[17.084628,48.191791],[17.085783,48.191975],[17.086712,48.192047],[17.086897,48.192133],[17.087116,48.192428],[17.087167,48.192926],[17.087265,48.19307],[17.087985,48.19366],[17.088168,48.193743],[17.08851,48.193802],[17.089884,48.193775],[17.090238,48.193695],[17.091165,48.193841],[17.091759,48.194488],[17.092271,48.194821],[17.092575,48.194905],[17.092894,48.194929],[17.094162,48.194806],[17.097184,48.194945],[17.097557,48.195057],[17.098904,48.195635],[17.099799,48.196305],[17.100007,48.196526],[17.100119,48.196776],[17.100207,48.197506],[17.100197,48.197921],[17.100102,48.198338],[17.099699,48.199121],[17.099624,48.199353],[17.099702,48.199991],[17.099591,48.200344],[17.099453,48.200551],[17.099154,48.20074],[17.098205,48.201545],[17.098132,48.201809],[17.097973,48.202077],[17.097133,48.202581],[17.096914,48.202807],[17.096745,48.203169],[17.096583,48.203336],[17.095432,48.204218]],[[17.074013,48.174326],[17.072874,48.178154],[17.072834,48.178513],[17.072881,48.179964],[17.073018,48.181134],[17.073118,48.181391],[17.073388,48.181772],[17.073595,48.181903],[17.074125,48.182077],[17.075732,48.182221],[17.076236,48.182397],[17.076453,48.182564],[17.076752,48.182995],[17.076866,48.183386],[17.077177,48.185285],[17.07752,48.18577],[17.077872,48.186112],[17.078051,48.186418],[17.078406,48.187524],[17.078507,48.188031],[17.078657,48.188296],[17.080097,48.189415],[17.080813,48.189674]]]},"properties":{"n":"Cesta mládeže"}},{"type":"Feature","geometry":{"type":"MultiLineString","coordinates":[[[17.101757,48.173385],[17.100956,48.174334],[17.100715,48.174834],[17.100118,48.175382],[17.099544,48.17583],[17.099249,48.176467],[17.098311,48.177043],[17.097755,48.177787],[17.097506,48.178204],[17.097397,48.178478],[17.097395,48.178832],[17.097682,48.179572],[17.097746,48.179921],[17.097696,48.180553],[17.09776,48.180888],[17.098109,48.181521],[17.097999,48.181791],[17.097454,48.18207],[17.09622,48.183372],[17.095957,48.183622],[17.095748,48.183687],[17.095455,48.183642],[17.095271,48.183451],[17.095264,48.183336],[17.095438,48.182717],[17.095442,48.182604],[17.09535,48.182415],[17.095107,48.18227],[17.094215,48.181985]],[[17.102811,48.171116],[17.10277,48.170926],[17.102828,48.170704],[17.103573,48.169716],[17.103628,48.169477],[17.103581,48.169133],[17.103449,48.16893],[17.103365,48.168598],[17.103071,48.167998],[17.10305,48.167832],[17.103096,48.16727],[17.103336,48.166718],[17.103044,48.16609],[17.102822,48.165112],[17.10248,48.164645],[17.102442,48.164144],[17.102477,48.163595],[17.102718,48.162019],[17.102597,48.161792],[17.102863,48.161926],[17.102939,48.16205],[17.10276,48.162849],[17.102654,48.163577],[17.102657,48.16438]]]},"properties":{"n":"Cesta na Kamzík"}},{"type":"Feature","geometry":{"type":"MultiLineString","coordinates":[[[17.098265,48.163996],[17.098417,48.164093],[17.098509,48.164223],[17.098433,48.164429],[17.098204,48.164667],[17.098168,48.164813],[17.0982,48.165027]],[[17.098691,48.163498],[17.098448,48.163669],[17.098265,48.163874],[17.097818,48.164136]],[[17.099192,48.164493],[17.09902,48.164671],[17.09883,48.16503]],[[17.100018,48.162825],[17.100086,48.163063],[17.099854,48.16402],[17.099422,48.164291],[17.099192,48.164493],[17.098612,48.164202],[17.098508,48.164201]]]},"properties":{"n":"Černicová"}},{"type":"Feature","geometry":{"type":"MultiLineString","coordinates":[[[17.108696,48.170278],[17.108635,48.170469],[17.108413,48.170667],[17.108089,48.171069],[17.108423,48.171218],[17.108639,48.171418],[17.108848,48.171842],[17.109257,48.171884],[17.109465,48.172312]],[[17.108089,48.171069],[17.107575,48.171323],[17.106439,48.172024],[17.106364,48.173252],[17.10663,48.173779],[17.10665,48.174208],[17.104891,48.175499]]]},"properties":{"n":"Čremchová"}},{"type":"Feature","geometry":{"type":"LineString","coordinates":[[17.103464,48.172876],[17.103896,48.172848],[17.104307,48.172918],[17.104663,48.173116],[17.105157,48.173541],[17.105686,48.173743]]},"properties":{"n":"Desiata"}},{"type":"Feature","geometry":{"type":"MultiLineString","coordinates":[[[17.106215,48.173253],[17.105686,48.173743],[17.105988,48.173777]],[[17.105686,48.173743],[17.104083,48.175153]]]},"properties":{"n":"Deviata"}},{"type":"Feature","geometry":{"type":"LineString","coordinates":[[17.107545,48.168711],[17.107845,48.168983]]},"properties":{"n":"Druhá"}},{"type":"Feature","geometry":{"type":"MultiLineString","coordinates":[[[17.082711,48.166995],[17.082667,48.167252]],[[17.08294,48.167249],[17.081738,48.168073],[17.081653,48.16821],[17.081685,48.168314],[17.082014,48.16836],[17.082607,48.168087],[17.083405,48.167961],[17.08516,48.167892],[17.085604,48.167931]]]},"properties":{"n":"Ďumbierska"}},{"type":"Feature","geometry":{"type":"LineString","coordinates":[[17.092161,48.16376],[17.091971,48.163949],[17.091751,48.164046],[17.089359,48.164887],[17.089143,48.165112],[17.089285,48.165389],[17.089635,48.165696],[17.089819,48.165729],[17.090564,48.165693]]},"properties":{"n":"Ďurgalova"}},{"type":"Feature","geometry":{"type":"LineString","coordinates":[[17.106215,48.173253],[17.105156,48.172229]]},"properties":{"n":"Dvanásta"}},{"type":"Feature","geometry":{"type":"MultiLineString","coordinates":[[[17.100727,48.163975],[17.101133,48.16401],[17.101345,48.164081],[17.10159,48.164566],[17.101575,48.164731],[17.101387,48.164837],[17.101079,48.164898],[17.10079,48.164835],[17.099505,48.1648],[17.099128,48.164965],[17.098986,48.165132],[17.098809,48.16555],[17.098552,48.165684]],[[17.102044,48.166421],[17.102169,48.166288],[17.102072,48.165755],[17.101225,48.164984],[17.101079,48.164898]]]},"properties":{"n":"Guothova"}},{"type":"Feature","geometry":{"type":"LineString","coordinates":[[17.113749,48.165516],[17.113641,48.165737],[17.113911,48.166777],[17.113743,48.167213],[17.11357,48.167343],[17.112571,48.167727],[17.111178,48.168487],[17.110402,48.169032],[17.109383,48.16952],[17.108888,48.169649],[17.108313,48.169721],[17.107926,48.169712],[17.10748,48.169598],[17.106414,48.170024],[17.106155,48.169962],[17.103984,48.170868],[17.103284,48.171366]]},"properties":{"n":"Hlavná"}},{"type":"Feature","geometry":{"type":"MultiLineString","coordinates":[[[17.123901,48.189499],[17.124209,48.189737],[17.124973,48.190487],[17.125757,48.190773],[17.125756,48.190886],[17.125149,48.191448]],[[17.121715,48.190693],[17.123116,48.191352],[17.123746,48.19172],[17.124713,48.192194]]]},"properties":{"n":"Horné Židiny"}},{"type":"Feature","geometry":{"type":"LineString","coordinates":[[17.083005,48.167415],[17.083405,48.167961]]},"properties":{"n":"Hrabový chodník"}},{"type":"Feature","geometry":{"type":"MultiLineString","coordinates":[[[17.096044,48.163617],[17.096517,48.163608],[17.096943,48.163674],[17.097468,48.164069]],[[17.096943,48.163674],[17.097844,48.163407]]]},"properties":{"n":"Hroznová"}},{"type":"Feature","geometry":{"type":"LineString","coordinates":[[17.107303,48.169513],[17.107845,48.168983],[17.108912,48.168885],[17.10911,48.168975],[17.109339,48.169191]]},"properties":{"n":"Husova"}},{"type":"Feature","geometry":{"type":"MultiLineString","coordinates":[[[17.10688,48.166057],[17.106646,48.165973],[17.106525,48.165843],[17.106459,48.165713],[17.106334,48.165076]],[[17.103379,48.162337],[17.103701,48.162134],[17.103329,48.16183]],[[17.103701,48.162134],[17.104417,48.162749],[17.105275,48.163593],[17.105949,48.163995],[17.106197,48.164204],[17.106243,48.164273],[17.106334,48.165076],[17.105764,48.165143]]]},"properties":{"n":"Chrasťová"}},{"type":"Feature","geometry":{"type":"LineString","coordinates":[[17.093913,48.165486],[17.093052,48.165699],[17.091653,48.16587],[17.091331,48.165859],[17.090564,48.165693]]},"properties":{"n":"Jahodová"}},{"type":"Feature","geometry":{"type":"LineString","coordinates":[[17.092451,48.165041],[17.092896,48.165881],[17.093037,48.166041],[17.093592,48.166442]]},"properties":{"n":"Jakubíkova"}},{"type":"Feature","geometry":{"type":"LineString","coordinates":[[17.106504,48.170411],[17.106653,48.170537],[17.107419,48.170731],[17.107723,48.170852]]},"properties":{"n":"Jalovcová"}},{"type":"Feature","geometry":{"type":"LineString","coordinates":[[17.101865,48.173099],[17.102247,48.17311],[17.102571,48.173017],[17.102709,48.173078],[17.102774,48.173228],[17.102946,48.173341]]},"properties":{"n":"Jedenásta"}},{"type":"Feature","geometry":{"type":"LineString","coordinates":[[17.091134,48.164838],[17.091415,48.165139],[17.091701,48.165255],[17.092451,48.165041],[17.093305,48.164893],[17.093842,48.164969],[17.094307,48.165148]]},"properties":{"n":"Jelšová"}},{"type":"Feature","geometry":{"type":"LineString","coordinates":[[17.098224,48.16831],[17.099261,48.168136],[17.099789,48.168132],[17.100063,48.168176],[17.100719,48.168455],[17.101663,48.169138]]},"properties":{"n":"Júlová"}},{"type":"Feature","geometry":{"type":"LineString","coordinates":[[17.098319,48.167458],[17.099382,48.167326],[17.099965,48.16735],[17.100445,48.167432],[17.100981,48.167614],[17.101988,48.168256]]},"properties":{"n":"Júnová"}},{"type":"Feature","geometry":{"type":"LineString","coordinates":[[17.09718,48.18234],[17.096989,48.1829],[17.096958,48.183194],[17.09704,48.183752],[17.096976,48.183945],[17.096661,48.184121],[17.095908,48.184683],[17.095441,48.184581],[17.095096,48.184703],[17.094991,48.184812],[17.095073,48.184985]]},"properties":{"n":"Kamzíkov vrch"}},{"type":"Feature","geometry":{"type":"MultiLineString","coordinates":[[[17.093103,48.170879],[17.092873,48.171282],[17.092332,48.171695]],[[17.094516,48.168166],[17.09382,48.168207],[17.092978,48.168445],[17.092806,48.168593],[17.092653,48.169003],[17.09264,48.1693],[17.093147,48.170349],[17.092885,48.170828]]]},"properties":{"n":"Klenová"}},{"type":"Feature","geometry":{"type":"LineString","coordinates":[[17.12146,48.186324],[17.121271,48.186693],[17.120612,48.187096],[17.119244,48.187531],[17.118147,48.188139],[17.117535,48.188131]]},"properties":{"n":"Koziarka"}},{"type":"Feature","geometry":{"type":"LineString","coordinates":[[17.109482,48.174225],[17.110092,48.173752],[17.110756,48.173562],[17.111281,48.173513],[17.11267,48.17361],[17.11338,48.173753],[17.114281,48.174155],[17.114995,48.174667],[17.115207,48.174763],[17.116096,48.174913],[17.116329,48.174913],[17.116425,48.174967]]},"properties":{"n":"Krahulčia"}},{"type":"Feature","geometry":{"type":"LineString","coordinates":[[17.100018,48.162825],[17.099667,48.163099],[17.098691,48.163498]]},"properties":{"n":"Kurucova"}},{"type":"Feature","geometry":{"type":"LineString","coordinates":[[17.095669,48.165637],[17.095614,48.165804],[17.095467,48.165932],[17.09398,48.166785]]},"properties":{"n":"Ladzianskeho"}},{"type":"Feature","geometry":{"type":"LineString","coordinates":[[17.095019,48.169397],[17.095536,48.169151]]},"properties":{"n":"Likavská"}},{"type":"Feature","geometry":{"type":"MultiLineString","coordinates":[[[17.091726,48.167388],[17.091065,48.167535],[17.090481,48.167601],[17.087035,48.167805],[17.086399,48.167765],[17.085001,48.167526]],[[17.082667,48.167252],[17.083211,48.167253],[17.085001,48.167526],[17.08513,48.16745],[17.085878,48.167377],[17.087207,48.167073],[17.088324,48.166986]]]},"properties":{"n":"Limbová"}},{"type":"Feature","geometry":{"type":"MultiLineString","coordinates":[[[17.116589,48.17491],[17.116677,48.175261],[17.116777,48.175439],[17.116069,48.175721],[17.1155,48.176016],[17.114611,48.176567],[17.11422,48.176705],[17.112982,48.177384],[17.112709,48.177162]],[[17.116777,48.175439],[17.117271,48.175664]]]},"properties":{"n":"Lopenícka"}},{"type":"Feature","geometry":{"type":"LineString","coordinates":[[17.093592,48.166442],[17.09398,48.166785],[17.094453,48.167328],[17.094541,48.167514],[17.094615,48.167868],[17.094516,48.168166],[17.094739,48.168559],[17.096106,48.169612],[17.096368,48.169919],[17.096503,48.170178],[17.096897,48.170699],[17.09726,48.17143],[17.097493,48.172326]]},"properties":{"n":"Magurská"}},{"type":"Feature","geometry":{"type":"LineString","coordinates":[[17.104241,48.173804],[17.104432,48.173945],[17.103568,48.174706]]},"properties":{"n":"Mandľovníková"}},{"type":"Feature","geometry":{"type":"LineString","coordinates":[[17.107183,48.159597],[17.109044,48.159519],[17.110478,48.159706],[17.111578,48.159945],[17.112502,48.16024],[17.112657,48.160324],[17.112738,48.160598]]},"properties":{"n":"Matúškova"}},{"type":"Feature","geometry":{"type":"LineString","coordinates":[[17.112492,48.159353],[17.112465,48.159474],[17.112634,48.159879],[17.113113,48.161393],[17.11309,48.161628],[17.113844,48.16198],[17.114864,48.162653]]},"properties":{"n":"Na Pažiti"}},{"type":"Feature","geometry":{"type":"MultiLineString","coordinates":[[[17.096965,48.169998],[17.097625,48.169703],[17.097733,48.169568],[17.097683,48.169457],[17.097187,48.169116],[17.097022,48.168731],[17.098224,48.16831]],[[17.098087,48.16709],[17.097874,48.167108],[17.09685,48.167411],[17.095967,48.167822],[17.095944,48.167911],[17.09604,48.16805],[17.095905,48.168184],[17.095841,48.168371],[17.095865,48.168506],[17.095961,48.168636],[17.09626,48.1688],[17.096537,48.168839],[17.097022,48.168731]],[[17.097997,48.167308],[17.097595,48.167501],[17.09604,48.16805]]]},"properties":{"n":"Na Revíne"}},{"type":"Feature","geometry":{"type":"LineString","coordinates":[[17.108696,48.170278],[17.108778,48.170142],[17.109755,48.169374]]},"properties":{"n":"Na spojke"}},{"type":"Feature","geometry":{"type":"LineString","coordinates":[[17.092241,48.168378],[17.091821,48.168704],[17.091753,48.169022],[17.091773,48.169269],[17.091845,48.16942],[17.092397,48.170127],[17.092358,48.170307],[17.092059,48.170534]]},"properties":{"n":"Olivová"}},{"type":"Feature","geometry":{"type":"MultiLineString","coordinates":[[[17.092161,48.16376],[17.091536,48.163927],[17.088452,48.164266],[17.087649,48.1645]],[[17.082679,48.167453],[17.082376,48.167414],[17.081539,48.16759],[17.081236,48.16767],[17.081007,48.16781]]]},"properties":{"n":"Opavská"}},{"type":"Feature","geometry":{"type":"LineString","coordinates":[[17.103929,48.171446],[17.104338,48.171611],[17.104813,48.17164],[17.105612,48.171502],[17.106567,48.171133],[17.1067,48.171121],[17.107008,48.171216],[17.10731,48.171511]]},"properties":{"n":"Ôsma"}},{"type":"Feature","geometry":{"type":"LineString","coordinates":[[17.104681,48.16993],[17.105107,48.170386]]},"properties":{"n":"Piata"}},{"type":"Feature","geometry":{"type":"LineString","coordinates":[[17.08272,48.169645],[17.082464,48.170092],[17.082405,48.1705],[17.082523,48.170751],[17.082764,48.171025],[17.082881,48.171078],[17.083214,48.171071],[17.084663,48.170379]]},"properties":{"n":"Pod Klepáčom"}},{"type":"Feature","geometry":{"type":"MultiLineString","coordinates":[[[17.088704,48.169228],[17.088452,48.169272],[17.088397,48.16936],[17.088421,48.169419],[17.088536,48.169504],[17.089,48.169486],[17.088977,48.169552],[17.087917,48.17041],[17.08738,48.170473],[17.087234,48.170451],[17.087122,48.170323],[17.087155,48.170198],[17.087301,48.170129],[17.088337,48.17007]],[[17.090995,48.169355],[17.089,48.169486]]]},"properties":{"n":"Pod Krásnou hôrkou"}},{"type":"Feature","geometry":{"type":"LineString","coordinates":[[17.112492,48.159353],[17.112183,48.159612],[17.111287,48.160532],[17.110908,48.160811],[17.110653,48.161202],[17.110299,48.161603]]},"properties":{"n":"Pod Strážami"}},{"type":"Feature","geometry":{"type":"LineString","coordinates":[[17.113581,48.159704],[17.114261,48.160222],[17.114715,48.160695],[17.114758,48.160962],[17.11468,48.161563],[17.114717,48.161722],[17.114918,48.162062],[17.11556,48.162737],[17.115628,48.162843],[17.115666,48.163053],[17.115272,48.164737],[17.115195,48.164865],[17.113749,48.165516]]},"properties":{"n":"Podkolibská"}},{"type":"Feature","geometry":{"type":"LineString","coordinates":[[17.107933,48.168433],[17.108214,48.16865],[17.108222,48.16894]]},"properties":{"n":"Prvá"}},{"type":"Feature","geometry":{"type":"LineString","coordinates":[[17.108373,48.173572],[17.106806,48.174352],[17.10665,48.174208]]},"properties":{"n":"Pyrenejská"}},{"type":"Feature","geometry":{"type":"LineString","coordinates":[[17.095157,48.164382],[17.094796,48.164168],[17.09435,48.164036],[17.093965,48.164006],[17.093378,48.16409],[17.090674,48.16499],[17.090508,48.165177],[17.090564,48.165693]]},"properties":{"n":"Royova"}},{"type":"Feature","geometry":{"type":"MultiLineString","coordinates":[[[17.093314,48.169496],[17.093427,48.169845],[17.094318,48.169826],[17.094291,48.169577]],[[17.093128,48.170418],[17.093622,48.170437],[17.093427,48.169845]],[[17.093642,48.168254],[17.095019,48.169397],[17.095432,48.169764],[17.095473,48.169859],[17.095364,48.170178],[17.095116,48.170365],[17.093622,48.170437]]]},"properties":{"n":"Rozvodná"}},{"type":"Feature","geometry":{"type":"LineString","coordinates":[[17.090499,48.173064],[17.090763,48.173393],[17.091626,48.174754],[17.092223,48.175476],[17.093237,48.176591],[17.093512,48.176806],[17.093749,48.176878]]},"properties":{"n":"Snežienková"}},{"type":"Feature","geometry":{"type":"LineString","coordinates":[[17.098346,48.163269],[17.09831,48.163513],[17.09818,48.16365],[17.092459,48.167095]]},"properties":{"n":"Stromová"}},{"type":"Feature","geometry":{"type":"LineString","coordinates":[[17.102099,48.163254],[17.101796,48.163223]]},"properties":{"n":"Sudová"}},{"type":"Feature","geometry":{"type":"MultiLineString","coordinates":[[[17.108037,48.165213],[17.108125,48.165158],[17.108784,48.165046]],[[17.107968,48.165149],[17.107735,48.165245],[17.107091,48.16596],[17.106487,48.166319],[17.105356,48.166498],[17.105193,48.166486],[17.104867,48.166379],[17.104602,48.166173],[17.10447,48.165868],[17.104473,48.165709],[17.104651,48.165391],[17.104637,48.165342],[17.104146,48.164809]],[[17.105675,48.166433],[17.1052,48.165763],[17.1051,48.165701]]]},"properties":{"n":"Suchá"}},{"type":"Feature","geometry":{"type":"LineString","coordinates":[[17.10364,48.170509],[17.103984,48.170868]]},"properties":{"n":"Šiesta"}},{"type":"Feature","geometry":{"type":"LineString","coordinates":[[17.106141,48.169489],[17.106155,48.169962]]},"properties":{"n":"Štvrtá"}},{"type":"Feature","geometry":{"type":"LineString","coordinates":[[17.1068,48.169263],[17.10748,48.169598]]},"properties":{"n":"Tretia"}},{"type":"Feature","geometry":{"type":"LineString","coordinates":[[17.107183,48.159597],[17.107772,48.160458],[17.108019,48.160981],[17.108271,48.161236],[17.108583,48.161734],[17.109426,48.162217]]},"properties":{"n":"Vančurova"}},{"type":"Feature","geometry":{"type":"LineString","coordinates":[[17.09871,48.165911],[17.097885,48.166063],[17.097365,48.16625],[17.096634,48.166606],[17.095786,48.167163],[17.095331,48.16766],[17.095522,48.168149]]},"properties":{"n":"Višňová"}},{"type":"Feature","geometry":{"type":"LineString","coordinates":[[17.093037,48.166041],[17.092358,48.166433]]},"properties":{"n":"Vresová"}},{"type":"Feature","geometry":{"type":"LineString","coordinates":[[17.106987,48.173486],[17.106609,48.173708],[17.105799,48.174446],[17.104574,48.175354]]},"properties":{"n":"Záruby"}},{"type":"Feature","geometry":{"type":"LineString","coordinates":[[17.123092,48.174362],[17.122935,48.174431],[17.121845,48.175315],[17.121464,48.17583],[17.121313,48.176115],[17.121279,48.176273],[17.121477,48.177067],[17.121346,48.177944],[17.121617,48.178881],[17.121922,48.179306],[17.122344,48.180162],[17.122739,48.180439],[17.122856,48.180472],[17.123502,48.180399],[17.123703,48.180462],[17.124148,48.181428],[17.124649,48.182176],[17.125037,48.182666],[17.125573,48.183225],[17.125559,48.183456],[17.125607,48.18353],[17.125952,48.183704],[17.126039,48.18382],[17.126426,48.184006],[17.127782,48.184901],[17.128815,48.185491],[17.128608,48.185997],[17.128189,48.186603],[17.127902,48.187326],[17.127828,48.188769],[17.127914,48.189405]]},"properties":{"n":"Horská"}},{"type":"Feature","geometry":{"type":"LineString","coordinates":[[17.099985,48.162661],[17.101848,48.162088],[17.102597,48.161792],[17.103742,48.161149],[17.104913,48.160262],[17.105714,48.159952],[17.107183,48.159597],[17.107435,48.159438],[17.107874,48.159036],[17.10807,48.158962],[17.109558,48.158858],[17.11111,48.15899],[17.111945,48.159174],[17.113581,48.159704]]},"properties":{"n":"Jaskový rad"}},{"type":"Feature","geometry":{"type":"LineString","coordinates":[[17.113749,48.165516],[17.11304,48.165814],[17.112552,48.166118],[17.110187,48.167155],[17.109302,48.167747],[17.108717,48.167858],[17.108545,48.167931],[17.1068,48.169263],[17.106141,48.169489],[17.10547,48.169612],[17.104857,48.169846],[17.10364,48.170509],[17.102811,48.171116],[17.102535,48.171167],[17.101812,48.171188]]},"properties":{"n":"Jeséniova"}},{"type":"Feature","geometry":{"type":"LineString","coordinates":[[17.093513,48.17164],[17.093683,48.17168],[17.094639,48.171593],[17.094865,48.171615],[17.095628,48.172212],[17.09574,48.172365],[17.095886,48.172731],[17.096182,48.173084],[17.096216,48.173194],[17.09608,48.173611],[17.095265,48.173979],[17.095148,48.174698],[17.095194,48.174943],[17.095174,48.175232],[17.094758,48.175808],[17.094,48.176448],[17.093749,48.176878]]},"properties":{"n":"Kĺzavá"}},{"type":"Feature","geometry":{"type":"LineString","coordinates":[[17.126996,48.172533],[17.124416,48.172743],[17.123216,48.172736],[17.122476,48.172866],[17.12096,48.17346],[17.120453,48.173598],[17.119701,48.174007],[17.118484,48.174349],[17.117583,48.174725],[17.116855,48.174826],[17.116083,48.175094],[17.115558,48.175335],[17.114967,48.175682],[17.114418,48.176082],[17.113767,48.176379],[17.113095,48.176791],[17.111514,48.178246],[17.111299,48.178374]]},"properties":{"n":"Sliačska"}},{"type":"Feature","geometry":{"type":"MultiLineString","coordinates":[[[17.114715,48.160695],[17.115034,48.160899],[17.115371,48.161295],[17.115429,48.161475],[17.115437,48.161757],[17.116426,48.163126],[17.116608,48.163449],[17.116782,48.164156],[17.116823,48.165127],[17.117459,48.166216],[17.117296,48.166716],[17.117308,48.166824],[17.11743,48.167009],[17.117689,48.167224],[17.118205,48.167441],[17.119541,48.168137],[17.119989,48.168248],[17.121154,48.168716],[17.121351,48.168851],[17.121825,48.169363]],[[17.121712,48.170586],[17.122052,48.170912],[17.122403,48.171344],[17.122388,48.171445],[17.121784,48.171897],[17.121528,48.17226],[17.121457,48.172584],[17.121478,48.172789],[17.121682,48.173162]]]},"properties":{"n":"Tupého"}},{"type":"Feature","geometry":{"type":"LineString","coordinates":[[17.096044,48.163617],[17.095996,48.16373],[17.094849,48.164605],[17.093913,48.165486]]},"properties":{"n":"Uhrova"}},{"type":"Feature","geometry":{"type":"LineString","coordinates":[[17.108334,48.160567],[17.108006,48.160639],[17.107144,48.160971],[17.106264,48.161483],[17.105235,48.161911],[17.105093,48.162206],[17.104806,48.162505],[17.103671,48.163147],[17.103601,48.163858],[17.103414,48.164359]]},"properties":{"n":"Vidlicová"}},{"type":"Feature","geometry":{"type":"MultiLineString","coordinates":[[[17.099156,48.168709],[17.099361,48.168697],[17.099554,48.168798],[17.101647,48.170245]],[[17.091726,48.167388],[17.092074,48.167535],[17.092459,48.167095]],[[17.092074,48.167535],[17.09198,48.167752],[17.091402,48.168203],[17.091042,48.168633],[17.090927,48.169051],[17.091031,48.169469],[17.091196,48.169839],[17.091652,48.170263],[17.092059,48.170534],[17.092706,48.170795],[17.093103,48.170879],[17.093809,48.170942],[17.094204,48.170924],[17.094993,48.170758],[17.096965,48.169998]]]},"properties":{"n":"Vlárska"}},{"type":"Feature","geometry":{"type":"LineString","coordinates":[[17.130596,48.198664],[17.130841,48.198824],[17.131331,48.19881],[17.131764,48.198886],[17.128376,48.199947],[17.127603,48.200289],[17.127185,48.200633],[17.127483,48.200907],[17.127448,48.201045],[17.126949,48.201607],[17.126436,48.202053],[17.124839,48.202818],[17.123909,48.203366],[17.12338,48.203587],[17.121831,48.204502],[17.120988,48.205154],[17.120715,48.205604],[17.120631,48.205859],[17.120629,48.206042],[17.120941,48.206743],[17.121344,48.207245],[17.121562,48.208519]]},"properties":{"n":"Pekná cesta"}},{"type":"Feature","geometry":{"type":"LineString","coordinates":[[17.13487,48.163217],[17.136656,48.165063]]},"properties":{"n":"Viktora Tegelhoffa"}},{"type":"Feature","geometry":{"type":"LineString","coordinates":[[17.12814,48.186704],[17.128626,48.186826],[17.128798,48.187054]]},"properties":{"n":"Modranská"}},{"type":"Feature","geometry":{"type":"MultiLineString","coordinates":[[[17.120161,48.157805],[17.120523,48.157811],[17.120166,48.157344],[17.120041,48.157373],[17.120127,48.157306]],[[17.119644,48.157472],[17.120161,48.157805],[17.119198,48.157716],[17.120041,48.157373]],[[17.120802,48.157813],[17.120523,48.157811]],[[17.11934,48.157676],[17.120439,48.157731]]]},"properties":{"n":"Račianske mýto"}},{"type":"Feature","geometry":{"type":"LineString","coordinates":[[17.106625,48.1719],[17.107141,48.172599],[17.107796,48.172974],[17.108252,48.173395]]},"properties":{"n":"Trinásta"}},{"type":"Feature","geometry":{"type":"MultiLineString","coordinates":[[[17.090538,48.175982],[17.09033,48.175315],[17.090095,48.175012],[17.089702,48.174275],[17.089561,48.1737],[17.089578,48.173459],[17.089659,48.173399],[17.090229,48.1732],[17.091159,48.172739],[17.091614,48.173646],[17.092524,48.174998]],[[17.091709,48.172148],[17.091224,48.172042],[17.091095,48.17206],[17.091027,48.172172],[17.091114,48.172247],[17.091304,48.172268],[17.091709,48.172148],[17.092463,48.172066],[17.093055,48.171911],[17.093513,48.17164],[17.093834,48.171253],[17.093991,48.17094]],[[17.092015,48.172127],[17.091159,48.172739]]]},"properties":{"n":"Stará Klenová"}},{"type":"Feature","geometry":{"type":"LineString","coordinates":[[17.131359,48.195386],[17.133148,48.196883]]},"properties":{"n":"Vavrinecká"}},{"type":"Feature","geometry":{"type":"LineString","coordinates":[[17.133787,48.19655],[17.130569,48.198228],[17.130304,48.198235],[17.130185,48.198136]]},"properties":{"n":"Na Slanci"}},{"type":"Feature","geometry":{"type":"LineString","coordinates":[[17.130185,48.198136],[17.129062,48.196375]]},"properties":{"n":"Malagová"}},{"type":"Feature","geometry":{"type":"LineString","coordinates":[[17.106946,48.163367],[17.108306,48.163705],[17.108588,48.163829],[17.109069,48.163653],[17.109686,48.163686],[17.110034,48.1638],[17.11098,48.164284],[17.111905,48.164574],[17.112152,48.165084],[17.112548,48.165608],[17.11304,48.165814]]},"properties":{"n":"Strážna"}},{"type":"Feature","geometry":{"type":"LineString","coordinates":[[17.12076,48.173507],[17.120801,48.173578],[17.120763,48.173711],[17.120646,48.173913],[17.120057,48.174535]]},"properties":{"n":"Rizlingová"}},{"type":"Feature","geometry":{"type":"LineString","coordinates":[[17.132484,48.198395],[17.133262,48.197994],[17.13273,48.197533]]},"properties":{"n":"Burgundská"}},{"type":"Feature","geometry":{"type":"LineString","coordinates":[[17.114986,48.165725],[17.116017,48.165588],[17.116661,48.167569],[17.11682,48.167646]]},"properties":{"n":"Na Zlatej nohe"}},{"type":"Feature","geometry":{"type":"LineString","coordinates":[[17.119856,48.17394],[17.119505,48.174488],[17.119494,48.174631],[17.119535,48.174692],[17.120612,48.174911],[17.121845,48.175315]]},"properties":{"n":"Vínna"}},{"type":"Feature","geometry":{"type":"MultiLineString","coordinates":[[[17.108371,48.164238],[17.107457,48.164195],[17.106659,48.164042]],[[17.107457,48.164195],[17.107365,48.164502]]]},"properties":{"n":"Vosková"}},{"type":"Feature","geometry":{"type":"LineString","coordinates":[[17.119726,48.173997],[17.119628,48.17394],[17.120947,48.17296]]},"properties":{"n":"Veltlínska"}},{"type":"Feature","geometry":{"type":"LineString","coordinates":[[17.132051,48.195021],[17.132505,48.195537],[17.133111,48.195996],[17.133268,48.196188],[17.133787,48.19655]]},"properties":{"n":"Rubínová"}},{"type":"Feature","geometry":{"type":"LineString","coordinates":[[17.133851,48.195826],[17.133202,48.195299],[17.13264,48.194711]]},"properties":{"n":"Tramínová"}},{"type":"Feature","geometry":{"type":"LineString","coordinates":[[17.108591,48.172697],[17.110096,48.172032],[17.111383,48.171684],[17.111778,48.171629],[17.112008,48.171517],[17.1122,48.171554],[17.112115,48.171915],[17.112223,48.172023],[17.113205,48.172138],[17.113587,48.171958]]},"properties":{"n":"Sovia"}},{"type":"Feature","geometry":{"type":"LineString","coordinates":[[17.131963,48.195897],[17.129957,48.196936]]},"properties":{"n":"Leánska"}},{"type":"Feature","geometry":{"type":"LineString","coordinates":[[17.13264,48.194711],[17.129694,48.196263]]},"properties":{"n":"Na Grunte"}},{"type":"Feature","geometry":{"type":"MultiLineString","coordinates":[[[17.110793,48.166888],[17.110777,48.16655],[17.110285,48.166144],[17.110055,48.166406]],[[17.110285,48.166144],[17.110586,48.165787]]]},"properties":{"n":"Pod Vachmajstrom"}},{"type":"Feature","geometry":{"type":"MultiLineString","coordinates":[[[17.107422,48.167052],[17.10735,48.167204],[17.107454,48.167361],[17.107823,48.16759],[17.108388,48.167803],[17.108479,48.167971]],[[17.108588,48.163829],[17.108371,48.164238],[17.108237,48.164866],[17.10817,48.164981],[17.107968,48.165149],[17.108071,48.165245],[17.108408,48.165915],[17.108431,48.166245],[17.108308,48.166398],[17.107422,48.167052],[17.107197,48.166838]]]},"properties":{"n":"Horná Vančurova"}},{"type":"Feature","geometry":{"type":"LineString","coordinates":[[17.107968,48.165149],[17.106672,48.16512]]},"properties":{"n":"Pekná vyhliadka"}},{"type":"Feature","geometry":{"type":"LineString","coordinates":[[17.11098,48.164284],[17.110814,48.165127]]},"properties":{"n":"Na Rozhliadke"}},{"type":"Feature","geometry":{"type":"LineString","coordinates":[[17.123049,48.172759],[17.123168,48.173802],[17.123151,48.174284],[17.123092,48.174362],[17.123135,48.174413],[17.12314,48.174668],[17.123059,48.175169],[17.122801,48.175879],[17.122702,48.176037],[17.122602,48.176062],[17.121313,48.176115]]},"properties":{"n":"Muštová"}},{"type":"Feature","geometry":{"type":"LineString","coordinates":[[17.132556,48.196399],[17.130408,48.197507]]},"properties":{"n":"Savignonská"}},{"type":"Feature","geometry":{"type":"LineString","coordinates":[[17.121712,48.170586],[17.121604,48.170725],[17.119574,48.17229],[17.118659,48.172741],[17.117966,48.173024],[17.117175,48.17319],[17.116259,48.173243],[17.115896,48.173328],[17.114946,48.173934],[17.114401,48.174214]]},"properties":{"n":"Frankovská"}},{"type":"Feature","geometry":{"type":"LineString","coordinates":[[17.117271,48.175664],[17.117717,48.175713],[17.118891,48.176159],[17.119151,48.176218],[17.119817,48.176178],[17.120631,48.176336],[17.121294,48.176345]]},"properties":{"n":"Otonelská"}},{"type":"Feature","geometry":{"type":"LineString","coordinates":[[17.115036,48.164956],[17.114987,48.165813],[17.115479,48.167261]]},"properties":{"n":"Na varte"}},{"type":"Feature","geometry":{"type":"MultiLineString","coordinates":[[[17.108784,48.165046],[17.109434,48.165015],[17.109551,48.164544]],[[17.109434,48.165015],[17.109426,48.165229],[17.10977,48.165404]]]},"properties":{"n":"Lopúchová"}},{"type":"Feature","geometry":{"type":"MultiLineString","coordinates":[[[17.035244,48.179756],[17.034731,48.179951],[17.034045,48.179874],[17.034045,48.179778],[17.033726,48.179371],[17.033388,48.179316],[17.033202,48.179113],[17.033236,48.178746],[17.033804,48.177123]],[[17.033726,48.179371],[17.03454,48.179016],[17.03488,48.179376]],[[17.034498,48.177564],[17.034025,48.178428],[17.034031,48.178505],[17.03431,48.178767],[17.034704,48.178583]],[[17.031499,48.178231],[17.032151,48.178598],[17.032542,48.178722],[17.032743,48.178332],[17.032952,48.177739],[17.033312,48.177329],[17.033413,48.177136]],[[17.033767,48.178864],[17.034031,48.178505]],[[17.034045,48.179874],[17.033039,48.179684],[17.032755,48.179308],[17.032542,48.178722]],[[17.03431,48.178767],[17.03454,48.179016]]]},"properties":{"n":"Tavaríkova osada"}},{"type":"Feature","geometry":{"type":"LineString","coordinates":[[17.042071,48.186082],[17.042174,48.185703],[17.042139,48.185071],[17.042222,48.184648],[17.042172,48.184043],[17.041841,48.184047]]},"properties":{"n":"Červeňákova"}},{"type":"Feature","geometry":{"type":"LineString","coordinates":[[17.028198,48.189008],[17.026737,48.189066],[17.026355,48.189055],[17.026181,48.188979]]},"properties":{"n":"Čiernohorská"}},{"type":"Feature","geometry":{"type":"LineString","coordinates":[[17.028173,48.188812],[17.028508,48.190984]]},"properties":{"n":"Štepná"}},{"type":"Feature","geometry":{"type":"LineString","coordinates":[[17.039753,48.182348],[17.039119,48.182066],[17.037869,48.181997],[17.03754,48.181875],[17.036386,48.180967],[17.03488,48.179376]]},"properties":{"n":"Švantnerova"}},{"type":"Feature","geometry":{"type":"LineString","coordinates":[[17.028173,48.188812],[17.028578,48.188774],[17.028919,48.188806],[17.030086,48.189261],[17.03096,48.189461]]},"properties":{"n":"Žatevná"}},{"type":"Feature","geometry":{"type":"MultiLineString","coordinates":[[[17.036732,48.196724],[17.03656,48.196566],[17.03643,48.196519],[17.035769,48.196396]],[[17.036598,48.196976],[17.036732,48.196724],[17.036952,48.19675],[17.037134,48.196794],[17.037938,48.197181],[17.037298,48.197631]],[[17.042491,48.193371],[17.040888,48.194606],[17.040099,48.195553],[17.039795,48.19585],[17.038667,48.196724],[17.037938,48.197181]],[[17.032487,48.20113],[17.032683,48.202262]],[[17.036518,48.197156],[17.036446,48.197415],[17.037298,48.197631],[17.035804,48.199085],[17.034957,48.199611],[17.034014,48.200371],[17.033894,48.200495],[17.0337,48.200858],[17.033037,48.200965],[17.029703,48.202019],[17.026662,48.202694],[17.025887,48.2028],[17.024979,48.202842],[17.023384,48.202779],[17.019232,48.202251],[17.01525,48.201523],[17.014499,48.20006],[17.014361,48.199986],[17.014051,48.200039],[17.010411,48.201082],[17.01015,48.201323],[17.008392,48.201846]]]},"properties":{"n":"Agátová"}},{"type":"Feature","geometry":{"type":"LineString","coordinates":[[17.042013,48.180883],[17.047513,48.184039],[17.04797,48.183777],[17.048718,48.182908],[17.048775,48.182762],[17.048505,48.18259]]},"properties":{"n":"Bagarova"}},{"type":"Feature","geometry":{"type":"LineString","coordinates":[[17.045102,48.182683],[17.04332,48.184041]]},"properties":{"n":"Batkova"}},{"type":"Feature","geometry":{"type":"MultiLineString","coordinates":[[[17.042628,48.183419],[17.041834,48.182943],[17.041116,48.183493],[17.04096,48.183782],[17.041024,48.184509],[17.040937,48.184792],[17.040974,48.185597],[17.040863,48.185859]],[[17.043036,48.181491],[17.042623,48.181859],[17.042294,48.182548],[17.041834,48.182943]]]},"properties":{"n":"Bazovského"}},{"type":"Feature","geometry":{"type":"LineString","coordinates":[[17.048035,48.183264],[17.048505,48.18259],[17.048013,48.182431],[17.047708,48.18239],[17.046755,48.182356]]},"properties":{"n":"Beňovského"}},{"type":"Feature","geometry":{"type":"LineString","coordinates":[[17.03915,48.179021],[17.0391,48.178934],[17.038883,48.178804],[17.038448,48.178752],[17.036957,48.179262],[17.035474,48.179987]]},"properties":{"n":"Bezekova"}},{"type":"Feature","geometry":{"type":"MultiLineString","coordinates":[[[17.042145,48.186818],[17.042353,48.186683],[17.043165,48.186818]],[[17.039133,48.186223],[17.042052,48.186751],[17.042154,48.186824],[17.04216,48.186929],[17.041943,48.187559],[17.041797,48.187629],[17.041427,48.187595],[17.041033,48.188687]],[[17.041427,48.187595],[17.039711,48.187273]]]},"properties":{"n":"Bilíkova"}},{"type":"Feature","geometry":{"type":"MultiLineString","coordinates":[[[17.027572,48.188632],[17.026429,48.188885],[17.026181,48.188979],[17.025402,48.18904],[17.02525,48.18911],[17.024858,48.189653],[17.024792,48.190024],[17.02464,48.190283],[17.023944,48.190868],[17.023716,48.191307],[17.023626,48.191392],[17.023308,48.191593],[17.023172,48.191627],[17.02298,48.191537],[17.02291,48.191445],[17.023075,48.191258],[17.023181,48.190953],[17.023183,48.190673],[17.023088,48.190378]],[[17.02444,48.189145],[17.024488,48.189557],[17.024671,48.189668],[17.024858,48.189653]]]},"properties":{"n":"Brižitská"}},{"type":"Feature","geometry":{"type":"MultiLineString","coordinates":[[[17.041343,48.178728],[17.041253,48.178831],[17.040749,48.1791],[17.040391,48.179179],[17.039853,48.17946]],[[17.039699,48.179653],[17.03919,48.180043],[17.038626,48.180339],[17.03751,48.180115]]]},"properties":{"n":"Bujnákova"}},{"type":"Feature","geometry":{"type":"LineString","coordinates":[[17.047265,48.178242],[17.048888,48.179159],[17.048941,48.179233],[17.048894,48.179318],[17.048349,48.179751],[17.04828,48.179844],[17.04829,48.180068],[17.048242,48.180145],[17.04744,48.180779]]},"properties":{"n":"Bullova"}},{"type":"Feature","geometry":{"type":"LineString","coordinates":[[17.033315,48.184388],[17.034274,48.182804],[17.034418,48.182437],[17.034329,48.182251],[17.033788,48.181895],[17.033664,48.181626]]},"properties":{"n":"Chrobákova"}},{"type":"Feature","geometry":{"type":"LineString","coordinates":[[17.04744,48.180779],[17.04582,48.179865]]},"properties":{"n":"Damborského"}},{"type":"Feature","geometry":{"type":"MultiLineString","coordinates":[[[17.042009,48.190602],[17.042164,48.19059],[17.043555,48.187065],[17.043536,48.186949],[17.043698,48.18652]],[[17.041847,48.191208],[17.041981,48.191067],[17.042164,48.19059]]]},"properties":{"n":"Dražická"}},{"type":"Feature","geometry":{"type":"MultiLineString","coordinates":[[[17.041693,48.191684],[17.041887,48.191714],[17.041964,48.191485]],[[17.035844,48.190303],[17.041055,48.191212],[17.040948,48.191565],[17.041693,48.191684],[17.041553,48.192072]],[[17.041055,48.191212],[17.042033,48.191219],[17.042146,48.191237],[17.042278,48.191357],[17.041956,48.192478],[17.041145,48.192329],[17.041046,48.192357],[17.040969,48.192421],[17.04051,48.193597],[17.040397,48.193684],[17.03995,48.193696],[17.039748,48.194016],[17.039147,48.193947]]]},"properties":{"n":"Drobného"}},{"type":"Feature","geometry":{"type":"LineString","coordinates":[[17.034839,48.19014],[17.034414,48.190637],[17.033536,48.191519],[17.033107,48.192659],[17.033213,48.193766],[17.033008,48.194392],[17.032932,48.194476],[17.032811,48.194499]]},"properties":{"n":"Fedákova"}},{"type":"Feature","geometry":{"type":"LineString","coordinates":[[17.039119,48.182066],[17.037473,48.183327],[17.03721,48.183913]]},"properties":{"n":"Galbavého"}},{"type":"Feature","geometry":{"type":"MultiLineString","coordinates":[[[17.051488,48.180658],[17.051815,48.180623],[17.053783,48.179106],[17.052858,48.179107],[17.052877,48.179772]],[[17.053783,48.179106],[17.054023,48.178907]]]},"properties":{"n":"Húščavova"}},{"type":"Feature","geometry":{"type":"MultiLineString","coordinates":[[[17.041681,48.180709],[17.041268,48.180413],[17.041194,48.180274],[17.041218,48.180101],[17.041335,48.179942],[17.043056,48.178562],[17.043696,48.17849],[17.045092,48.177449],[17.045085,48.177311],[17.044749,48.177166],[17.044375,48.17738],[17.04431,48.177487],[17.044343,48.177612],[17.044646,48.177782]],[[17.041834,48.179505],[17.041878,48.179219],[17.04217,48.179279]],[[17.042801,48.176771],[17.042381,48.17714],[17.042452,48.177249],[17.041913,48.177679],[17.042008,48.177433],[17.042381,48.17714]],[[17.041878,48.179219],[17.041798,48.178995],[17.041679,48.178868],[17.041517,48.178781],[17.040952,48.178638],[17.040348,48.178714],[17.03915,48.179021],[17.038272,48.179487],[17.036386,48.180967]],[[17.041913,48.177679],[17.041442,48.178112],[17.04106,48.178374],[17.040952,48.178638]]]},"properties":{"n":"Hanulova"}},{"type":"Feature","geometry":{"type":"MultiLineString","coordinates":[[[17.051083,48.178392],[17.051418,48.177349]],[[17.047625,48.177892],[17.0468,48.177812],[17.046142,48.17765],[17.046809,48.17773],[17.046639,48.177667],[17.046577,48.17759],[17.046548,48.177503],[17.046619,48.177267]],[[17.0468,48.177812],[17.045996,48.177767]],[[17.046809,48.17773],[17.047625,48.177892],[17.051542,48.178462],[17.054023,48.178907],[17.054079,48.178861],[17.055175,48.179039]],[[17.053704,48.178823],[17.054079,48.178861]]]},"properties":{"n":"Harmincova"}},{"type":"Feature","geometry":{"type":"MultiLineString","coordinates":[[[17.028975,48.196291],[17.029115,48.195935],[17.028185,48.195768]],[[17.02844,48.193743],[17.027628,48.193782],[17.027622,48.194552],[17.028658,48.194767],[17.028743,48.194832],[17.028758,48.194934],[17.028574,48.195426],[17.028454,48.195505],[17.028544,48.195609],[17.028452,48.195815]],[[17.027628,48.193782],[17.026304,48.1938]],[[17.027622,48.194552],[17.027236,48.195208],[17.027203,48.195562],[17.027138,48.195657],[17.026732,48.19572],[17.026452,48.195287]],[[17.026732,48.19572],[17.026747,48.19593]],[[17.028454,48.195505],[17.028302,48.195516],[17.027216,48.195331]]]},"properties":{"n":"Homolova"}},{"type":"Feature","geometry":{"type":"MultiLineString","coordinates":[[[17.027572,48.188632],[17.027787,48.18811],[17.027782,48.187663],[17.027542,48.187066],[17.027179,48.186439],[17.027162,48.186305],[17.027231,48.186135],[17.027072,48.185842],[17.027219,48.185498],[17.027195,48.185352]],[[17.027794,48.188679],[17.027952,48.187938],[17.027875,48.187476],[17.027231,48.186135]]]},"properties":{"n":"Jadranská"}},{"type":"Feature","geometry":{"type":"MultiLineString","coordinates":[[[17.045142,48.184486],[17.045082,48.1851],[17.044965,48.18517],[17.044882,48.18512],[17.044294,48.185132],[17.044284,48.184355]],[[17.046744,48.184447],[17.047105,48.18422],[17.047513,48.184039]],[[17.037831,48.185357],[17.04423,48.186461],[17.044439,48.186393],[17.045309,48.185647],[17.044997,48.185437],[17.044965,48.18517]],[[17.046177,48.184571],[17.046429,48.184382],[17.046597,48.184335],[17.046744,48.184447],[17.046457,48.184721],[17.046427,48.184824],[17.047033,48.184977]],[[17.045309,48.185647],[17.046131,48.18496],[17.046427,48.184824]]]},"properties":{"n":"Janka Alexyho"}},{"type":"Feature","geometry":{"type":"MultiLineString","coordinates":[[[17.035101,48.183304],[17.034843,48.183115],[17.034852,48.183015],[17.03529,48.18238],[17.035291,48.182213],[17.03522,48.182105],[17.034734,48.181764],[17.034551,48.181221],[17.034456,48.181067],[17.034486,48.180916],[17.03326,48.180448],[17.032706,48.180661],[17.032421,48.180965]],[[17.036249,48.180835],[17.036135,48.180878],[17.035281,48.180911],[17.034651,48.180808],[17.034486,48.180916]],[[17.036366,48.182348],[17.036111,48.182134],[17.036079,48.182022],[17.036113,48.181813],[17.03605,48.18168],[17.035542,48.181325],[17.035281,48.180911]]]},"properties":{"n":"Jura Hronca"}},{"type":"Feature","geometry":{"type":"MultiLineString","coordinates":[[[17.027072,48.185842],[17.026791,48.185627],[17.026438,48.185525],[17.025445,48.185439],[17.024993,48.185449],[17.024126,48.185685],[17.023678,48.186119],[17.023627,48.186316],[17.023636,48.186474],[17.02385,48.186686],[17.023842,48.186962],[17.024115,48.187748]],[[17.025445,48.185439],[17.025388,48.185256],[17.025272,48.185178],[17.02473,48.185184]],[[17.025627,48.184863],[17.025317,48.1852]]]},"properties":{"n":"K Horánskej Studni"}},{"type":"Feature","geometry":{"type":"MultiLineString","coordinates":[[[17.02488,48.194415],[17.024827,48.194602],[17.024844,48.194747],[17.025059,48.195237],[17.0251,48.195492]],[[17.024776,48.191009],[17.02547,48.191018],[17.02505,48.191763],[17.02489,48.192189],[17.025006,48.193243],[17.024976,48.19358],[17.024362,48.194165],[17.024186,48.194389],[17.024099,48.194731],[17.024193,48.19505],[17.0244,48.195209],[17.024684,48.19528],[17.025059,48.195237]],[[17.028508,48.190984],[17.02547,48.191018]]]},"properties":{"n":"Tranovského"}},{"type":"Feature","geometry":{"type":"MultiLineString","coordinates":[[[17.032195,48.191278],[17.033536,48.191519]],[[17.031844,48.189608],[17.031608,48.190206],[17.031101,48.190804],[17.031065,48.190939],[17.031116,48.191008],[17.031278,48.191109],[17.032195,48.191278],[17.0324,48.190805],[17.032552,48.190833],[17.032614,48.190649]],[[17.032073,48.190553],[17.031989,48.19073],[17.03182,48.190702],[17.031619,48.191173]]]},"properties":{"n":"Karola Adlera"}},{"type":"Feature","geometry":{"type":"LineString","coordinates":[[17.041841,48.179094],[17.04092,48.179566],[17.040618,48.179551],[17.040282,48.179725]]},"properties":{"n":"Klimkovičova"}},{"type":"Feature","geometry":{"type":"MultiLineString","coordinates":[[[17.032034,48.184001],[17.031633,48.184473],[17.031279,48.184742],[17.031258,48.184894],[17.033315,48.184388],[17.033858,48.184173],[17.034353,48.183886],[17.035101,48.183304]],[[17.027195,48.185352],[17.027581,48.185443],[17.02719,48.185558]],[[17.027581,48.185443],[17.027983,48.185423],[17.029246,48.185218],[17.030107,48.185196],[17.031258,48.184894]]]},"properties":{"n":"Koprivnická"}},{"type":"Feature","geometry":{"type":"MultiLineString","coordinates":[[[17.028469,48.196196],[17.029448,48.196385],[17.02971,48.196375],[17.030113,48.195453],[17.029939,48.195105],[17.030095,48.194723],[17.030216,48.194663],[17.029668,48.194556],[17.029206,48.194397],[17.028842,48.194165],[17.02844,48.193743],[17.028409,48.193507],[17.028521,48.191844],[17.028508,48.190984]],[[17.033595,48.195272],[17.030216,48.194663]],[[17.027577,48.193434],[17.027544,48.192558],[17.027896,48.192542]]]},"properties":{"n":"Pri kríži"}},{"type":"Feature","geometry":{"type":"LineString","coordinates":[[17.041365,48.180497],[17.040804,48.180924],[17.039769,48.180357]]},"properties":{"n":"Kudlákova"}},{"type":"Feature","geometry":{"type":"MultiLineString","coordinates":[[[17.041116,48.183493],[17.040706,48.183335],[17.040544,48.183588],[17.040279,48.184205],[17.040482,48.18464],[17.040039,48.185725]],[[17.041359,48.183168],[17.041083,48.183016],[17.040706,48.183335]]]},"properties":{"n":"Landauova"}},{"type":"Feature","geometry":{"type":"MultiLineString","coordinates":[[[17.050776,48.180683],[17.050857,48.18048],[17.051368,48.180567],[17.051488,48.180658]],[[17.051774,48.178505],[17.051285,48.179489],[17.051277,48.17987],[17.051368,48.180567]]]},"properties":{"n":"Lipského"}},{"type":"Feature","geometry":{"type":"LineString","coordinates":[[17.040494,48.191144],[17.041344,48.18898]]},"properties":{"n":"Lysákova"}},{"type":"Feature","geometry":{"type":"MultiLineString","coordinates":[[[17.046267,48.17755],[17.042013,48.180883],[17.039935,48.182448],[17.039139,48.183121],[17.038663,48.183659],[17.038359,48.184107],[17.037831,48.185357]],[[17.045479,48.177852],[17.047361,48.176496],[17.0478,48.176093]],[[17.037549,48.185308],[17.038108,48.184045],[17.038601,48.183347],[17.038955,48.182982],[17.041397,48.181038],[17.041681,48.180709],[17.042366,48.180143],[17.04322,48.179597],[17.045479,48.177852],[17.045904,48.177671],[17.046142,48.17765],[17.046001,48.177442],[17.04611,48.177554],[17.046267,48.17755],[17.047797,48.176359],[17.048198,48.175977],[17.048626,48.175465],[17.048938,48.174928],[17.049173,48.174408],[17.049368,48.173637]]]},"properties":{"n":"M. Schneidra Trnavského"}},{"type":"Feature","geometry":{"type":"MultiLineString","coordinates":[[[17.031076,48.193518],[17.03317,48.193897]],[[17.032568,48.193783],[17.032403,48.194186],[17.032246,48.194158],[17.032189,48.194419]],[[17.031339,48.191854],[17.0324,48.19206],[17.032086,48.192857],[17.032064,48.193082],[17.031824,48.193656]],[[17.033262,48.192216],[17.0324,48.19206]],[[17.032046,48.193685],[17.031875,48.194111],[17.031695,48.194123],[17.031609,48.194334],[17.031478,48.194308],[17.031398,48.194501]]]},"properties":{"n":"Gallayova"}},{"type":"Feature","geometry":{"type":"LineString","coordinates":[[17.047033,48.184977],[17.046877,48.185081],[17.046752,48.185248],[17.046848,48.185568],[17.046819,48.18583],[17.045469,48.187545],[17.045254,48.187975],[17.044436,48.190338],[17.04415,48.191029],[17.043861,48.19211],[17.043574,48.192447],[17.042491,48.193371]]},"properties":{"n":"Na vrátkach"}},{"type":"Feature","geometry":{"type":"LineString","coordinates":[[17.044929,48.180561],[17.04468,48.180442],[17.044513,48.180461],[17.044216,48.180691],[17.043152,48.181031],[17.042776,48.181336]]},"properties":{"n":"Bošániho"}},{"type":"Feature","geometry":{"type":"MultiLineString","coordinates":[[[17.040402,48.195177],[17.039376,48.194976],[17.039028,48.1947],[17.037975,48.194533]],[[17.035595,48.195012],[17.035374,48.195587]],[[17.03551,48.1941],[17.035365,48.194312],[17.035284,48.194563],[17.035388,48.194724],[17.035563,48.194764],[17.036041,48.19478],[17.036142,48.194683],[17.036316,48.194261]],[[17.036849,48.190478],[17.036683,48.190894],[17.036916,48.192026],[17.036442,48.193153],[17.03551,48.1941],[17.037608,48.1945],[17.037683,48.194455],[17.037779,48.194155]]]},"properties":{"n":"Nejedlého"}},{"type":"Feature","geometry":{"type":"LineString","coordinates":[[17.044929,48.180561],[17.045829,48.181061]]},"properties":{"n":"Nemčíkova"}},{"type":"Feature","geometry":{"type":"LineString","coordinates":[[17.029482,48.189024],[17.028847,48.190449],[17.028733,48.190863],[17.028684,48.190934],[17.028508,48.190984]]},"properties":{"n":"Novodvorská"}},{"type":"Feature","geometry":{"type":"LineString","coordinates":[[17.030216,48.194663],[17.030393,48.194145],[17.031076,48.193518],[17.031162,48.193269],[17.03076,48.19269],[17.030496,48.192619]]},"properties":{"n":"Ožvoldíkova"}},{"type":"Feature","geometry":{"type":"LineString","coordinates":[[17.029703,48.188658],[17.029589,48.188036]]},"properties":{"n":"Oskorušová"}},{"type":"Feature","geometry":{"type":"LineString","coordinates":[[17.031384,48.187374],[17.032697,48.18756],[17.032814,48.187599],[17.0329,48.187738],[17.032219,48.188693],[17.031844,48.189608]]},"properties":{"n":"Pekníkova"}},{"type":"Feature","geometry":{"type":"MultiLineString","coordinates":[[[17.031466,48.184849],[17.031474,48.184793],[17.033311,48.183219],[17.03359,48.182929],[17.033629,48.182791],[17.033602,48.182657],[17.033392,48.182409],[17.033072,48.182278],[17.032473,48.18222]],[[17.018056,48.186092],[17.017401,48.18562],[17.016494,48.1854],[17.014865,48.184727],[17.014758,48.184618],[17.014768,48.184551],[17.014943,48.184341],[17.017029,48.184085],[17.017464,48.183958],[17.017843,48.183788],[17.020217,48.182456],[17.021272,48.182134],[17.021768,48.182038],[17.02506,48.181707],[17.025715,48.181813],[17.027072,48.182206],[17.027988,48.182305],[17.030905,48.18248],[17.031272,48.182278],[17.03165,48.182191],[17.032473,48.18222],[17.032178,48.181928],[17.032182,48.181598],[17.032068,48.181432],[17.031343,48.181095],[17.03072,48.180944]]]},"properties":{"n":"Plachého"}},{"type":"Feature","geometry":{"type":"MultiLineString","coordinates":[[[17.034872,48.187892],[17.035505,48.188004],[17.035557,48.18813]],[[17.036622,48.184928],[17.035894,48.184861],[17.035773,48.184973],[17.035796,48.185057],[17.035732,48.185104],[17.03573,48.185179],[17.035531,48.185171],[17.035744,48.185089]],[[17.034052,48.189997],[17.035859,48.185434],[17.035806,48.185235]],[[17.03573,48.185179],[17.035797,48.185234],[17.035932,48.185231],[17.035859,48.185434]],[[17.037549,48.185308],[17.03635,48.185077],[17.036104,48.18511],[17.035932,48.185231]],[[17.035796,48.185057],[17.036098,48.185037],[17.03635,48.185077]],[[17.035956,48.185055],[17.036022,48.185166]],[[17.035531,48.185171],[17.034946,48.185577],[17.034688,48.185701],[17.032482,48.186496],[17.031779,48.186903],[17.03155,48.18712],[17.031384,48.187374],[17.030915,48.188279],[17.030697,48.188462],[17.030537,48.188528],[17.028919,48.188806]]]},"properties":{"n":"Pod záhradami"}},{"type":"Feature","geometry":{"type":"MultiLineString","coordinates":[[[17.028358,48.190001],[17.024792,48.190024]],[[17.025465,48.190027],[17.02547,48.191018]]]},"properties":{"n":"Popovova"}},{"type":"Feature","geometry":{"type":"LineString","coordinates":[[17.038288,48.182714],[17.03747,48.182597],[17.03671,48.183227],[17.036566,48.183505],[17.036536,48.183707],[17.036711,48.183815],[17.03721,48.183913],[17.037103,48.184228]]},"properties":{"n":"Považanova"}},{"type":"Feature","geometry":{"type":"LineString","coordinates":[[17.035578,48.190254],[17.03096,48.189461]]},"properties":{"n":"Repašského"}},{"type":"Feature","geometry":{"type":"MultiLineString","coordinates":[[[17.037831,48.185357],[17.035698,48.190656],[17.035286,48.191792],[17.034623,48.193397],[17.034317,48.194289],[17.033789,48.195475],[17.033868,48.196049],[17.033851,48.196276],[17.033637,48.196408],[17.03322,48.1964],[17.032962,48.19626],[17.032911,48.196105]],[[17.033823,48.196323],[17.033726,48.196483],[17.033109,48.197122],[17.032903,48.197421],[17.032909,48.197088],[17.03281,48.196366],[17.032903,48.196116],[17.033034,48.19591],[17.033495,48.195475],[17.033595,48.195272],[17.037549,48.185308]],[[17.032903,48.197421],[17.031887,48.199947],[17.031781,48.200454],[17.031758,48.201163],[17.031672,48.201395]]]},"properties":{"n":"Saratovská"}},{"type":"Feature","geometry":{"type":"MultiLineString","coordinates":[[[17.03681,48.191433],[17.037006,48.191428],[17.038704,48.19175],[17.038755,48.191829],[17.038743,48.192008],[17.038639,48.192066],[17.038509,48.192361]],[[17.039623,48.190983],[17.039241,48.191961],[17.039077,48.192092],[17.03884,48.192067],[17.038743,48.192008]],[[17.039306,48.191842],[17.039886,48.191951]]]},"properties":{"n":"Sekurisova"}},{"type":"Feature","geometry":{"type":"MultiLineString","coordinates":[[[17.037643,48.180671],[17.037297,48.180816],[17.036783,48.181287]],[[17.0395,48.17929],[17.039254,48.179454],[17.038996,48.179554],[17.038171,48.18026]]]},"properties":{"n":"Sokolíkova"}},{"type":"Feature","geometry":{"type":"MultiLineString","coordinates":[[[17.026244,48.191007],[17.026269,48.19247]],[[17.026253,48.191645],[17.027814,48.191627]],[[17.027576,48.19163],[17.027555,48.192231]],[[17.025764,48.19321],[17.025648,48.192606],[17.025713,48.19255],[17.026269,48.19247],[17.026304,48.1938],[17.02613,48.194252],[17.025731,48.194906],[17.025546,48.195046],[17.025059,48.195237]],[[17.026271,48.192564],[17.027544,48.192558]]]},"properties":{"n":"Cabanova"}},{"type":"Feature","geometry":{"type":"MultiLineString","coordinates":[[[17.0298,48.18519],[17.029706,48.184933],[17.029298,48.184949],[17.029195,48.184891]],[[17.025492,48.183739],[17.025431,48.18388],[17.024736,48.184313],[17.024512,48.184391],[17.023607,48.184159],[17.023517,48.184096]],[[17.025907,48.184917],[17.025627,48.184863],[17.025485,48.184693],[17.025197,48.184491],[17.024736,48.184313]],[[17.025781,48.184287],[17.025907,48.184174],[17.026969,48.184036],[17.026798,48.18381],[17.026484,48.183708]],[[17.028576,48.184634],[17.027895,48.184842],[17.027549,48.185027],[17.02742,48.185241],[17.027195,48.185352],[17.027008,48.18522],[17.026756,48.185193],[17.02654,48.185073],[17.026423,48.184804],[17.026263,48.184711]],[[17.027549,48.185027],[17.027198,48.184545],[17.027186,48.184325],[17.027259,48.184173],[17.02724,48.184123],[17.026969,48.184036]],[[17.026628,48.185118],[17.026312,48.185497]]]},"properties":{"n":"Strmé sady"}},{"type":"Feature","geometry":{"type":"LineString","coordinates":[[17.037211,48.18164],[17.036366,48.182348],[17.035101,48.183304]]},"properties":{"n":"Talichova"}},{"type":"Feature","geometry":{"type":"LineString","coordinates":[[17.031297,48.187536],[17.031076,48.187479],[17.030973,48.187369],[17.030559,48.185736],[17.030107,48.185196]]},"properties":{"n":"Tulipánová"}},{"type":"Feature","geometry":{"type":"LineString","coordinates":[[17.039579,48.189226],[17.039787,48.189274],[17.039874,48.189412],[17.039534,48.190286]]},"properties":{"n":"Ušiakova"}},{"type":"Feature","geometry":{"type":"LineString","coordinates":[[17.043047,48.186255],[17.043241,48.185735],[17.043206,48.185024]]},"properties":{"n":"Valachovej"}},{"type":"Feature","geometry":{"type":"LineString","coordinates":[[17.030559,48.185736],[17.033304,48.186176]]},"properties":{"n":"Vendelínska"}},{"type":"Feature","geometry":{"type":"MultiLineString","coordinates":[[[17.057179,48.178101],[17.057154,48.177983],[17.0572,48.177832],[17.056813,48.177945],[17.057387,48.178205],[17.058541,48.178843],[17.058675,48.178885],[17.059082,48.178876],[17.059454,48.178685],[17.061359,48.177204],[17.06137,48.177131],[17.061309,48.177023],[17.059555,48.176],[17.059628,48.175937],[17.059658,48.175759],[17.058203,48.175774],[17.057504,48.175891],[17.056448,48.176181],[17.056197,48.176281],[17.055706,48.176592],[17.055281,48.177161],[17.054404,48.178576],[17.054079,48.178861]],[[17.0572,48.177832],[17.059555,48.176]],[[17.055017,48.177574],[17.056813,48.177945]]]},"properties":{"n":"Polianky"}},{"type":"Feature","geometry":{"type":"LineString","coordinates":[[17.03938,48.185611],[17.037401,48.190585]]},"properties":{"n":"Trhová"}},{"type":"Feature","geometry":{"type":"LineString","coordinates":[[17.02335,48.192647],[17.023687,48.192855],[17.024243,48.193395],[17.024039,48.193869],[17.024054,48.194442]]},"properties":{"n":"Moyšova"}},{"type":"Feature","geometry":{"type":"MultiLineString","coordinates":[[[17.03488,48.179376],[17.036113,48.178741],[17.036296,48.178578],[17.036435,48.178374],[17.037039,48.177969],[17.037476,48.177536],[17.037102,48.177176],[17.037387,48.176921],[17.037501,48.176766],[17.037554,48.176568]],[[17.037476,48.177536],[17.037938,48.177085]]]},"properties":{"n":"Záhradkárska"}},{"type":"Feature","geometry":{"type":"LineString","coordinates":[[17.033853,48.195315],[17.035193,48.195549],[17.036026,48.195749],[17.036548,48.195961],[17.037556,48.196578],[17.038374,48.196877]]},"properties":{"n":"Dúbravčická"}},{"type":"Feature","geometry":{"type":"LineString","coordinates":[[17.029969,48.195828],[17.031457,48.196098]]},"properties":{"n":"Kristy Bendovej"}},{"type":"Feature","geometry":{"type":"LineString","coordinates":[[17.029448,48.196385],[17.029324,48.196683],[17.029241,48.196774],[17.029093,48.196804],[17.028264,48.196738],[17.028144,48.197087],[17.027959,48.197211],[17.025516,48.197056],[17.025414,48.196998],[17.025318,48.196564],[17.025485,48.196501],[17.027168,48.196527],[17.028264,48.196738]]},"properties":{"n":"Martina Granca"}},{"type":"Feature","geometry":{"type":"LineString","coordinates":[[17.024115,48.187748],[17.024179,48.187926],[17.024359,48.187995],[17.026243,48.188023],[17.027812,48.187942]]},"properties":{"n":"Kajerka"}},{"type":"Feature","geometry":{"type":"LineString","coordinates":[[16.977377,48.223093],[16.978129,48.225749],[16.978131,48.225911]]},"properties":{"n":"Ílová"}},{"type":"Feature","geometry":{"type":"MultiLineString","coordinates":[[[16.981914,48.204035],[16.981969,48.203298]],[[16.984485,48.203365],[16.983736,48.203358]],[[16.983629,48.205951],[16.983734,48.203353],[16.98026,48.203246]]]},"properties":{"n":"Štefana Králika"}},{"type":"Feature","geometry":{"type":"LineString","coordinates":[[16.972803,48.206591],[16.97267,48.206426],[16.972575,48.206412],[16.971671,48.206411],[16.971541,48.206438],[16.971454,48.206535]]},"properties":{"n":"Želiarska"}},{"type":"Feature","geometry":{"type":"LineString","coordinates":[[16.973432,48.217121],[16.9747,48.217774]]},"properties":{"n":"Brežná"}},{"type":"Feature","geometry":{"type":"MultiLineString","coordinates":[[[16.98223,48.225614],[16.980859,48.226795],[16.980739,48.226842]],[[16.978344,48.223638],[16.97847,48.223653],[16.983018,48.225992]]]},"properties":{"n":"Bystrická"}},{"type":"Feature","geometry":{"type":"LineString","coordinates":[[16.976789,48.211302],[16.981253,48.210669]]},"properties":{"n":"Charkovská"}},{"type":"Feature","geometry":{"type":"LineString","coordinates":[[16.961804,48.238535],[16.961605,48.239195],[16.961492,48.240251],[16.961431,48.241527],[16.961528,48.242216],[16.961514,48.242664],[16.961144,48.244145],[16.960386,48.247899],[16.959883,48.250793],[16.959863,48.251392],[16.959243,48.253609],[16.959332,48.254917],[16.96079,48.254965],[16.961004,48.253744]]},"properties":{"n":"Devínske Jazero"}},{"type":"Feature","geometry":{"type":"LineString","coordinates":[[16.973376,48.207385],[16.976551,48.205956],[16.976793,48.205864],[16.977417,48.205789],[16.987033,48.206041],[16.987452,48.206164],[16.987814,48.206496]]},"properties":{"n":"Eisnerova"}},{"type":"Feature","geometry":{"type":"MultiLineString","coordinates":[[[16.976656,48.208114],[16.976723,48.207597],[16.976878,48.207608]],[[16.976515,48.208113],[16.976706,48.210747],[16.976986,48.213279],[16.976651,48.213621]]]},"properties":{"n":"Na Grbe"}},{"type":"Feature","geometry":{"type":"MultiLineString","coordinates":[[[16.976515,48.208113],[16.975658,48.207691],[16.975316,48.20758],[16.97367,48.207485],[16.973879,48.208683]],[[16.97367,48.207485],[16.973376,48.207385]]]},"properties":{"n":"Hradištná"}},{"type":"Feature","geometry":{"type":"MultiLineString","coordinates":[[[16.972536,48.207511],[16.972697,48.208782],[16.972976,48.210051]],[[16.973231,48.208739],[16.973442,48.209933],[16.973494,48.209966],[16.973404,48.210019],[16.972976,48.210051],[16.973575,48.212988],[16.9737,48.213434],[16.974161,48.214565],[16.974194,48.214816],[16.974158,48.215423],[16.974646,48.216893]],[[16.973494,48.209966],[16.974003,48.209937]]]},"properties":{"n":"Istrijská"}},{"type":"Feature","geometry":{"type":"LineString","coordinates":[[16.976515,48.208113],[16.978013,48.208154],[16.978601,48.207801],[16.983514,48.207928]]},"properties":{"n":"Ivana Bukovčana"}},{"type":"Feature","geometry":{"type":"LineString","coordinates":[[16.977922,48.219251],[16.978971,48.219628],[16.979849,48.220009],[16.98532,48.222861],[16.986648,48.223436],[16.989842,48.224597],[17.000642,48.228215]]},"properties":{"n":"Jána Jonáša"}},{"type":"Feature","geometry":{"type":"MultiLineString","coordinates":[[[16.980703,48.20785],[16.980736,48.207122]],[[16.98068,48.20585],[16.980676,48.206336],[16.980704,48.206404],[16.980779,48.206422],[16.983596,48.206481],[16.983629,48.205951]],[[16.983596,48.206481],[16.983514,48.207928]]]},"properties":{"n":"Jána Poničana"}},{"type":"Feature","geometry":{"type":"LineString","coordinates":[[16.977847,48.220009],[16.977691,48.220047],[16.97756,48.220222],[16.976096,48.222283],[16.976048,48.222414]]},"properties":{"n":"Janšákova"}},{"type":"Feature","geometry":{"type":"LineString","coordinates":[[16.975656,48.208588],[16.976089,48.210884]]},"properties":{"n":"Kalištná"}},{"type":"Feature","geometry":{"type":"LineString","coordinates":[[16.976617,48.209609],[16.982859,48.208659]]},"properties":{"n":"Kosatcová"}},{"type":"Feature","geometry":{"type":"MultiLineString","coordinates":[[[16.978465,48.209342],[16.979181,48.211703]],[[16.978923,48.211764],[16.97867,48.21282],[16.978525,48.213113]]]},"properties":{"n":"Delená"}},{"type":"Feature","geometry":{"type":"MultiLineString","coordinates":[[[16.976706,48.210747],[16.98133,48.210069],[16.981822,48.209829],[16.982231,48.209332]],[[16.973221,48.211197],[16.976716,48.210824]]]},"properties":{"n":"Novoveská"}},{"type":"Feature","geometry":{"type":"LineString","coordinates":[[16.985598,48.224571],[16.979489,48.221571],[16.97928,48.221522],[16.977942,48.221611]]},"properties":{"n":"Mečíková"}},{"type":"Feature","geometry":{"type":"MultiLineString","coordinates":[[[16.978726,48.20583],[16.978665,48.206773],[16.977452,48.206751]],[[16.978665,48.206773],[16.978601,48.207801]]]},"properties":{"n":"Milana Marečka"}},{"type":"Feature","geometry":{"type":"LineString","coordinates":[[16.978102,48.217235],[16.977682,48.21712],[16.977059,48.217156],[16.976156,48.217002],[16.974838,48.21696],[16.974646,48.216893],[16.973432,48.217121],[16.972811,48.217361],[16.972319,48.217659],[16.971755,48.218093],[16.971455,48.218415],[16.968189,48.223196],[16.96591,48.226323]]},"properties":{"n":"Mlynská"}},{"type":"Feature","geometry":{"type":"LineString","coordinates":[[16.970542,48.206095],[16.970767,48.206239],[16.971808,48.206678],[16.972176,48.206896],[16.972458,48.206816],[16.972525,48.206998],[16.972536,48.207511],[16.972377,48.207174],[16.972176,48.206896]]},"properties":{"n":"Nám. 6.apríla"}},{"type":"Feature","geometry":{"type":"MultiLineString","coordinates":[[[16.971367,48.204651],[16.971414,48.204372],[16.971599,48.204213],[16.971616,48.203868]],[[16.97569,48.193322],[16.971461,48.200014],[16.970956,48.20105],[16.970773,48.201661],[16.970909,48.201707],[16.971117,48.202807],[16.970771,48.204795],[16.970573,48.205507],[16.970542,48.206095]]]},"properties":{"n":"Na hriadkach"}},{"type":"Feature","geometry":{"type":"MultiLineString","coordinates":[[[16.973782,48.213642],[16.972735,48.213733],[16.972632,48.213848],[16.97256,48.214086],[16.972312,48.214381],[16.972766,48.214438],[16.972824,48.214403],[16.972807,48.21436],[16.972639,48.214104],[16.97256,48.214086]],[[16.972118,48.21476],[16.972236,48.214437],[16.972312,48.214381]]]},"properties":{"n":"Na kaštieli"}},{"type":"Feature","geometry":{"type":"LineString","coordinates":[[16.973039,48.210305],[16.969722,48.210606],[16.968695,48.211061],[16.968453,48.211128]]},"properties":{"n":"Na mýte"}},{"type":"Feature","geometry":{"type":"LineString","coordinates":[[16.973766,48.202089],[16.973601,48.202175],[16.973338,48.202494],[16.972958,48.202713],[16.972913,48.202781],[16.97395,48.20279]]},"properties":{"n":"Na skale"}},{"type":"Feature","geometry":{"type":"MultiLineString","coordinates":[[[16.9737,48.213434],[16.974017,48.213446],[16.9746,48.213562],[16.976936,48.21334]],[[16.975687,48.213443],[16.975415,48.21097]]]},"properties":{"n":"Na vyhliadke"}},{"type":"Feature","geometry":{"type":"MultiLineString","coordinates":[[[16.980437,48.226081],[16.980071,48.226158],[16.979989,48.226191],[16.979976,48.226245],[16.980235,48.226915],[16.980351,48.226916],[16.980383,48.227021],[16.980303,48.227073],[16.980159,48.227044],[16.980176,48.226933],[16.980235,48.226915]],[[16.977985,48.218449],[16.977828,48.220353],[16.977967,48.222051],[16.978071,48.222634],[16.978495,48.224131],[16.979624,48.227223]],[[16.980159,48.227044],[16.979624,48.227223],[16.980119,48.228437],[16.981532,48.231396],[16.982179,48.233161],[16.982357,48.233265]]]},"properties":{"n":"Opletalova"}},{"type":"Feature","geometry":{"type":"MultiLineString","coordinates":[[[16.97923,48.202632],[16.979255,48.203045],[16.980274,48.203079],[16.980309,48.20263],[16.980404,48.20245],[16.981458,48.201447],[16.982362,48.200847]],[[16.978726,48.20583],[16.978788,48.204307],[16.97888,48.204061],[16.979167,48.20384],[16.980152,48.203258],[16.98026,48.203246],[16.980274,48.203079]]]},"properties":{"n":"Pavla Horova"}},{"type":"Feature","geometry":{"type":"LineString","coordinates":[[16.975345,48.206486],[16.975309,48.206408],[16.975385,48.205536],[16.975727,48.202201],[16.975849,48.202076],[16.977011,48.20182]]},"properties":{"n":"Pieskovcová"}},{"type":"Feature","geometry":{"type":"LineString","coordinates":[[16.973492,48.205398],[16.976754,48.205613]]},"properties":{"n":"Podhorská"}},{"type":"Feature","geometry":{"type":"LineString","coordinates":[[16.978071,48.222634],[16.978882,48.222542],[16.982389,48.224271]]},"properties":{"n":"Poniklecová"}},{"type":"Feature","geometry":{"type":"LineString","coordinates":[[16.973503,48.205359],[16.972842,48.205292],[16.972383,48.20514],[16.971545,48.204709],[16.970815,48.204559]]},"properties":{"n":"Prímoravská"}},{"type":"Feature","geometry":{"type":"LineString","coordinates":[[16.976944,48.212724],[16.978751,48.212451]]},"properties":{"n":"Samova"}},{"type":"Feature","geometry":{"type":"LineString","coordinates":[[16.972458,48.206816],[16.973273,48.20623],[16.973405,48.205995],[16.973796,48.203913],[16.97395,48.20279],[16.973871,48.202322],[16.973705,48.201926],[16.973722,48.201752]]},"properties":{"n":"Slovinec"}},{"type":"Feature","geometry":{"type":"LineString","coordinates":[[16.976936,48.21334],[16.977138,48.213367],[16.978278,48.213198],[16.978525,48.213113]]},"properties":{"n":"Spádová"}},{"type":"Feature","geometry":{"type":"LineString","coordinates":[[16.977106,48.222964],[16.975526,48.224889],[16.978131,48.225911],[16.97897,48.226207],[16.979235,48.226245]]},"properties":{"n":"Tehelňa"}},{"type":"Feature","geometry":{"type":"LineString","coordinates":[[16.978306,48.223512],[16.978172,48.223485],[16.976048,48.222414]]},"properties":{"n":"Tehliarska"}},{"type":"Feature","geometry":{"type":"LineString","coordinates":[[16.972697,48.208782],[16.97531,48.208571],[16.975656,48.208588]]},"properties":{"n":"Uhrovecká"}},{"type":"Feature","geometry":{"type":"MultiLineString","coordinates":[[[16.977289,48.21567],[16.976707,48.214768],[16.976681,48.214616],[16.976009,48.214716],[16.975163,48.214755],[16.974833,48.214723],[16.974161,48.214565]],[[16.984648,48.215705],[16.983857,48.215598],[16.984475,48.2159],[16.985185,48.216648],[16.985559,48.216798],[16.990816,48.217599]],[[16.976681,48.214616],[16.979211,48.214328],[16.979493,48.214364],[16.983857,48.215598]]]},"properties":{"n":"Vápencová"}},{"type":"Feature","geometry":{"type":"LineString","coordinates":[[17.017452,48.205571],[17.017115,48.205554],[17.016106,48.205762],[17.014816,48.205748],[17.013425,48.205704],[17.008389,48.205242],[17.007013,48.205231],[17.004375,48.20539],[17.001591,48.20529],[16.99954,48.205432],[16.995887,48.205945],[16.996418,48.204553],[16.996418,48.204125],[16.99648,48.203768],[16.996669,48.203586],[16.996934,48.20354],[16.997099,48.203595],[16.997161,48.203936],[16.997228,48.20398],[16.998483,48.204098],[16.998756,48.203994],[16.999028,48.203719]]},"properties":{"n":"Vápenka"}},{"type":"Feature","geometry":{"type":"LineString","coordinates":[[16.978035,48.218236],[16.982173,48.219146]]},"properties":{"n":"Záhradná"}},{"type":"Feature","geometry":{"type":"LineString","coordinates":[[16.975998,48.217655],[16.974971,48.21764],[16.974246,48.217288],[16.973827,48.217022]]},"properties":{"n":"Záveterná"}},{"type":"Feature","geometry":{"type":"MultiLineString","coordinates":[[[16.981885,48.205709],[16.981926,48.205047],[16.982404,48.205058],[16.982432,48.204371]],[[16.98078,48.204286],[16.980766,48.205019],[16.981926,48.205047]],[[16.982404,48.205058],[16.983678,48.20509]],[[16.98068,48.20585],[16.980766,48.205019]]]},"properties":{"n":"Jána Smreka"}},{"type":"Feature","geometry":{"type":"LineString","coordinates":[[16.976859,48.212072],[16.980673,48.211478],[16.98082,48.211312]]},"properties":{"n":"Bridlicová"}},{"type":"Feature","geometry":{"type":"LineString","coordinates":[[16.976793,48.205864],[16.976754,48.205613],[16.977021,48.201661]]},"properties":{"n":"Pod Lipovým"}},{"type":"Feature","geometry":{"type":"LineString","coordinates":[[16.976156,48.217002],[16.975998,48.217655]]},"properties":{"n":"Magnezitová"}},{"type":"Feature","geometry":{"type":"LineString","coordinates":[[16.978985,48.218473],[16.978915,48.221543]]},"properties":{"n":"Kremencová"}},{"type":"Feature","geometry":{"type":"MultiLineString","coordinates":[[[16.985462,48.203083],[16.984941,48.203079],[16.984953,48.202873]],[[16.985525,48.20407],[16.984832,48.204056],[16.984941,48.203079]],[[16.984889,48.203554],[16.985555,48.203574]],[[16.985389,48.205089],[16.984753,48.205071],[16.984702,48.205708],[16.984774,48.205774],[16.985421,48.205796],[16.985451,48.205823],[16.985413,48.205994]],[[16.984753,48.205071],[16.984832,48.204056]],[[16.984793,48.204559],[16.985583,48.204592]]]},"properties":{"n":"Zavadilova"}},{"type":"Feature","geometry":{"type":"LineString","coordinates":[[16.984035,48.222884],[16.981967,48.221856],[16.981917,48.221808],[16.981842,48.221335],[16.98184,48.221233],[16.981944,48.221107]]},"properties":{"n":"Jasencová"}},{"type":"Feature","geometry":{"type":"MultiLineString","coordinates":[[[16.985161,48.22302],[16.984453,48.222661],[16.984333,48.222647],[16.983371,48.223491]],[[16.982995,48.223725],[16.983441,48.223955]],[[16.981414,48.225153],[16.983296,48.223456]],[[16.98168,48.22489],[16.982168,48.225118]],[[16.982389,48.224271],[16.982761,48.224465]]]},"properties":{"n":"Bleduľová"}},{"type":"Feature","geometry":{"type":"MultiLineString","coordinates":[[[16.983295,48.224671],[16.982775,48.225127],[16.983667,48.22558]],[[16.982242,48.225597],[16.982775,48.225127]],[[16.985019,48.224275],[16.985957,48.223436],[16.986512,48.223733]],[[16.984201,48.225105],[16.983295,48.224671],[16.985161,48.22302],[16.985957,48.223436]]]},"properties":{"n":"Ľubovníková"}},{"type":"Feature","geometry":{"type":"MultiLineString","coordinates":[[[16.980006,48.22167],[16.980721,48.220697]],[[16.980187,48.221425],[16.98098,48.221807]],[[16.98184,48.221233],[16.98132,48.220966],[16.981143,48.220966],[16.980626,48.221632]]]},"properties":{"n":"Bršlenová"}},{"type":"Feature","geometry":{"type":"LineString","coordinates":[[16.986443,48.204516],[16.986072,48.204539],[16.986002,48.204632],[16.985917,48.206007]]},"properties":{"n":"Pod Glavicou"}},{"type":"Feature","geometry":{"type":"MultiLineString","coordinates":[[[16.989264,48.204451],[16.989613,48.204998],[16.989697,48.205043],[16.991134,48.204646]],[[16.98691,48.205916],[16.986917,48.205651],[16.986985,48.205534],[16.988105,48.205105],[16.98933,48.204419],[16.99053,48.204052]]]},"properties":{"n":"Vukovarská"}},{"type":"Feature","geometry":{"type":"LineString","coordinates":[[16.980711,48.211461],[16.981586,48.210291],[16.981854,48.209809],[16.982243,48.20932],[16.983411,48.208067],[16.983494,48.207923]]},"properties":{"n":"Ulica Leopolda Jablonku"}},{"type":"Feature","geometry":{"type":"LineString","coordinates":[[17.017811,48.205696],[17.019843,48.207229],[17.021581,48.208621]]},"properties":{"n":"Ulica Tomislava P. Kolakoviča"}},{"type":"Feature","geometry":{"type":"LineString","coordinates":[[17.01921,48.207791],[17.020894,48.20904]]},"properties":{"n":"Ulica Zdenky Schelingovej"}},{"type":"Feature","geometry":{"type":"LineString","coordinates":[[17.01703,48.209211],[17.018707,48.21048]]},"properties":{"n":"Ulica Mateja Encingera"}},{"type":"Feature","geometry":{"type":"MultiLineString","coordinates":[[[17.017958,48.20991],[17.018579,48.209398],[17.019383,48.209932]],[[17.017745,48.208852],[17.018579,48.209398]]]},"properties":{"n":"Ulica Michala Bučiča"}},{"type":"Feature","geometry":{"type":"LineString","coordinates":[[16.976662,48.210158],[16.982231,48.209332]]},"properties":{"n":"Ul. 1. mája"}},{"type":"Feature","geometry":{"type":"LineString","coordinates":[[17.027322,48.204502],[17.027249,48.204593],[17.026792,48.20487],[17.026024,48.205064],[17.025551,48.204141],[17.026024,48.205064],[17.024208,48.20548],[17.019843,48.207229],[17.01701,48.209214],[17.015184,48.211582]]},"properties":{"n":"Ulica Antona Moyša"}},{"type":"Feature","geometry":{"type":"MultiLineString","coordinates":[[[17.051312,48.237253],[17.051465,48.237294],[17.052149,48.237256],[17.052227,48.237767]],[[17.052149,48.237256],[17.052829,48.237214],[17.052894,48.23772]],[[17.052829,48.237214],[17.053501,48.237171],[17.053573,48.237679]]]},"properties":{"n":"Leopoldov majer"}},{"type":"Feature","geometry":{"type":"MultiLineString","coordinates":[[[17.041506,48.241197],[17.042099,48.240982],[17.04379,48.240014]],[[17.040945,48.241607],[17.039156,48.241208],[17.040818,48.241192],[17.04166,48.241021],[17.042312,48.240731],[17.043225,48.240174],[17.044488,48.239264],[17.044621,48.239227]],[[17.027413,48.242016],[17.027542,48.242023]],[[17.029368,48.241793],[17.030883,48.241536]],[[17.030915,48.241666],[17.032057,48.241517],[17.033105,48.24145],[17.036343,48.241502],[17.037658,48.241447],[17.037978,48.24139],[17.037692,48.241351],[17.035459,48.241363],[17.034919,48.24128],[17.034565,48.241341],[17.033116,48.241326],[17.032064,48.241391],[17.030883,48.241536],[17.030915,48.241666],[17.029412,48.241924],[17.029368,48.241793],[17.028576,48.241891],[17.0279,48.241905],[17.027542,48.242023],[17.02798,48.242046],[17.029412,48.241924]]]},"properties":{"n":"Čsl. tankistov"}},{"type":"Feature","geometry":{"type":"LineString","coordinates":[[17.032504,48.231202],[17.032426,48.231555],[17.032195,48.231925],[17.031342,48.233005],[17.031179,48.233384],[17.031178,48.233616],[17.03125,48.233832],[17.031567,48.234196],[17.033688,48.235633],[17.034126,48.236271],[17.034499,48.236957],[17.034579,48.237215],[17.034741,48.238109],[17.034965,48.2399],[17.03498,48.240456],[17.03458,48.24475]]},"properties":{"n":"Bratislavská"}},{"type":"Feature","geometry":{"type":"MultiLineString","coordinates":[[[17.044536,48.233293],[17.046456,48.232499]],[[17.043285,48.230123],[17.043464,48.230488],[17.043869,48.231873],[17.044475,48.233086],[17.044606,48.233662],[17.044621,48.234339],[17.044718,48.234906],[17.044993,48.235515],[17.045392,48.236102],[17.045776,48.23703],[17.045801,48.237668],[17.045734,48.237745]],[[17.044143,48.232483],[17.044092,48.232115],[17.044144,48.231897],[17.044142,48.231613],[17.043926,48.230956],[17.043531,48.230818]]]},"properties":{"n":"Donská"}},{"type":"Feature","geometry":{"type":"LineString","coordinates":[[17.037978,48.24139],[17.037787,48.240362],[17.037632,48.237563]]},"properties":{"n":"Gbelská"}},{"type":"Feature","geometry":{"type":"LineString","coordinates":[[17.037696,48.238496],[17.043067,48.238623],[17.043605,48.238681],[17.044375,48.238914]]},"properties":{"n":"Hargašova"}},{"type":"Feature","geometry":{"type":"LineString","coordinates":[[17.040847,48.208954],[17.041865,48.206703],[17.042101,48.206557],[17.042708,48.205766],[17.043695,48.204904],[17.044156,48.204421],[17.045638,48.204407]]},"properties":{"n":"Hodonínska"}},{"type":"Feature","geometry":{"type":"MultiLineString","coordinates":[[[17.041901,48.242425],[17.041698,48.242279],[17.04247,48.242159],[17.043025,48.242214]],[[17.038178,48.243319],[17.03867,48.243421],[17.038826,48.24336],[17.039084,48.242985],[17.039289,48.242467],[17.039591,48.24232],[17.041131,48.242091],[17.041698,48.242279]]]},"properties":{"n":"Jána Raka"}},{"type":"Feature","geometry":{"type":"LineString","coordinates":[[17.047336,48.239196],[17.046825,48.238603],[17.046152,48.237974],[17.045734,48.237745]]},"properties":{"n":"Kollárova"}},{"type":"Feature","geometry":{"type":"MultiLineString","coordinates":[[[17.043025,48.242214],[17.043769,48.24291]],[[17.043346,48.242295],[17.043298,48.242451]],[[17.05658,48.23762],[17.05663,48.237645],[17.05681,48.238057],[17.056743,48.238633],[17.056693,48.238761],[17.056121,48.239143],[17.054167,48.239911],[17.053623,48.240311],[17.053125,48.240573],[17.051324,48.241104],[17.052235,48.24115],[17.054223,48.241021],[17.054371,48.241064],[17.0546,48.241398],[17.05532,48.242797],[17.055538,48.243383],[17.055609,48.243748],[17.055714,48.243886],[17.056221,48.244038]],[[17.040945,48.241607],[17.041126,48.241595],[17.043346,48.242295],[17.044227,48.242191],[17.045296,48.241724],[17.046272,48.241392],[17.047915,48.24104],[17.04947,48.240905],[17.050938,48.241099],[17.051324,48.241104]]]},"properties":{"n":"Pútnická"}},{"type":"Feature","geometry":{"type":"MultiLineString","coordinates":[[[17.047249,48.239254],[17.047872,48.23961],[17.048146,48.240018],[17.048415,48.240248],[17.048663,48.240663],[17.048713,48.240959]],[[17.048663,48.240663],[17.04947,48.240905]]]},"properties":{"n":"Na Vlkovkách"}},{"type":"Feature","geometry":{"type":"LineString","coordinates":[[17.047564,48.239064],[17.0472,48.238597],[17.046993,48.238476]]},"properties":{"n":"Plavecká"}},{"type":"Feature","geometry":{"type":"LineString","coordinates":[[16.994208,48.247453],[16.996357,48.24732],[16.996949,48.247332]]},"properties":{"n":"Poľný mlyn"}},{"type":"Feature","geometry":{"type":"MultiLineString","coordinates":[[[17.049231,48.23868],[17.050761,48.238646],[17.052647,48.23815],[17.055257,48.237752],[17.05658,48.23762]],[[17.055257,48.237752],[17.056044,48.237494],[17.057104,48.237031],[17.057203,48.236919],[17.058012,48.236427],[17.058191,48.23619]],[[17.057104,48.237031],[17.057595,48.23704],[17.058133,48.236969],[17.058433,48.23686],[17.05864,48.236688]]]},"properties":{"n":"Prídavková"}},{"type":"Feature","geometry":{"type":"MultiLineString","coordinates":[[[17.044555,48.239034],[17.04458,48.238873],[17.045734,48.237745]],[[17.044873,48.239736],[17.044556,48.239035],[17.044375,48.238914],[17.04458,48.238873]]]},"properties":{"n":"Rošického"}},{"type":"Feature","geometry":{"type":"LineString","coordinates":[[17.034611,48.237439],[17.041261,48.237668],[17.043951,48.237628],[17.045416,48.237688],[17.045734,48.237745]]},"properties":{"n":"Tatranská"}},{"type":"Feature","geometry":{"type":"MultiLineString","coordinates":[[[17.05356,48.236682],[17.052872,48.236698],[17.052368,48.236626],[17.054588,48.235199]],[[17.048188,48.238929],[17.04915,48.238568],[17.050196,48.238025],[17.051312,48.237253],[17.052368,48.236626]],[[17.04379,48.240014],[17.044873,48.239736],[17.047016,48.239322],[17.047249,48.239254],[17.047564,48.239064],[17.048188,48.238929],[17.048447,48.238925],[17.049231,48.23868]]]},"properties":{"n":"Tešedíkova"}},{"type":"Feature","geometry":{"type":"LineString","coordinates":[[17.037978,48.24139],[17.038113,48.241959],[17.038137,48.243081],[17.038352,48.244651],[17.038493,48.245126],[17.038919,48.246001]]},"properties":{"n":"Záhorská"}},{"type":"Feature","geometry":{"type":"MultiLineString","coordinates":[[[17.03462,48.244366],[17.035286,48.244364],[17.035364,48.242811]],[[17.035286,48.244364],[17.038319,48.244296]]]},"properties":{"n":"Záhumenská"}},{"type":"Feature","geometry":{"type":"LineString","coordinates":[[17.04767,48.239468],[17.048205,48.24072]]},"properties":{"n":"Zákutie"}},{"type":"Feature","geometry":{"type":"MultiLineString","coordinates":[[[17.04414,48.245469],[17.044617,48.244126]],[[17.038278,48.2439],[17.040514,48.244054],[17.042447,48.244247],[17.045558,48.24408]],[[17.043271,48.245611],[17.043695,48.244603],[17.043789,48.244169]]]},"properties":{"n":"Trstínska"}},{"type":"Feature","geometry":{"type":"LineString","coordinates":[[17.043548,48.224017],[17.03873,48.225225],[17.038566,48.225218],[17.038393,48.225016],[17.038165,48.224549],[17.038107,48.224297],[17.037351,48.223369],[17.037151,48.222718],[17.037075,48.22156],[17.037003,48.221333],[17.036956,48.220865],[17.036778,48.220781],[17.034651,48.220347]]},"properties":{"n":"Podkerepušky"}},{"type":"Feature","geometry":{"type":"MultiLineString","coordinates":[[[17.044754,48.229339],[17.045137,48.229678]],[[17.048286,48.23375],[17.048578,48.233587]],[[17.04643,48.229141],[17.045137,48.229678],[17.045578,48.230124],[17.046733,48.229626],[17.047113,48.229998],[17.047095,48.230113],[17.047031,48.23018],[17.046075,48.230551],[17.045446,48.231025],[17.046272,48.231653],[17.04678,48.231308]],[[17.04911,48.231289],[17.049264,48.231358],[17.049344,48.23145],[17.049836,48.231665],[17.04944,48.232129],[17.049853,48.232378],[17.05061,48.232059],[17.05071,48.231957],[17.050476,48.231872],[17.050096,48.232278]],[[17.047308,48.232561],[17.047655,48.233146],[17.047908,48.23345],[17.048924,48.234177],[17.049167,48.234279],[17.049363,48.234302],[17.050203,48.234247],[17.05048,48.234444]],[[17.047671,48.232446],[17.047308,48.232561],[17.046905,48.232149],[17.047223,48.231789],[17.047689,48.231513],[17.048064,48.231844],[17.048696,48.232775],[17.049136,48.232617],[17.049312,48.232845]],[[17.045446,48.231025],[17.044674,48.231216]],[[17.043464,48.230488],[17.044587,48.230177],[17.04521,48.230252],[17.045578,48.230124],[17.04595,48.230507],[17.046936,48.231034],[17.047848,48.230636],[17.047945,48.230636],[17.048137,48.230761],[17.048598,48.230589],[17.048657,48.230502]],[[17.046936,48.231034],[17.047689,48.231513]],[[17.051302,48.233728],[17.049853,48.232378]],[[17.04944,48.232129],[17.048488,48.23176],[17.048064,48.231844]],[[17.051581,48.232978],[17.051892,48.233216],[17.051882,48.233352],[17.051208,48.233792],[17.050877,48.233848],[17.049767,48.233706],[17.049498,48.233711],[17.049601,48.233982],[17.049634,48.234277],[17.049589,48.235198]],[[17.047655,48.233146],[17.048025,48.233027]],[[17.046272,48.231653],[17.046905,48.232149],[17.046713,48.23235],[17.046456,48.232499],[17.046934,48.233116]],[[17.048696,48.232775],[17.048897,48.233098],[17.049498,48.233711]]]},"properties":{"n":"Strmý vŕšok"}},{"type":"Feature","geometry":{"type":"LineString","coordinates":[[17.037978,48.24139],[17.039156,48.241208]]},"properties":{"n":"Námestie sv. Petra a Pavla"}},{"type":"Feature","geometry":{"type":"LineString","coordinates":[[17.034478,48.23645],[17.035597,48.236103],[17.036001,48.235887],[17.037514,48.234474],[17.038567,48.233622],[17.03941,48.233053],[17.039822,48.232676],[17.041867,48.231316],[17.04219,48.230987],[17.043621,48.229893],[17.044242,48.229552],[17.046088,48.228704],[17.04709,48.228158]]},"properties":{"n":"Pri Vápenickom potoku"}},{"type":"Feature","geometry":{"type":"LineString","coordinates":[[17.046398,48.238217],[17.047494,48.238031],[17.048017,48.237884],[17.049278,48.237275],[17.050496,48.236798]]},"properties":{"n":"Vrbánska"}},{"type":"Feature","geometry":{"type":"LineString","coordinates":[[17.0472,48.238085],[17.047181,48.237988],[17.046888,48.237693],[17.046911,48.237661],[17.050482,48.235931]]},"properties":{"n":"Sekýľska"}},{"type":"Feature","geometry":{"type":"LineString","coordinates":[[17.047924,48.227651],[17.049484,48.227041],[17.05016,48.226852],[17.053454,48.226312],[17.054056,48.226241],[17.054142,48.226279],[17.05421,48.226359],[17.054185,48.226443],[17.053691,48.227114]]},"properties":{"n":"Na Holom vrchu"}},{"type":"Feature","geometry":{"type":"LineString","coordinates":[[17.037743,48.239156],[17.038835,48.239111]]},"properties":{"n":"Námestie Rodiny"}},{"type":"Feature","geometry":{"type":"MultiLineString","coordinates":[[[17.039769,48.239802],[17.0387,48.239809]],[[17.039398,48.238535],[17.039384,48.238904],[17.039253,48.239039],[17.039299,48.239793]]]},"properties":{"n":"Štefana Majera"}},{"type":"Feature","geometry":{"type":"LineString","coordinates":[[17.045032,48.245413],[17.046436,48.245494]]},"properties":{"n":"Kútska"}},{"type":"Feature","geometry":{"type":"LineString","coordinates":[[17.045254,48.24485],[17.04669,48.244939]]},"properties":{"n":"Gajarská"}},{"type":"Feature","geometry":{"type":"LineString","coordinates":[[17.045477,48.244285],[17.046925,48.244392]]},"properties":{"n":"Lozornianska"}},{"type":"Feature","geometry":{"type":"LineString","coordinates":[[17.047836,48.245135],[17.048121,48.244267],[17.048015,48.244073],[17.047779,48.243914],[17.046897,48.243804],[17.045632,48.243845],[17.044957,48.245604]]},"properties":{"n":"Brumovická"}},{"type":"Feature","geometry":{"type":"MultiLineString","coordinates":[[[17.051979,48.244279],[17.052026,48.243879],[17.051379,48.243844],[17.051156,48.243787],[17.050399,48.243778]],[[17.05148,48.242386],[17.052069,48.24243]],[[17.051747,48.241149],[17.051622,48.241728]],[[17.052026,48.243879],[17.052486,48.243904]],[[17.052391,48.241713],[17.051622,48.241728],[17.051425,48.242637],[17.050677,48.242557]],[[17.051425,48.242637],[17.051156,48.243787]],[[17.051329,48.243064],[17.052424,48.243138]]]},"properties":{"n":"Pavla Blaha"}},{"type":"Feature","geometry":{"type":"MultiLineString","coordinates":[[[17.044644,48.23458],[17.044829,48.234537],[17.045826,48.234094],[17.046021,48.234285]],[[17.045826,48.234094],[17.046121,48.233842],[17.046472,48.233707]]]},"properties":{"n":"Nevská"}},{"type":"Feature","geometry":{"type":"LineString","coordinates":[[17.053934,48.241037],[17.054412,48.242464],[17.054601,48.242902],[17.054819,48.243926]]},"properties":{"n":"Jozefa Vachovského"}},{"type":"Feature","geometry":{"type":"MultiLineString","coordinates":[[[17.043145,48.233335],[17.043499,48.233285],[17.043735,48.234008],[17.0433,48.234085]],[[17.042396,48.233862],[17.043601,48.233655]]]},"properties":{"n":"Čerencová"}},{"type":"Feature","geometry":{"type":"LineString","coordinates":[[17.042232,48.232953],[17.043129,48.23281]]},"properties":{"n":"Lančárska"}},{"type":"Feature","geometry":{"type":"LineString","coordinates":[[17.041057,48.236952],[17.043928,48.23645]]},"properties":{"n":"Na Krčoch"}},{"type":"Feature","geometry":{"type":"LineString","coordinates":[[17.041559,48.234915],[17.042568,48.234748],[17.042648,48.234634],[17.042396,48.233862],[17.042133,48.232423],[17.041904,48.232119],[17.041327,48.231676]]},"properties":{"n":"Ota Holúska"}},{"type":"Feature","geometry":{"type":"LineString","coordinates":[[17.042941,48.231937],[17.042603,48.231252]]},"properties":{"n":"Strminová"}},{"type":"Feature","geometry":{"type":"LineString","coordinates":[[17.037749,48.239401],[17.03615,48.239446],[17.036107,48.238497]]},"properties":{"n":"Plk. Prvoniča"}},{"type":"Feature","geometry":{"type":"LineString","coordinates":[[17.035745,48.239756],[17.036935,48.239727]]},"properties":{"n":"Štefana Rosívala"}},{"type":"Feature","geometry":{"type":"LineString","coordinates":[[17.040582,48.241584],[17.03968,48.241431]]},"properties":{"n":"Sv. Pia X."}},{"type":"Feature","geometry":{"type":"LineString","coordinates":[[17.046561,48.223532],[17.046551,48.223674],[17.046663,48.224147],[17.046649,48.224368],[17.043545,48.227008]]},"properties":{"n":"Kučovanická"}},{"type":"Feature","geometry":{"type":"MultiLineString","coordinates":[[[17.056456,48.152266],[17.055462,48.151968],[17.055352,48.152185],[17.054874,48.152783]],[[17.055156,48.151452],[17.055462,48.151968],[17.055495,48.151827],[17.055627,48.151668]],[[17.055352,48.152185],[17.057174,48.152767],[17.057589,48.152819],[17.057891,48.152654],[17.058965,48.151185],[17.059165,48.151135],[17.060074,48.151372],[17.060228,48.151367]]]},"properties":{"n":"Adámiho"}},{"type":"Feature","geometry":{"type":"MultiLineString","coordinates":[[[17.059404,48.160033],[17.060555,48.160406],[17.060798,48.160924],[17.06076,48.161075],[17.059996,48.16124],[17.059728,48.160839],[17.05927,48.160698],[17.058876,48.160776]],[[17.066481,48.150394],[17.066739,48.150598],[17.066996,48.150718],[17.06741,48.150758],[17.067585,48.150887],[17.06797,48.150563]],[[17.06741,48.150758],[17.067778,48.150742]],[[17.067585,48.150887],[17.066785,48.151534]],[[17.064954,48.160187],[17.063729,48.15994],[17.063288,48.159678],[17.062249,48.159522],[17.061456,48.16026],[17.061248,48.160512],[17.061113,48.160688],[17.061026,48.161101],[17.062517,48.1614],[17.062682,48.161396],[17.062883,48.161252],[17.063394,48.160492]],[[17.066278,48.160056],[17.066992,48.158568],[17.067494,48.158439],[17.067901,48.15827],[17.067747,48.158476],[17.067803,48.158629],[17.068,48.158703],[17.068197,48.158671],[17.068374,48.15842],[17.068482,48.1586],[17.06915,48.159093],[17.069682,48.159891],[17.070397,48.159562]],[[17.07684,48.153661],[17.076281,48.153778],[17.075416,48.154065],[17.072876,48.155454],[17.07121,48.15656],[17.067901,48.15827]],[[17.068374,48.15842],[17.068366,48.158287],[17.068516,48.157974]],[[17.065983,48.149935],[17.066481,48.150394],[17.065652,48.152991],[17.064926,48.15487],[17.063673,48.157942],[17.063368,48.158442],[17.062249,48.159522]],[[17.06076,48.161075],[17.061026,48.161101],[17.061081,48.161452],[17.061242,48.161738],[17.06159,48.162068],[17.061965,48.162296],[17.062261,48.162412],[17.062893,48.162536],[17.063645,48.162514],[17.069102,48.161082],[17.069412,48.160942],[17.069775,48.16054],[17.069827,48.16024],[17.069682,48.159891]]]},"properties":{"n":"Staré Grunty"}},{"type":"Feature","geometry":{"type":"LineString","coordinates":[[17.054559,48.154005],[17.05438,48.15189]]},"properties":{"n":"Baníkova"}},{"type":"Feature","geometry":{"type":"LineString","coordinates":[[17.049015,48.161856],[17.051184,48.162542],[17.051358,48.162632]]},"properties":{"n":"Borská"}},{"type":"Feature","geometry":{"type":"LineString","coordinates":[[17.048832,48.160948],[17.047708,48.160576]]},"properties":{"n":"Brodská"}},{"type":"Feature","geometry":{"type":"MultiLineString","coordinates":[[[17.063383,48.148135],[17.062505,48.147726],[17.062051,48.147575],[17.061963,48.147607],[17.060973,48.147588],[17.059865,48.147399]],[[17.061376,48.147403],[17.061254,48.147468],[17.06021,48.14726]],[[17.062051,48.147575],[17.061094,48.147332],[17.059937,48.147117],[17.058197,48.146952],[17.052863,48.146843],[17.052072,48.146858],[17.050334,48.146998],[17.048046,48.147379],[17.04722,48.147581],[17.046138,48.147972],[17.045022,48.14848],[17.041554,48.149643],[17.040111,48.150054],[17.038104,48.150462]]]},"properties":{"n":"Devínska cesta"}},{"type":"Feature","geometry":{"type":"MultiLineString","coordinates":[[[17.054495,48.159031],[17.054823,48.158519],[17.055011,48.158573]],[[17.054823,48.158519],[17.055068,48.158174]],[[17.055162,48.15817],[17.055456,48.157792],[17.055652,48.157922]],[[17.055456,48.157792],[17.056261,48.156628]]]},"properties":{"n":"Donnerova"}},{"type":"Feature","geometry":{"type":"LineString","coordinates":[[17.055923,48.152373],[17.055212,48.153308]]},"properties":{"n":"Hodálova"}},{"type":"Feature","geometry":{"type":"LineString","coordinates":[[17.052777,48.157324],[17.05463,48.157918],[17.054423,48.158302],[17.053976,48.158874],[17.052732,48.158449]]},"properties":{"n":"Fadruszova"}},{"type":"Feature","geometry":{"type":"LineString","coordinates":[[17.045807,48.164502],[17.045484,48.164577],[17.045273,48.164762],[17.045106,48.165213],[17.044935,48.166224],[17.044848,48.166362],[17.044725,48.166418],[17.044422,48.166363],[17.044079,48.165968],[17.043683,48.165912],[17.043478,48.165751],[17.043375,48.165495],[17.043383,48.165176],[17.043513,48.164884],[17.043629,48.16475]]},"properties":{"n":"Šaštínska"}},{"type":"Feature","geometry":{"type":"LineString","coordinates":[[17.058261,48.150961],[17.057861,48.150827],[17.058351,48.15021],[17.058481,48.14995],[17.0586,48.149506]]},"properties":{"n":"Gabčíkova"}},{"type":"Feature","geometry":{"type":"MultiLineString","coordinates":[[[17.057785,48.148403],[17.057744,48.149404]],[[17.054464,48.151792],[17.056231,48.150919],[17.056599,48.150606],[17.057486,48.149374],[17.05739,48.148532],[17.057329,48.148403],[17.057436,48.148317],[17.057533,48.147964],[17.058196,48.148023]]]},"properties":{"n":"Janotova"}},{"type":"Feature","geometry":{"type":"MultiLineString","coordinates":[[[17.051582,48.151642],[17.051748,48.151394],[17.051834,48.151482],[17.051864,48.151795]],[[17.053877,48.149626],[17.052713,48.149675],[17.052435,48.149819],[17.051824,48.150648],[17.05173,48.15084],[17.051748,48.151394]],[[17.056219,48.148468],[17.056199,48.148751],[17.056269,48.149425],[17.056243,48.149852],[17.056101,48.150144],[17.055914,48.150378],[17.055745,48.150455],[17.055498,48.150487],[17.055185,48.150428],[17.055049,48.15034],[17.054841,48.149897],[17.054692,48.149741],[17.054457,48.149624],[17.053877,48.149626],[17.053763,48.148544],[17.055949,48.148431],[17.056219,48.148468],[17.056362,48.148285],[17.056771,48.148166],[17.056986,48.148189],[17.057208,48.148281],[17.057329,48.148403]],[[17.05573,48.149089],[17.053827,48.149218]]]},"properties":{"n":"Hany Meličkovej"}},{"type":"Feature","geometry":{"type":"LineString","coordinates":[[17.056599,48.150606],[17.056955,48.151107],[17.056942,48.151152],[17.05679,48.1512],[17.055858,48.151233]]},"properties":{"n":"Hudecova"}},{"type":"Feature","geometry":{"type":"LineString","coordinates":[[17.060103,48.152366],[17.060339,48.152083]]},"properties":{"n":"Jurigovo nám."}},{"type":"Feature","geometry":{"type":"LineString","coordinates":[[17.053488,48.15635],[17.054964,48.156823],[17.054258,48.157776]]},"properties":{"n":"Kempelenova"}},{"type":"Feature","geometry":{"type":"LineString","coordinates":[[17.065685,48.162002],[17.065861,48.16253],[17.064389,48.162929]]},"properties":{"n":"Konvalinková"}},{"type":"Feature","geometry":{"type":"MultiLineString","coordinates":[[[17.046935,48.159189],[17.046886,48.159852],[17.046605,48.160351],[17.046211,48.160751],[17.045917,48.160868],[17.045756,48.160859],[17.046308,48.160281],[17.046427,48.160036],[17.046402,48.159936],[17.046182,48.159688],[17.044919,48.159112],[17.044539,48.158857],[17.044421,48.158625],[17.044402,48.15804]],[[17.04568,48.165926],[17.045725,48.165162],[17.045852,48.164283],[17.045805,48.163589],[17.044781,48.16198],[17.044669,48.161775],[17.04467,48.161684],[17.044823,48.161505],[17.045182,48.16131],[17.045756,48.160859]]]},"properties":{"n":"Kuklovská"}},{"type":"Feature","geometry":{"type":"MultiLineString","coordinates":[[[17.050381,48.169815],[17.050804,48.166805],[17.051626,48.165541],[17.051777,48.165661],[17.051777,48.165721],[17.051519,48.166804],[17.051508,48.166892],[17.051565,48.166998],[17.051977,48.167153],[17.052829,48.16724],[17.053591,48.167464],[17.053889,48.167594],[17.053911,48.167644],[17.053849,48.167739],[17.053642,48.167866],[17.053456,48.168299],[17.05317,48.169448],[17.053184,48.169597],[17.053028,48.169926]],[[17.064329,48.149122],[17.064617,48.149377],[17.064537,48.149613]],[[17.065401,48.149516],[17.064617,48.149377]],[[17.065838,48.148309],[17.065187,48.150145],[17.064586,48.150483],[17.063397,48.151622],[17.062368,48.152769],[17.062206,48.153013],[17.06206,48.15336],[17.061229,48.154446],[17.060031,48.155492],[17.059453,48.155877],[17.058342,48.157216],[17.057154,48.158241],[17.056568,48.158884],[17.056125,48.15922],[17.055344,48.160166],[17.054994,48.160679],[17.054769,48.161199],[17.054665,48.161882],[17.054538,48.162331],[17.054225,48.162625],[17.053277,48.163172],[17.052981,48.163437],[17.052611,48.163875],[17.051626,48.165541]]]},"properties":{"n":"Líščie údolie"}},{"type":"Feature","geometry":{"type":"LineString","coordinates":[[17.050644,48.158753],[17.050445,48.159039],[17.050366,48.159066],[17.048886,48.15923],[17.047888,48.15901],[17.046888,48.159062]]},"properties":{"n":"Lackova"}},{"type":"Feature","geometry":{"type":"MultiLineString","coordinates":[[[17.060228,48.151367],[17.060898,48.150493],[17.061167,48.150578],[17.061205,48.150693],[17.060801,48.151247]],[[17.061296,48.149837],[17.060898,48.150493]]]},"properties":{"n":"Ladislava Sáru"}},{"type":"Feature","geometry":{"type":"LineString","coordinates":[[17.048455,48.162092],[17.046563,48.161469],[17.046474,48.161519],[17.046183,48.161907]]},"properties":{"n":"Levárska"}},{"type":"Feature","geometry":{"type":"MultiLineString","coordinates":[[[17.075113,48.150891],[17.074885,48.151033],[17.074617,48.151405],[17.074396,48.153789],[17.074328,48.153866],[17.073093,48.154338],[17.072616,48.154593]],[[17.07242,48.154711],[17.07102,48.156101],[17.069963,48.156739]]]},"properties":{"n":"Litovská"}},{"type":"Feature","geometry":{"type":"LineString","coordinates":[[17.063398,48.148367],[17.061746,48.148058],[17.059461,48.147871]]},"properties":{"n":"Lykovcová"}},{"type":"Feature","geometry":{"type":"MultiLineString","coordinates":[[[17.051864,48.151795],[17.051186,48.1518]],[[17.047313,48.15452],[17.046013,48.154564],[17.046054,48.155455],[17.045923,48.155788],[17.044402,48.15804]],[[17.047153,48.15327],[17.04588,48.153316],[17.045796,48.15257],[17.045816,48.152439],[17.045903,48.15231],[17.046035,48.15218],[17.046405,48.15204],[17.051186,48.1518],[17.051375,48.151757],[17.051582,48.151642]],[[17.04588,48.153316],[17.046013,48.154564]]]},"properties":{"n":"Majerníkova"}},{"type":"Feature","geometry":{"type":"MultiLineString","coordinates":[[[17.049841,48.148404],[17.049328,48.148189],[17.049075,48.148184],[17.048791,48.148255]],[[17.047097,48.150693],[17.048653,48.150616],[17.048572,48.149855],[17.048576,48.149681],[17.04864,48.149559],[17.048712,48.149454],[17.049021,48.149273],[17.049577,48.149045],[17.049746,48.148811],[17.049736,48.148666],[17.049641,48.148529],[17.049483,48.148417],[17.049283,48.148365],[17.048881,48.148414],[17.04721,48.148821],[17.046979,48.148792],[17.046794,48.148681],[17.046702,48.14848],[17.046702,48.148345],[17.046787,48.148189],[17.047047,48.148086],[17.047713,48.148031],[17.047888,48.147928],[17.048119,48.147668]],[[17.048653,48.150616],[17.04881,48.151909]]]},"properties":{"n":"Matejkova"}},{"type":"Feature","geometry":{"type":"MultiLineString","coordinates":[[[17.076432,48.160451],[17.076393,48.161796],[17.076423,48.162725],[17.076357,48.164631],[17.076418,48.165121],[17.076549,48.165425],[17.077002,48.165989]],[[17.076334,48.146915],[17.076495,48.148478],[17.07684,48.153661],[17.076588,48.155186]],[[17.076555,48.166602],[17.076892,48.166441],[17.07703,48.166216],[17.076532,48.165603],[17.076309,48.165103],[17.076253,48.16484],[17.076252,48.162869],[17.076182,48.161935],[17.076088,48.16166],[17.075746,48.161023],[17.075732,48.160619],[17.075788,48.160125],[17.075935,48.159426],[17.076039,48.157634],[17.076083,48.155593],[17.076053,48.155229],[17.075681,48.154058],[17.075744,48.153598],[17.075664,48.149316],[17.075533,48.148807],[17.075184,48.148066]]]},"properties":{"n":"Mlynská Dolina"}},{"type":"Feature","geometry":{"type":"MultiLineString","coordinates":[[[17.058957,48.153162],[17.058838,48.153333]],[[17.059865,48.152691],[17.060103,48.152366],[17.059654,48.152216],[17.058957,48.153162],[17.059099,48.153269]]]},"properties":{"n":"Nábělkova"}},{"type":"Feature","geometry":{"type":"MultiLineString","coordinates":[[[17.063378,48.148493],[17.059166,48.148055],[17.059263,48.147703],[17.059226,48.147661],[17.058788,48.14759]],[[17.059166,48.148055],[17.058933,48.148225],[17.058725,48.148246]]]},"properties":{"n":"Na Riviére"}},{"type":"Feature","geometry":{"type":"MultiLineString","coordinates":[[[17.06021,48.14726],[17.05902,48.147182],[17.058646,48.147215]],[[17.053763,48.148544],[17.053788,48.148185],[17.053565,48.147998]]]},"properties":{"n":"Nad Dunajom"}},{"type":"Feature","geometry":{"type":"MultiLineString","coordinates":[[[17.053069,48.156503],[17.052982,48.156238],[17.05278,48.156164],[17.053258,48.156053],[17.053459,48.155928]],[[17.05278,48.156164],[17.051982,48.15624],[17.051145,48.156461],[17.050794,48.156743],[17.050618,48.157329],[17.050435,48.157567],[17.048727,48.158332],[17.048502,48.158386],[17.048144,48.158407],[17.047385,48.158316],[17.045981,48.158381],[17.04586,48.15832],[17.045796,48.157569]]]},"properties":{"n":"Nad lúčkami"}},{"type":"Feature","geometry":{"type":"LineString","coordinates":[[17.048599,48.16302],[17.047427,48.164578],[17.047337,48.164891],[17.047381,48.165046],[17.04758,48.165196],[17.048647,48.165518],[17.049348,48.165396],[17.049554,48.165277],[17.051319,48.162824],[17.051358,48.162632]]},"properties":{"n":"Púpavová"}},{"type":"Feature","geometry":{"type":"MultiLineString","coordinates":[[[17.051184,48.162542],[17.051799,48.161663],[17.051915,48.161322],[17.052166,48.161052],[17.053478,48.161601],[17.053572,48.161683],[17.053596,48.161773],[17.053585,48.161844],[17.053497,48.161884],[17.053199,48.161822]],[[17.052166,48.161052],[17.052771,48.160339]]]},"properties":{"n":"Pernecká"}},{"type":"Feature","geometry":{"type":"MultiLineString","coordinates":[[[17.054811,48.160294],[17.055334,48.159457]],[[17.058647,48.155913],[17.058322,48.156402],[17.058329,48.156468],[17.057723,48.156659],[17.057118,48.157225],[17.055461,48.15803],[17.055278,48.158205],[17.054635,48.159069],[17.054495,48.159031]],[[17.059061,48.156328],[17.058329,48.156468]],[[17.057118,48.157225],[17.056137,48.158355],[17.055473,48.159265]]]},"properties":{"n":"Pod Rovnicami"}},{"type":"Feature","geometry":{"type":"LineString","coordinates":[[17.04824,48.162874],[17.048757,48.163088],[17.049801,48.163419]]},"properties":{"n":"Pustá"}},{"type":"Feature","geometry":{"type":"MultiLineString","coordinates":[[[17.042452,48.163197],[17.041328,48.163772],[17.041099,48.163963],[17.041072,48.164259],[17.041251,48.164716]],[[17.041132,48.164983],[17.041251,48.164716],[17.042472,48.164023],[17.042518,48.163909],[17.042452,48.163197],[17.043329,48.162719],[17.043702,48.162709],[17.043833,48.162827],[17.044075,48.16368],[17.044403,48.164321],[17.044381,48.164768],[17.044115,48.165318],[17.044039,48.165608],[17.044079,48.165968]]]},"properties":{"n":"Sološnická"}},{"type":"Feature","geometry":{"type":"LineString","coordinates":[[17.056137,48.153715],[17.056843,48.152669]]},"properties":{"n":"Novackého"}},{"type":"Feature","geometry":{"type":"MultiLineString","coordinates":[[[17.058243,48.15484],[17.059464,48.155238]],[[17.059004,48.153686],[17.059015,48.153835],[17.058949,48.153954],[17.057617,48.155661]],[[17.058578,48.154386],[17.059126,48.154599],[17.058778,48.155017]]]},"properties":{"n":"Segnerova"}},{"type":"Feature","geometry":{"type":"MultiLineString","coordinates":[[[17.045657,48.163324],[17.045924,48.163378],[17.04666,48.162288]],[[17.047621,48.162799],[17.046545,48.162444]],[[17.045805,48.163589],[17.045924,48.163378]]]},"properties":{"n":"Sekulská"}},{"type":"Feature","geometry":{"type":"MultiLineString","coordinates":[[[17.068662,48.168001],[17.069516,48.167427],[17.070143,48.16711],[17.070846,48.166623],[17.07143,48.166348],[17.072176,48.166313],[17.072718,48.166015],[17.07279,48.165958],[17.072873,48.165735],[17.073058,48.165476],[17.073521,48.165348],[17.074216,48.164922],[17.074802,48.164181],[17.075234,48.163384],[17.075373,48.163338],[17.075587,48.163354],[17.0757,48.163416],[17.075823,48.163715],[17.075893,48.163781]],[[17.074385,48.160499],[17.07289,48.161215],[17.072551,48.161432]]]},"properties":{"n":"Stuhová"}},{"type":"Feature","geometry":{"type":"LineString","coordinates":[[17.050408,48.160221],[17.048875,48.159748]]},"properties":{"n":"Suchohradská"}},{"type":"Feature","geometry":{"type":"MultiLineString","coordinates":[[[17.068295,48.14831],[17.067261,48.14902],[17.066947,48.148801],[17.066528,48.148727]],[[17.067261,48.14902],[17.066187,48.149814],[17.065811,48.150032],[17.065516,48.150133],[17.065187,48.150145]]]},"properties":{"n":"Svrčia"}},{"type":"Feature","geometry":{"type":"LineString","coordinates":[[17.048875,48.159748],[17.048482,48.159608],[17.048344,48.159652],[17.046961,48.161592]]},"properties":{"n":"Silvánska"}},{"type":"Feature","geometry":{"type":"LineString","coordinates":[[17.055017,48.154918],[17.056151,48.155289],[17.055724,48.155907],[17.054682,48.155585],[17.054629,48.155603],[17.054039,48.156511]]},"properties":{"n":"Tilgnerova"}},{"type":"Feature","geometry":{"type":"MultiLineString","coordinates":[[[17.052529,48.157252],[17.052777,48.157324]],[[17.052441,48.156174],[17.051758,48.157165],[17.051796,48.157261],[17.051072,48.15829],[17.050644,48.158753]],[[17.062824,48.150153],[17.062058,48.15132],[17.061435,48.15112],[17.061295,48.151318]],[[17.062602,48.149997],[17.062716,48.150012],[17.062824,48.150153],[17.063035,48.149835],[17.062716,48.150012],[17.062896,48.150044]],[[17.047448,48.163491],[17.047747,48.16357]],[[17.058838,48.153333],[17.058951,48.153477],[17.055977,48.15421],[17.055162,48.154545],[17.054794,48.154792],[17.054374,48.155153],[17.05414,48.155424],[17.05117,48.159631],[17.050653,48.160301],[17.050408,48.160221]],[[17.049483,48.169757],[17.049507,48.168897],[17.049463,48.168709],[17.049273,48.168373],[17.048766,48.167939],[17.047013,48.166958],[17.046634,48.166656],[17.046376,48.166311],[17.046291,48.166163],[17.046194,48.165669],[17.04633,48.165166],[17.046555,48.164755],[17.048616,48.161888],[17.05004,48.160707],[17.054324,48.154771],[17.054845,48.154402],[17.055358,48.15418],[17.059665,48.153129],[17.060174,48.152967],[17.060547,48.152753],[17.060995,48.152348],[17.061263,48.152],[17.063405,48.148796],[17.063916,48.148432]],[[17.063035,48.149835],[17.063556,48.149086],[17.063826,48.148811],[17.063928,48.148579],[17.063916,48.148432],[17.064578,48.148422],[17.064239,48.148554],[17.063826,48.148811]],[[17.050653,48.160301],[17.050287,48.160822],[17.049978,48.161115],[17.049167,48.161714],[17.048652,48.162284],[17.046753,48.164967],[17.046596,48.165292],[17.046493,48.16566],[17.046553,48.166034],[17.046682,48.166272],[17.046892,48.166556],[17.047148,48.166782],[17.048996,48.167858],[17.049428,48.168217],[17.049583,48.168424],[17.04975,48.168915],[17.049778,48.169179],[17.049734,48.169772]],[[17.052732,48.158449],[17.053397,48.157504]],[[17.062058,48.15132],[17.06157,48.152093],[17.061197,48.152545],[17.060818,48.15288],[17.060207,48.153166],[17.058951,48.153477]]]},"properties":{"n":"Karloveská"}},{"type":"Feature","geometry":{"type":"MultiLineString","coordinates":[[[17.062564,48.162481],[17.062268,48.162578],[17.063557,48.163202]],[[17.062268,48.162578],[17.06216,48.162638],[17.061915,48.162944],[17.061293,48.164001],[17.060816,48.164522],[17.060635,48.164812],[17.060368,48.164779],[17.058834,48.16401],[17.058764,48.163898]]]},"properties":{"n":"Vretenová"}},{"type":"Feature","geometry":{"type":"LineString","coordinates":[[17.049936,48.162163],[17.049884,48.162242]]},"properties":{"n":"Zohorská"}},{"type":"Feature","geometry":{"type":"LineString","coordinates":[[17.0724,48.151728],[17.072395,48.150516],[17.072359,48.150382],[17.07392,48.149637],[17.07505,48.149623],[17.075106,48.15011],[17.075122,48.151476],[17.075189,48.151856],[17.075478,48.152569],[17.075737,48.152796]]},"properties":{"n":"Ilkovičova"}},{"type":"Feature","geometry":{"type":"MultiLineString","coordinates":[[[17.054056,48.150015],[17.05409,48.15056],[17.054183,48.150961]],[[17.053211,48.151719],[17.053189,48.151127],[17.053418,48.15074],[17.053657,48.150572],[17.05409,48.15056]]]},"properties":{"n":"Kolískova"}},{"type":"Feature","geometry":{"type":"LineString","coordinates":[[17.051864,48.151795],[17.052179,48.154504],[17.052158,48.154705],[17.051442,48.155607],[17.051018,48.15584],[17.050174,48.155987],[17.049988,48.156065],[17.049641,48.156526],[17.049333,48.156687],[17.049132,48.156915]]},"properties":{"n":"Jána Stanislava"}},{"type":"Feature","geometry":{"type":"MultiLineString","coordinates":[[[17.047657,48.153238],[17.048934,48.153173],[17.04881,48.151909]],[[17.047754,48.15449],[17.049057,48.154401],[17.049144,48.155083],[17.049191,48.155173]],[[17.048934,48.153173],[17.049057,48.154401]]]},"properties":{"n":"Pribišova"}},{"type":"Feature","geometry":{"type":"MultiLineString","coordinates":[[[17.05438,48.15189],[17.054172,48.151774]],[[17.051864,48.151795],[17.053211,48.151719],[17.054464,48.151792]]]},"properties":{"n":"Tománkova"}},{"type":"Feature","geometry":{"type":"LineString","coordinates":[[17.048572,48.149855],[17.046977,48.149942],[17.046785,48.149983],[17.045888,48.150418],[17.04568,48.150603],[17.045598,48.150778],[17.045555,48.151102],[17.045594,48.151544],[17.045534,48.151745],[17.045318,48.151919],[17.045039,48.151998]]},"properties":{"n":"Jamnického"}},{"type":"Feature","geometry":{"type":"MultiLineString","coordinates":[[[17.062602,48.149997],[17.058468,48.149488],[17.058491,48.149334],[17.058907,48.148752]],[[17.057486,48.149374],[17.058468,48.149488]]]},"properties":{"n":"Molecova"}},{"type":"Feature","geometry":{"type":"MultiLineString","coordinates":[[[17.072312,48.147397],[17.073319,48.147103]],[[17.071292,48.145859],[17.071371,48.145582],[17.071514,48.145463],[17.071993,48.145427],[17.07252,48.145152]],[[17.063916,48.148432],[17.064246,48.148287],[17.064697,48.148187],[17.070718,48.148133],[17.073723,48.147929],[17.07447,48.147774]],[[17.07479,48.147876],[17.073775,48.148118],[17.073194,48.14818],[17.070748,48.148273]],[[17.064578,48.148422],[17.065234,48.148302],[17.069984,48.148311],[17.070748,48.148273],[17.070664,48.147985],[17.070763,48.147897],[17.072312,48.147397],[17.071336,48.145884],[17.070462,48.145844],[17.070167,48.145756]],[[17.071229,48.14775],[17.070469,48.146318]]]},"properties":{"n":"Botanická"}},{"type":"Feature","geometry":{"type":"LineString","coordinates":[[17.044402,48.15804],[17.042941,48.158243]]},"properties":{"n":"Svíbová"}},{"type":"Feature","geometry":{"type":"LineString","coordinates":[[17.049132,48.156915],[17.048737,48.15733],[17.048377,48.157429],[17.045796,48.157569],[17.044872,48.157333]]},"properties":{"n":"Beniakova"}},{"type":"Feature","geometry":{"type":"MultiLineString","coordinates":[[[17.063387,48.175246],[17.063843,48.1752],[17.064494,48.175054],[17.066037,48.174182],[17.066812,48.173232],[17.066429,48.173113],[17.066227,48.172983]],[[17.075717,48.168649],[17.075531,48.168496],[17.075322,48.168466],[17.073581,48.169143],[17.070907,48.170663],[17.070312,48.171188],[17.069593,48.171605],[17.068228,48.172613],[17.067952,48.172746],[17.067057,48.17304],[17.066812,48.173232]]]},"properties":{"n":"Dúbravská cesta"}},{"type":"Feature","geometry":{"type":"MultiLineString","coordinates":[[[17.068691,48.173145],[17.068542,48.173343],[17.068507,48.173545]],[[17.0683,48.173369],[17.069412,48.174285],[17.067797,48.175224]],[[17.069412,48.174285],[17.069632,48.174474],[17.069212,48.174852],[17.069057,48.175091],[17.069034,48.175151],[17.069169,48.175291]]]},"properties":{"n":"Mokrohájska cesta"}},{"type":"Feature","geometry":{"type":"LineString","coordinates":[[17.059978,48.173291],[17.061417,48.174517],[17.061893,48.174701],[17.062208,48.175072]]},"properties":{"n":"Pod brehmi"}},{"type":"Feature","geometry":{"type":"MultiLineString","coordinates":[[[17.044872,48.157333],[17.043809,48.157013],[17.043494,48.156832],[17.043418,48.156678],[17.043309,48.155998],[17.042083,48.156079]],[[17.042997,48.156018],[17.043017,48.156126],[17.043125,48.156268],[17.043193,48.157018]],[[17.043309,48.155998],[17.043258,48.155576],[17.04319,48.155412],[17.042903,48.155211],[17.042635,48.155178],[17.041042,48.155255]]]},"properties":{"n":"Veternicová"}},{"type":"Feature","geometry":{"type":"MultiLineString","coordinates":[[[17.045579,48.156347],[17.045122,48.156282],[17.044932,48.156198],[17.044807,48.156057],[17.044633,48.155109],[17.044439,48.154813],[17.044277,48.154668],[17.043788,48.154443],[17.043309,48.154325]],[[17.042503,48.153496],[17.042559,48.154358],[17.043309,48.154325],[17.043329,48.15417],[17.043231,48.153447]],[[17.042559,48.154358],[17.041262,48.154447]]]},"properties":{"n":"Hlaváčiková"}},{"type":"Feature","geometry":{"type":"MultiLineString","coordinates":[[[17.050072,48.157748],[17.0501,48.157515],[17.050047,48.157336],[17.049956,48.157251],[17.049132,48.156915]],[[17.0501,48.157515],[17.05034,48.157623]]]},"properties":{"n":"F. Kostku"}},{"type":"Feature","geometry":{"type":"MultiLineString","coordinates":[[[17.053648,48.159794],[17.053253,48.160329],[17.053489,48.160363]],[[17.053941,48.159116],[17.053092,48.160286],[17.053253,48.160329]],[[17.053351,48.159926],[17.053519,48.159981]],[[17.05313,48.160229],[17.05117,48.159631]]]},"properties":{"n":"Špieszova"}},{"type":"Feature","geometry":{"type":"LineString","coordinates":[[17.049965,48.150474],[17.048653,48.150616]]},"properties":{"n":"Cikkerova"}},{"type":"Feature","geometry":{"type":"LineString","coordinates":[[17.049472,48.149097],[17.049566,48.14917],[17.049866,48.149221],[17.050163,48.149351],[17.050318,48.149489],[17.050397,48.149631],[17.050422,48.149774],[17.050312,48.150033],[17.049965,48.150474],[17.05042,48.151011],[17.050507,48.151076],[17.050804,48.15109],[17.051727,48.151057]]},"properties":{"n":"Kresánkova"}},{"type":"Feature","geometry":{"type":"MultiLineString","coordinates":[[[17.059208,48.162586],[17.059853,48.162903],[17.058764,48.163898]],[[17.059853,48.162903],[17.060321,48.162498],[17.059675,48.162174]],[[17.062268,48.162578],[17.061946,48.162399],[17.061275,48.162288],[17.060813,48.162138],[17.060613,48.161965],[17.061146,48.161579]],[[17.060321,48.162498],[17.060736,48.16209]],[[17.060014,48.161673],[17.06036,48.161919],[17.060613,48.161965]]]},"properties":{"n":"Na Sitine"}},{"type":"Feature","geometry":{"type":"LineString","coordinates":[[17.060321,48.162498],[17.060864,48.162802],[17.059644,48.164391]]},"properties":{"n":"Pod lesom"}},{"type":"Feature","geometry":{"type":"LineString","coordinates":[[17.052461,48.159673],[17.052267,48.159958]]},"properties":{"n":"Nám. Sv. Františka"}},{"type":"Feature","geometry":{"type":"MultiLineString","coordinates":[[[17.053785,48.160235],[17.053984,48.159957],[17.054085,48.159929],[17.054176,48.160083],[17.054811,48.160294]],[[17.054635,48.159069],[17.054085,48.159929]]]},"properties":{"n":"Čárskeho"}},{"type":"Feature","geometry":{"type":"LineString","coordinates":[[17.065172,48.148183],[17.065267,48.147892],[17.065434,48.147714],[17.066739,48.14767],[17.067878,48.147443],[17.068552,48.14724]]},"properties":{"n":"Karloveské rameno"}},{"type":"Feature","geometry":{"type":"LineString","coordinates":[[17.051982,48.15624],[17.051962,48.156078],[17.05236,48.155976],[17.052746,48.155465],[17.0527,48.15537],[17.052401,48.155312],[17.052335,48.155243],[17.052525,48.154746]]},"properties":{"n":"Sumbalova"}},{"type":"Feature","geometry":{"type":"LineString","coordinates":[[17.050009,48.148754],[17.051424,48.148517]]},"properties":{"n":"Albína Brunovského"}},{"type":"Feature","geometry":{"type":"MultiLineString","coordinates":[[[17.050996,48.147935],[17.050976,48.148384]],[[17.050009,48.148754],[17.049841,48.148404],[17.049904,48.148211],[17.050056,48.148076],[17.050783,48.147936],[17.051534,48.147938]]]},"properties":{"n":"Vincenta Hložníka"}},{"type":"Feature","geometry":{"type":"MultiLineString","coordinates":[[[17.06696,48.160279],[17.06758,48.160403],[17.067337,48.160688],[17.066863,48.16084],[17.066,48.160735],[17.064918,48.160498]],[[17.06758,48.160403],[17.067787,48.15994],[17.067815,48.159761],[17.067756,48.159609],[17.067297,48.159158],[17.067257,48.159019],[17.067257,48.158875],[17.067337,48.158666],[17.067494,48.158439]]]},"properties":{"n":"Ulica Mlyny"}},{"type":"Feature","geometry":{"type":"LineString","coordinates":[[17.036543,48.152669],[17.037546,48.152515]]},"properties":{"n":"Na Kampárke"}},{"type":"Feature","geometry":{"type":"LineString","coordinates":[[17.040683,48.154319],[17.04077,48.154181],[17.04115,48.153864],[17.042741,48.152315],[17.043085,48.152059],[17.043521,48.151593],[17.043928,48.151512],[17.044241,48.151606]]},"properties":{"n":"Iskerníková"}},{"type":"Feature","geometry":{"type":"MultiLineString","coordinates":[[[17.044262,48.149195],[17.043679,48.149138],[17.04349,48.14917],[17.042111,48.14974],[17.040529,48.150073],[17.040033,48.150233]],[[17.042111,48.14974],[17.040838,48.15019],[17.040829,48.150273],[17.041212,48.150811]]]},"properties":{"n":"Nad ostrovom"}},{"type":"Feature","geometry":{"type":"LineString","coordinates":[[17.039036,48.152191],[17.039097,48.152507],[17.038847,48.152531]]},"properties":{"n":"Blyskáčová"}},{"type":"Feature","geometry":{"type":"MultiLineString","coordinates":[[[17.040565,48.151533],[17.040453,48.150925],[17.040138,48.150343],[17.040033,48.150233]],[[17.041613,48.153397],[17.041521,48.153323],[17.040851,48.151956]]]},"properties":{"n":"Komonicová"}},{"type":"Feature","geometry":{"type":"LineString","coordinates":[[17.048119,48.147668],[17.047753,48.147612],[17.047597,48.147632],[17.046221,48.148108],[17.045134,48.148644],[17.044345,48.148894],[17.044269,48.148982],[17.044262,48.149195]]},"properties":{"n":"Nad Sihoťou"}},{"type":"Feature","geometry":{"type":"LineString","coordinates":[[17.042241,48.152788],[17.0419,48.152255],[17.041555,48.151453]]},"properties":{"n":"Vyhliadka"}},{"type":"Feature","geometry":{"type":"LineString","coordinates":[[17.063466,48.157846],[17.063222,48.158015],[17.063142,48.157999],[17.062704,48.157686],[17.061699,48.1566],[17.061939,48.156501]]},"properties":{"n":"Bedľová"}},{"type":"Feature","geometry":{"type":"LineString","coordinates":[[17.062728,48.157703],[17.063039,48.157483],[17.063249,48.157124],[17.06339,48.15702]]},"properties":{"n":"Belániková"}},{"type":"Feature","geometry":{"type":"LineString","coordinates":[[17.062356,48.157319],[17.062667,48.157106]]},"properties":{"n":"Hlivová"}},{"type":"Feature","geometry":{"type":"LineString","coordinates":[[17.062033,48.157],[17.062681,48.156581]]},"properties":{"n":"Rýdziková"}},{"type":"Feature","geometry":{"type":"LineString","coordinates":[[16.986598,48.173354],[16.98761,48.173905],[16.988259,48.174093],[16.988929,48.174355],[16.989607,48.174438],[16.990147,48.174674],[16.990676,48.175373],[16.991071,48.175719],[16.991442,48.176406],[16.991543,48.176465],[16.991925,48.176531],[16.992045,48.176636],[16.992063,48.176743],[16.992168,48.176807],[16.992529,48.176869],[16.992959,48.177121],[16.993402,48.176971],[16.994502,48.176995],[16.995802,48.177443]]},"properties":{"n":"Štítová"}},{"type":"Feature","geometry":{"type":"LineString","coordinates":[[16.983104,48.175136],[16.984297,48.175609]]},"properties":{"n":"Štrbská"}},{"type":"Feature","geometry":{"type":"LineString","coordinates":[[16.980238,48.175603],[16.980846,48.175143]]},"properties":{"n":"Avarská"}},{"type":"Feature","geometry":{"type":"MultiLineString","coordinates":[[[16.981343,48.178218],[16.981092,48.178117],[16.981178,48.178337]],[[16.984625,48.173708],[16.983321,48.174887],[16.983104,48.175136],[16.982612,48.175458],[16.981099,48.176665],[16.980989,48.176907],[16.981092,48.178117]]]},"properties":{"n":"Brigádnická"}},{"type":"Feature","geometry":{"type":"MultiLineString","coordinates":[[[17.032732,48.151582],[17.030017,48.15182],[17.027355,48.152147],[17.02585,48.152386],[17.024381,48.152711],[17.021151,48.153721],[17.020562,48.153963],[17.016499,48.156175],[17.015602,48.156524],[17.01455,48.156793],[17.009823,48.157668],[17.008951,48.157901],[17.008066,48.158222],[17.002384,48.161218],[17.000903,48.162278],[16.999185,48.163921],[16.994332,48.167497],[16.992991,48.168779],[16.991965,48.16948],[16.990931,48.16996]],[[17.00768,48.158398],[17.008796,48.158161],[17.010502,48.158104],[17.011814,48.15794]]]},"properties":{"n":"Devínska cesta"}},{"type":"Feature","geometry":{"type":"LineString","coordinates":[[16.985883,48.174129],[16.984193,48.173537],[16.983593,48.173751],[16.983421,48.173755],[16.9832,48.173726],[16.981716,48.173252]]},"properties":{"n":"Hradná"}},{"type":"Feature","geometry":{"type":"LineString","coordinates":[[16.985413,48.171028],[16.985472,48.171347],[16.985415,48.171792],[16.98509,48.172538],[16.985022,48.173067],[16.984625,48.173708]]},"properties":{"n":"Hutnícka"}},{"type":"Feature","geometry":{"type":"MultiLineString","coordinates":[[[16.987293,48.170936],[16.98713,48.172073],[16.986908,48.172982],[16.986762,48.173206]],[[16.986598,48.173354],[16.985883,48.174129],[16.984297,48.175609],[16.984002,48.175955],[16.982527,48.177364],[16.981178,48.178337],[16.980895,48.17862],[16.98005,48.179853],[16.979791,48.180309],[16.979142,48.182215],[16.979415,48.182277],[16.979353,48.182523]]]},"properties":{"n":"Kremeľská"}},{"type":"Feature","geometry":{"type":"MultiLineString","coordinates":[[[16.996626,48.175558],[16.995748,48.174787],[16.99458,48.173943],[16.994266,48.173778],[16.9933,48.173602],[16.991019,48.172653],[16.990704,48.172572],[16.990249,48.172534],[16.990922,48.172177],[16.991335,48.171765],[16.991971,48.17135],[16.992276,48.171085],[16.992512,48.170985],[16.993365,48.170805],[16.994721,48.170769],[16.995263,48.170656],[16.99613,48.170622],[16.996982,48.170353],[16.997169,48.170216],[16.997213,48.170067],[16.997066,48.169655],[16.997179,48.169381],[16.99731,48.169213],[16.997715,48.168952]],[[16.986762,48.173206],[16.986971,48.173244],[16.987825,48.173166],[16.989148,48.172799],[16.989948,48.172645],[16.990249,48.172534]],[[16.989692,48.172686],[16.989669,48.172363],[16.989328,48.171848]]]},"properties":{"n":"Lomnická"}},{"type":"Feature","geometry":{"type":"LineString","coordinates":[[16.984326,48.172217],[16.984043,48.172893],[16.983788,48.173677]]},"properties":{"n":"Mládežnícka"}},{"type":"Feature","geometry":{"type":"LineString","coordinates":[[16.981716,48.173252],[16.980801,48.174217],[16.980082,48.174813],[16.979967,48.174962],[16.979956,48.175044],[16.980037,48.175272],[16.980022,48.175477],[16.97996,48.175587],[16.980219,48.176848],[16.980422,48.178156],[16.981178,48.178337]]},"properties":{"n":"Muránska"}},{"type":"Feature","geometry":{"type":"LineString","coordinates":[[16.980332,48.174611],[16.980931,48.174967]]},"properties":{"n":"Rímska"}},{"type":"Feature","geometry":{"type":"LineString","coordinates":[[16.986598,48.173354],[16.985973,48.173172],[16.985019,48.172975]]},"properties":{"n":"Rytierska"}},{"type":"Feature","geometry":{"type":"MultiLineString","coordinates":[[[16.980219,48.176848],[16.979794,48.176064],[16.978781,48.175269],[16.978676,48.175146],[16.97867,48.175076],[16.97996,48.175587]],[[16.991179,48.170637],[16.989541,48.170395]],[[16.990931,48.16996],[16.989787,48.170339],[16.987534,48.170822],[16.987293,48.170936],[16.986472,48.170901],[16.984469,48.171126],[16.98219,48.171126],[16.980484,48.171354],[16.979266,48.171691],[16.978512,48.171971],[16.977825,48.172285],[16.977225,48.172776],[16.976743,48.17343],[16.976407,48.173969],[16.976368,48.174107],[16.976483,48.174351],[16.97682,48.174563],[16.977361,48.174773],[16.97867,48.175076]]]},"properties":{"n":"Slovanské nábrežie"}},{"type":"Feature","geometry":{"type":"LineString","coordinates":[[16.983711,48.171129],[16.98368,48.171292],[16.982961,48.172979],[16.982595,48.173533]]},"properties":{"n":"Kozičova"}},{"type":"Feature","geometry":{"type":"MultiLineString","coordinates":[[[16.980104,48.181658],[16.980016,48.181774],[16.979966,48.181958],[16.979982,48.182153],[16.980075,48.182228],[16.980409,48.182278]],[[16.980179,48.182497],[16.980548,48.182182],[16.982076,48.181621],[16.982076,48.181472],[16.981868,48.181193],[16.982105,48.180561],[16.98227,48.180363],[16.982686,48.180087],[16.983106,48.179935],[16.984322,48.179686],[16.984389,48.179625],[16.984349,48.179434],[16.98452,48.179409],[16.985038,48.179451],[16.986283,48.179794],[16.986541,48.17993]]]},"properties":{"n":"Pod Kobylou"}},{"type":"Feature","geometry":{"type":"LineString","coordinates":[[16.982935,48.179989],[16.982464,48.180801],[16.98239,48.181277]]},"properties":{"n":"Stepná cesta"}},{"type":"Feature","geometry":{"type":"LineString","coordinates":[[16.986157,48.179763],[16.986091,48.179899],[16.985988,48.179939],[16.985154,48.180056],[16.9843,48.180298]]},"properties":{"n":"Pod skalou"}},{"type":"Feature","geometry":{"type":"LineString","coordinates":[[16.984349,48.179434],[16.982683,48.179647],[16.982272,48.179658],[16.981627,48.179828],[16.981165,48.17986],[16.98024,48.179573]]},"properties":{"n":"Hadia cesta"}},{"type":"Feature","geometry":{"type":"MultiLineString","coordinates":[[[16.97996,48.175587],[16.980238,48.175603],[16.981101,48.175913],[16.98162,48.175865],[16.982057,48.175765],[16.982178,48.175793]],[[16.980894,48.175836],[16.981632,48.17542]]]},"properties":{"n":"Slovienska"}},{"type":"Feature","geometry":{"type":"LineString","coordinates":[[16.996997,48.165567],[16.997338,48.165614],[16.997747,48.165914],[16.997937,48.165997],[16.998258,48.166053],[16.998664,48.166047],[16.998802,48.166129],[16.999172,48.166226],[16.999265,48.166361],[16.999256,48.166531],[16.999159,48.166791],[16.998733,48.16735],[16.998069,48.168638],[16.997798,48.168816],[16.997715,48.168952]]},"properties":{"n":"Dolnokorunská"}},{"type":"Feature","geometry":{"type":"LineString","coordinates":[[16.998664,48.166047],[16.999983,48.165828],[17.000921,48.165338],[17.001572,48.164829],[17.002429,48.165237],[17.002594,48.165354],[17.002742,48.165626],[17.002968,48.166384],[17.003193,48.166802],[17.003636,48.168203],[17.003742,48.168771]]},"properties":{"n":"Gronárska"}},{"type":"Feature","geometry":{"type":"LineString","coordinates":[[16.999601,48.165866],[17.00064,48.166353]]},"properties":{"n":"Nad Gronárom"}},{"type":"Feature","geometry":{"type":"LineString","coordinates":[[16.998954,48.168586],[16.99936,48.168651]]},"properties":{"n":"Za Bránou"}},{"type":"Feature","geometry":{"type":"LineString","coordinates":[[17.001702,48.164424],[17.002441,48.16479]]},"properties":{"n":"Medová"}},{"type":"Feature","geometry":{"type":"LineString","coordinates":[[17.002122,48.16706],[17.001616,48.16715],[17.001076,48.167388],[17.000787,48.167588]]},"properties":{"n":"Korunská"}},{"type":"Feature","geometry":{"type":"LineString","coordinates":[[16.999568,48.168654],[16.999557,48.16856],[16.999655,48.1684],[17.000165,48.168037],[17.000178,48.16784],[17.000041,48.167481],[17.000088,48.167321],[17.000283,48.16705],[17.000336,48.166868],[17.000837,48.166568]]},"properties":{"n":"Podkorunská"}},{"type":"Feature","geometry":{"type":"LineString","coordinates":[[17.002968,48.166384],[17.002696,48.16666],[17.002143,48.167051],[17.001428,48.167367],[17.000039,48.168415],[16.999074,48.168949],[16.99877,48.169002],[16.998285,48.168945],[16.997715,48.168952]]},"properties":{"n":"Viničná"}},{"type":"Feature","geometry":{"type":"LineString","coordinates":[[16.998279,48.168284],[16.99925,48.166976],[16.999723,48.167166]]},"properties":{"n":"Úvozná"}},{"type":"Feature","geometry":{"type":"LineString","coordinates":[[16.980104,48.181658],[16.980235,48.181538],[16.980659,48.180437],[16.980985,48.179835]]},"properties":{"n":"Priama cesta"}},{"type":"Feature","geometry":{"type":"MultiLineString","coordinates":[[[16.980548,48.182182],[16.980922,48.181806],[16.981021,48.181642],[16.981026,48.181502]],[[16.981069,48.181334],[16.981408,48.180451]]]},"properties":{"n":"Delená cesta"}},{"type":"Feature","geometry":{"type":"MultiLineString","coordinates":[[[16.985193,48.179507],[16.985074,48.179398],[16.984673,48.179284],[16.984353,48.179066]],[[16.984838,48.178536],[16.985262,48.178188],[16.986461,48.177771],[16.987835,48.177083],[16.987931,48.176992],[16.988191,48.176392],[16.988375,48.176289]]]},"properties":{"n":"Spätná cesta"}},{"type":"Feature","geometry":{"type":"LineString","coordinates":[[16.991081,48.169886],[16.991208,48.170004],[16.991427,48.170002],[16.99318,48.169053],[16.993515,48.16899],[16.994258,48.169282],[16.995105,48.169956],[16.995178,48.170071],[16.995281,48.17064]]},"properties":{"n":"Pri lesostepi"}},{"type":"Feature","geometry":{"type":"LineString","coordinates":[[16.994265,48.169304],[16.99258,48.170175],[16.992279,48.170389]]},"properties":{"n":"Kamenná"}},{"type":"Feature","geometry":{"type":"LineString","coordinates":[[16.994886,48.169775],[16.994305,48.170001],[16.993729,48.170315],[16.993524,48.170479]]},"properties":{"n":"Ostricová"}},{"type":"Feature","geometry":{"type":"LineString","coordinates":[[16.995161,48.170023],[16.995467,48.169978],[16.996144,48.169758]]},"properties":{"n":"Pri parku"}},{"type":"Feature","geometry":{"type":"LineString","coordinates":[[16.994376,48.170569],[16.994695,48.17042],[16.994888,48.170386],[16.995514,48.170331],[16.995591,48.170369],[16.995651,48.170513],[16.9959,48.170528],[16.996225,48.170492],[16.996506,48.170361]]},"properties":{"n":"Halštatská"}},{"type":"Feature","geometry":{"type":"LineString","coordinates":[[16.991031,48.172117],[16.991192,48.172043],[16.991506,48.171781],[16.991555,48.171816],[16.99147,48.171888],[16.991622,48.171721],[16.992119,48.171361],[16.992604,48.171079],[16.993029,48.170977],[16.993853,48.170946],[16.993897,48.171022],[16.994046,48.170934]]},"properties":{"n":"Nad záhradami"}},{"type":"Feature","geometry":{"type":"LineString","coordinates":[[17.049413,48.197133],[17.048634,48.197606],[17.047847,48.198178],[17.047153,48.19884],[17.046419,48.199939],[17.046269,48.200337],[17.046278,48.200488],[17.046379,48.200687]]},"properties":{"n":"Bakošova"}},{"type":"Feature","geometry":{"type":"MultiLineString","coordinates":[[[17.049778,48.189145],[17.04961,48.189185],[17.049578,48.189291],[17.049918,48.190254]],[[17.049847,48.190264],[17.050313,48.191722],[17.050447,48.192539],[17.050656,48.192797]]]},"properties":{"n":"Borinská"}},{"type":"Feature","geometry":{"type":"MultiLineString","coordinates":[[[17.061444,48.192272],[17.060439,48.192601],[17.060711,48.192849]],[[17.058855,48.192798],[17.05953,48.192821],[17.059729,48.192773],[17.060218,48.192531],[17.060439,48.192601]],[[17.052971,48.192194],[17.055053,48.192826],[17.055463,48.192883],[17.056413,48.19291],[17.05735,48.19276],[17.058283,48.192433],[17.058662,48.19244],[17.061048,48.191827],[17.062111,48.191156],[17.062566,48.19075],[17.062692,48.190687],[17.063141,48.190629],[17.065087,48.190658],[17.065214,48.190688],[17.065301,48.190766],[17.065286,48.190935],[17.065205,48.190994]],[[17.059865,48.192115],[17.060218,48.192531]]]},"properties":{"n":"Cesta na Klanec"}},{"type":"Feature","geometry":{"type":"MultiLineString","coordinates":[[[17.051194,48.19755],[17.052052,48.19796],[17.052333,48.197666],[17.05179,48.19737]],[[17.050461,48.197354],[17.05422,48.195941]]]},"properties":{"n":"Havelkova"}},{"type":"Feature","geometry":{"type":"LineString","coordinates":[[17.047476,48.194014],[17.047714,48.194339],[17.047736,48.194466],[17.046426,48.197793]]},"properties":{"n":"Heyrovského"}},{"type":"Feature","geometry":{"type":"LineString","coordinates":[[17.044148,48.20101],[17.044035,48.200836],[17.043955,48.200795],[17.045131,48.198446],[17.046479,48.19513],[17.04669,48.194167],[17.04659,48.192783],[17.046743,48.191975],[17.047392,48.189732],[17.047384,48.189427],[17.047303,48.189187]]},"properties":{"n":"Hodonínska"}},{"type":"Feature","geometry":{"type":"MultiLineString","coordinates":[[[17.055957,48.194185],[17.05574,48.194023],[17.055056,48.193802]],[[17.05735,48.19276],[17.057703,48.193115],[17.057736,48.19326],[17.057478,48.193426],[17.057216,48.19352],[17.056108,48.193786],[17.055056,48.193802],[17.053834,48.193434],[17.053099,48.193343],[17.052238,48.19335],[17.051511,48.193527],[17.050387,48.194038],[17.049728,48.194468],[17.049421,48.194727],[17.048836,48.1956],[17.048403,48.19654],[17.048024,48.196939],[17.047827,48.197083],[17.047493,48.197214],[17.047172,48.197193],[17.046695,48.197076]]]},"properties":{"n":"Studenohorská"}},{"type":"Feature","geometry":{"type":"MultiLineString","coordinates":[[[17.061397,48.178888],[17.061001,48.179223],[17.060381,48.179642],[17.059718,48.180009],[17.055124,48.182022]],[[17.058142,48.180278],[17.057134,48.180978],[17.056453,48.181348]],[[17.061063,48.178961],[17.06041,48.179399],[17.059569,48.179875],[17.057296,48.180989],[17.055625,48.181736],[17.052533,48.183508],[17.049832,48.184834],[17.049095,48.185319],[17.04869,48.185519],[17.04871,48.185577],[17.048215,48.185954]],[[17.046971,48.188776],[17.046761,48.188297],[17.046798,48.187922],[17.0483,48.185817],[17.048718,48.185499],[17.049419,48.185085]],[[17.04869,48.185519],[17.048139,48.185334],[17.048187,48.185318],[17.04869,48.185519]],[[17.049095,48.185319],[17.04871,48.185577]]]},"properties":{"n":"Lamačská cesta"}},{"type":"Feature","geometry":{"type":"MultiLineString","coordinates":[[[17.05027,48.190204],[17.051432,48.189955]],[[17.047155,48.190547],[17.05027,48.190204],[17.05013,48.189844],[17.050139,48.189699],[17.050612,48.189216],[17.050745,48.188763]]]},"properties":{"n":"Lediny"}},{"type":"Feature","geometry":{"type":"LineString","coordinates":[[17.051982,48.195026],[17.051566,48.195212],[17.051268,48.194852],[17.052112,48.1945],[17.0524,48.194828],[17.051982,48.195026],[17.051679,48.194677]]},"properties":{"n":"Malokarpatské námestie"}},{"type":"Feature","geometry":{"type":"LineString","coordinates":[[17.050461,48.197354],[17.050898,48.197497],[17.050527,48.198587],[17.049655,48.199364],[17.049605,48.199238],[17.049988,48.198903],[17.050386,48.198415],[17.050614,48.198346]]},"properties":{"n":"Na barine"}},{"type":"Feature","geometry":{"type":"MultiLineString","coordinates":[[[17.05127,48.187157],[17.049809,48.187872],[17.048736,48.188318],[17.048319,48.188571],[17.048056,48.188802],[17.048806,48.188884]],[[17.048056,48.188802],[17.047395,48.18969]]]},"properties":{"n":"Pod násypom"}},{"type":"Feature","geometry":{"type":"MultiLineString","coordinates":[[[17.059235,48.183135],[17.059837,48.182477],[17.060885,48.181888],[17.062583,48.181093]],[[17.052886,48.186132],[17.054283,48.185942],[17.056554,48.18577],[17.057128,48.185623],[17.057378,48.185442],[17.058681,48.183884],[17.059235,48.183135],[17.058637,48.182653],[17.057605,48.181987]]]},"properties":{"n":"Pod Zečákom"}},{"type":"Feature","geometry":{"type":"MultiLineString","coordinates":[[[17.045616,48.197319],[17.045558,48.197692],[17.045594,48.197785],[17.045788,48.197988],[17.046125,48.198165],[17.045569,48.198197],[17.045131,48.198446]],[[17.058283,48.192433],[17.058534,48.192527],[17.058563,48.192641],[17.058805,48.192408]],[[17.045302,48.197994],[17.046125,48.198165],[17.046598,48.198177],[17.047076,48.19814],[17.047454,48.198022],[17.04789,48.197715],[17.048422,48.197155],[17.048962,48.196803],[17.049372,48.196623],[17.0543,48.194727],[17.055957,48.194185],[17.057381,48.193785],[17.057643,48.193658],[17.058049,48.193382],[17.058374,48.193011],[17.058563,48.192641]]]},"properties":{"n":"Podháj"}},{"type":"Feature","geometry":{"type":"LineString","coordinates":[[17.051804,48.184659],[17.051638,48.184781],[17.051851,48.185158],[17.051837,48.186053],[17.051895,48.186723]]},"properties":{"n":"Povoznícka"}},{"type":"Feature","geometry":{"type":"LineString","coordinates":[[17.054276,48.182489],[17.053126,48.18199]]},"properties":{"n":"Pridánky"}},{"type":"Feature","geometry":{"type":"LineString","coordinates":[[17.056747,48.1827],[17.05877,48.183771]]},"properties":{"n":"Rácova"}},{"type":"Feature","geometry":{"type":"MultiLineString","coordinates":[[[17.052827,48.191949],[17.053097,48.19161],[17.053194,48.191307],[17.053354,48.191646]],[[17.05127,48.187157],[17.05129,48.187266],[17.050969,48.187962],[17.05081,48.188485],[17.050745,48.188763],[17.050835,48.188979],[17.051288,48.18956],[17.05195,48.190007],[17.052945,48.190896],[17.053186,48.1912],[17.053194,48.191307]]]},"properties":{"n":"Rajtákova"}},{"type":"Feature","geometry":{"type":"LineString","coordinates":[[17.048414,48.188508],[17.048853,48.188438],[17.049232,48.188461],[17.050444,48.188737],[17.050745,48.188763]]},"properties":{"n":"Rozálska"}},{"type":"Feature","geometry":{"type":"LineString","coordinates":[[17.057605,48.181987],[17.054187,48.184691],[17.053497,48.185539],[17.052886,48.186132],[17.051895,48.186723],[17.05127,48.187157]]},"properties":{"n":"Segnáre"}},{"type":"Feature","geometry":{"type":"LineString","coordinates":[[17.0525,48.184283],[17.053632,48.185362]]},"properties":{"n":"Skerličova"}},{"type":"Feature","geometry":{"type":"LineString","coordinates":[[17.051893,48.196368],[17.055021,48.195142]]},"properties":{"n":"Stanekova"}},{"type":"Feature","geometry":{"type":"MultiLineString","coordinates":[[[17.046877,48.193802],[17.046925,48.193961],[17.046993,48.194014],[17.047294,48.194062],[17.05075,48.192905],[17.050656,48.192797],[17.047876,48.193722],[17.046686,48.19381]],[[17.05075,48.192905],[17.052063,48.192369],[17.05272,48.192208],[17.052971,48.192194],[17.052827,48.191949],[17.050656,48.192797]]]},"properties":{"n":"Vrančovičova"}},{"type":"Feature","geometry":{"type":"LineString","coordinates":[[17.052719,48.190699],[17.053183,48.190325],[17.05376,48.190109],[17.053946,48.189995],[17.054369,48.189523],[17.054678,48.189365],[17.054698,48.189259],[17.054585,48.189192]]},"properties":{"n":"Vysokohorská"}},{"type":"Feature","geometry":{"type":"LineString","coordinates":[[17.052388,48.19042],[17.051829,48.190554],[17.051359,48.190732],[17.051201,48.191043]]},"properties":{"n":"Záhrady"}},{"type":"Feature","geometry":{"type":"LineString","coordinates":[[17.064357,48.178525],[17.064889,48.179019],[17.065133,48.179314],[17.065299,48.179671],[17.06539,48.179762],[17.066151,48.180254],[17.066739,48.180843],[17.067298,48.181903]]},"properties":{"n":"Zelenohorská"}},{"type":"Feature","geometry":{"type":"LineString","coordinates":[[17.053354,48.191646],[17.053833,48.192322],[17.053849,48.192441],[17.054145,48.192391],[17.054767,48.192431],[17.055304,48.192527],[17.056483,48.192253],[17.056829,48.192243],[17.056956,48.192296],[17.058035,48.192205],[17.058117,48.192127],[17.058639,48.191909]]},"properties":{"n":"Zhorínska"}},{"type":"Feature","geometry":{"type":"LineString","coordinates":[[17.057605,48.181987],[17.057951,48.181775],[17.059987,48.180793],[17.060751,48.180333],[17.061799,48.179785],[17.064357,48.178525]]},"properties":{"n":"Zidiny"}},{"type":"Feature","geometry":{"type":"MultiLineString","coordinates":[[[17.050351,48.19202],[17.048377,48.192278],[17.048209,48.191553]],[[17.046636,48.192492],[17.048377,48.192278]]]},"properties":{"n":"Zlatohorská"}},{"type":"Feature","geometry":{"type":"LineString","coordinates":[[17.046238,48.188726],[17.045222,48.190707],[17.044453,48.193492]]},"properties":{"n":"Furmanská"}},{"type":"Feature","geometry":{"type":"LineString","coordinates":[[17.048962,48.196803],[17.049413,48.197133],[17.050045,48.19746],[17.050167,48.197465],[17.050461,48.197354]]},"properties":{"n":"Podlesná"}},{"type":"Feature","geometry":{"type":"LineString","coordinates":[[17.0525,48.184283],[17.054655,48.183028],[17.051804,48.184659],[17.0525,48.184283]]},"properties":{"n":"Kuneradská"}},{"type":"Feature","geometry":{"type":"MultiLineString","coordinates":[[[17.148478,48.052829],[17.148287,48.052805],[17.148113,48.052897],[17.146759,48.053939],[17.145559,48.054964],[17.144828,48.055703],[17.145671,48.055197],[17.14533,48.055524],[17.1452,48.055839],[17.145237,48.056145],[17.14557,48.056738]],[[17.144828,48.055703],[17.144364,48.056034],[17.143078,48.056762],[17.142681,48.056942],[17.141596,48.057252],[17.139425,48.057701],[17.137692,48.058212]],[[17.145671,48.055197],[17.147097,48.054074],[17.148478,48.052829],[17.15015,48.051191],[17.150648,48.050587],[17.151187,48.04978],[17.151467,48.049263],[17.152011,48.048044],[17.152411,48.046751],[17.152532,48.046492],[17.15284,48.04606],[17.154086,48.044815],[17.161118,48.038294],[17.16222,48.03722],[17.163251,48.036075],[17.164051,48.035056],[17.164869,48.033886]]]},"properties":{"n":"Balkánska"}},{"type":"Feature","geometry":{"type":"LineString","coordinates":[[17.149029,48.05757],[17.149134,48.057485],[17.14916,48.057361],[17.148936,48.05667]]},"properties":{"n":"Chatová Osada"}},{"type":"Feature","geometry":{"type":"MultiLineString","coordinates":[[[17.141755,48.059953],[17.142558,48.058738],[17.145433,48.056826],[17.145637,48.057219],[17.145038,48.058057],[17.144805,48.058284],[17.143657,48.05979],[17.143551,48.060491]],[[17.14557,48.056738],[17.145433,48.056826]]]},"properties":{"n":"Colnícka"}},{"type":"Feature","geometry":{"type":"MultiLineString","coordinates":[[[17.148086,48.054784],[17.148434,48.05495],[17.148773,48.055016],[17.149043,48.055275],[17.149971,48.055801],[17.150426,48.055242]],[[17.145487,48.053207],[17.146759,48.053939]],[[17.147097,48.054074],[17.148094,48.054704]]]},"properties":{"n":"Gerulatská"}},{"type":"Feature","geometry":{"type":"LineString","coordinates":[[17.138157,48.058082],[17.141588,48.060797],[17.141766,48.061343],[17.141786,48.061632],[17.141478,48.062503],[17.141318,48.062662],[17.141149,48.062747]]},"properties":{"n":"Hájová"}},{"type":"Feature","geometry":{"type":"MultiLineString","coordinates":[[[17.146381,48.056858],[17.14557,48.056738]],[[17.14737,48.056028],[17.147679,48.056498],[17.146381,48.056858],[17.146765,48.057463],[17.147588,48.057223],[17.147877,48.057207],[17.149385,48.057664]],[[17.146064,48.057665],[17.146765,48.057463]],[[17.147679,48.056498],[17.148105,48.057193],[17.148111,48.057271]]]},"properties":{"n":"Irkutská"}},{"type":"Feature","geometry":{"type":"LineString","coordinates":[[17.152532,48.046492],[17.152153,48.04651],[17.150945,48.04747],[17.142246,48.054629],[17.138159,48.05793],[17.138157,48.058082]]},"properties":{"n":"Kovácsova"}},{"type":"Feature","geometry":{"type":"LineString","coordinates":[[17.139425,48.057701],[17.139764,48.058072],[17.141682,48.059432],[17.141947,48.059464],[17.142081,48.059416]]},"properties":{"n":"Lesnícka"}},{"type":"Feature","geometry":{"type":"MultiLineString","coordinates":[[[17.15027,48.053098],[17.149768,48.053539],[17.15124,48.054311],[17.151244,48.054353],[17.150694,48.054893]],[[17.148478,48.052829],[17.149768,48.053539],[17.149188,48.053997],[17.148094,48.054704],[17.148014,48.054958],[17.147366,48.055785],[17.147336,48.055913],[17.14737,48.056028]]]},"properties":{"n":"Maďarská"}},{"type":"Feature","geometry":{"type":"MultiLineString","coordinates":[[[17.148542,48.050742],[17.149793,48.051557]],[[17.147686,48.050178],[17.148542,48.050742],[17.143963,48.054414],[17.14382,48.054412],[17.143017,48.053987]]]},"properties":{"n":"Pohraničníkov"}},{"type":"Feature","geometry":{"type":"LineString","coordinates":[[17.140916,48.0574],[17.141074,48.057738],[17.141595,48.058225],[17.142197,48.058635],[17.142558,48.058738]]},"properties":{"n":"Zdravotnícka"}},{"type":"Feature","geometry":{"type":"LineString","coordinates":[[17.114,48.039566],[17.115375,48.040312],[17.116348,48.04077],[17.116939,48.040926],[17.117369,48.041103],[17.118588,48.041999],[17.119701,48.042619],[17.136315,48.051527],[17.141478,48.054212],[17.143473,48.055384],[17.1446,48.055876]]},"properties":{"n":"Vývojová"}},{"type":"Feature","geometry":{"type":"LineString","coordinates":[[17.152818,48.047873],[17.152593,48.048418],[17.152625,48.048522],[17.154663,48.049472]]},"properties":{"n":"Pri vodnej veži"}},{"type":"Feature","geometry":{"type":"MultiLineString","coordinates":[[[17.156122,48.04826],[17.15371,48.047091],[17.154311,48.046568],[17.154963,48.046922]],[[17.154311,48.046568],[17.154838,48.046002],[17.155483,48.046385]],[[17.154838,48.046002],[17.155821,48.045046]],[[17.155434,48.045406],[17.156039,48.04582]],[[17.15371,48.047091],[17.153543,48.047234]]]},"properties":{"n":"Laténska"}},{"type":"Feature","geometry":{"type":"MultiLineString","coordinates":[[[17.155507,48.047222],[17.155968,48.047467],[17.155458,48.047943]],[[17.156505,48.047012],[17.156005,48.046723]],[[17.155968,48.047467],[17.156301,48.047138],[17.156668,48.046913],[17.157038,48.046536],[17.15657,48.046195]],[[17.15736,48.046249],[17.157038,48.046536]]]},"properties":{"n":"Bronzová"}},{"type":"Feature","geometry":{"type":"MultiLineString","coordinates":[[[17.158189,48.046885],[17.157892,48.047159],[17.157494,48.046977]],[[17.156332,48.049818],[17.155829,48.049565],[17.155639,48.049825]],[[17.15513,48.04824],[17.154636,48.048708],[17.153907,48.048366],[17.154184,48.048096]],[[17.152131,48.047592],[17.153241,48.048067],[17.153526,48.047792]],[[17.153241,48.048067],[17.153907,48.048366]],[[17.156741,48.049601],[17.15718,48.049167],[17.15682,48.048983],[17.1571,48.048724],[17.156692,48.048533]],[[17.157553,48.048207],[17.157272,48.047968],[17.15722,48.047829],[17.157674,48.047361],[17.158649,48.047799],[17.158091,48.048319],[17.157791,48.048197],[17.157553,48.048207],[17.157532,48.048296],[17.1571,48.048724]],[[17.157892,48.047159],[17.157674,48.047361]],[[17.154636,48.048708],[17.155098,48.048933]],[[17.15682,48.048983],[17.156125,48.049189],[17.155829,48.049565],[17.155495,48.049378]]]},"properties":{"n":"Keltská"}},{"type":"Feature","geometry":{"type":"LineString","coordinates":[[17.155269,48.04462],[17.153995,48.045854],[17.153801,48.046137],[17.153467,48.046497],[17.15309,48.046774],[17.152973,48.046963],[17.152797,48.047444],[17.152561,48.047746]]},"properties":{"n":"Ilýrska"}},{"type":"Feature","geometry":{"type":"LineString","coordinates":[[17.160762,48.039149],[17.162286,48.039859]]},"properties":{"n":"Antická"}},{"type":"Feature","geometry":{"type":"LineString","coordinates":[[17.157229,48.0479],[17.156606,48.047816],[17.155617,48.048755],[17.155636,48.04883],[17.155968,48.048978],[17.156185,48.049155]]},"properties":{"n":"Druidská"}},{"type":"Feature","geometry":{"type":"MultiLineString","coordinates":[[[17.161292,48.041239],[17.161168,48.041189],[17.160174,48.042141]],[[17.161168,48.041189],[17.160299,48.040786],[17.159432,48.041615]],[[17.159427,48.040379],[17.160299,48.040786]]]},"properties":{"n":"Fláviovska"}},{"type":"Feature","geometry":{"type":"MultiLineString","coordinates":[[[17.161627,48.038358],[17.163177,48.039092],[17.162571,48.039687]],[[17.163177,48.039092],[17.163401,48.039189]]]},"properties":{"n":"Trajánova"}},{"type":"Feature","geometry":{"type":"LineString","coordinates":[[17.163352,48.036552],[17.165448,48.037527]]},"properties":{"n":"Septimiova"}},{"type":"Feature","geometry":{"type":"LineString","coordinates":[[17.162506,48.037466],[17.16393,48.038132],[17.163659,48.038432]]},"properties":{"n":"Hadriánova"}},{"type":"Feature","geometry":{"type":"LineString","coordinates":[[17.158251,48.040946],[17.158521,48.041064],[17.158741,48.041017],[17.161627,48.038358],[17.163598,48.036269],[17.16482,48.034667]]},"properties":{"n":"Starorímska"}},{"type":"Feature","geometry":{"type":"LineString","coordinates":[[17.160067,48.039796],[17.161423,48.040429]]},"properties":{"n":"Tibériova"}},{"type":"Feature","geometry":{"type":"LineString","coordinates":[[17.154726,48.044234],[17.156736,48.045748],[17.160918,48.049024]]},"properties":{"n":"Pri gaštanovej aleji"}},{"type":"Feature","geometry":{"type":"LineString","coordinates":[[17.16399,48.035794],[17.165921,48.036654],[17.166132,48.03668],[17.166346,48.036562],[17.166375,48.036487],[17.166307,48.036323],[17.164703,48.03483]]},"properties":{"n":"Longobardská"}},{"type":"Feature","geometry":{"type":"LineString","coordinates":[[17.161407,48.04232],[17.160681,48.043016],[17.159965,48.042676],[17.158647,48.041873],[17.158646,48.041809],[17.15892,48.041507],[17.158518,48.041169]]},"properties":{"n":"Svébska"}},{"type":"Feature","geometry":{"type":"MultiLineString","coordinates":[[[17.149887,48.049628],[17.149135,48.05041],[17.150106,48.050776]],[[17.148249,48.050539],[17.148693,48.050242],[17.149135,48.05041]]]},"properties":{"n":"Lónyaiová"}},{"type":"Feature","geometry":{"type":"LineString","coordinates":[[17.158669,48.047113],[17.1601,48.045851]]},"properties":{"n":"Valentiniánova"}},{"type":"Feature","geometry":{"type":"LineString","coordinates":[[17.157864,48.045821],[17.159308,48.046548]]},"properties":{"n":"Kananefatská"}},{"type":"Feature","geometry":{"type":"LineString","coordinates":[[17.156931,48.045485],[17.159603,48.043096]]},"properties":{"n":"Attidova"}},{"type":"Feature","geometry":{"type":"LineString","coordinates":[[17.156031,48.043014],[17.159043,48.04453]]},"properties":{"n":"Auréliova"}},{"type":"Feature","geometry":{"type":"LineString","coordinates":[[17.158868,48.042817],[17.156303,48.045114]]},"properties":{"n":"Dolichénska"}},{"type":"Feature","geometry":{"type":"LineString","coordinates":[[17.159423,48.045402],[17.158047,48.04661]]},"properties":{"n":"Domiciánova"}},{"type":"Feature","geometry":{"type":"LineString","coordinates":[[17.1582,48.042497],[17.15566,48.044774]]},"properties":{"n":"Firmova"}},{"type":"Feature","geometry":{"type":"LineString","coordinates":[[17.160681,48.043016],[17.158091,48.045406],[17.157864,48.045821],[17.15736,48.046249]]},"properties":{"n":"Severovcov"}},{"type":"Feature","geometry":{"type":"LineString","coordinates":[[17.141569,48.062285],[17.140318,48.061356],[17.140055,48.061489],[17.139918,48.061466],[17.138681,48.060559],[17.136201,48.058624]]},"properties":{"n":"Jána Dekana"}},{"type":"Feature","geometry":{"type":"LineString","coordinates":[[17.139462,48.0603],[17.138308,48.060692]]},"properties":{"n":"Radoslava Hošeka"}},{"type":"Feature","geometry":{"type":"LineString","coordinates":[[17.139462,48.0603],[17.139438,48.060191],[17.137528,48.058681],[17.137713,48.058287],[17.137692,48.058212]]},"properties":{"n":"Ľudmily Kraskovskej"}},{"type":"Feature","geometry":{"type":"LineString","coordinates":[[17.159569,48.049501],[17.160075,48.049824]]},"properties":{"n":"Švajčiareň"}},{"type":"Feature","geometry":{"type":"LineString","coordinates":[[17.140318,48.061356],[17.1406,48.061179],[17.140616,48.061121],[17.139959,48.060636]]},"properties":{"n":"Ágosta Sötéra"}},{"type":"Feature","geometry":{"type":"LineString","coordinates":[[17.148059,48.054953],[17.148466,48.05539],[17.148344,48.055515],[17.148464,48.055712],[17.148625,48.055825]]},"properties":{"n":"Laury Henckelovej"}},{"type":"Feature","geometry":{"type":"LineString","coordinates":[[17.199909,48.031988],[17.199201,48.032302],[17.192919,48.033973]]},"properties":{"n":"Dlhá"}},{"type":"Feature","geometry":{"type":"MultiLineString","coordinates":[[[17.199909,48.031988],[17.200055,48.031793],[17.200051,48.031677],[17.201024,48.032704]],[[17.196464,48.027049],[17.199474,48.031069],[17.200051,48.031677],[17.20003,48.031559],[17.199304,48.030411],[17.197232,48.027563],[17.196737,48.026959]]]},"properties":{"n":"Hraničiarska"}},{"type":"Feature","geometry":{"type":"LineString","coordinates":[[17.198343,48.02625],[17.199779,48.027693],[17.201724,48.030089],[17.202879,48.031551],[17.202985,48.031739]]},"properties":{"n":"Na hrádzi"}},{"type":"Feature","geometry":{"type":"MultiLineString","coordinates":[[[17.195571,48.033927],[17.19567,48.034126],[17.195953,48.034046],[17.195963,48.033983],[17.195872,48.033916],[17.195571,48.033927],[17.195237,48.033362]],[[17.19567,48.034126],[17.195728,48.034277],[17.19355,48.03484],[17.193385,48.034768],[17.192919,48.033973]]]},"properties":{"n":"Novosadná"}},{"type":"Feature","geometry":{"type":"LineString","coordinates":[[17.194879,48.027493],[17.196737,48.026959],[17.199014,48.025955],[17.199195,48.025755],[17.199029,48.025544]]},"properties":{"n":"Petržalská"}},{"type":"Feature","geometry":{"type":"LineString","coordinates":[[17.197232,48.027563],[17.200091,48.02657]]},"properties":{"n":"Ražná"}},{"type":"Feature","geometry":{"type":"LineString","coordinates":[[17.197257,48.031124],[17.201373,48.029682]]},"properties":{"n":"Skýcovská"}},{"type":"Feature","geometry":{"type":"LineString","coordinates":[[17.201024,48.032704],[17.201556,48.032568],[17.20197,48.032382],[17.202985,48.031739]]},"properties":{"n":"Sochorova"}},{"type":"Feature","geometry":{"type":"LineString","coordinates":[[17.199909,48.031988],[17.199812,48.03233],[17.199818,48.032513],[17.199946,48.032929],[17.200419,48.034096],[17.201455,48.037058],[17.201739,48.037731]]},"properties":{"n":"Turistická"}},{"type":"Feature","geometry":{"type":"LineString","coordinates":[[17.194879,48.027493],[17.197708,48.031812],[17.198159,48.032578]]},"properties":{"n":"Záhumenná"}},{"type":"Feature","geometry":{"type":"LineString","coordinates":[[17.196464,48.027049],[17.193509,48.022608]]},"properties":{"n":"Schengenská"}},{"type":"Feature","geometry":{"type":"LineString","coordinates":[[17.199451,48.026784],[17.199877,48.024748]]},"properties":{"n":"Ovsená"}},{"type":"Feature","geometry":{"type":"LineString","coordinates":[[17.195326,48.031765],[17.192691,48.032546]]},"properties":{"n":"Krušpánová"}},{"type":"Feature","geometry":{"type":"LineString","coordinates":[[17.190775,48.031664],[17.19122,48.032342]]},"properties":{"n":"Rebríčková"}},{"type":"Feature","geometry":{"type":"LineString","coordinates":[[17.191873,48.031343],[17.192691,48.032546]]},"properties":{"n":"Rakytníková"}},{"type":"Feature","geometry":{"type":"LineString","coordinates":[[17.192876,48.031049],[17.193423,48.031903]]},"properties":{"n":"Ibišteková"}},{"type":"Feature","geometry":{"type":"LineString","coordinates":[[17.194525,48.030568],[17.195326,48.031765]]},"properties":{"n":"Cezmínová"}},{"type":"Feature","geometry":{"type":"LineString","coordinates":[[17.196369,48.031464],[17.195857,48.030647]]},"properties":{"n":"Zobová"}},{"type":"Feature","geometry":{"type":"LineString","coordinates":[[17.196516,48.02998],[17.194525,48.030568]]},"properties":{"n":"Konopiská"}},{"type":"Feature","geometry":{"type":"LineString","coordinates":[[17.19574,48.034276],[17.196016,48.03472]]},"properties":{"n":"K pasienkom"}},{"type":"Feature","geometry":{"type":"LineString","coordinates":[[17.191813,48.029041],[17.189125,48.029844]]},"properties":{"n":"Borievková ulica"}},{"type":"Feature","geometry":{"type":"LineString","coordinates":[[17.191522,48.028599],[17.192855,48.030588],[17.193699,48.030373],[17.193889,48.030674]]},"properties":{"n":"Cédrová ulica"}},{"type":"Feature","geometry":{"type":"LineString","coordinates":[[17.192414,48.029963],[17.189843,48.03072]]},"properties":{"n":"Ciroková ulica"}},{"type":"Feature","geometry":{"type":"LineString","coordinates":[[17.189767,48.030192],[17.190398,48.030013]]},"properties":{"n":"Chrenová ulica"}},{"type":"Feature","geometry":{"type":"LineString","coordinates":[[17.190051,48.030644],[17.189453,48.02974]]},"properties":{"n":"Plamienková ulica"}},{"type":"Feature","geometry":{"type":"LineString","coordinates":[[17.191432,48.03025],[17.191202,48.029894]]},"properties":{"n":"Prosová ulica"}},{"type":"Feature","geometry":{"type":"LineString","coordinates":[[17.191356,48.03142],[17.190735,48.030461]]},"properties":{"n":"Rozchodníková ulica"}},{"type":"Feature","geometry":{"type":"LineString","coordinates":[[17.191092,48.028137],[17.18996,48.028476]]},"properties":{"n":"Csenárova ulica"}},{"type":"Feature","geometry":{"type":"LineString","coordinates":[[17.114326,48.066076],[17.113417,48.066354],[17.111051,48.067224],[17.107561,48.068411],[17.107442,48.068388],[17.106747,48.067434]]},"properties":{"n":"Chotárna"}},{"type":"Feature","geometry":{"type":"MultiLineString","coordinates":[[[17.11282,48.06535],[17.112852,48.065717],[17.112813,48.065784],[17.111347,48.06631],[17.110561,48.066576],[17.110319,48.0662]],[[17.110561,48.066576],[17.111051,48.067224]]]},"properties":{"n":"Fikusová"}},{"type":"Feature","geometry":{"type":"MultiLineString","coordinates":[[[17.117829,48.071064],[17.113632,48.065077],[17.112845,48.064529],[17.112663,48.064495],[17.112474,48.06453]],[[17.112753,48.064304],[17.112759,48.064414],[17.112845,48.064529]]]},"properties":{"n":"Jantárová"}},{"type":"Feature","geometry":{"type":"LineString","coordinates":[[17.113572,48.065033],[17.114569,48.064241],[17.1147,48.064066],[17.115366,48.062649],[17.115895,48.061763],[17.116438,48.060452],[17.116797,48.059806]]},"properties":{"n":"Kôstková"}},{"type":"Feature","geometry":{"type":"LineString","coordinates":[[17.106982,48.064133],[17.106253,48.064657],[17.106209,48.064828],[17.107214,48.06536],[17.109108,48.066614]]},"properties":{"n":"Kožušnícka"}},{"type":"Feature","geometry":{"type":"MultiLineString","coordinates":[[[17.116797,48.059806],[17.116638,48.059697]],[[17.11355,48.062612],[17.113735,48.062312],[17.114003,48.062105],[17.115299,48.060787],[17.116638,48.059697],[17.116536,48.059647],[17.116437,48.059665],[17.115033,48.06083],[17.113921,48.061982],[17.113735,48.062312]],[[17.115299,48.060787],[17.115174,48.060716]],[[17.111585,48.065071],[17.110636,48.065581],[17.10949,48.065917],[17.107621,48.066332],[17.105096,48.067031]],[[17.113066,48.06367],[17.113086,48.063491],[17.113203,48.0632],[17.113384,48.062812],[17.11355,48.062612],[17.113525,48.062837],[17.113426,48.063069],[17.112753,48.064304],[17.111911,48.064991],[17.111756,48.065085],[17.111585,48.065071],[17.112003,48.064644],[17.11221,48.064739]]]},"properties":{"n":"Mandľová"}},{"type":"Feature","geometry":{"type":"LineString","coordinates":[[17.113632,48.065077],[17.115522,48.064441],[17.117035,48.064082]]},"properties":{"n":"Ovocná"}},{"type":"Feature","geometry":{"type":"MultiLineString","coordinates":[[[17.116879,48.067752],[17.116245,48.067346],[17.115642,48.066851],[17.115016,48.067062]],[[17.114669,48.064706],[17.114726,48.065036],[17.114996,48.065672],[17.115504,48.06652],[17.115642,48.066851]]]},"properties":{"n":"Pílová"}},{"type":"Feature","geometry":{"type":"LineString","coordinates":[[17.113632,48.065077],[17.104758,48.068139],[17.104255,48.068364],[17.103004,48.069139],[17.101965,48.069613]]},"properties":{"n":"Palmová"}},{"type":"Feature","geometry":{"type":"LineString","coordinates":[[17.116594,48.063008],[17.116671,48.062933],[17.117934,48.060327],[17.116797,48.059806]]},"properties":{"n":"Rastlinná"}},{"type":"Feature","geometry":{"type":"LineString","coordinates":[[17.116035,48.06431],[17.118548,48.066911]]},"properties":{"n":"Semenárska"}},{"type":"Feature","geometry":{"type":"MultiLineString","coordinates":[[[17.110803,48.064056],[17.109607,48.064809]],[[17.114574,48.060439],[17.114029,48.060398],[17.113552,48.060073],[17.113406,48.060069],[17.112551,48.060587],[17.111637,48.061635],[17.11143,48.061823],[17.11124,48.06191],[17.111045,48.062128],[17.110757,48.062663],[17.110634,48.063035],[17.110572,48.063737],[17.110598,48.063916]]]},"properties":{"n":"Trnková"}},{"type":"Feature","geometry":{"type":"MultiLineString","coordinates":[[[17.118062,48.067177],[17.116136,48.066324],[17.115523,48.065563],[17.114994,48.065667]],[[17.116136,48.066324],[17.115592,48.06672]]]},"properties":{"n":"Morušová"}},{"type":"Feature","geometry":{"type":"LineString","coordinates":[[17.119739,48.0664],[17.117035,48.064082]]},"properties":{"n":"Zeleninová"}},{"type":"Feature","geometry":{"type":"LineString","coordinates":[[17.119739,48.0664],[17.118548,48.066911],[17.117078,48.067734],[17.116879,48.067752]]},"properties":{"n":"Urbárska"}},{"type":"Feature","geometry":{"type":"LineString","coordinates":[[17.116333,48.068951],[17.116177,48.068952],[17.115159,48.06921],[17.114781,48.069164],[17.114001,48.068582],[17.11386,48.068202],[17.113488,48.068006]]},"properties":{"n":"Koreňová"}},{"type":"Feature","geometry":{"type":"LineString","coordinates":[[17.122253,48.069572],[17.12251,48.069474],[17.124007,48.068561]]},"properties":{"n":"Františka Schmuckera"}},{"type":"Feature","geometry":{"type":"LineString","coordinates":[[17.122698,48.068276],[17.122607,48.068379],[17.121573,48.069014],[17.121569,48.069066],[17.122253,48.069572]]},"properties":{"n":"Ladislava Batthyányho"}},{"type":"Feature","geometry":{"type":"LineString","coordinates":[[17.121486,48.068008],[17.120446,48.068652]]},"properties":{"n":"Petara Pasicha"}},{"type":"Feature","geometry":{"type":"LineString","coordinates":[[17.120308,48.067697],[17.119451,48.068219]]},"properties":{"n":"Jozefa Mikisitsa"}},{"type":"Feature","geometry":{"type":"LineString","coordinates":[[17.119176,48.067365],[17.118552,48.067767]]},"properties":{"n":"Pave Vukoviča"}},{"type":"Feature","geometry":{"type":"LineString","coordinates":[[17.125033,48.069022],[17.124058,48.069613]]},"properties":{"n":"Pri tehelni"}},{"type":"Feature","geometry":{"type":"LineString","coordinates":[[17.109206,48.065214],[17.108771,48.065507],[17.108639,48.065534]]},"properties":{"n":"Bylinková"}},{"type":"Feature","geometry":{"type":"LineString","coordinates":[[17.107988,48.064298],[17.109587,48.065488]]},"properties":{"n":"Oleandrová"}},{"type":"Feature","geometry":{"type":"LineString","coordinates":[[17.10746,48.064647],[17.107009,48.064314]]},"properties":{"n":"Repková"}},{"type":"Feature","geometry":{"type":"MultiLineString","coordinates":[[[17.117773,48.070402],[17.117709,48.070601],[17.118156,48.071242]],[[17.118902,48.070421],[17.11887,48.070565],[17.119101,48.070908]]]},"properties":{"n":"Smaragdová"}},{"type":"Feature","geometry":{"type":"LineString","coordinates":[[17.120224,48.070122],[17.119854,48.069746]]},"properties":{"n":"Diamantová"}},{"type":"Feature","geometry":{"type":"LineString","coordinates":[[17.118902,48.070421],[17.119004,48.069607],[17.119806,48.068974],[17.119888,48.068954]]},"properties":{"n":"Opálová"}},{"type":"Feature","geometry":{"type":"LineString","coordinates":[[17.119888,48.068954],[17.119963,48.068962],[17.121003,48.069785]]},"properties":{"n":"Zafírová"}},{"type":"Feature","geometry":{"type":"LineString","coordinates":[[17.110204,48.062345],[17.109919,48.062553],[17.109535,48.062704]]},"properties":{"n":"Slavónska"}},{"type":"Feature","geometry":{"type":"LineString","coordinates":[[17.110645,48.063005],[17.109919,48.062553]]},"properties":{"n":"Osijecká"}},{"type":"Feature","geometry":{"type":"LineString","coordinates":[[17.112617,48.06667],[17.11339,48.067123]]},"properties":{"n":"Zamatová"}},{"type":"Feature","geometry":{"type":"LineString","coordinates":[[17.109754,48.063296],[17.110598,48.063916]]},"properties":{"n":"Plitvická"}},{"type":"Feature","geometry":{"type":"LineString","coordinates":[[17.104878,48.068096],[17.104196,48.067424]]},"properties":{"n":"Bažantnicová"}},{"type":"Feature","geometry":{"type":"MultiLineString","coordinates":[[[17.102348,48.100101],[17.101831,48.100193],[17.101545,48.10033]],[[17.10154,48.100093],[17.104064,48.100088],[17.104631,48.100196],[17.104581,48.100307],[17.104602,48.101265]],[[17.104631,48.100196],[17.106824,48.100942],[17.107459,48.101114],[17.107792,48.101149],[17.108169,48.101008]],[[17.107459,48.101114],[17.107875,48.101604]]]},"properties":{"n":"Lietavská"}},{"type":"Feature","geometry":{"type":"LineString","coordinates":[[17.099524,48.114959],[17.098108,48.113408],[17.100561,48.112291],[17.101208,48.112216]]},"properties":{"n":"Ulica Ondreja Štefanka"}},{"type":"Feature","geometry":{"type":"MultiLineString","coordinates":[[[17.116653,48.129988],[17.114115,48.130078],[17.113958,48.128056]],[[17.109946,48.126744],[17.110208,48.129934],[17.110376,48.130046],[17.1105,48.130061],[17.112037,48.130034],[17.111991,48.129489]],[[17.112037,48.130034],[17.112206,48.130126],[17.112396,48.13015],[17.114115,48.130078]]]},"properties":{"n":"Černyševského"}},{"type":"Feature","geometry":{"type":"LineString","coordinates":[[17.090718,48.127194],[17.089218,48.125874],[17.089152,48.125774]]},"properties":{"n":"Ľubietovská"}},{"type":"Feature","geometry":{"type":"MultiLineString","coordinates":[[[17.10623,48.118361],[17.106234,48.118671],[17.10649,48.118937],[17.106527,48.119523]],[[17.101463,48.118908],[17.101656,48.118913],[17.101727,48.118964],[17.101722,48.119275],[17.100847,48.119326],[17.100559,48.119409],[17.099688,48.118523]],[[17.105656,48.117396],[17.105771,48.118927],[17.105723,48.119111],[17.105379,48.119339],[17.10368,48.120052],[17.10347,48.120097],[17.101416,48.120165],[17.10125,48.120109],[17.101102,48.119985],[17.100559,48.119409]],[[17.101906,48.117844],[17.101961,48.118843]]]},"properties":{"n":"Ševčenkova"}},{"type":"Feature","geometry":{"type":"MultiLineString","coordinates":[[[17.101202,48.108049],[17.101688,48.107796],[17.103628,48.106956],[17.104901,48.106476],[17.105339,48.106387],[17.106391,48.106307],[17.107882,48.106269]],[[17.101108,48.107996],[17.101688,48.107796]]]},"properties":{"n":"Šintavská"}},{"type":"Feature","geometry":{"type":"MultiLineString","coordinates":[[[17.099688,48.118523],[17.098412,48.117213],[17.098777,48.117055],[17.098897,48.117079],[17.09927,48.117528],[17.099236,48.117871],[17.099125,48.117952]],[[17.098412,48.117213],[17.09756,48.11633],[17.097473,48.116046],[17.097574,48.115835],[17.097928,48.115636],[17.101449,48.114136]]]},"properties":{"n":"Švabinského"}},{"type":"Feature","geometry":{"type":"LineString","coordinates":[[17.097806,48.121172],[17.092993,48.122625],[17.092833,48.122764],[17.092562,48.122899],[17.089199,48.123698]]},"properties":{"n":"Údernícka"}},{"type":"Feature","geometry":{"type":"LineString","coordinates":[[17.127852,48.121284],[17.126704,48.120903],[17.126586,48.120827],[17.126505,48.120692],[17.128658,48.117822]]},"properties":{"n":"A. Gwerkovej"}},{"type":"Feature","geometry":{"type":"LineString","coordinates":[[17.120258,48.100371],[17.115324,48.100516],[17.115607,48.104614]]},"properties":{"n":"Antolská"}},{"type":"Feature","geometry":{"type":"LineString","coordinates":[[17.106732,48.122946],[17.10471,48.123013],[17.104385,48.122916],[17.102873,48.121388],[17.102807,48.121246],[17.10272,48.120127]]},"properties":{"n":"Belinského"}},{"type":"Feature","geometry":{"type":"MultiLineString","coordinates":[[[17.126941,48.126711],[17.12881,48.126652],[17.129043,48.126573],[17.129148,48.126491],[17.130194,48.125139]],[[17.126994,48.127367],[17.129078,48.127307],[17.129373,48.127281],[17.129577,48.127199],[17.129762,48.127026],[17.13102,48.125413]]]},"properties":{"n":"Blagoevova"}},{"type":"Feature","geometry":{"type":"LineString","coordinates":[[17.098339,48.130808],[17.098195,48.128902],[17.098165,48.128821],[17.097998,48.128709]]},"properties":{"n":"Bohrova"}},{"type":"Feature","geometry":{"type":"MultiLineString","coordinates":[[[17.128413,48.12758],[17.116431,48.127991]],[[17.119419,48.129864],[17.11929,48.127897]],[[17.116426,48.127911],[17.128822,48.127489]]]},"properties":{"n":"Bosákova"}},{"type":"Feature","geometry":{"type":"MultiLineString","coordinates":[[[17.101045,48.111286],[17.095603,48.113617],[17.094482,48.114161],[17.09241,48.114994],[17.089827,48.115844],[17.083464,48.117511]],[[17.082985,48.117587],[17.088677,48.116107],[17.089781,48.115798],[17.091278,48.115285],[17.09357,48.114411],[17.095612,48.11345],[17.100676,48.111253],[17.101034,48.111135]]]},"properties":{"n":"Bratská"}},{"type":"Feature","geometry":{"type":"LineString","coordinates":[[17.091526,48.11987],[17.087824,48.120694]]},"properties":{"n":"Dargovská"}},{"type":"Feature","geometry":{"type":"MultiLineString","coordinates":[[[17.094747,48.125564],[17.09496,48.125852],[17.095041,48.125883],[17.096097,48.125536],[17.096148,48.1255],[17.096111,48.125392],[17.096696,48.12518]],[[17.094918,48.125772],[17.096111,48.125392]]]},"properties":{"n":"Dubnická"}},{"type":"Feature","geometry":{"type":"LineString","coordinates":[[17.115759,48.114699],[17.117776,48.11542],[17.121062,48.116691]]},"properties":{"n":"Dudova"}},{"type":"Feature","geometry":{"type":"MultiLineString","coordinates":[[[17.111938,48.132352],[17.112322,48.13226]],[[17.111093,48.132438],[17.110907,48.132638],[17.110854,48.132415],[17.111004,48.132445],[17.111339,48.132369],[17.11168,48.132401],[17.111938,48.132352],[17.111473,48.132335],[17.11121,48.132241],[17.111231,48.132304],[17.111181,48.13239]],[[17.110854,48.132415],[17.110769,48.132337],[17.110773,48.132261]],[[17.108918,48.133408],[17.110797,48.132731],[17.110907,48.132638]],[[17.109885,48.13193],[17.110423,48.1319],[17.110944,48.132041],[17.11117,48.131976]],[[17.110916,48.13215],[17.111035,48.132148],[17.111117,48.13207],[17.1112,48.131875],[17.111912,48.131854],[17.112372,48.131769]],[[17.111035,48.132148],[17.11121,48.132241]],[[17.110562,48.13203],[17.110916,48.13215],[17.110773,48.132261],[17.110686,48.13212],[17.110562,48.13203],[17.109885,48.13193],[17.107664,48.132046],[17.107143,48.132148],[17.106641,48.132506],[17.105782,48.133304],[17.105465,48.133665],[17.105177,48.13421],[17.105118,48.134521],[17.105185,48.134583],[17.10596,48.134591],[17.106863,48.13396]],[[17.108679,48.131802],[17.098021,48.132185],[17.095747,48.132216]],[[17.1112,48.131875],[17.111172,48.131784],[17.111072,48.131746],[17.108679,48.131802],[17.123573,48.131232],[17.124315,48.131223],[17.125254,48.131305]],[[17.095637,48.13182],[17.097122,48.131813],[17.123387,48.130816]]]},"properties":{"n":"Einsteinova"}},{"type":"Feature","geometry":{"type":"MultiLineString","coordinates":[[[17.116431,48.127991],[17.114767,48.128022],[17.116426,48.127911]],[[17.11005,48.128199],[17.111902,48.128126],[17.111838,48.127269],[17.111593,48.127273]],[[17.111902,48.128126],[17.114767,48.128022]]]},"properties":{"n":"Farského"}},{"type":"Feature","geometry":{"type":"MultiLineString","coordinates":[[[17.102511,48.118485],[17.103825,48.118433],[17.101472,48.115999]],[[17.105718,48.118374],[17.103825,48.118433]]]},"properties":{"n":"Fedinova"}},{"type":"Feature","geometry":{"type":"MultiLineString","coordinates":[[[17.120159,48.120393],[17.118533,48.11982]],[[17.121193,48.121336],[17.119302,48.123856]],[[17.12499,48.126069],[17.122527,48.126108],[17.12201,48.126001],[17.121666,48.12579],[17.120219,48.1243],[17.119999,48.123943],[17.119989,48.123769],[17.12,48.123591],[17.120166,48.123251],[17.121453,48.121504],[17.121442,48.121099],[17.121324,48.12093],[17.121062,48.120723],[17.120159,48.120393],[17.119863,48.120775],[17.119706,48.120739],[17.119552,48.120914],[17.119402,48.120987]],[[17.118586,48.119749],[17.121052,48.120627],[17.121375,48.120831],[17.121552,48.121063],[17.121598,48.12133],[17.121525,48.121634],[17.120179,48.123407],[17.120094,48.123848],[17.120233,48.124151],[17.121495,48.125473],[17.121914,48.12584],[17.122099,48.125943],[17.122533,48.126046],[17.122817,48.126057],[17.124234,48.126013]]]},"properties":{"n":"Furdekova"}},{"type":"Feature","geometry":{"type":"MultiLineString","coordinates":[[[17.099364,48.127437],[17.099272,48.126471]],[[17.099008,48.126488],[17.099091,48.127386]],[[17.103244,48.126279],[17.103003,48.126353],[17.101207,48.126408]],[[17.096688,48.128078],[17.098198,48.126519],[17.101207,48.126408],[17.101283,48.127398]]]},"properties":{"n":"Gercenova"}},{"type":"Feature","geometry":{"type":"MultiLineString","coordinates":[[[17.093656,48.123495],[17.094028,48.12407]],[[17.093432,48.123427],[17.093159,48.122968],[17.091614,48.119896],[17.091526,48.11987]]]},"properties":{"n":"Gogoľova"}},{"type":"Feature","geometry":{"type":"LineString","coordinates":[[17.089079,48.118872],[17.090427,48.118578]]},"properties":{"n":"Goralská"}},{"type":"Feature","geometry":{"type":"MultiLineString","coordinates":[[[17.105351,48.121205],[17.105418,48.122368],[17.105504,48.12252],[17.105753,48.122569],[17.106703,48.122521],[17.106574,48.121002],[17.106521,48.120914],[17.106381,48.120848],[17.106094,48.120867],[17.105351,48.121205],[17.10515,48.121233],[17.103577,48.121931]],[[17.106732,48.122946],[17.106703,48.122521]]]},"properties":{"n":"Hálova"}},{"type":"Feature","geometry":{"type":"LineString","coordinates":[[17.094788,48.127339],[17.09457,48.127261],[17.091583,48.124906]]},"properties":{"n":"Handlovská"}},{"type":"Feature","geometry":{"type":"LineString","coordinates":[[17.093109,48.124768],[17.094236,48.124388]]},"properties":{"n":"Harmanecká"}},{"type":"Feature","geometry":{"type":"MultiLineString","coordinates":[[[17.08676,48.118631],[17.088784,48.118268]],[[17.09001,48.117955],[17.088763,48.118222]]]},"properties":{"n":"Hrobárska"}},{"type":"Feature","geometry":{"type":"LineString","coordinates":[[17.129218,48.099727],[17.129397,48.099719],[17.130489,48.099379]]},"properties":{"n":"Janíkovské Role"}},{"type":"Feature","geometry":{"type":"LineString","coordinates":[[17.093731,48.127509],[17.091961,48.127845]]},"properties":{"n":"Jaroslavova"}},{"type":"Feature","geometry":{"type":"MultiLineString","coordinates":[[[17.118461,48.094533],[17.119024,48.094547],[17.119596,48.094752],[17.119725,48.095041],[17.119805,48.096024]],[[17.111252,48.098303],[17.111057,48.095765],[17.111113,48.095543],[17.111344,48.095377],[17.112805,48.094761],[17.113056,48.094706],[17.118461,48.094533],[17.118477,48.094069],[17.119445,48.09396]]]},"properties":{"n":"Jasovská"}},{"type":"Feature","geometry":{"type":"MultiLineString","coordinates":[[[17.105658,48.117446],[17.104828,48.117335],[17.104143,48.117025],[17.10392,48.116849],[17.102161,48.11507],[17.101501,48.114345],[17.101305,48.114035],[17.101211,48.113678],[17.101045,48.111286]],[[17.101139,48.111241],[17.101325,48.113797],[17.101449,48.114136],[17.102103,48.114885],[17.104014,48.1168],[17.10431,48.117038],[17.104781,48.117264],[17.105417,48.117392],[17.105656,48.117396]]]},"properties":{"n":"Jiráskova"}},{"type":"Feature","geometry":{"type":"LineString","coordinates":[[17.115059,48.126838],[17.114978,48.125608],[17.114921,48.1255],[17.113665,48.124204]]},"properties":{"n":"Jungmannova"}},{"type":"Feature","geometry":{"type":"LineString","coordinates":[[17.086441,48.118019],[17.087484,48.11996],[17.08918,48.123519],[17.089199,48.123698]]},"properties":{"n":"Kaukazská"}},{"type":"Feature","geometry":{"type":"LineString","coordinates":[[17.091525,48.126825],[17.09117,48.127047],[17.091178,48.127142],[17.091391,48.12735],[17.092079,48.126976],[17.091855,48.126734],[17.091717,48.126723],[17.091525,48.126825]]},"properties":{"n":"Kežmarské nám."}},{"type":"Feature","geometry":{"type":"LineString","coordinates":[[17.119975,48.13572],[17.1236,48.135535],[17.125249,48.135291],[17.125874,48.135148],[17.132519,48.133214],[17.132632,48.133048],[17.132629,48.132828],[17.132112,48.131706]]},"properties":{"n":"Klokočova"}},{"type":"Feature","geometry":{"type":"LineString","coordinates":[[17.119975,48.13572],[17.120086,48.135538],[17.119919,48.134624],[17.119995,48.134494],[17.121053,48.133668],[17.122351,48.13314]]},"properties":{"n":"Kočánkova"}},{"type":"Feature","geometry":{"type":"MultiLineString","coordinates":[[[17.095999,48.115381],[17.095092,48.115455]],[[17.096377,48.115437],[17.097991,48.114787],[17.098425,48.114859],[17.09855,48.114805]]]},"properties":{"n":"Kolmá"}},{"type":"Feature","geometry":{"type":"MultiLineString","coordinates":[[[17.091323,48.112136],[17.088442,48.108555]],[[17.098766,48.123844],[17.098824,48.124184],[17.09875,48.12412],[17.098668,48.123928],[17.098631,48.123725],[17.098685,48.123498],[17.098788,48.123918],[17.098866,48.124019],[17.099053,48.124094],[17.099356,48.124111]],[[17.098118,48.1244],[17.098518,48.12411],[17.098631,48.123725]],[[17.098685,48.123498],[17.098895,48.122686],[17.098808,48.122397],[17.096169,48.119145],[17.094147,48.115556],[17.093743,48.115513],[17.092664,48.115581],[17.092371,48.115483]],[[17.094147,48.115556],[17.091323,48.112136],[17.091496,48.111992],[17.091743,48.111592],[17.091727,48.111366],[17.091948,48.111252],[17.091207,48.110345],[17.091202,48.110262],[17.092895,48.109642]],[[17.084678,48.114701],[17.088488,48.113345],[17.08837,48.113213],[17.088213,48.1132],[17.087169,48.113551],[17.087075,48.113653],[17.087194,48.113788]],[[17.091441,48.112282],[17.088488,48.113345]],[[17.090553,48.11262],[17.090929,48.113067]]]},"properties":{"n":"Kopčianska"}},{"type":"Feature","geometry":{"type":"LineString","coordinates":[[17.094235,48.127909],[17.090797,48.125172]]},"properties":{"n":"Kremnická"}},{"type":"Feature","geometry":{"type":"LineString","coordinates":[[17.094028,48.12407],[17.094744,48.125086],[17.095007,48.125386]]},"properties":{"n":"Krupinská"}},{"type":"Feature","geometry":{"type":"LineString","coordinates":[[17.090859,48.119221],[17.087484,48.11996]]},"properties":{"n":"Kubínska"}},{"type":"Feature","geometry":{"type":"MultiLineString","coordinates":[[[17.118327,48.124908],[17.116415,48.122919]],[[17.120891,48.124842],[17.119015,48.125643],[17.118327,48.124908],[17.119761,48.124247],[17.11941,48.123893],[17.118176,48.123471],[17.117714,48.123712],[17.117178,48.123106],[17.117214,48.123058]],[[17.117714,48.123712],[17.118148,48.12418],[17.117785,48.124326]]]},"properties":{"n":"Lachova"}},{"type":"Feature","geometry":{"type":"LineString","coordinates":[[17.093339,48.128744],[17.092615,48.128453],[17.091391,48.12735]]},"properties":{"n":"Levočská"}},{"type":"Feature","geometry":{"type":"MultiLineString","coordinates":[[[17.129692,48.118833],[17.130181,48.118996]],[[17.131086,48.119718],[17.129453,48.119187],[17.129692,48.118833],[17.129428,48.11873]],[[17.128009,48.118703],[17.128966,48.119023],[17.129446,48.118392]],[[17.129453,48.119187],[17.129272,48.119125],[17.12873,48.11988]],[[17.129272,48.119125],[17.128966,48.119023]]]},"properties":{"n":"M. Curie Sklodowskej"}},{"type":"Feature","geometry":{"type":"LineString","coordinates":[[17.134811,48.130736],[17.135365,48.130348],[17.13543,48.130259],[17.135359,48.130178],[17.132601,48.129223],[17.135003,48.126874],[17.135158,48.126424],[17.135362,48.126058],[17.136388,48.124721],[17.13683,48.123671],[17.137027,48.12262]]},"properties":{"n":"Májová"}},{"type":"Feature","geometry":{"type":"LineString","coordinates":[[17.114001,48.12861],[17.110093,48.128744]]},"properties":{"n":"Mánesovo nám."}},{"type":"Feature","geometry":{"type":"LineString","coordinates":[[17.10676,48.128276],[17.106589,48.126023]]},"properties":{"n":"Macharova"}},{"type":"Feature","geometry":{"type":"MultiLineString","coordinates":[[[17.105718,48.113835],[17.106851,48.113851],[17.107096,48.113554]],[[17.10581,48.11518],[17.106851,48.113851]],[[17.104748,48.114929],[17.10606,48.114909]]]},"properties":{"n":"Markova"}},{"type":"Feature","geometry":{"type":"LineString","coordinates":[[17.089749,48.120257],[17.088532,48.11771]]},"properties":{"n":"Nábrežná"}},{"type":"Feature","geometry":{"type":"MultiLineString","coordinates":[[[17.119402,48.120987],[17.118041,48.120489],[17.118586,48.119749]],[[17.117756,48.12039],[17.11805,48.120011]],[[17.113799,48.122033],[17.11404,48.12208],[17.116267,48.122004],[17.116529,48.12193],[17.116737,48.121731]],[[17.116415,48.122919],[17.116545,48.122837],[17.117461,48.121685],[17.117308,48.121618],[17.117114,48.121873],[17.116737,48.121731],[17.117756,48.12039],[17.118041,48.120489],[17.116854,48.122103],[17.116543,48.122338],[17.116155,48.122498],[17.115826,48.122573],[17.114171,48.122612],[17.113761,48.122764]],[[17.117114,48.121873],[17.116931,48.122119],[17.116753,48.122257],[17.116543,48.122338]],[[17.118702,48.119796],[17.117308,48.121618],[17.11723,48.121592]]]},"properties":{"n":"Nám. Hraničiarov"}},{"type":"Feature","geometry":{"type":"LineString","coordinates":[[17.089989,48.125455],[17.091525,48.126825]]},"properties":{"n":"Novobanská"}},{"type":"Feature","geometry":{"type":"MultiLineString","coordinates":[[[17.095007,48.125386],[17.09435,48.125765],[17.093857,48.12536],[17.094946,48.125311]],[[17.092799,48.124482],[17.092945,48.124649],[17.093857,48.12536]],[[17.09435,48.125765],[17.094601,48.125974]],[[17.093542,48.125114],[17.094744,48.125086]]]},"properties":{"n":"Očovská"}},{"type":"Feature","geometry":{"type":"LineString","coordinates":[[17.098339,48.130808],[17.09549,48.130944],[17.094988,48.130815],[17.094622,48.130569],[17.094528,48.130341],[17.094412,48.129016],[17.094572,48.128727],[17.095604,48.127652]]},"properties":{"n":"Pečnianska"}},{"type":"Feature","geometry":{"type":"LineString","coordinates":[[17.132313,48.132124],[17.133419,48.132028],[17.133502,48.131961],[17.133547,48.13169]]},"properties":{"n":"Pobrežná"}},{"type":"Feature","geometry":{"type":"LineString","coordinates":[[17.122351,48.13314],[17.122593,48.13305],[17.124033,48.132229],[17.124324,48.132125],[17.128152,48.131992]]},"properties":{"n":"Pri Seči"}},{"type":"Feature","geometry":{"type":"MultiLineString","coordinates":[[[17.099688,48.118523],[17.100979,48.117949]],[[17.100048,48.115811],[17.100606,48.116383],[17.102115,48.115728],[17.102251,48.115713],[17.102401,48.115788]],[[17.101385,48.11723],[17.100606,48.116383]]]},"properties":{"n":"Prokofievova"}},{"type":"Feature","geometry":{"type":"LineString","coordinates":[[17.095226,48.12687],[17.092408,48.12463]]},"properties":{"n":"Prokopova"}},{"type":"Feature","geometry":{"type":"MultiLineString","coordinates":[[[17.10914,48.113322],[17.110096,48.113286],[17.110108,48.113437],[17.109145,48.113461],[17.109129,48.113021]],[[17.109814,48.117088],[17.109786,48.116543]],[[17.112652,48.116443],[17.109786,48.116543],[17.109682,48.115469],[17.109562,48.115193],[17.109502,48.113867],[17.109099,48.11382],[17.109049,48.113728],[17.109062,48.113597],[17.109145,48.113461]]]},"properties":{"n":"Rovniankova"}},{"type":"Feature","geometry":{"type":"LineString","coordinates":[[17.093439,48.129661],[17.093475,48.129182],[17.093221,48.129569],[17.093215,48.129295],[17.09349,48.128798],[17.093808,48.128359],[17.095226,48.12687],[17.097194,48.124933],[17.097794,48.124536],[17.0985,48.124264],[17.098919,48.124159],[17.099957,48.124081],[17.110352,48.12373],[17.11224,48.123587],[17.110844,48.123767],[17.110268,48.123795],[17.100033,48.124152],[17.099272,48.124224],[17.098532,48.124376],[17.097753,48.124684],[17.097375,48.124923],[17.097074,48.12519],[17.094077,48.128243],[17.093706,48.128746],[17.093475,48.129182]]},"properties":{"n":"Rusovská cesta"}},{"type":"Feature","geometry":{"type":"LineString","coordinates":[[17.126419,48.127859],[17.127604,48.127833],[17.128046,48.127915],[17.128392,48.128117],[17.12887,48.128305],[17.129,48.128302],[17.129102,48.128161],[17.129056,48.128072],[17.128879,48.127998],[17.128046,48.127915]]},"properties":{"n":"Sosnová"}},{"type":"Feature","geometry":{"type":"MultiLineString","coordinates":[[[17.118586,48.119749],[17.119064,48.119271],[17.118702,48.119796]],[[17.119064,48.119271],[17.121062,48.116691],[17.124463,48.11271],[17.125271,48.111932],[17.126666,48.110358]]]},"properties":{"n":"Starohájska"}},{"type":"Feature","geometry":{"type":"MultiLineString","coordinates":[[[17.103351,48.105678],[17.104983,48.105607],[17.104868,48.104198],[17.104827,48.104094]],[[17.105065,48.106436],[17.104983,48.105607]],[[17.104937,48.105005],[17.104535,48.105015],[17.104422,48.10497],[17.104073,48.104602],[17.103964,48.104557],[17.103367,48.104578]]]},"properties":{"n":"Strečnianska"}},{"type":"Feature","geometry":{"type":"MultiLineString","coordinates":[[[17.115324,48.100516],[17.114963,48.100475],[17.114622,48.100286],[17.114413,48.100238],[17.112891,48.100239],[17.112322,48.100309],[17.111598,48.100482],[17.110904,48.100751],[17.110299,48.10112],[17.109789,48.101522],[17.109376,48.101958],[17.109173,48.102434],[17.108589,48.102315],[17.107841,48.101934]],[[17.109173,48.102434],[17.108886,48.10335],[17.10885,48.103834],[17.108943,48.104406],[17.109325,48.105235],[17.109593,48.105602],[17.109935,48.105529]],[[17.112588,48.110042],[17.112597,48.109706],[17.112318,48.109419],[17.11217,48.107489]],[[17.113537,48.109677],[17.112597,48.109706]]]},"properties":{"n":"Tematínska"}},{"type":"Feature","geometry":{"type":"MultiLineString","coordinates":[[[17.109381,48.10767],[17.109325,48.106899],[17.109263,48.106712],[17.109139,48.106558],[17.108951,48.106385],[17.108588,48.106277],[17.107882,48.106269]],[[17.109595,48.110493],[17.109515,48.109499]],[[17.110308,48.109041],[17.110319,48.109203],[17.110273,48.109323],[17.110122,48.109452],[17.109515,48.109499],[17.109381,48.10767],[17.109866,48.10767],[17.110422,48.108242],[17.110414,48.108289],[17.110246,48.108332],[17.109424,48.10835]]]},"properties":{"n":"Topoľčianska"}},{"type":"Feature","geometry":{"type":"MultiLineString","coordinates":[[[17.10581,48.11518],[17.105461,48.115274],[17.104517,48.115317],[17.104339,48.115301],[17.104147,48.115211],[17.102848,48.113861],[17.102756,48.113686],[17.102694,48.112903],[17.105242,48.112758],[17.105352,48.112804],[17.105372,48.112919]],[[17.105087,48.110953],[17.105242,48.112758]],[[17.102694,48.112903],[17.102549,48.111352]]]},"properties":{"n":"Tupolevova"}},{"type":"Feature","geometry":{"type":"LineString","coordinates":[[17.107778,48.098215],[17.107724,48.097223],[17.108064,48.096749],[17.108029,48.09612],[17.107138,48.095165],[17.106234,48.095178],[17.106272,48.095547],[17.10582,48.09556]]},"properties":{"n":"Vígľašská"}},{"type":"Feature","geometry":{"type":"MultiLineString","coordinates":[[[17.097093,48.133767],[17.096003,48.133114],[17.095256,48.1325],[17.094692,48.131835],[17.093416,48.129992],[17.092848,48.129478]],[[17.116977,48.135759],[17.11672,48.135416],[17.116561,48.135302],[17.116123,48.135133],[17.115884,48.135108],[17.115127,48.135182],[17.111442,48.135987],[17.107462,48.136752],[17.105906,48.13667],[17.10237,48.136305],[17.101986,48.136111],[17.100575,48.135083],[17.09902,48.134692],[17.098219,48.134394],[17.097093,48.133767],[17.096639,48.133406],[17.095864,48.132891],[17.095016,48.132032],[17.093439,48.129661],[17.092848,48.129478],[17.090575,48.127374],[17.089063,48.126089],[17.088364,48.125629],[17.087763,48.125401],[17.086952,48.125221],[17.077731,48.123987]]]},"properties":{"n":"Viedenská cesta"}},{"type":"Feature","geometry":{"type":"MultiLineString","coordinates":[[[17.096524,48.123233],[17.097189,48.124081],[17.097949,48.123829],[17.098155,48.123711],[17.098177,48.12361],[17.097977,48.123292],[17.098376,48.123139],[17.098441,48.123052],[17.098219,48.12271]],[[17.095007,48.125386],[17.096024,48.125026],[17.096188,48.124926],[17.09632,48.124738],[17.096524,48.124288],[17.097189,48.124081]]]},"properties":{"n":"Vilová"}},{"type":"Feature","geometry":{"type":"LineString","coordinates":[[17.113665,48.124204],[17.112035,48.124232]]},"properties":{"n":"Vlastenecké námestie"}},{"type":"Feature","geometry":{"type":"LineString","coordinates":[[17.089152,48.125774],[17.093129,48.124359],[17.096524,48.123233],[17.098219,48.12271],[17.098599,48.122624],[17.098887,48.122615]]},"properties":{"n":"Vranovská"}},{"type":"Feature","geometry":{"type":"MultiLineString","coordinates":[[[17.101759,48.098497],[17.10244,48.097611]],[[17.10498,48.097527],[17.10244,48.097611],[17.103982,48.095578],[17.104226,48.095343],[17.104475,48.095264],[17.106074,48.095185]]]},"properties":{"n":"Vyšehradská"}},{"type":"Feature","geometry":{"type":"MultiLineString","coordinates":[[[17.110395,48.125385],[17.110908,48.12537]],[[17.108574,48.12546],[17.110395,48.125385],[17.110302,48.124234],[17.107716,48.124328],[17.106715,48.124749],[17.107704,48.124747]],[[17.107838,48.125981],[17.106589,48.126023],[17.106481,48.124897],[17.106715,48.124749]]]},"properties":{"n":"Wolkrova"}},{"type":"Feature","geometry":{"type":"LineString","coordinates":[[17.100453,48.124663],[17.100241,48.124658],[17.099968,48.124784],[17.098198,48.126519],[17.096387,48.125737]]},"properties":{"n":"Záporožská"}},{"type":"Feature","geometry":{"type":"LineString","coordinates":[[17.096798,48.127969],[17.096934,48.128026],[17.097424,48.128005],[17.097887,48.128228],[17.098569,48.128215],[17.099598,48.128383],[17.099608,48.127972]]},"properties":{"n":"Daliborovo nám."}},{"type":"Feature","geometry":{"type":"LineString","coordinates":[[17.11115,48.096742],[17.114006,48.096639],[17.114164,48.096686],[17.115693,48.096651]]},"properties":{"n":"Turnianska"}},{"type":"Feature","geometry":{"type":"MultiLineString","coordinates":[[[17.1162,48.116886],[17.118509,48.117678],[17.118677,48.1177],[17.119035,48.117645],[17.119384,48.11787],[17.119973,48.118064]],[[17.114934,48.118769],[17.114946,48.11858],[17.115015,48.118416],[17.117397,48.115289]]]},"properties":{"n":"Hrobákova"}},{"type":"Feature","geometry":{"type":"MultiLineString","coordinates":[[[17.129108,48.124754],[17.128089,48.12615],[17.128522,48.126114],[17.128762,48.125879]],[[17.126051,48.126219],[17.128089,48.12615]]]},"properties":{"n":"Bulíkova"}},{"type":"Feature","geometry":{"type":"MultiLineString","coordinates":[[[17.106506,48.100353],[17.107175,48.100581]],[[17.106215,48.100724],[17.106399,48.100493]],[[17.105565,48.098064],[17.105951,48.098054],[17.106676,48.098259],[17.107778,48.098215],[17.107844,48.099152],[17.107072,48.099177]],[[17.107471,48.100863],[17.106399,48.100493],[17.106666,48.100141],[17.107484,48.100097],[17.107645,48.100034],[17.107882,48.099666],[17.107844,48.099152]],[[17.108936,48.100007],[17.108645,48.099915],[17.108274,48.10039]],[[17.106666,48.100141],[17.107049,48.099613]],[[17.108645,48.099915],[17.108699,48.099819],[17.108644,48.098863]]]},"properties":{"n":"Beňadická"}},{"type":"Feature","geometry":{"type":"LineString","coordinates":[[17.105333,48.097919],[17.106528,48.097843],[17.106819,48.097729],[17.107221,48.097204],[17.107175,48.096556]]},"properties":{"n":"Šášovská"}},{"type":"Feature","geometry":{"type":"LineString","coordinates":[[17.097998,48.128709],[17.097795,48.128782],[17.097364,48.128808],[17.094723,48.128878],[17.094486,48.128844]]},"properties":{"n":"Kapicova"}},{"type":"Feature","geometry":{"type":"LineString","coordinates":[[17.096351,48.129822],[17.096257,48.128842]]},"properties":{"n":"Planckova"}},{"type":"Feature","geometry":{"type":"MultiLineString","coordinates":[[[17.098223,48.106662],[17.099372,48.106168],[17.10128,48.106094]],[[17.101614,48.098772],[17.101654,48.099792]],[[17.102348,48.100101],[17.101873,48.099999],[17.101654,48.099792],[17.101657,48.100011],[17.10155,48.100322],[17.101419,48.10052],[17.101249,48.100657],[17.103066,48.100588]],[[17.099135,48.10503],[17.09912,48.104341],[17.098525,48.104174],[17.09834,48.104465],[17.098258,48.104694],[17.098179,48.105428],[17.098426,48.107724],[17.098608,48.110642],[17.098562,48.110724],[17.098301,48.107858],[17.098223,48.106662],[17.098249,48.10631]],[[17.09912,48.104341],[17.099666,48.103629],[17.101857,48.103553]],[[17.098525,48.104174],[17.099917,48.102418]],[[17.101961,48.102341],[17.099917,48.102418],[17.101249,48.100657],[17.10145,48.100309],[17.10157,48.100022],[17.101417,48.099075]]]},"properties":{"n":"Budatínska"}},{"type":"Feature","geometry":{"type":"MultiLineString","coordinates":[[[17.102549,48.111352],[17.101719,48.111367]],[[17.105082,48.110833],[17.104814,48.110798],[17.102677,48.110895],[17.101799,48.111029],[17.101045,48.111286]],[[17.101034,48.111135],[17.101438,48.110995],[17.102555,48.110805],[17.105077,48.110696]]]},"properties":{"n":"Pajštúnska"}},{"type":"Feature","geometry":{"type":"MultiLineString","coordinates":[[[17.129263,48.121375],[17.129974,48.120429]],[[17.131086,48.119718],[17.132452,48.11798]],[[17.126595,48.125983],[17.12499,48.126069]],[[17.124767,48.125992],[17.12713,48.125961],[17.127585,48.125876],[17.128073,48.125587],[17.12972,48.123397],[17.129815,48.12295],[17.129735,48.122355],[17.129788,48.121551],[17.129952,48.12121],[17.130318,48.120705]]]},"properties":{"n":"Mamateyova"}},{"type":"Feature","geometry":{"type":"LineString","coordinates":[[17.103143,48.110277],[17.105048,48.110231]]},"properties":{"n":"Brančská"}},{"type":"Feature","geometry":{"type":"MultiLineString","coordinates":[[[17.101448,48.110477],[17.101421,48.110151],[17.101049,48.110177],[17.101139,48.111241]],[[17.100628,48.108177],[17.100834,48.10827],[17.100806,48.108433],[17.10075,48.108332],[17.100648,48.108273],[17.100191,48.108242]],[[17.101034,48.111135],[17.100806,48.108433]],[[17.100917,48.108385],[17.101049,48.110177]],[[17.101202,48.108049],[17.100991,48.108204],[17.100917,48.108385],[17.100834,48.10827],[17.100932,48.108129],[17.101108,48.107996]]]},"properties":{"n":"Smolenická"}},{"type":"Feature","geometry":{"type":"LineString","coordinates":[[17.101208,48.112216],[17.105193,48.112084]]},"properties":{"n":"Iľjušinova"}},{"type":"Feature","geometry":{"type":"MultiLineString","coordinates":[[[17.127412,48.122555],[17.126743,48.123488],[17.126755,48.123585],[17.126078,48.124458],[17.128357,48.125243]],[[17.12715,48.12482],[17.12811,48.123579]]]},"properties":{"n":"Pankúchova"}},{"type":"Feature","geometry":{"type":"MultiLineString","coordinates":[[[17.129735,48.122355],[17.129135,48.122144],[17.128597,48.122847],[17.127485,48.122471]],[[17.129287,48.123969],[17.128942,48.123855]],[[17.129345,48.123307],[17.128942,48.123855],[17.127362,48.123337],[17.127181,48.123581]]]},"properties":{"n":"Polereckého"}},{"type":"Feature","geometry":{"type":"MultiLineString","coordinates":[[[17.106904,48.104083],[17.10675,48.102733],[17.106803,48.10255],[17.107221,48.102017],[17.10723,48.101923],[17.107142,48.101807],[17.106813,48.102208]],[[17.103222,48.102554],[17.10473,48.102498],[17.104897,48.102413],[17.105161,48.102118],[17.105254,48.102167],[17.105636,48.102525],[17.10576,48.103696],[17.10527,48.103905],[17.105181,48.102864]],[[17.101007,48.104639],[17.102878,48.104521],[17.103036,48.104502],[17.103198,48.104352],[17.104299,48.104309],[17.10527,48.103905]],[[17.105161,48.102118],[17.106215,48.100724]],[[17.107142,48.101807],[17.106935,48.10154],[17.107243,48.101053]]]},"properties":{"n":"Znievska"}},{"type":"Feature","geometry":{"type":"MultiLineString","coordinates":[[[17.113718,48.115142],[17.113782,48.11603],[17.114186,48.116023],[17.114265,48.117051],[17.114899,48.117026]],[[17.113782,48.11603],[17.112577,48.116064]],[[17.116251,48.115491],[17.115924,48.115922],[17.115509,48.115988],[17.115523,48.116418]],[[17.114779,48.115301],[17.114836,48.116002],[17.114186,48.116023]],[[17.115509,48.115988],[17.114836,48.116002]]]},"properties":{"n":"Ambroseho"}},{"type":"Feature","geometry":{"type":"MultiLineString","coordinates":[[[17.111172,48.126531],[17.113702,48.126447],[17.113807,48.126518],[17.113823,48.126888],[17.115059,48.126838]],[[17.113823,48.126888],[17.113958,48.128056]]]},"properties":{"n":"Vavilovova"}},{"type":"Feature","geometry":{"type":"MultiLineString","coordinates":[[[17.116134,48.118917],[17.115555,48.119703],[17.115341,48.119889],[17.115007,48.119972],[17.113641,48.120036],[17.112791,48.120374],[17.112531,48.120066],[17.112362,48.120141],[17.110901,48.118673],[17.111023,48.118494],[17.111262,48.118395]],[[17.112591,48.120792],[17.112638,48.121148],[17.113477,48.12207],[17.113676,48.122097],[17.113799,48.122033],[17.112505,48.120697],[17.112566,48.120508],[17.112791,48.120374]]]},"properties":{"n":"Gessayova"}},{"type":"Feature","geometry":{"type":"MultiLineString","coordinates":[[[17.114531,48.099119],[17.115378,48.099089],[17.11556,48.098982],[17.11588,48.098973]],[[17.111728,48.097098],[17.111904,48.096995],[17.112141,48.097031],[17.112214,48.097135],[17.112266,48.097426]],[[17.112322,48.098146],[17.112314,48.098541]],[[17.1145,48.099315],[17.114544,48.099259],[17.114489,48.098663],[17.11376,48.098644],[17.112322,48.098146],[17.112266,48.097426],[17.114952,48.097307],[17.115099,48.097337]]]},"properties":{"n":"Krásnohorská"}},{"type":"Feature","geometry":{"type":"MultiLineString","coordinates":[[[17.118053,48.096924],[17.118055,48.096777],[17.1195,48.096707],[17.119661,48.096779],[17.120025,48.097177],[17.120254,48.097054],[17.120297,48.096932],[17.120236,48.096019]],[[17.116871,48.099142],[17.119083,48.099049],[17.119371,48.098984],[17.119532,48.098843],[17.120121,48.09805],[17.120072,48.097331],[17.120025,48.097177]]]},"properties":{"n":"Bzovícka"}},{"type":"Feature","geometry":{"type":"MultiLineString","coordinates":[[[17.117578,48.098558],[17.117273,48.098558],[17.117048,48.098492],[17.116609,48.097991],[17.116544,48.097295],[17.116589,48.097167],[17.1169,48.096799]],[[17.116387,48.099519],[17.116392,48.098684],[17.115837,48.098144],[17.115746,48.097279]]]},"properties":{"n":"Ľubovnianska"}},{"type":"Feature","geometry":{"type":"MultiLineString","coordinates":[[[17.099711,48.129276],[17.09823,48.129334]],[[17.094942,48.127364],[17.096688,48.128078],[17.097998,48.128709]]]},"properties":{"n":"Lenardova"}},{"type":"Feature","geometry":{"type":"MultiLineString","coordinates":[[[17.100678,48.125478],[17.100675,48.12512],[17.100453,48.124663],[17.100465,48.124552],[17.100691,48.124426],[17.101518,48.124367],[17.103482,48.126521],[17.103621,48.126747],[17.103675,48.12719],[17.103077,48.12721],[17.103003,48.126353]],[[17.098887,48.122615],[17.099424,48.122629],[17.099627,48.122679],[17.099787,48.12278],[17.101518,48.124367]],[[17.103824,48.12941],[17.103675,48.12719]]]},"properties":{"n":"Rőntgenova"}},{"type":"Feature","geometry":{"type":"MultiLineString","coordinates":[[[17.124848,48.124371],[17.124892,48.124874],[17.124272,48.124897],[17.124281,48.125118],[17.123524,48.125132],[17.123504,48.125195],[17.122516,48.125219],[17.122256,48.125153],[17.121996,48.124933],[17.121725,48.124619],[17.121704,48.124533],[17.121724,48.124365],[17.122237,48.123717],[17.123153,48.124045],[17.123647,48.123449],[17.122712,48.123097],[17.122509,48.123346],[17.120585,48.122687]],[[17.123586,48.121966],[17.123797,48.121963],[17.124197,48.121458],[17.127412,48.122555]],[[17.123291,48.122334],[17.122712,48.123097]],[[17.121021,48.120251],[17.1235,48.121082],[17.123686,48.121166],[17.123828,48.12131],[17.123862,48.121466],[17.123586,48.121966],[17.123291,48.122334],[17.121749,48.121792],[17.121267,48.122417],[17.12088,48.122289]],[[17.122509,48.123346],[17.122237,48.123717]]]},"properties":{"n":"Haanova"}},{"type":"Feature","geometry":{"type":"MultiLineString","coordinates":[[[17.116718,48.096057],[17.116915,48.0961],[17.117375,48.096087]],[[17.1169,48.096799],[17.117633,48.09675]],[[17.118046,48.096089],[17.119805,48.096024]]]},"properties":{"n":"Žehrianska"}},{"type":"Feature","geometry":{"type":"LineString","coordinates":[[17.129788,48.121551],[17.128105,48.120987],[17.128872,48.120031]]},"properties":{"n":"Jankolova"}},{"type":"Feature","geometry":{"type":"MultiLineString","coordinates":[[[17.105065,48.106436],[17.105149,48.107502],[17.103565,48.107557],[17.103395,48.107588],[17.102607,48.107922],[17.102524,48.108136],[17.10254,48.108817]],[[17.104298,48.10885],[17.10489,48.108806],[17.104944,48.108713],[17.104894,48.108245],[17.106137,48.108186],[17.106103,48.107943],[17.106006,48.107814],[17.105149,48.107502]],[[17.104894,48.108245],[17.104848,48.10818],[17.103826,48.108211]],[[17.105048,48.110231],[17.106233,48.109727]],[[17.106137,48.108186],[17.106233,48.109727],[17.106791,48.109715],[17.106671,48.108556]]]},"properties":{"n":"Holíčska"}},{"type":"Feature","geometry":{"type":"MultiLineString","coordinates":[[[17.131278,48.123796],[17.131463,48.123544]],[[17.132495,48.121695],[17.132043,48.122234]],[[17.13239,48.122342],[17.132043,48.122234],[17.131895,48.12232],[17.131145,48.123332],[17.131134,48.123433],[17.131463,48.123544],[17.132927,48.121585],[17.133749,48.120585]],[[17.132927,48.121585],[17.130318,48.120705]]]},"properties":{"n":"Medveďovej"}},{"type":"Feature","geometry":{"type":"MultiLineString","coordinates":[[[17.123444,48.126591],[17.123594,48.126405],[17.124159,48.126398]],[[17.124128,48.12657],[17.121805,48.126642],[17.121796,48.126277],[17.121274,48.125636],[17.121324,48.125546],[17.121495,48.125473]],[[17.120874,48.126333],[17.120952,48.126843],[17.1212,48.127144],[17.123202,48.127083]],[[17.120501,48.127271],[17.121057,48.127259],[17.1212,48.127144]],[[17.119844,48.127501],[17.119812,48.126719],[17.121805,48.126642]],[[17.118348,48.125954],[17.118973,48.126593],[17.119097,48.126664],[17.119261,48.126723],[17.119812,48.126719]]]},"properties":{"n":"Mlynarovičova"}},{"type":"Feature","geometry":{"type":"MultiLineString","coordinates":[[[17.115403,48.096653],[17.115379,48.096143],[17.115616,48.096127],[17.115466,48.094623]],[[17.116584,48.095272],[17.116656,48.096002],[17.116718,48.096057]]]},"properties":{"n":"Humenské nám."}},{"type":"Feature","geometry":{"type":"MultiLineString","coordinates":[[[17.101678,48.130287],[17.101419,48.130259],[17.101337,48.129468],[17.10144,48.129362],[17.101927,48.129328]],[[17.099252,48.130788],[17.09925,48.130668],[17.099608,48.130649]],[[17.100852,48.130727],[17.100846,48.130524],[17.101295,48.130508]]]},"properties":{"n":"Nobelovo nám."}},{"type":"Feature","geometry":{"type":"LineString","coordinates":[[17.106683,48.127262],[17.109964,48.12716]]},"properties":{"n":"Pifflova"}},{"type":"Feature","geometry":{"type":"LineString","coordinates":[[17.100138,48.117318],[17.097779,48.11486]]},"properties":{"n":"Andrusovova"}},{"type":"Feature","geometry":{"type":"MultiLineString","coordinates":[[[17.124433,48.102832],[17.124444,48.103228],[17.123052,48.104373],[17.122722,48.104549],[17.12215,48.104971]],[[17.121335,48.10123],[17.121481,48.103131],[17.121558,48.103617],[17.121631,48.103948],[17.12215,48.104971],[17.122981,48.105891],[17.133401,48.116642],[17.134359,48.117735],[17.134637,48.11817],[17.134866,48.118732],[17.134971,48.119192],[17.134985,48.119992],[17.134851,48.120662],[17.134698,48.121095],[17.134544,48.12137],[17.132608,48.124001],[17.131106,48.125932],[17.13064,48.126716],[17.130423,48.127191],[17.13012,48.128229]],[[17.129911,48.127821],[17.130186,48.126965],[17.130431,48.126516],[17.132555,48.123793],[17.134252,48.121517],[17.134418,48.121232],[17.134678,48.120585],[17.13479,48.12009],[17.13479,48.11942],[17.134729,48.119066],[17.134406,48.11825],[17.13423,48.117929],[17.133854,48.117425],[17.130122,48.113845],[17.129435,48.113122],[17.126588,48.109721],[17.123597,48.106675],[17.122044,48.105002],[17.121689,48.104343],[17.12143,48.103544],[17.121197,48.101171]]]},"properties":{"n":"Dolnozemská cesta"}},{"type":"Feature","geometry":{"type":"MultiLineString","coordinates":[[[17.124727,48.129604],[17.122209,48.129701]],[[17.126041,48.126035],[17.126151,48.127304],[17.126321,48.12736],[17.126994,48.127367]],[[17.124521,48.126249],[17.124648,48.127711],[17.124607,48.12799]],[[17.124375,48.126244],[17.124525,48.127719],[17.124607,48.12799],[17.124727,48.129604],[17.127962,48.129519]],[[17.126419,48.127859],[17.126483,48.129033]]]},"properties":{"n":"Šustekova"}},{"type":"Feature","geometry":{"type":"MultiLineString","coordinates":[[[17.114322,48.118235],[17.112473,48.118295],[17.111956,48.118265],[17.111761,48.118094],[17.111671,48.117241]],[[17.11095,48.11747],[17.111019,48.117271],[17.111074,48.117432]],[[17.111224,48.117261],[17.11111,48.117325],[17.111074,48.117432],[17.11117,48.118234],[17.111351,48.118477],[17.111719,48.118696],[17.112269,48.118794],[17.114931,48.118683],[17.115349,48.118709],[17.115818,48.118809],[17.118586,48.119749]],[[17.118533,48.11982],[17.115584,48.118826],[17.114934,48.118769],[17.112419,48.118846],[17.112146,48.11884],[17.111707,48.11875],[17.11146,48.118655],[17.111079,48.118302],[17.110998,48.118045],[17.11095,48.11747],[17.110857,48.117353],[17.110678,48.117286]]]},"properties":{"n":"Osuského"}},{"type":"Feature","geometry":{"type":"MultiLineString","coordinates":[[[17.107922,48.117378],[17.105658,48.117446]],[[17.111194,48.117197],[17.112012,48.117145],[17.112236,48.117088],[17.112376,48.116998],[17.112508,48.116669],[17.112577,48.116064],[17.112652,48.116441],[17.112622,48.116866],[17.112399,48.117094],[17.112167,48.11718],[17.111671,48.117241],[17.111019,48.117271],[17.111194,48.117197],[17.110773,48.117211],[17.111019,48.117271],[17.107922,48.117378]],[[17.105656,48.117396],[17.110746,48.117212]],[[17.112115,48.110574],[17.112127,48.110781],[17.111935,48.11062],[17.111758,48.110586]],[[17.112577,48.116064],[17.112294,48.11257],[17.112051,48.112577],[17.112141,48.113878]],[[17.110634,48.11451],[17.111518,48.114476],[17.111667,48.114508],[17.111729,48.115233],[17.110683,48.115293],[17.110634,48.11451]],[[17.112569,48.115982],[17.111605,48.11601],[17.111405,48.115974],[17.111345,48.115917],[17.111303,48.115263]],[[17.112506,48.110571],[17.112127,48.110781],[17.112294,48.11257]]]},"properties":{"n":"Romanova"}},{"type":"Feature","geometry":{"type":"LineString","coordinates":[[17.115624,48.113904],[17.116183,48.11413],[17.115394,48.115173],[17.11531,48.115253],[17.115197,48.115257],[17.113692,48.114726],[17.113642,48.114578],[17.114007,48.114097],[17.114012,48.114043],[17.113935,48.113976],[17.112372,48.113468]]},"properties":{"n":"Bradáčova"}},{"type":"Feature","geometry":{"type":"MultiLineString","coordinates":[[[17.101881,48.128822],[17.101946,48.12952],[17.101678,48.129789],[17.101678,48.130284],[17.101599,48.130453],[17.10149,48.130558],[17.101371,48.130646],[17.101018,48.130724],[17.099465,48.130783]],[[17.103824,48.12941],[17.101946,48.12952]],[[17.102491,48.12946],[17.10353,48.130452]]]},"properties":{"n":"Zadunajská cesta"}},{"type":"Feature","geometry":{"type":"MultiLineString","coordinates":[[[17.10308,48.123969],[17.096739,48.116758],[17.09647,48.116274],[17.096267,48.11569],[17.096202,48.115436],[17.09599,48.113336],[17.095475,48.106567],[17.095409,48.105153],[17.095572,48.104528],[17.096009,48.103469],[17.096875,48.102244],[17.101397,48.096364],[17.102339,48.095564],[17.103133,48.095104],[17.104027,48.094727],[17.104846,48.094474],[17.106201,48.094243],[17.107944,48.09415],[17.118639,48.093801],[17.11931,48.093686],[17.120051,48.093395]],[[17.096199,48.106757],[17.095868,48.10679],[17.095782,48.106869],[17.095861,48.108066],[17.095843,48.108677],[17.096328,48.115153],[17.096612,48.116167],[17.096957,48.116769],[17.09762,48.11759],[17.103278,48.123962]],[[17.120217,48.09347],[17.11926,48.09383],[17.118307,48.093935],[17.106553,48.094322],[17.105414,48.094473],[17.104228,48.094783],[17.103608,48.095021],[17.102916,48.095374],[17.102228,48.095822],[17.101825,48.096143],[17.101377,48.096618],[17.09627,48.103339],[17.095919,48.104024],[17.095725,48.104553],[17.095611,48.105239],[17.095589,48.105548],[17.095843,48.108677]]]},"properties":{"n":"Panónska cesta"}},{"type":"Feature","geometry":{"type":"LineString","coordinates":[[17.121192,48.129742],[17.122209,48.129701],[17.122048,48.127729]]},"properties":{"n":"Lužná"}},{"type":"Feature","geometry":{"type":"MultiLineString","coordinates":[[[17.122323,48.099291],[17.122185,48.099331],[17.120139,48.099406],[17.11542,48.09952]],[[17.113294,48.098866],[17.115092,48.099417]],[[17.115556,48.099475],[17.12843,48.09912]],[[17.109241,48.098234],[17.111252,48.098303],[17.11183,48.09839],[17.114899,48.099443],[17.115226,48.099502],[17.115092,48.099417],[17.115556,48.099475],[17.11542,48.09952],[17.115226,48.099502]]]},"properties":{"n":"Betliarska"}},{"type":"Feature","geometry":{"type":"MultiLineString","coordinates":[[[17.124771,48.087127],[17.124254,48.087046],[17.123889,48.087959]],[[17.123941,48.086989],[17.124254,48.087046]],[[17.125922,48.087389],[17.125163,48.088289]],[[17.127931,48.088618],[17.127042,48.089408]],[[17.128782,48.088215],[17.128633,48.08815],[17.127931,48.088618],[17.128207,48.088765]],[[17.127931,48.088618],[17.127473,48.088371],[17.126053,48.087447],[17.125536,48.087278],[17.124771,48.087127],[17.125119,48.086253]],[[17.125922,48.087389],[17.126706,48.086854],[17.126868,48.086957]],[[17.127192,48.087168],[17.127528,48.087396]],[[17.126587,48.087791],[17.127359,48.087291]],[[17.127838,48.087603],[17.128169,48.087831]],[[17.127228,48.088217],[17.127999,48.087726]],[[17.128633,48.08815],[17.128459,48.08804]]]},"properties":{"n":"Žltá"}},{"type":"Feature","geometry":{"type":"LineString","coordinates":[[17.123789,48.098285],[17.12466,48.098255]]},"properties":{"n":"Sitnianska"}},{"type":"Feature","geometry":{"type":"LineString","coordinates":[[17.123889,48.087959],[17.124572,48.088087],[17.125163,48.088289],[17.12625,48.089008],[17.127042,48.089408]]},"properties":{"n":"Béžová"}},{"type":"Feature","geometry":{"type":"MultiLineString","coordinates":[[[17.113558,48.092027],[17.113606,48.092651]],[[17.115018,48.09266],[17.114981,48.092167]],[[17.116421,48.092575],[17.116386,48.092119]],[[17.117846,48.092734],[17.117916,48.093613],[17.116504,48.093666],[17.116436,48.092732]],[[17.117834,48.092564],[17.117777,48.091808]],[[17.119521,48.093433],[17.118714,48.093582],[17.118032,48.093608]],[[17.119467,48.092803],[17.119521,48.093434]],[[17.120647,48.092586],[17.115021,48.092779],[17.115105,48.093712],[17.116351,48.093666]],[[17.11494,48.093717],[17.113682,48.093756],[17.113626,48.092828],[17.114844,48.092785]]]},"properties":{"n":"Zuzany Chalupovej"}},{"type":"Feature","geometry":{"type":"LineString","coordinates":[[17.119436,48.09245],[17.119341,48.091216]]},"properties":{"n":"Jána Lajčiaka"}},{"type":"Feature","geometry":{"type":"MultiLineString","coordinates":[[[17.12721,48.112227],[17.121323,48.11242],[17.120628,48.112379],[17.120156,48.112292],[17.120027,48.112603],[17.120091,48.112684],[17.122506,48.113461],[17.122139,48.114004]],[[17.122696,48.112269],[17.126666,48.112135]],[[17.112106,48.110416],[17.114074,48.11039],[17.114928,48.110481],[17.115996,48.110793],[17.12022,48.112195],[17.121074,48.112299],[17.122696,48.112269],[17.122404,48.110473],[17.122482,48.110287],[17.122706,48.10995],[17.124307,48.10944]],[[17.120156,48.112292],[17.11886,48.111912],[17.115151,48.110655],[17.113887,48.110515],[17.11126,48.110594],[17.110592,48.110398]]]},"properties":{"n":"Kutlíkova"}},{"type":"Feature","geometry":{"type":"LineString","coordinates":[[17.112322,48.13226],[17.113085,48.132216],[17.113729,48.132332],[17.114155,48.132551],[17.114339,48.132692],[17.114421,48.132828],[17.114641,48.132928],[17.116077,48.133012]]},"properties":{"n":"Krasovského"}},{"type":"Feature","geometry":{"type":"MultiLineString","coordinates":[[[17.123889,48.087959],[17.123044,48.089763],[17.122927,48.089801],[17.122958,48.089876],[17.123446,48.089813],[17.123539,48.089849],[17.123565,48.089936],[17.124395,48.089874],[17.125163,48.088289]],[[17.122663,48.090015],[17.123565,48.089936]],[[17.124395,48.089874],[17.125599,48.089887],[17.126376,48.090005],[17.127042,48.089408]],[[17.126376,48.090005],[17.126796,48.090137]]]},"properties":{"n":"Fialová"}},{"type":"Feature","geometry":{"type":"LineString","coordinates":[[17.095276,48.121874],[17.094798,48.121287]]},"properties":{"n":"Pri smaltovni"}},{"type":"Feature","geometry":{"type":"LineString","coordinates":[[17.094798,48.121287],[17.096588,48.120633]]},"properties":{"n":"Ulica Gustáva Mallého"}},{"type":"Feature","geometry":{"type":"LineString","coordinates":[[17.096588,48.120633],[17.097037,48.121185]]},"properties":{"n":"Ulica závodu Matador"}},{"type":"Feature","geometry":{"type":"LineString","coordinates":[[17.123855,48.09919],[17.123797,48.098284],[17.122655,48.098327]]},"properties":{"n":"Urpínska"}},{"type":"Feature","geometry":{"type":"LineString","coordinates":[[17.102465,48.09516],[17.10186,48.094104],[17.102148,48.093538],[17.102449,48.093248],[17.102893,48.093007],[17.103638,48.092787],[17.104548,48.092708],[17.108418,48.092586]]},"properties":{"n":"Labutia ulica"}},{"type":"Feature","geometry":{"type":"LineString","coordinates":[[17.041904,48.232119],[17.042941,48.231937]]},"properties":{"n":"Strminová"}},{"type":"Feature","geometry":{"type":"LineString","coordinates":[[17.042941,48.231937],[17.043113,48.232289],[17.042799,48.232361]]},"properties":{"n":"Málová"}}]}