{"type":"FeatureCollection","features":[{"type":"Feature","geometry":{"type":"Point","coordinates":[17.173964,48.138999]},"properties":{"id":"-bytove-domy-domove-role--bytove-domy-domove-luky-","nazov":",,Bytové domy Domové role\", ,,Bytové domy Domové lúky\"","firma":"Mudorňová SK 198 s.r.o., Pražská 5","ico":"47252456","obec":"Bratislava - Ružinov","stav":"Akcia je ukončená v procese EIA","urad":"MČ BA Ružinov, OUŽPBA","skupina":"","zhluk":"","presnost":"presná","zmena":"2020-06-04","ulica":"Domové role","faza":"posúdené","dok":6,"typ":"Bývanie"}},{"type":"Feature","geometry":{"type":"Point","coordinates":[17.142461,48.146238]},"properties":{"id":"-bytovy-objekt-s-vybavenostou-millhaus-","nazov":"„Bytový objekt s vybavenosťou Millhaus“","firma":"BBC Residence, s.r.o., Plynárenská 7/C","ico":"53076788","obec":"Bratislava - Ružinov","stav":"Akcia je ukončená v procese EIA","urad":"MČ BA RUŽINOV OÚ BA","skupina":"","zhluk":"","presnost":"presná","zmena":"2023-04-06","faza":"posúdené","dok":5,"typ":"Vybavenosť"}},{"type":"Feature","geometry":{"type":"Point","coordinates":[17.088379,48.123748]},"properties":{"id":"-city-center-bratislava-petrzalka","nazov":"\"CITY CENTER\" Bratislava - Petržalka","firma":"Alfa Development s.r.o., Údernícka 11","ico":"35968753","obec":"Bratislava - Petržalka","stav":"Akcia je ukončená v procese EIA","urad":"MČ Bratislava - Petržalka","skupina":"","zhluk":"udernicka 11","presnost":"približná","zmena":"2013-05-03","faza":"posúdené","dok":3,"typ":"Bývanie"}},{"type":"Feature","geometry":{"type":"Point","coordinates":[17.177726,48.148428]},"properties":{"id":"-dialnica-d1-bratislava-krizovatka-prievoz-rekonstrukcia","nazov":"Diaľnica D1 Bratislava - križovatka Prievoz - rekonštrukcia","firma":"Národná diaľničná spoločnosť, a.s., Mlynské Nivy 45","ico":"35919001","obec":"Bratislava - Ružinov","stav":"Akcia je ukončená v procese EIA","urad":"Ministerstvo dopravy, výstavby a regionálneho rozvoja SR, sekcia cestnej dopravy a PK, Nám","skupina":"","zhluk":"mlynske nivy 45","presnost":"približná","zmena":"2015-10-06","faza":"posúdené","dok":3,"typ":"Výroba a sklady"}},{"type":"Feature","geometry":{"type":"Point","coordinates":[17.033897,48.237582]},"properties":{"id":"-hypermarket-tesco-bratislavska-ulica-senec","nazov":"\"HYPERMARKET TESCO\" - Bratislavská ulica, Senec","firma":"Co-Fin & Partners, s.r.o.","ico":"35876093","obec":"Senec","stav":"Akcia je ukončená v procese EIA","urad":"Mesto Senec","skupina":"","zhluk":"","presnost":"presná","zmena":"2013-05-07","faza":"posúdené","dok":5,"plany":[{"p":"TESCO SENEC - situácia","u":"https://www.enviroportal.sk/eia/dokument/28472","v":326280,"t":"PDF"}],"typ":"Obchod a služby"}},{"type":"Feature","geometry":{"type":"Point","coordinates":[17.137851,48.223571]},"properties":{"id":"-komplex-polyfunkcnych-budov-rendez-vous-","nazov":"„Komplex polyfunkčných budov Rendez Vous“","firma":"B. D. Rača, s.r.o., Drieňová 1H","ico":"48061093","obec":"Bratislava - Rača","stav":"Akcia je ukončená v procese EIA","urad":"Okresný úrad Bratislava, odbor starostlivosti o životné prostredie, Tomášikova 46, 832 05 ","skupina":"","zhluk":"drienova 1h","presnost":"približná","zmena":"2022-02-22","faza":"posúdené","dok":11,"plany":[{"p":"Priloha 5_Dopravno kapacitne posudenie RV.pdf","u":"https://www.enviroportal.sk/eia/dokument/267886","v":43210937,"t":"PDF"},{"p":"Priloha 1_Hlukova studia RV.pdf","u":"https://www.enviroportal.sk/eia/dokument/267882","v":7998020,"t":"PDF"},{"p":"Priloha 2_Rozptylova studia RV.pdf","u":"https://www.enviroportal.sk/eia/dokument/267883","v":322747,"t":"PDF"},{"p":"Priloha 3_Svetlotechnicky posudok RV.pdf","u":"https://www.enviroportal.sk/eia/dokument/267884","v":17209436,"t":"PDF"},{"p":"Priloha 4_Dendrologicky prieskum RV.pdf","u":"https://www.enviroportal.sk/eia/dokument/267885","v":1673857,"t":"PDF"}],"typ":"Polyfunkcia"}},{"type":"Feature","geometry":{"type":"Point","coordinates":[17.551883,48.28723]},"properties":{"id":"-kopcianska-technicka-infrastruktura-kopcianska-zokruhovanie-sieti-kop","nazov":"„Kopčianska – Technická infraštruktúra“ „Kopčianska – Zokruhovanie sietí“ „Kopčianska – Infraštruktúra Nová Bratská“","firma":"Nesto Juh Land Development, s.r.o., Legionárska 10","ico":"48179957","obec":"Bratislava - Petržalka","stav":"Akcia je ukončená v procese EIA","urad":"Stavebný úrad mestskej časti Bratislava - Petržalka","skupina":"Lucron / Vydrica Development","zhluk":"legionarska 10","presnost":"presná","zmena":"2023-09-21","ulica":"Technická","faza":"posúdené","dok":13,"plany":[{"p":"B5_mapa_c3c_Koordinacna_situacia_Kopcianska_Nova_Bratska_zme","u":"https://www.enviroportal.sk/eia/dokument/362324","v":4525659,"t":"PDF"},{"p":"B3_mapa_c3a_Koordinacna_situacia_Kopcianska_Tech_infrastrukt","u":"https://www.enviroportal.sk/eia/dokument/362322","v":18207372,"t":"PDF"},{"p":"B1_mapa_c1_Sirsie_vztahy.pdf","u":"https://www.enviroportal.sk/eia/dokument/362320","v":20032083,"t":"PDF"},{"p":"B4_mapa_c3b_Koordinacna_situacia_Kopcianska_Zokruh_sieti_zme","u":"https://www.enviroportal.sk/eia/dokument/362323","v":13649301,"t":"PDF"},{"p":"B2_mapa_c2_Ortofotomapa.pdf","u":"https://www.enviroportal.sk/eia/dokument/362321","v":15930291,"t":"PDF"}],"typ":"Výroba a sklady"}},{"type":"Feature","geometry":{"type":"Point","coordinates":[17.141406,48.044626]},"properties":{"id":"-malopodlazna-zastavba-obytneho-uzemia-pieskovy-hon-bratislava-mestska","nazov":"\"Malopodlažná zástavba obytného územia - PIESKOVÝ HON\" Bratislava - Mestská časť - Rusovce","firma":"TRANSKONTAKT, s.r.o., Detvianska 6","ico":"17309182","obec":"Bratislava - Rusovce","stav":"Akcia je ukončená v procese EIA","urad":"Mestská časť Bratislava ? Rusovce","skupina":"","zhluk":"","presnost":"približná","zmena":"2013-09-10","faza":"povolené","doklad":"Rozhodnutie – stavebné povolenie","dok":4,"typ":"Bývanie"}},{"type":"Feature","geometry":{"type":"Point","coordinates":[17.130206,48.224834]},"properties":{"id":"-na-rinzloch-","nazov":"\"Na Rinzloch\"","firma":"HMS Services, a.s., Vysokoškolákov 8556/33B","ico":"52528898","obec":"Bratislava - Rača","stav":"Zámer","urad":"Okresný úrad Bratislava, Odbor starostlivosti o životné prostredie, Stavebný úrad Mestskej","skupina":"","zhluk":"","presnost":"približná","zmena":"2026-03-09","faza":"zámer","dok":18,"plany":[{"p":"B2_mapa_2_Ortofotomapa.pdf","u":"https://www.enviroportal.sk/eia/dokument/398302","v":15749993,"t":"PDF"},{"p":"F_priloha_4_Rozptylova_studia_Na Rinzloch_102025.pdf","u":"https://www.enviroportal.sk/eia/dokument/398294","v":12304712,"t":"PDF"},{"p":"D_priloha_2_Vizualizacie.pdf","u":"https://www.enviroportal.sk/eia/dokument/398296","v":15036712,"t":"PDF"},{"p":"C3_priloha_1_Rezy blok C.pdf","u":"https://www.enviroportal.sk/eia/dokument/398297","v":1941654,"t":"PDF"},{"p":"C2_priloha_1_Rezy blok B.pdf","u":"https://www.enviroportal.sk/eia/dokument/398298","v":2282204,"t":"PDF"}],"typ":"Bývanie"}},{"type":"Feature","geometry":{"type":"Point","coordinates":[17.102599,48.195923]},"properties":{"id":"-nadstavba-polyfunkcneho-objektu-skultetyho-ul-bratislava-","nazov":"„Nadstavba polyfunkčného objektu, Škultétyho ul. Bratislava“","firma":"TATRA REAL, a. s., Dunajská 25","ico":"31396437","obec":"Bratislava - Nové Mesto","stav":"Akcia je ukončená v procese EIA","urad":"OU BA, MC BA - Nove Mesto","skupina":"","zhluk":"dunajska 25","presnost":"približná","zmena":"2021-05-20","faza":"posúdené","dok":11,"plany":[{"p":"Prilohy.zip","u":"https://www.enviroportal.sk/eia/dokument/299380","v":6382894,"t":"ZIP"}],"typ":"Polyfunkcia"}},{"type":"Feature","geometry":{"type":"Point","coordinates":[17.04595,48.199815]},"properties":{"id":"-obchodno-administrativne-centrum-hodoninska-ulica-bratislava-zahorska","nazov":"\"Obchodno-administratívne centrum\" Hodonínska ulica, Bratislava - Záhorská Bystrica","firma":"SCW, s.r.o., Štefana Králika 6555/5","ico":"36722502","obec":"Bratislava - Záhorská Bystrica","stav":"Akcia je ukončená v procese EIA","urad":"Mestská časť Bratislava ? Záhorská Bystrica","skupina":"","zhluk":"","presnost":"presná","zmena":"2013-09-10","faza":"posúdené","dok":4,"plany":[{"p":"koordinačná situácia","u":"https://www.enviroportal.sk/eia/dokument/44116","v":1017822,"t":"PDF"}],"typ":"Administratíva"}},{"type":"Feature","geometry":{"type":"Point","coordinates":[17.213002,48.271557]},"properties":{"id":"-obchodno-spolocensky-komplex-mytna-radlinskeho-1-etapa-administrativn","nazov":"„Obchodno - spoločenský komplex Mýtna – Radlinského 1. etapa Administratívno obytný súbor“ a „Obchodno - spoločenský komplex Mýtna – Radlinského 2. et","firma":"CC GAMA, s. r. o., Palisády 47","ico":"46835920","obec":"Bratislava - Staré Mesto","stav":"Akcia je ukončená v procese EIA","urad":"MČ Bratislava Staré Mesto","skupina":"","zhluk":"","presnost":"presná","zmena":"2015-01-07","ulica":"Radlinského","faza":"posúdené","dok":9,"plany":[{"p":"1-etapa-OSK_ZSPD_vizualizacie","u":"https://www.enviroportal.sk/eia/dokument/220642","v":3929263,"t":"PDF"},{"p":"2-etapa-OSK_ZUR_vykresova_cast","u":"https://www.enviroportal.sk/eia/dokument/220648","v":32734505,"t":"PDF"},{"p":"2-etapa-OSK_ZUR_vizualizacie","u":"https://www.enviroportal.sk/eia/dokument/220643","v":3048232,"t":"PDF"},{"p":"1-etapa-OSK_ZSPD_vykresova_cast","u":"https://www.enviroportal.sk/eia/dokument/220654","v":41730077,"t":"PDF"}],"typ":"Bývanie"}},{"type":"Feature","geometry":{"type":"Point","coordinates":[17.137168,48.221921]},"properties":{"id":"-obytny-subor-dolny-slanec-","nazov":"„Obytný súbor Dolný Slanec“","firma":"GRUNT, a.s., Horská 11/C","ico":"35771160","obec":"Bratislava - Rača","stav":"Akcia je ukončená v procese EIA","urad":"Mestská časť Bratislava – Rača, Kubačova 21, 831 06 Bratislava Okresný úrad Bratislava, od","skupina":"","zhluk":"","presnost":"približná","zmena":"2016-05-18","faza":"dokončené","doklad":"Oznámenie o začatí kolaudačného konania.","dok":15,"plany":[{"p":"C_prilohy.pdf","u":"https://www.enviroportal.sk/eia/dokument/242799","v":390208,"t":"PDF"},{"p":"D_prilohy_2.pdf","u":"https://www.enviroportal.sk/eia/dokument/249376","v":14575101,"t":"PDF"},{"p":"C_prilohy_1.pdf","u":"https://www.enviroportal.sk/eia/dokument/249375","v":21906854,"t":"PDF"}],"typ":"Bývanie"}},{"type":"Feature","geometry":{"type":"Point","coordinates":[17.130553,48.225296]},"properties":{"id":"-obytny-subor-rinok-raca-bratislava-obytny-subor-vin-vin-raca-","nazov":"Obytný súbor RÍNOK RAČA, Bratislava (Obytný súbor VIN - VIN Rača)","firma":"Rínok Rača s.r.o, Vajnorská 100/A","ico":"44648944","obec":"Bratislava - Rača","stav":"Akcia je ukončená v procese EIA","urad":"SÚ MČ Bratislava Rača","skupina":"","zhluk":"vajnorska a","presnost":"približná","zmena":"2015-01-07","faza":"posúdené","dok":8,"typ":"Bývanie"}},{"type":"Feature","geometry":{"type":"Point","coordinates":[17.169962,48.147064]},"properties":{"id":"-office-pristavna-1-bratislava-","nazov":"„OFFICE PRÍSTAVNÁ 1, BRATISLAVA“","firma":"RV Development 2 s.r.o., Krížna 47","ico":"50159305","obec":"Bratislava - Ružinov","stav":"Akcia je ukončená v procese EIA","urad":"1.OUBA, odbor starostlivosti o ž.p., odd. ochrany prírody a vybraných zložiek ž.p., Tomáši","skupina":"Grafobal Group","zhluk":"krizna 47","presnost":"približná","zmena":"2017-07-24","faza":"posúdené","dok":11,"plany":[{"p":"Priloha_6_Dendrologické hodnotenie drevin Office Pristavna.p","u":"https://www.enviroportal.sk/eia/dokument/257619","v":2583496,"t":"PDF"},{"p":"Priloha_4_Dopravno-kapacitne posudenie Office Pristavna.zip","u":"https://www.enviroportal.sk/eia/dokument/257617","v":4225795,"t":"ZIP"},{"p":"Priloha_2_FOTO Office Pristavna.pdf","u":"https://www.enviroportal.sk/eia/dokument/257615","v":955729,"t":"PDF"},{"p":"Priloha_3_Vibroakusticka studia_Office Pristavna.pdf","u":"https://www.enviroportal.sk/eia/dokument/257616","v":2837233,"t":"PDF"},{"p":"Priloha_5_RS Office Pristavna.pdf","u":"https://www.enviroportal.sk/eia/dokument/257618","v":2931692,"t":"PDF"}],"typ":"Administratíva"}},{"type":"Feature","geometry":{"type":"Point","coordinates":[17.134341,48.149257]},"properties":{"id":"-pamiatkova-obnova-budovy-pradiarne-bct-bratislava-k-u-ruzinov-zmena-n","nazov":"„Pamiatková obnova budovy Pradiarne BCT, Bratislava“, k. ú. Ružinov – zmena navrhovanej činnosti a upovedomenie o začatí konania","firma":"YIT Slovakia a.s., Račianska 153/A","ico":"35718625","obec":"Bratislava - Ružinov","stav":"Akcia je ukončená v procese EIA","urad":"MČ Bratislava - Ružínov, OUŽP BA","skupina":"","zhluk":"racianska a","presnost":"presná","zmena":"2018-01-31","faza":"dokončené","doklad":"Oznámenie o začatí kolaudačného konania.","dok":48,"plany":[{"p":"BCT SP E1 SO01 ASR BMA 04 R00_BP-Podorys 1NP.pdf","u":"https://www.enviroportal.sk/eia/dokument/261425","v":1951767,"t":"PDF"},{"p":"BCT SP E1 SO01 ASR BMA 05 R00_BP-Podorys 1NPm.pdf","u":"https://www.enviroportal.sk/eia/dokument/261426","v":415607,"t":"PDF"},{"p":"BCT SP E1 SO01 ASR BMA 06 R00_BP-Podorys 2NP.pdf","u":"https://www.enviroportal.sk/eia/dokument/261427","v":1817983,"t":"PDF"},{"p":"BCT SP E1 SO01 ASR BMA 07 R00_BP-Podorys 3NP.pdf","u":"https://www.enviroportal.sk/eia/dokument/261428","v":1940079,"t":"PDF"},{"p":"BCT SP E1 SO01 ASR BMA 08 R00_BP-Podorys 4NP.pdf","u":"https://www.enviroportal.sk/eia/dokument/261429","v":1597474,"t":"PDF"}],"typ":"Bývanie"}},{"type":"Feature","geometry":{"type":"Point","coordinates":[17.098132,48.153042]},"properties":{"id":"-polyfunkcna-stavba-twin-city-polyfunkcny-objekt-b7-","nazov":",,POLYFUNKČNÁ STAVBA TWIN CITY POLYFUNKČNÝ OBJEKT B7\"","firma":"Twin City VIII, s.r.o., Mlynské nivy 16","ico":"47241462","obec":"Bratislava - Staré Mesto","stav":"Akcia je ukončená v procese EIA","urad":"MČ BA Staré Mesto, OUŽPBA","skupina":"","zhluk":"mlynske nivy 16","presnost":"približná","zmena":"2020-01-15","faza":"posúdené","dok":6,"typ":"Polyfunkcia"}},{"type":"Feature","geometry":{"type":"Point","coordinates":[17.094128,48.120498]},"properties":{"id":"-polyfunkcny-objekt-bajo-krasovskeho-ul-bratislava-petrzalka","nazov":",,Polyfunkčný objekt BAJO\", Krasovského ul. Bratislava - Petržalka","firma":"Farch, s.r.o., Veternicová 24","ico":"35896248","obec":"Bratislava - Petržalka","stav":"Akcia je ukončená v procese EIA","urad":"Mestská časť Bratislava - Petržalka","skupina":"","zhluk":"","presnost":"približná","zmena":"2011-10-27","faza":"posúdené","dok":31,"plany":[{"p":"Príloha 2a","u":"https://www.enviroportal.sk/eia/dokument/122426","v":559104,"t":"JPG"},{"p":"Príloha 08 5-15. NP","u":"https://www.enviroportal.sk/eia/dokument/122446","v":209273,"t":"PDF"},{"p":"Príloha 15_pohlad zapadny","u":"https://www.enviroportal.sk/eia/dokument/122468","v":36108,"t":"PDF"},{"p":"Príloha_C-SIT-SIROKE","u":"https://www.enviroportal.sk/eia/dokument/122448","v":351282,"t":"PDF"},{"p":"Príloha_C-  SITUACIA","u":"https://www.enviroportal.sk/eia/dokument/122449","v":437967,"t":"PDF"}],"typ":"Polyfunkcia"}},{"type":"Feature","geometry":{"type":"Point","coordinates":[17.171383,48.149835]},"properties":{"id":"-polyfunkcny-objekt-jga","nazov":"Polyfunkčný objekt JGA","firma":"Immocap Services, s.r.o., Plynárenská 7/C","ico":"36362531","obec":"Bratislava - Ružinov","stav":"Akcia je ukončená v procese EIA","urad":"OUBA-OSŽP, MČBA-Ružinov","skupina":"","zhluk":"plynarenska c","presnost":"približná","zmena":"2023-06-23","faza":"posúdené","dok":6,"plany":[{"p":"Prílohy JGA.pdf","u":"https://www.enviroportal.sk/eia/dokument/356882","v":8419099,"t":"PDF"}],"typ":"Polyfunkcia"}},{"type":"Feature","geometry":{"type":"Point","coordinates":[17.104696,48.19499]},"properties":{"id":"-prestavba-existujuceho-zdroja-ppc-energy-bratislava-","nazov":",,Prestavba existujúceho zdroja PPC Energy Bratislava\"","firma":"PPC Energy, a.s., Magnetova 12","ico":"36319198","obec":"Bratislava - Nové Mesto","stav":"Akcia je ukončená v procese EIA","urad":"Mestská časť Bratislava - Nové Mesto, Slovenská inšpekcia životného prostredia","skupina":"","zhluk":"magnetova 12","presnost":"približná","zmena":"2014-12-03","faza":"posúdené","dok":8,"plany":[{"p":"Príloha č. 1 výpis LV","u":"https://www.enviroportal.sk/eia/dokument/219914","v":81335,"t":"PDF"},{"p":"Príloha č. 3 graf. príloha","u":"https://www.enviroportal.sk/eia/dokument/219916","v":839975,"t":"PDF"},{"p":"Príloha č. 2 rozpytl. štúdia","u":"https://www.enviroportal.sk/eia/dokument/219915","v":239569,"t":"PDF"},{"p":"Príloha č. 5 vyjadrenie orgán prírody","u":"https://www.enviroportal.sk/eia/dokument/219974","v":1847917,"t":"PDF"},{"p":"Príloha č. 4 vyjadrenie Magistrát","u":"https://www.enviroportal.sk/eia/dokument/219954","v":228055,"t":"PDF"}],"typ":"Výroba a sklady"}},{"type":"Feature","geometry":{"type":"Point","coordinates":[17.17014,48.148504]},"properties":{"id":"-pri-mlynoch-","nazov":"\"Pri Mlynoch\"","firma":"Pri Mlynoch, s.r.o., Panenská 6","ico":"51086549","obec":"Bratislava - Ružinov","stav":"Akcia je ukončená v procese EIA","urad":"Stavebný úrad, OUBA","skupina":"","zhluk":"panenska 6","presnost":"približná","zmena":"2023-06-08","faza":"posúdené","dok":22,"plany":[{"p":"D1_mapa_3a.pdf","u":"https://www.enviroportal.sk/eia/dokument/353972","v":3244615,"t":"PDF"},{"p":"D2_mapa_3b.pdf","u":"https://www.enviroportal.sk/eia/dokument/353973","v":3710071,"t":"PDF"},{"p":"C_mapa_2_ortofoto.pdf","u":"https://www.enviroportal.sk/eia/dokument/353971","v":4167245,"t":"PDF"},{"p":"B_mapa_1.pdf","u":"https://www.enviroportal.sk/eia/dokument/353970","v":7384995,"t":"PDF"},{"p":"E1_priloha1a.pdf","u":"https://www.enviroportal.sk/eia/dokument/353974","v":1524501,"t":"PDF"}],"typ":"Plány a koncepcie"}},{"type":"Feature","geometry":{"type":"Point","coordinates":[17.046447,48.161778]},"properties":{"id":"-program-hospodarskeho-rozvoja-socialneho-rozvoja-mestskej-casti-brati-1","nazov":"„Program hospodárskeho rozvoja a sociálneho rozvoja mestskej časti Bratislava – Karlova Ves na roky 2024 – 2030“","firma":"Mestská časť Bratislava- Karlova Ves","ico":"00603520","obec":"Bratislava - Karlova Ves","stav":"Akcia je ukončená v procese SEA","urad":"","skupina":"","zhluk":"","presnost":"približná","zmena":"2024-11-21","faza":"posúdené","dok":4,"typ":"Plány a koncepcie"}},{"type":"Feature","geometry":{"type":"Point","coordinates":[17.102484,48.199803]},"properties":{"id":"-program-hospodarskeho-rozvoja-socialneho-rozvoja-mestskej-casti-brati","nazov":"„Program hospodárskeho rozvoja a sociálneho rozvoja mestskej časti Bratislava - Nové Mesto pre obdobie rokov 2022 až 2030“","firma":"Mestská časť Bratislava - Nové Mesto","ico":"00603317","obec":"Bratislava - Nové Mesto","stav":"Akcia je ukončená v procese SEA","urad":"","skupina":"","zhluk":"","presnost":"približná","zmena":"2022-11-11","faza":"posúdené","dok":4,"typ":"Plány a koncepcie"}},{"type":"Feature","geometry":{"type":"Point","coordinates":[17.201617,48.147628]},"properties":{"id":"-rozsirenie-zberu-odpadov-o-odpady-zo-zeleznych-nezeleznych-kovov-hrad","nazov":"„Rozšírenie zberu odpadov o odpady zo železných a neželezných kovov, Hradská ul., Bratislava – Vrakuňa“","firma":"MERKADO s.r.o., Trenčianska 47","ico":"51352004","obec":"Bratislava - Vrakuňa","stav":"Akcia je ukončená v procese EIA","urad":"OUBA, MČ-Vrakuňa","skupina":"","zhluk":"trencianska 47","presnost":"presná","zmena":"2023-11-28","ulica":"Hradská","faza":"dokončené","doklad":"Oznámenie.","dok":13,"plany":[{"p":"Priloha04.pdf","u":"https://www.enviroportal.sk/eia/dokument/357615","v":328054,"t":"PDF"},{"p":"Priloha08.pdf","u":"https://www.enviroportal.sk/eia/dokument/357619","v":847538,"t":"PDF"},{"p":"Priloha01.pdf","u":"https://www.enviroportal.sk/eia/dokument/357612","v":450629,"t":"PDF"},{"p":"Priloha02.pdf","u":"https://www.enviroportal.sk/eia/dokument/357613","v":228296,"t":"PDF"},{"p":"Priloha03.pdf","u":"https://www.enviroportal.sk/eia/dokument/357614","v":232702,"t":"PDF"}],"typ":"Technická infraštruktúra"}},{"type":"Feature","geometry":{"type":"Point","coordinates":[17.130041,48.222683]},"properties":{"id":"-skladova-hala-logistyx--oznamenie-o-zmene","nazov":"„Skladová hala Logistyx“ - oznámenie o zmene","firma":"LOGISTYX, s.r.o., Na pántoch 10","ico":"44115903","obec":"Bratislava - Rača","stav":"Akcia je ukončená v procese EIA","urad":"Mestská časť Bratislava – Rača, Kubačova 21, 831 06 Bratislava Okresný úrad Bratislava, ŽP","skupina":"","zhluk":"","presnost":"približná","zmena":"2023-04-19","faza":"dokončené","doklad":"Oznámenie o začatí kolaudačného konania.","dok":5,"typ":"Administratíva"}},{"type":"Feature","geometry":{"type":"Point","coordinates":[17.09946,48.110942]},"properties":{"id":"-strip-mall-panonska-cesta-juzne-mesto-zona-","nazov":"Strip – Mall Panónska cesta - Južné Mesto Zóna A","firma":"Avestus Petržalka s.r.o., Ventúrska 14","ico":"47239859","obec":"Bratislava - Petržalka","stav":"Akcia je ukončená v procese EIA","urad":"Mesto Bratislava, mestský úrad, ref. špeciálneho stavebného úradu, Primaciálne námestie č.","skupina":"Cresco Real Estate","zhluk":"postova 3","presnost":"presná","zmena":"2016-03-17","faza":"posúdené","dok":5,"typ":"Obchod a služby"}},{"type":"Feature","geometry":{"type":"Point","coordinates":[17.104321,48.200758]},"properties":{"id":"-uzemny-plan-zony-podhorsky-pas-velky-varan-slanec-","nazov":"„Územný plán zóny Podhorský pás – VEĽKÝ VARAN/SLANEC“","firma":"Mestská časť Bratislava - Nové mesto","ico":"00603317","obec":"Bratislava - Nové Mesto","stav":"Akcia je ukončená v procese SEA","urad":"","skupina":"","zhluk":"","presnost":"približná","zmena":"2023-04-19","faza":"dokončené","doklad":"Oznámenie o začatí kolaudačného konania.","dok":4,"typ":"Plány a koncepcie"}},{"type":"Feature","geometry":{"type":"Point","coordinates":[17.176688,48.145351]},"properties":{"id":"-viacpodlazne-parkovisko-jegeho-ulica-bratislava","nazov":"\"VIACPODLAŽNÉ PARKOVISKO\" - Jégeho ulica, Bratislava","firma":"Immocap Services, s.r.o., Plynárenská 7/C","ico":"36362531","obec":"Bratislava - Ružinov","stav":"Akcia je ukončená v procese EIA","urad":"MČ BA Ružinov, Magistrát hl. mesta SR BA - referát ŠSÚ na cesty II. triedy, OÚŽP v BA - od","skupina":"","zhluk":"plynarenska c","presnost":"približná","zmena":"2012-07-24","faza":"posúdené","dok":9,"typ":"Doprava"}},{"type":"Feature","geometry":{"type":"Point","coordinates":[17.171069,48.149621]},"properties":{"id":"-wiki-distribucno-predajne-centrum-","nazov":",,WIKI - Distribučno - predajné centrum\"","firma":"Ing. Jozef Šteffek, Družstevná 16","ico":"32830424","obec":"Bratislava - Ružinov","stav":"Akcia je ukončená v procese EIA","urad":"Mestská časť Bratislava - Ružinov, OÚ BA, odbor starostlivosti o ŽP, orgán štátnej vodnej ","skupina":"","zhluk":"","presnost":"približná","zmena":"2014-11-11","faza":"posúdené","dok":12,"plany":[{"p":"Príloha č. 3 Širšie vzťahy","u":"https://www.enviroportal.sk/eia/dokument/219582","v":147843,"t":"PDF"},{"p":"Príloha č. 6 plná moc","u":"https://www.enviroportal.sk/eia/dokument/219601","v":1338197,"t":"PDF"},{"p":"Príloha č. 7  Záv. stanovisko","u":"https://www.enviroportal.sk/eia/dokument/219602","v":2023390,"t":"PDF"},{"p":"Príloha č. 8 Upustenie OÚ BA","u":"https://www.enviroportal.sk/eia/dokument/219603","v":1298901,"t":"PDF"},{"p":"Príloha č. 4 Situácia DUR","u":"https://www.enviroportal.sk/eia/dokument/219583","v":1868175,"t":"PDF"}],"typ":"Obchod a služby"}},{"type":"Feature","geometry":{"type":"Point","coordinates":[17.09198,48.114605]},"properties":{"id":"-zariadenie-na-zber-odpadov-ropa-slovakia-s-r-o-","nazov":"„Zariadenie na zber odpadov ROPA Slovakia s.r.o.“","firma":"ROPA Slovakia, s.r.o., Nevädzová 6/G","ico":"45862729","obec":"Bratislava - Petržalka","stav":"Akcia je ukončená v procese EIA","urad":"MČ Bratislava - Petržalka, Kutlíkova 17, 852 12 Bratislava,Okresný úrad Bratislava, OSŽP, ","skupina":"","zhluk":"","presnost":"presná","zmena":"2016-01-14","faza":"posúdené","dok":4,"typ":"Výroba a sklady"}},{"type":"Feature","geometry":{"type":"Point","coordinates":[17.171667,48.149994]},"properties":{"id":"-zmena-3-rychlostna-cesta-r7-bratislava-ketelec-bratislava-prievoz-","nazov":"(zmena 3) Rýchlostná cesta R7 Bratislava Ketelec – Bratislava Prievoz","firma":"Slovenská republika, zastúpená MDVRR SR, v konečnom zastúpení Dopravop","ico":"30416094","obec":"Bratislava - Ružinov","stav":"Akcia je ukončená v procese EIA","urad":"Ministerstvo dopravy a výstavby, sekcia dopravy a pozemných komunikácií, Námestie slobody ","skupina":"","zhluk":"","presnost":"približná","zmena":"2018-02-20","faza":"posúdené","dok":4,"typ":"Doprava"}},{"type":"Feature","geometry":{"type":"Point","coordinates":[17.17068,48.14575]},"properties":{"id":"-zmena-4-rychlostna-cesta-r7-bratislava-ketelec-bratislava-prievoz-","nazov":"(zmena 4) Rýchlostná cesta R7 Bratislava Ketelec – Bratislava Prievoz","firma":"Slovenská republika, zastúpená MDV SR, v konečnom zastúpení Dopravopro","ico":"30416094","obec":"Bratislava - Ružinov","stav":"Akcia je ukončená v procese EIA","urad":"Ministerstvo dopravy a výstavby, sekcia dopravy a pozemných komunikácií, Námestie slobody ","skupina":"","zhluk":"","presnost":"približná","zmena":"2018-02-20","faza":"posúdené","dok":4,"typ":"Doprava"}},{"type":"Feature","geometry":{"type":"Point","coordinates":[17.176688,48.145351]},"properties":{"id":"-zmena-5-dialnica-d4-bratislava-ketelec-bratislava-prievoz","nazov":"(Zmena 5) - Diaľnica D4 Bratislava Ketelec - Bratislava Prievoz","firma":"Slovenská republika, zastúpená MDV SR, v konečnom zastúpení Dopravopro","ico":"30416094","obec":"Bratislava - Ružinov","stav":"Iný dôvod ukončenia posudzovania","urad":"Ministerstvo dopravy a výstavby SR, sekcia dopravy a pozemných komunikácií, Námestie slobo","skupina":"","zhluk":"","presnost":"približná","zmena":"2019-01-14","faza":"zámer","dok":4,"typ":"Doprava"}},{"type":"Feature","geometry":{"type":"Point","coordinates":[17.169952,48.147117]},"properties":{"id":"-zmena-c-3-dialnica-d1-bratislava-krizovatka-prievoz-rekonstrukcia","nazov":"(zmena č. 3) Diaľnica D1 Bratislava - križovatka Prievoz, rekonštrukcia","firma":"Slovenská republika, zastúpená MDVRR SR, v konečnom zastúpení Dopravop","ico":"30416094","obec":"Bratislava - Ružinov","stav":"Rozhodnutie o zmene navrhovanej činnosti- neposudzovať","urad":"Ministerstvo dopravy a výstavby SR, sekcia cestnej dopravy a PK, Námestie slobody č. 6, 81","skupina":"","zhluk":"","presnost":"približná","zmena":"2018-08-15","faza":"zámer","dok":6,"typ":"Doprava"}},{"type":"Feature","geometry":{"type":"Point","coordinates":[17.213507,48.105546]},"properties":{"id":"-zmena-c-3-dialnica-d4-bratislava-jarovce-ivanka-sever-","nazov":"(zmena č.3) Diaľnica D4 Bratislava, Jarovce – Ivanka sever","firma":"Slovenská republika, zastúpená MDV SR, v konečnom zastúpení Dopravopro","ico":"30416094","obec":"Bratislava - Podunajské Biskupice","stav":"Akcia je ukončená v procese EIA","urad":"Ministerstvo dopravy a výstavby SR, sekcia dopravy a pozemných komunikácií, Námestie slobo","skupina":"","zhluk":"","presnost":"približná","zmena":"2018-11-23","faza":"dokončené","doklad":"Oznámenie o začatí kolaudačného konania","dok":9,"typ":"Doprava"}},{"type":"Feature","geometry":{"type":"Point","coordinates":[17.215597,48.10851]},"properties":{"id":"-zmena-c-4-dialnica-d4-bratislava-jarovce-ivanka-sever-","nazov":"(zmena č.4) Diaľnica D4 Bratislava, Jarovce – Ivanka sever","firma":"Slovenská republika, zastúpená MDV SR, v konečnom zastúpení Dopravopro","ico":"30416094","obec":"Bratislava - Podunajské Biskupice","stav":"Akcia je ukončená v procese EIA","urad":"Ministerstvo dopravy a výstavby SR, sekcia dopravy a pozemných komunikácií, Námestie slobo","skupina":"","zhluk":"","presnost":"približná","zmena":"2018-11-23","faza":"dokončené","doklad":"Oznámenie o začatí kolaudačného konania","dok":8,"plany":[{"p":"Priloha k rozkladu D4","u":"https://www.enviroportal.sk/eia/dokument/269641","v":205990,"t":"PDF"}],"typ":"Doprava"}},{"type":"Feature","geometry":{"type":"Point","coordinates":[17.173721,48.15051]},"properties":{"id":"-zmena-c-5-dialnica-d4-bratislava-jarovce-ivanka-sever-","nazov":"(zmena č.5) Diaľnica D4 Bratislava, Jarovce – Ivanka sever","firma":"Slovenská republika, zastúpená MDV SR, v konečnom zastúpení Dopravopro","ico":"30416094","obec":"Bratislava - Ružinov","stav":"Akcia je ukončená v procese EIA","urad":"Ministerstvo dopravy a výstavby SR, sekcia dopravy a pozemných komunikácií, Námestie slobo","skupina":"","zhluk":"","presnost":"približná","zmena":"2018-11-06","faza":"dokončené","doklad":"Oznámenie o začatí kolaudačného konania","dok":4,"typ":"Doprava"}},{"type":"Feature","geometry":{"type":"Point","coordinates":[17.171494,48.149901]},"properties":{"id":"-zmena-c-5a-rychlostna-cesta-r7-bratislava-ketelec-bratislava-prievoz","nazov":"(Zmena č. 5A) Rýchlostná cesta R7 Bratislava Ketelec – Bratislava Prievoz","firma":"Slovenská republika, zastúpená MDVRR SR, v konečnom zastúpení Dopravop","ico":"30416094","obec":"Bratislava - Ružinov","stav":"Akcia je ukončená v procese EIA","urad":"Ministerstvo dopravy a výstavby Slovenskej republiky, sekcia cestnej dopravy a pozemných k","skupina":"","zhluk":"","presnost":"približná","zmena":"2020-06-04","faza":"posúdené","dok":5,"typ":"Doprava"}},{"type":"Feature","geometry":{"type":"Point","coordinates":[17.182433,48.218065]},"properties":{"id":"2017-dialnica-d4-bratislava-ivanka-sever-raca-","nazov":"2017 - Diaľnica D4 Bratislava, Ivanka sever – Rača","firma":"Slovenská republika, zastúpená MDV SR, v konečnom zastúpení Dopravopro","ico":"30416094","obec":"Bratislava - Vajnory","stav":"Akcia je ukončená v procese EIA","urad":"Ministerstvo dopravy a výstavby SR, sekcia cestnej dopravy a PK, Námestie slobody č. 6, 81","skupina":"","zhluk":"","presnost":"približná","zmena":"2018-10-03","faza":"dokončené","doklad":"Oznámenie o začatí kolaudačného konania","dok":6,"typ":"Doprava"}},{"type":"Feature","geometry":{"type":"Point","coordinates":[17.107571,48.195307]},"properties":{"id":"58-mw-zdroj-v-ppc-energy-bratislava","nazov":"58 MW zdroj v PPC Energy, a.s., Bratislava","firma":"PPC Energy, a.s., Magnetová 12","ico":"36798436","obec":"Bratislava - Nové Mesto","stav":"Akcia je ukončená v procese EIA","urad":"Mestská časť Bratislava ? Nové Mesto","skupina":"","zhluk":"magnetova 12","presnost":"približná","zmena":"2013-08-15","faza":"posúdené","dok":24,"plany":[{"p":"grafická príloha 1A","u":"https://www.enviroportal.sk/eia/dokument/43647","v":222855,"t":"PDF"},{"p":"grafická príloha 1B LVO","u":"https://www.enviroportal.sk/eia/dokument/43648","v":230141,"t":"PDF"},{"p":"príloha 4 ÚPI","u":"https://www.enviroportal.sk/eia/dokument/43651","v":1421037,"t":"PDF"},{"p":"príloha 3Turbo K MSDS","u":"https://www.enviroportal.sk/eia/dokument/43646","v":95195,"t":"PDF"},{"p":"graf. príloha 2A","u":"https://www.enviroportal.sk/eia/dokument/43644","v":87767,"t":"PDF"}],"typ":"Výroba a sklady"}},{"type":"Feature","geometry":{"type":"Point","coordinates":[17.189773,48.032247]},"properties":{"id":"action-park","nazov":"Action Park","firma":"Andrej Más, Hraničiarska 242/32","ico":"","obec":"Bratislava - Čunovo","stav":"Akcia je ukončená v procese EIA","urad":"MČ Bratislava - Čuňovo","skupina":"","zhluk":"","presnost":"približná","zmena":"2012-01-20","faza":"posúdené","dok":6,"plany":[{"p":"prílohy","u":"https://www.enviroportal.sk/eia/dokument/132003","v":5318641,"t":"PDF"}],"typ":"Výroba a sklady"}},{"type":"Feature","geometry":{"type":"Point","coordinates":[17.177834,48.14812]},"properties":{"id":"ad5-vymena-pece-f1-","nazov":"AD5 - Výmena pece F1","firma":"SLOVNAFT, a. s.,Vlčie hrdlo 1","ico":"31322832","obec":"Bratislava - Ružinov","stav":"Akcia je ukončená v procese EIA","urad":"Slovenská inšpekcia životného prostredia, Inšpektorát životného prostredia Bratislava, Odb","skupina":"","zhluk":"vlcie hrdlo 1","presnost":"približná","zmena":"2021-01-19","faza":"posúdené","dok":7,"plany":[{"p":"Príloha 3_AD5.pdf","u":"https://www.enviroportal.sk/eia/dokument/315984","v":98083,"t":"PDF"}],"typ":"Výroba a sklady"}},{"type":"Feature","geometry":{"type":"Point","coordinates":[17.177911,48.147355]},"properties":{"id":"ad5-vymena-pece-f1","nazov":"AD5 - Výmena pece F1","firma":"SLOVNAFT, a. s., Vlčie hrdlo 1","ico":"31322832","obec":"Bratislava - Ružinov","stav":"Akcia je ukončená v procese EIA","urad":"OU BA, MC BA - Ruzinov","skupina":"","zhluk":"vlcie hrdlo 1","presnost":"približná","zmena":"2020-10-29","faza":"posúdené","dok":7,"typ":"Výroba a sklady"}},{"type":"Feature","geometry":{"type":"Point","coordinates":[17.76121,48.303622]},"properties":{"id":"administrativna-budova-bajkalska-31","nazov":"Administratívna budova Bajkalská 31","firma":"PRO TP 08 s. r. o., Mlynské Nivy 68","ico":"52430073","obec":"Bratislava - Ružinov","stav":"Zámer","urad":"OUBA OSZP, MČ BA-Ružinov - stavebný úrad","skupina":"Metrostav Estate","zhluk":"mlynske nivy 68","presnost":"presná","zmena":"2026-06-15","ulica":"Bajkalská","faza":"zámer","dok":13,"plany":[{"p":"Priloha_6_Svetelenotechnicky posudok.pdf","u":"https://www.enviroportal.sk/eia/dokument/404098","v":1923786,"t":"PDF"},{"p":"Priloha_7A_Inzinierskogeologicky posudok.pdf","u":"https://www.enviroportal.sk/eia/dokument/404099","v":8715074,"t":"PDF"},{"p":"Priloha_4_Hlukova studia.pdf","u":"https://www.enviroportal.sk/eia/dokument/404096","v":7358132,"t":"PDF"},{"p":"Priloha_1_Situacia sirsie vztahy.pdf","u":"https://www.enviroportal.sk/eia/dokument/404093","v":130688,"t":"PDF"},{"p":"Prilohy k Dopravno kapacitnemu posudeniu.zip","u":"https://www.enviroportal.sk/eia/dokument/404103","v":72102303,"t":"ZIP"}],"typ":"Administratíva"}},{"type":"Feature","geometry":{"type":"Point","coordinates":[17.097274,48.153354]},"properties":{"id":"administrativna-budova-c-2-culenova-bratislava","nazov":"Administratívna budova č. 2, Čulenova, Bratislava","firma":"CENTRADE, a.s., Digital Park II, Einsteinova 25","ico":"36892170","obec":"Bratislava - Staré Mesto","stav":"Akcia je ukončená v procese EIA","urad":"Mestská časť Bratislava – Staré Mesto, Vajanského nábrežie 3, 814 21, Bratislava Okresný ú","skupina":"Penta Real Estate","zhluk":"einsteinova 25","presnost":"približná","zmena":"2015-10-19","faza":"posúdené","dok":32,"plany":[{"p":"05b_Podorys 2PP.pdf","u":"https://www.enviroportal.sk/eia/dokument/231748","v":206410,"t":"PDF"},{"p":"06a_Podorys 1NP.pdf","u":"https://www.enviroportal.sk/eia/dokument/231750","v":511764,"t":"PDF"},{"p":"05c_Podorys 3PP.pdf","u":"https://www.enviroportal.sk/eia/dokument/231749","v":444859,"t":"PDF"},{"p":"06b_Podorys NP.pdf","u":"https://www.enviroportal.sk/eia/dokument/231751","v":222170,"t":"PDF"},{"p":"02-Situacia DIS 3etapa 01-10-2015.pdf","u":"https://www.enviroportal.sk/eia/dokument/231742","v":6218231,"t":"PDF"}],"typ":"Administratíva"}},{"type":"Feature","geometry":{"type":"Point","coordinates":[17.100433,48.152973]},"properties":{"id":"administrativna-budova-culenova-bratislava-1","nazov":"Administratívna budova Čulenova, Bratislava","firma":"CENTRADE, a.s., Digital Park II, Einsteinova 25","ico":"36892170","obec":"Bratislava - Staré Mesto","stav":"Akcia je ukončená v procese EIA","urad":"Bratislava Staré Mesto","skupina":"Penta Real Estate","zhluk":"einsteinova 25","presnost":"približná","zmena":"2014-09-08","faza":"posúdené","dok":3,"typ":"Administratíva"}},{"type":"Feature","geometry":{"type":"Point","coordinates":[17.103434,48.155799]},"properties":{"id":"administrativna-budova-culenova-bratislava-2","nazov":"Administratívna budova Čulenova, Bratislava","firma":"SKY PARK s. r. o., Digital Park II., Einsteinova 25","ico":"35892170","obec":"Bratislava - Staré Mesto","stav":"Akcia je ukončená v procese EIA","urad":"Mestská časť Bratislava – Staré Mesto, Vajanského nábrežie č. 3, 814 21 Bratislava","skupina":"Penta Real Estate","zhluk":"einsteinova 25","presnost":"približná","zmena":"2019-06-10","faza":"posúdené","dok":6,"typ":"Administratíva"}},{"type":"Feature","geometry":{"type":"Point","coordinates":[17.551883,48.28723]},"properties":{"id":"administrativna-budova-culenova-bratislava","nazov":"Administratívna budova Čulenova, Bratislava","firma":"CENTRADE, a.s., Digital Park II, Einsteinova 25","ico":"36892170","obec":"Bratislava - Staré Mesto","stav":"Akcia je ukončená v procese EIA","urad":"MČ Bratislava Staré Mesto","skupina":"Penta Real Estate","zhluk":"einsteinova 25","presnost":"presná","zmena":"2011-09-08","ulica":"Technická","faza":"posúdené","dok":5,"typ":"Administratíva"}},{"type":"Feature","geometry":{"type":"Point","coordinates":[17.171383,48.149835]},"properties":{"id":"administrativna-budova-dopravnych-stavebnych-sluzieb-polyfunkcne-objek","nazov":"Administratívna budova dopravných a stavebných služieb a polyfunkčne objekty dopravných a stavebných služieb","firma":"CZ INVEST s.r.o.","ico":"36791750","obec":"Bratislava - Ružinov","stav":"Akcia je ukončená v procese EIA","urad":"OÚŽPBA, MČBA Ružinov","skupina":"","zhluk":"","presnost":"približná","zmena":"2019-09-25","faza":"posúdené","dok":5,"typ":"Polyfunkcia"}},{"type":"Feature","geometry":{"type":"Point","coordinates":[17.098165,48.158723]},"properties":{"id":"administrativna-budova-panorama-city-v-business-bratislava-landererova","nazov":"Administratívna budova Panorama City V Business, Bratislava, Landererova ul.","firma":"Menolli, s.r.o., Dvořákovo nábrežie 10","ico":"36666602","obec":"Bratislava - Staré Mesto","stav":"Akcia je ukončená v procese EIA","urad":"Mestská časť Bratislava - Staré Mesto Okresný úrad Bratislava, OSZP3","skupina":"J&T Real Estate","zhluk":"dvorakovo nabrezie 10","presnost":"približná","zmena":"2014-06-09","faza":"posúdené","dok":36,"plany":[{"p":"DUR zastavovacia situacia","u":"https://www.enviroportal.sk/eia/dokument/212867","v":1033760,"t":"PDF"},{"p":"doprava situácia","u":"https://www.enviroportal.sk/eia/dokument/212845","v":2588846,"t":"PDF"},{"p":"grafická príloha mapa","u":"https://www.enviroportal.sk/eia/dokument/212846","v":849132,"t":"PDF"},{"p":"grafická príloha foto","u":"https://www.enviroportal.sk/eia/dokument/212847","v":1386071,"t":"PDF"},{"p":"grafická príloha širšie vzťahy","u":"https://www.enviroportal.sk/eia/dokument/212848","v":349272,"t":"PDF"}],"typ":"Administratíva"}},{"type":"Feature","geometry":{"type":"Point","coordinates":[17.102732,48.157577]},"properties":{"id":"administrativna-budova-triangel","nazov":"Administratívna budova Triangel","firma":"EPOQUE, s.r.o., Dvořákovo nábrežie 10,","ico":"46967745","obec":"Bratislava - Staré Mesto","stav":"Akcia je ukončená v procese EIA","urad":"Mestská časť Bratislava – Staré Mesto, Vajanského nábrežie 3, 814 21 Bratislava 1; Okresný","skupina":"","zhluk":"","presnost":"približná","zmena":"2015-02-27","faza":"posúdené","dok":8,"plany":[{"p":"situacia.pdf","u":"https://www.enviroportal.sk/eia/dokument/221227","v":2699386,"t":"PDF"},{"p":"Tab_33_Priloha10.pdf","u":"https://www.enviroportal.sk/eia/dokument/221221","v":25087,"t":"PDF"}],"typ":"Administratíva"}},{"type":"Feature","geometry":{"type":"Point","coordinates":[17.146622,48.162594]},"properties":{"id":"administrativna-budova-trnavska-cesta-bratislava-mc-ruzinov-p-c-15651-","nazov":"Administratívna budova, Trnavská cesta, Bratislava, MČ Ružinov, p.č. 15651/147-148, 15651/68","firma":"OMNIA 2000 a.s., Tomášikova 30","ico":"36389757","obec":"Bratislava - Ružinov","stav":"Akcia je ukončená v procese EIA","urad":"MČ BA-Ružinov","skupina":"","zhluk":"tomasikova 30","presnost":"presná","zmena":"2013-05-13","faza":"posúdené","dok":7,"plany":[{"p":"Priloha","u":"https://www.enviroportal.sk/eia/dokument/33075","v":1072781,"t":"PDF"},{"p":"Prilohy","u":"https://www.enviroportal.sk/eia/dokument/33074","v":2211101,"t":"PDF"}],"typ":"Administratíva"}},{"type":"Feature","geometry":{"type":"Point","coordinates":[17.10336,48.155298]},"properties":{"id":"administrativna-budova-twin-city-","nazov":"Administratívna budova TWIN CITY","firma":"Smart City Office, s. r. o., Digital Park II, Einsteinova 25","ico":"50738429","obec":"Bratislava - Staré Mesto","stav":"Oznámenie o zmene","urad":"Mestská časť Bratislava – Staré Mesto, Vajanského nábrežie 3, 814 21 Bratislava Okresný úr","skupina":"","zhluk":"mlynske nivy 16","presnost":"približná","zmena":"2025-01-08","faza":"zámer","dok":4,"typ":"Administratíva"}},{"type":"Feature","geometry":{"type":"Point","coordinates":[17.101996,48.153574]},"properties":{"id":"administrativna-budova-twin-city-objekt-c34","nazov":"Administratívna budova TWIN CITY - objekt C34","firma":"Smart City Office II, s. r. o., Digital Park II, Einsteinova 25","ico":"50738429","obec":"Bratislava - Staré Mesto","stav":"Oznámenie o zmene","urad":"OÚ BA, MČ Staré Mesto","skupina":"","zhluk":"mlynske nivy 16","presnost":"približná","zmena":"2025-07-04","faza":"zámer","dok":5,"plany":[{"p":"Prilohy_Oznamenie_o_zmene_Administrativna_budova_Twin_City_o","u":"https://www.enviroportal.sk/eia/dokument/389042","v":32140814,"t":"PDF"}],"typ":"Administratíva"}},{"type":"Feature","geometry":{"type":"Point","coordinates":[17.091167,48.118167]},"properties":{"id":"administrativne-centrum-ido-hutny-projekt","nazov":"Administratívne centrum IDO Hutný projekt","firma":"IDO HUTNÝ PROJEKT a.s., Gajova 4","ico":"35755371","obec":"Bratislava - Petržalka","stav":"Akcia je ukončená v procese EIA","urad":"MČ Bratislava - Petržalka","skupina":"Raiffeisen Property","zhluk":"gajova 4","presnost":"približná","zmena":"2013-02-11","faza":"posúdené","dok":8,"plany":[{"p":"Mapa1_situacia zaujmovej lokality.pdf","u":"https://www.enviroportal.sk/eia/dokument/19491","v":79529,"t":"PDF"},{"p":"Mapa2_Technicke riesenie administrativneho centra.pdf","u":"https://www.enviroportal.sk/eia/dokument/19490","v":314807,"t":"PDF"},{"p":"Textova priloha 1_dreviny.pdf","u":"https://www.enviroportal.sk/eia/dokument/19488","v":282088,"t":"PDF"}],"typ":"Administratíva"}},{"type":"Feature","geometry":{"type":"Point","coordinates":[17.177757,48.148352]},"properties":{"id":"administrativne-centrum-strabag-koncernova-centrala-bratislava","nazov":"Administratívne centrum STRABAG, Koncernová centrála - Bratislava","firma":"STRABAG, s.r.o., Bratislava","ico":"17317282","obec":"Bratislava - Ružinov","stav":"Akcia je ukončená v procese EIA","urad":"MČ Bratislava - Ružinov, Magistrát HM SR Bratislavy","skupina":"","zhluk":"mlynske nivy a","presnost":"približná","zmena":"2013-02-04","faza":"posúdené","dok":0,"typ":"Administratíva"}},{"type":"Feature","geometry":{"type":"Point","coordinates":[19.308384,48.76351]},"properties":{"id":"administrativne-skladove-priestory-everest-ii-","nazov":"Administratívne a skladové priestory EVEREST II.","firma":"Stavomontáže Trnávka, a.s., Račianska 66","ico":"35756608","obec":"Bratislava - Ružinov","stav":"Akcia je ukončená v procese EIA","urad":"Mestská časť Bratislava ? Ružinov","skupina":"","zhluk":"","presnost":"presná","zmena":"2013-09-11","ulica":"Biela","faza":"posúdené","dok":6,"plany":[{"p":"prílohy","u":"https://www.enviroportal.sk/eia/dokument/46985","v":5984178,"t":"PDF"}],"typ":"Administratíva"}},{"type":"Feature","geometry":{"type":"Point","coordinates":[17.213002,48.271557]},"properties":{"id":"administrativno-obytny-subor-mytna-radlinskeho-bratislava","nazov":"Administratívno - obytný súbor Mýtna - Radlinského, Bratislava","firma":"RM - Invest, s.r.o., Panenská 24","ico":"35687622","obec":"Bratislava - Staré Mesto","stav":"Akcia je ukončená v procese EIA","urad":"MČ Bratislava - Staré Mesto, Magistrát HM Bratislavy","skupina":"","zhluk":"panenska 24","presnost":"presná","zmena":"2013-02-13","ulica":"Radlinského","faza":"posúdené","dok":4,"typ":"Bývanie"}},{"type":"Feature","geometry":{"type":"Point","coordinates":[17.175927,48.14492]},"properties":{"id":"administrativno-prevadzkova-budova-firmy-wiky-ruzinov-bratislava","nazov":"Administratívno prevádzková budova firmy WIKY, Ružinov, Bratislava","firma":"WIKY, Bratislava","ico":"32830424","obec":"Bratislava - Ružinov","stav":"Akcia je ukončená v procese EIA","urad":"MČ Bratislava - Ružinov, Magistrát HM SR Bratislavy","skupina":"","zhluk":"","presnost":"približná","zmena":"2013-02-04","faza":"posúdené","dok":1,"typ":"Administratíva"}},{"type":"Feature","geometry":{"type":"Point","coordinates":[17.184937,48.168657]},"properties":{"id":"administrativno-prevadzkove-budovy-bittner-group-i-ii-ivanska-cesta-br","nazov":"Administratívno - prevádzkové budovy BITTNER GROUP I. a II., Ivánska cesta, Bratislava","firma":"Bittner group, s.r.o., Trenčianska 53","ico":"35888806","obec":"Bratislava - Ružinov","stav":"Akcia je ukončená v procese EIA","urad":"MČ Bratislava - Ružinov","skupina":"","zhluk":"","presnost":"presná","zmena":"2013-02-08","ulica":"Ivanská cesta","faza":"posúdené","dok":5,"typ":"Administratíva"}},{"type":"Feature","geometry":{"type":"Point","coordinates":[17.135753,48.143992]},"properties":{"id":"administrativny-objekt-votrubova","nazov":"Administratívny objekt Votrubova","firma":"J.R.B. s.r.o., Votrubova 28","ico":"35811331","obec":"Bratislava - Ružinov","stav":"Akcia je ukončená v procese EIA","urad":"OÚ BA, MČ BA - RUŽINOV (stavebný úrad)","skupina":"","zhluk":"votrubova 28","presnost":"presná","zmena":"2021-10-25","ulica":"Votrubova","faza":"posúdené","dok":7,"typ":"Plány a koncepcie"}},{"type":"Feature","geometry":{"type":"Point","coordinates":[17.184937,48.168657]},"properties":{"id":"airport-hotel-bratislava-polyfunkcny-objekt-ivanska-cesta-bratislava","nazov":"Airport hotel Bratislava - polyfunkčný objekt, Ivánska cesta, Bratislava","firma":"Linstow AS, v zastúpení F&P, a.s., Dostojevského rad 7","ico":"35792990","obec":"Bratislava - Ružinov","stav":"Akcia je ukončená v procese EIA","urad":"MČ Bratislava - Ružinov","skupina":"","zhluk":"","presnost":"presná","zmena":"2013-05-10","ulica":"Ivanská cesta","faza":"posúdené","dok":8,"plany":[{"p":"Vizualizacia","u":"https://www.enviroportal.sk/eia/dokument/31647","v":542122,"t":"PDF"}],"typ":"Polyfunkcia"}},{"type":"Feature","geometry":{"type":"Point","coordinates":[17.170076,48.146676]},"properties":{"id":"aktualizacia-dokumentacie-systemu-manazerstva-kvality-v-nadvaznosti-na-1","nazov":"Aktualizácia dokumentácie systému manažérstva kvality v nadväznosti na zmenu procesného modelu SE, a.s., a organizačné zmeny v SE, a.s., k 1.5.2014.","firma":"Slovenské elektrárne, a. s., Mlynské nivy 47","ico":"35829052","obec":"Bratislava - Ružinov","stav":"Akcia je ukončená v procese EIA","urad":"ÚJD SR","skupina":"","zhluk":"","presnost":"približná","zmena":"2014-05-30","faza":"posúdené","dok":3,"typ":"Výroba a sklady"}},{"type":"Feature","geometry":{"type":"Point","coordinates":[17.095867,48.157234]},"properties":{"id":"aktualizacia-uzemneho-planu-zony-a6-bratislava-slavin-","nazov":"Aktualizácia územného plánu zóny A6 Bratislava (Slavín)","firma":"Hlavné mesto Slovenskej republiky Bratislava","ico":"00603481","obec":"Bratislava - Staré Mesto","stav":"Akcia je ukončená v procese SEA","urad":"","skupina":"","zhluk":"primacialne namestie 1","presnost":"približná","zmena":"2025-12-01","faza":"posúdené","dok":6,"plany":[{"p":"B_grafická časť.zip","u":"https://www.enviroportal.sk/eia/dokument/394288","v":91669062,"t":"ZIP"}],"typ":"Plány a koncepcie"}},{"type":"Feature","geometry":{"type":"Point","coordinates":[17.088934,48.118233]},"properties":{"id":"alfa-park-tower-a-alfa-park-tower-b-bratislava","nazov":"ALFA PARK - Tower A a ALFA PARK - Tower B, Bratislava","firma":"INLOGIS V s.r.o., Karadžičova 12","ico":"47234717","obec":"Bratislava - Petržalka","stav":"Akcia je ukončená v procese EIA","urad":"MČ Bratislava Petržalka","skupina":"HB Reavis","zhluk":"karadzicova 12","presnost":"približná","zmena":"2015-03-30","faza":"posúdené","dok":6,"typ":"Polyfunkcia"}},{"type":"Feature","geometry":{"type":"Point","coordinates":[17.176713,48.149659]},"properties":{"id":"alternativne-spracovanie-kyslych-cpavkovych-plynov-technologiou-swaats","nazov":"Alternatívne spracovanie kyslých čpavkových plynov technológiou SWAATS v areáli SLOVNAFT, a.s., Bratislava","firma":"SLOVNAFT, a.s., Vlčie hrdlo 1","ico":"31322832","obec":"Bratislava - Ružinov","stav":"Akcia je ukončená v procese EIA","urad":"Slovenská inšpekcia životného prostredia, Inšpektorát životného prostredia Bratislava, Jes","skupina":"","zhluk":"vlcie hrdlo 1","presnost":"približná","zmena":"2016-04-25","faza":"dokončené","doklad":"Oznámenie.","dok":4,"plany":[{"p":"Priloha_5_LV.zip","u":"https://www.enviroportal.sk/eia/dokument/241666","v":161038,"t":"ZIP"}],"typ":"Výroba a sklady"}},{"type":"Feature","geometry":{"type":"Point","coordinates":[17.172447,48.144724]},"properties":{"id":"alternativne-spracovanie-kyslych-sirovodikovych-plynov","nazov":"Alternatívne spracovanie kyslých sírovodíkových plynov","firma":"Slovnaft, a. s., Vlčie hrdlo 1","ico":"31322832","obec":"Bratislava - Ružinov","stav":"Rozhodnutie o zmene navrhovanej činnosti- posudzovať","urad":"Slovenská inšpekcia životného prostredia, Inšpektorát životného prostredia Bratislava, Odb","skupina":"","zhluk":"vlcie hrdlo 1","presnost":"približná","zmena":"2017-01-18","faza":"dokončené","doklad":"Oznámenie.","dok":3,"typ":"Výroba a sklady"}},{"type":"Feature","geometry":{"type":"Point","coordinates":[17.053028,48.183567]},"properties":{"id":"apartmany-patronka-k-zeleznej-studienke-v-bratislave","nazov":"Apartmány PATRÓNKA – K Železnej studienke v Bratislave","firma":"PROJEKT INVESTMENTS, s. r. o., Dukelských hrdinov 17","ico":"47611782","obec":"Bratislava - Staré Mesto","stav":"Iný dôvod ukončenia posudzovania","urad":"Mestská časť Bratislava – Staré Mesto, Vajanského nábrežie 3, 814 21 Bratislava","skupina":"","zhluk":"","presnost":"presná","zmena":"2022-11-21","faza":"zámer","dok":4,"typ":"Bývanie"}},{"type":"Feature","geometry":{"type":"Point","coordinates":[17.175385,48.150304]},"properties":{"id":"architektonicka-studia-navrh-na-zmenu-stavby-pred-jej-dokoncenim-obytn","nazov":"Architektonická štúdia Návrh na Zmenu stavby pred jej dokončením Obytný súbor Jégého alej IV. Etapa - objekt E","firma":"FINEP Jégého alej a.s., Plynárenská 2/A","ico":"43866778","obec":"Bratislava - Ružinov","stav":"Akcia je ukončená v procese EIA","urad":"MČ Bratislava Ružinov","skupina":"","zhluk":"plynarenska a","presnost":"približná","zmena":"2012-10-19","faza":"posúdené","dok":23,"plany":[{"p":"Príloha 2- mapy","u":"https://www.enviroportal.sk/eia/dokument/148792","v":483892,"t":"PDF"},{"p":"Príloha 3_LV","u":"https://www.enviroportal.sk/eia/dokument/148793","v":84171,"t":"PDF"},{"p":"Príloha 4_vyjadrenie OPaK_1","u":"https://www.enviroportal.sk/eia/dokument/148794","v":89262,"t":"PDF"},{"p":"Príloha 4_vyjadrenie OPaK_2","u":"https://www.enviroportal.sk/eia/dokument/148795","v":69283,"t":"PDF"},{"p":"Príloha 5_MAG _EIA","u":"https://www.enviroportal.sk/eia/dokument/148796","v":104742,"t":"PDF"}],"typ":"Bývanie"}},{"type":"Feature","geometry":{"type":"Point","coordinates":[17.187049,48.031035]},"properties":{"id":"areal-docasneho-golfoveho-odpaliska","nazov":"AREÁL DOČASNÉHO GOLFOVÉHO ODPALISKA","firma":"MLADÉ ČUNOVO s.r.o., Svätoplukova 30","ico":"35914513","obec":"Bratislava - Čunovo","stav":"Akcia je ukončená v procese EIA","urad":"Mestská časť Bratislava - Čunovo, OÚŽP v BA, odbor ŠVS","skupina":"","zhluk":"svatoplukova 30","presnost":"približná","zmena":"2012-10-03","faza":"posúdené","dok":10,"typ":"Výroba a sklady"}},{"type":"Feature","geometry":{"type":"Point","coordinates":[17.103736,48.195256]},"properties":{"id":"areal-koliba-bytove-domy-brectanova-ul-bratislava","nazov":"Areál KOLIBA, bytové domy, Brečtanová ul., Bratislava","firma":"ŠTÚDIO KOLIBA a.s., Brečtanová 1","ico":"31398227","obec":"Bratislava - Nové Mesto","stav":"Akcia je ukončená v procese EIA","urad":"Mestská časť Bratislava - Nové Mesto","skupina":"","zhluk":"","presnost":"približná","zmena":"2013-10-17","faza":"posúdené","dok":7,"plany":[{"p":"prílohy 3","u":"https://www.enviroportal.sk/eia/dokument/184431","v":11782237,"t":"PDF"},{"p":"prílohy 1","u":"https://www.enviroportal.sk/eia/dokument/184429","v":20220691,"t":"PDF"},{"p":"prílohy 2","u":"https://www.enviroportal.sk/eia/dokument/184430","v":6750079,"t":"PDF"}],"typ":"Bývanie"}},{"type":"Feature","geometry":{"type":"Point","coordinates":[17.088866,48.123906]},"properties":{"id":"areal-p-g-bratislava-petrzalka","nazov":"Areál P.G.A. Bratislava Petržalka","firma":"P.G.A. spol. s r.o., Alstrova 6477/202","ico":"35867493","obec":"Bratislava - Petržalka","stav":"Akcia je ukončená v procese EIA","urad":"MČ Bratislava Petržalka","skupina":"","zhluk":"","presnost":"približná","zmena":"2014-10-28","faza":"posúdené","dok":3,"typ":"Bývanie"}},{"type":"Feature","geometry":{"type":"Point","coordinates":[17.053028,48.183567]},"properties":{"id":"areal-pre-distribuciu-pripravu-liekov-bratislava","nazov":"Areál pre distribúciu a prípravu liekov Bratislava","firma":"UNIMED, spol. s r.o. Bratislava, Oriešková 11","ico":"12312752","obec":"Bratislava - Lamač","stav":"Akcia je ukončená v procese EIA","urad":"Mestská časť Bratislava ? Lamač, OÚŽP v BA odbor ŠVS, SIŽP, odbor IPK","skupina":"","zhluk":"","presnost":"presná","zmena":"2013-09-11","faza":"posúdené","dok":24,"plany":[{"p":"hlukova mapa","u":"https://www.enviroportal.sk/eia/dokument/47179","v":205421,"t":"PDF"},{"p":"04 situacia","u":"https://www.enviroportal.sk/eia/dokument/47171","v":405620,"t":"JPG"},{"p":"02 situacia zastav","u":"https://www.enviroportal.sk/eia/dokument/47172","v":430510,"t":"JPG"},{"p":"02 koord situacia","u":"https://www.enviroportal.sk/eia/dokument/47175","v":465114,"t":"JPG"},{"p":"05 Dopravna situacia","u":"https://www.enviroportal.sk/eia/dokument/47176","v":465125,"t":"JPG"}],"typ":"Administratíva"}},{"type":"Feature","geometry":{"type":"Point","coordinates":[17.105997,48.200898]},"properties":{"id":"areal-restauracie-v-lokalite-zelezna-studnicka-rotunda","nazov":"Areál reštaurácie v lokalite Železná studnička - Rotunda","firma":"ORAVA – STAV, s.r.o., Obchodná 62","ico":"35785357","obec":"Bratislava - Nové Mesto","stav":"Akcia je ukončená v procese EIA","urad":"Mestská časť Bratislava – Nové Mesto, stavebný úrad Okresný úrad Bratislava, odbor starost","skupina":"","zhluk":"","presnost":"približná","zmena":"2018-01-09","faza":"posúdené","dok":18,"plany":[{"p":"C_prilohy.pdf","u":"https://www.enviroportal.sk/eia/dokument/249650","v":8269073,"t":"PDF"},{"p":"C_stavebna_obrazova_priloha_a_fotodokumentacia.pdf","u":"https://www.enviroportal.sk/eia/dokument/259644","v":3813582,"t":"PDF"}],"typ":"Výroba a sklady"}},{"type":"Feature","geometry":{"type":"Point","coordinates":[17.088934,48.118233]},"properties":{"id":"areal-volneho-casu-vojensky-dvor","nazov":"Areál voľného času - Vojenský dvor","firma":"ŠportPark Kopčianska, s. r. o., Špitálska 27","ico":"50875183","obec":"Bratislava - Petržalka","stav":"Akcia je ukončená v procese EIA","urad":"OÚ BA, MČ BA - Petržalka","skupina":"","zhluk":"","presnost":"približná","zmena":"2022-02-08","faza":"posúdené","dok":8,"plany":[{"p":"Prilohy - Areal volneho casu.zip","u":"https://www.enviroportal.sk/eia/dokument/284339","v":4335838,"t":"ZIP"}],"typ":"Vybavenosť"}},{"type":"Feature","geometry":{"type":"Point","coordinates":[17.169916,48.147514]},"properties":{"id":"areal-volneho-casu-zlate-piesky-v-bratislave","nazov":"AREÁL VOĽNÉHO ČASU ZLATÉ PIESKY V BRATISLAVE","firma":"VIG ZP, s.r.o., Štefanovičova 4","ico":"53247493","obec":"Bratislava - Ružinov","stav":"Zámer","urad":"OU BA OSŽP a MČ BA-Ružinov - stavebný úrad","skupina":"","zhluk":"stefanovicova 4","presnost":"približná","zmena":"2025-06-16","faza":"zámer","dok":19,"plany":[{"p":"O_Priloha_10_Dendrologicky_prieskum_cast_A.pdf","u":"https://www.enviroportal.sk/eia/dokument/388928","v":138316045,"t":"PDF"},{"p":"B_Mapa_1_sirsie vztahy.pdf","u":"https://www.enviroportal.sk/eia/dokument/388914","v":1705644,"t":"PDF"},{"p":"C_Mapa_2_ortofoto.pdf","u":"https://www.enviroportal.sk/eia/dokument/388915","v":14745932,"t":"PDF"},{"p":"D_Mapa_3_koordinacna_situacia.pdf","u":"https://www.enviroportal.sk/eia/dokument/388916","v":1196371,"t":"PDF"},{"p":"E_Mapa_4_celkova_situacia.pdf","u":"https://www.enviroportal.sk/eia/dokument/388917","v":1784928,"t":"PDF"}],"typ":"Vybavenosť"}},{"type":"Feature","geometry":{"type":"Point","coordinates":[17.053709,48.160323]},"properties":{"id":"areal-westend-business-park-bratislava","nazov":"Areál Westend Business park, Bratislava","firma":"Botus, spol. s r.o., Lamačská cesta 3","ico":"36288411","obec":"Bratislava - Karlova Ves","stav":"Akcia je ukončená v procese EIA","urad":"HM Bratislava, MČ Bratislava - Karlova Ves","skupina":"Forespo / 365.invest","zhluk":"lamacska cesta 3","presnost":"približná","zmena":"2015-05-11","faza":"posúdené","dok":8,"plany":[{"p":"prílohy F","u":"https://www.enviroportal.sk/eia/dokument/38429","v":378427,"t":"PDF"},{"p":"prílohy E","u":"https://www.enviroportal.sk/eia/dokument/38428","v":934434,"t":"PDF"},{"p":"prílohy C","u":"https://www.enviroportal.sk/eia/dokument/38430","v":63969570,"t":"PDF"},{"p":"prílohy D","u":"https://www.enviroportal.sk/eia/dokument/38427","v":4803596,"t":"PDF"}],"typ":"Administratíva"}},{"type":"Feature","geometry":{"type":"Point","coordinates":[17.142551,48.14492]},"properties":{"id":"asanacia-jestvujucich-objektov-areal-byvalej-panelarne-mlynske-nivy-br","nazov":"Asanácia jestvujúcich objektov - Areál bývalej panelárne Mlynské nivy - Bratislava","firma":"Mlynárka Land Development s.r.o.","ico":"55834736","obec":"Bratislava - Ružinov","stav":"Oznámenie o zmene","urad":"MČ BA-Ružinov -stavebný úrad","skupina":"","zhluk":"","presnost":"presná","zmena":"2026-09-01","ulica":"Mlynské nivy","faza":"povolené","doklad":"Rozhodnutie","dok":5,"typ":"Technická infraštruktúra"}},{"type":"Feature","geometry":{"type":"Point","coordinates":[17.141952,48.147163]},"properties":{"id":"asanacia-polyfunkcneho-arealu-prievozska-ulica-","nazov":"Asanácia polyfunkčného areálu, Prievozská ulica","firma":"Smart City Centre s.r.o, Karadžičova 12","ico":"50295365","obec":"Bratislava - Ružinov","stav":"Iný dôvod ukončenia posudzovania","urad":"Mestská časť Bratislava – Ružinov, Mierová 21, 827 05 Bratislava 2","skupina":"","zhluk":"mlynske nivy 16","presnost":"presná","zmena":"2018-05-29","faza":"zámer","dok":4,"typ":"Polyfunkcia"}},{"type":"Feature","geometry":{"type":"Point","coordinates":[17.174217,48.150505]},"properties":{"id":"asko-nabytok-bratislava-zlate-piesky-novostavba-predajne-nabytku","nazov":"ASKO NÁBYTOK Bratislava - Zlaté Piesky - novostavba predajne nábytku","firma":"ASKO nábytok, spol. s r.o., Lazaretská 8","ico":"35909790","obec":"Bratislava - Ružinov","stav":"Akcia je ukončená v procese EIA","urad":"MČ Ba- Ružinov","skupina":"","zhluk":"","presnost":"približná","zmena":"2013-05-10","faza":"posúdené","dok":6,"plany":[{"p":"Text Zámeru -Prílohy","u":"https://www.enviroportal.sk/eia/dokument/30999","v":813751,"t":"PDF"},{"p":"prílohy","u":"https://www.enviroportal.sk/eia/dokument/31001","v":760851,"t":"PDF"},{"p":"Prílohy","u":"https://www.enviroportal.sk/eia/dokument/31000","v":865712,"t":"PDF"}],"typ":"Obchod a služby"}},{"type":"Feature","geometry":{"type":"Point","coordinates":[17.169947,48.147884]},"properties":{"id":"aston-2-022","nazov":"ASTON 2.022","firma":"Estate 01, s.r.o., Bajkalská 22","ico":"35916940","obec":"Bratislava - Ružinov","stav":"Akcia je ukončená v procese EIA","urad":"MČ Bratislava -Ružinov, OÚ BA","skupina":"","zhluk":"bajkalska 22","presnost":"približná","zmena":"2024-07-04","faza":"posúdené","dok":16,"plany":[{"p":"Príloha_1_ASTON2022_Výkresy.pdf","u":"https://www.enviroportal.sk/eia/dokument/365783","v":8142020,"t":"PDF"},{"p":"Príloha_8_ASTON2022_ MAG_BA _Stanovisko.pdf","u":"https://www.enviroportal.sk/eia/dokument/365790","v":2063188,"t":"PDF"},{"p":"Príloha_7_ASTON2022_HG_posudok.pdf","u":"https://www.enviroportal.sk/eia/dokument/365789","v":2229246,"t":"PDF"},{"p":"Príloha_6_ASTON2022_Svetlotechnika.pdf","u":"https://www.enviroportal.sk/eia/dokument/365788","v":5073371,"t":"PDF"},{"p":"Príloha_5_ASTON2022_DKP.pdf","u":"https://www.enviroportal.sk/eia/dokument/365787","v":17551632,"t":"PDF"}],"typ":"Polyfunkcia"}},{"type":"Feature","geometry":{"type":"Point","coordinates":[17.026167,48.169437]},"properties":{"id":"auto-bavaria-bory","nazov":"Auto Bavaria – Bory","firma":"Bory, a.s., Digital Park II, Einsteinova 25","ico":"36740896","obec":"Bratislava - Devínska Nová Ves","stav":"Akcia je ukončená v procese EIA","urad":"MČ Bratislava - D.N.Ves","skupina":"Penta Real Estate","zhluk":"einsteinova 25","presnost":"približná","zmena":"2012-12-20","faza":"posúdené","dok":3,"plany":[{"p":"Text oznámenia o zmene -prilohy","u":"https://www.enviroportal.sk/eia/dokument/156378","v":15339237,"t":"ZIP"}],"typ":"Bývanie"}},{"type":"Feature","geometry":{"type":"Point","coordinates":[17.054942,48.200452]},"properties":{"id":"autocentrum-bory-bratislava-lamac-","nazov":"Autocentrum Bory Bratislava - Lamač","firma":"T.O.P HOLDING, a.s., Rožňavská 30","ico":"36675059","obec":"Bratislava - Lamač","stav":"Akcia je ukončená v procese EIA","urad":"Mestská časť Bratislava – Lamač, Miestny úrad, Malokarpatské námestie 9, 841 03 Bratislava","skupina":"","zhluk":"","presnost":"približná","zmena":"2016-04-12","faza":"posúdené","dok":3,"typ":"Bývanie"}},{"type":"Feature","geometry":{"type":"Point","coordinates":[17.046962,48.200876]},"properties":{"id":"autocentrum-todos-bratislava-","nazov":"Autocentrum Todos Bratislava","firma":"Bory Home a. s., Digital Park II., Einsteinova 25","ico":"36740896","obec":"Bratislava - Lamač","stav":"Akcia je ukončená v procese EIA","urad":"Mestská časť Bratislava – Devínska Nová Ves, Novoveská 5401/17, 841 07 Bratislava","skupina":"Penta Real Estate","zhluk":"einsteinova 25","presnost":"približná","zmena":"2020-07-08","faza":"posúdené","dok":4,"plany":[{"p":"príloha.zip","u":"https://www.enviroportal.sk/eia/dokument/304412","v":71721893,"t":"ZIP"}],"typ":"Obchod a služby"}},{"type":"Feature","geometry":{"type":"Point","coordinates":[17.04595,48.199815]},"properties":{"id":"autocity-hodoninska-ulica-bratislava-zahorska-bystrica","nazov":"AutoCity, Hodonínska ulica, Bratislava - Záhorská Bystrica","firma":"DS DEVELOPMENT, s.r.o., Hlavná 21","ico":"36253111","obec":"Bratislava - Záhorská Bystrica","stav":"Akcia je ukončená v procese EIA","urad":"Mestská časť Bratislava - Záhorská Bystrica, OÚŽP v BA, odbor ŠVS","skupina":"","zhluk":"","presnost":"presná","zmena":"2011-11-28","faza":"posúdené","dok":8,"plany":[{"p":"príloha č. 2 svetlotechnika","u":"https://www.enviroportal.sk/eia/dokument/126923","v":2774640,"t":"PDF"},{"p":"príloha č. 3 dopravná štúdia 1","u":"https://www.enviroportal.sk/eia/dokument/126924","v":1157883,"t":"PDF"},{"p":"príloha č. 3 dopravná štúdia 2","u":"https://www.enviroportal.sk/eia/dokument/126925","v":315106,"t":"PDF"},{"p":"príloha č. 4 rozptylová štúdia","u":"https://www.enviroportal.sk/eia/dokument/126926","v":349043,"t":"PDF"}],"typ":"Obchod a služby"}},{"type":"Feature","geometry":{"type":"Point","coordinates":[17.171302,48.145243]},"properties":{"id":"automaticky-sklad-","nazov":"Automatický sklad","firma":"RAJO a.s., Studená 35","ico":"31329519","obec":"Bratislava - Ružinov","stav":"Rozhodnutie o zmene navrhovanej činnosti- neposudzovať","urad":"Mestská časť Bratislava – Ružinov, Mierová 21, 827 05 Bratislava","skupina":"","zhluk":"","presnost":"približná","zmena":"2018-04-16","faza":"zámer","dok":10,"plany":[{"p":"EIA_Z_Rajo_250817_komplet_tlac_Priloha 1.pdf","u":"https://www.enviroportal.sk/eia/dokument/264202","v":456074,"t":"PDF"},{"p":"EIA_Z_Rajo_250817_komplet_tlac_Priloha 2.pdf","u":"https://www.enviroportal.sk/eia/dokument/264203","v":1229847,"t":"PDF"},{"p":"EIA_Z_Rajo_250817_komplet_tlac_Priloha 3.pdf","u":"https://www.enviroportal.sk/eia/dokument/264204","v":6938358,"t":"PDF"},{"p":"EIA_Z_Rajo_250817_komplet_tlac_Priloha 4.pdf","u":"https://www.enviroportal.sk/eia/dokument/264205","v":4277779,"t":"PDF"},{"p":"EIA_Z_Rajo_250817_komplet_tlac_Priloha 5.pdf","u":"https://www.enviroportal.sk/eia/dokument/264206","v":7117489,"t":"PDF"}],"typ":"Výroba a sklady"}},{"type":"Feature","geometry":{"type":"Point","coordinates":[17.170047,48.148275]},"properties":{"id":"automatizovana-separacna-linka","nazov":"Automatizovaná separačná linka","firma":"Bratislavská recyklačná, s. r. o., Slovnaftská 102","ico":"44523921","obec":"Bratislava - Ružinov","stav":"Akcia je ukončená v procese EIA","urad":"OU BA, MC BA Ruzinov","skupina":"","zhluk":"","presnost":"približná","zmena":"2019-11-26","faza":"posúdené","dok":8,"typ":"Technická infraštruktúra"}},{"type":"Feature","geometry":{"type":"Point","coordinates":[17.177847,48.148068]},"properties":{"id":"axton-residence-ii-ul-i-horvatha-ruzinov-bratislava","nazov":"Axton Residence II, ul. I. Horvátha, Ružinov, Bratislava","firma":"Axton Residence III, s. r. o., Bajkalská 29/D","ico":"36353612","obec":"Bratislava - Ružinov","stav":"Akcia je ukončená v procese EIA","urad":"MČ Bratislava - Ružinov","skupina":"","zhluk":"bajkalska d","presnost":"približná","zmena":"2013-02-15","faza":"posúdené","dok":3,"typ":"Bývanie"}},{"type":"Feature","geometry":{"type":"Point","coordinates":[17.867288,48.308523]},"properties":{"id":"axton-residence-iii-ul-nevadzova-ruzinov-bratislava","nazov":"Axton Residence III, ul. Nevädzová, Ružinov, Bratislava","firma":"Axton Residence III, s. r. o., Bajkalská 29/D","ico":"36353931","obec":"Bratislava - Ružinov","stav":"Akcia je ukončená v procese EIA","urad":"MČ Bratislava - Ružinov","skupina":"","zhluk":"bajkalska d","presnost":"presná","zmena":"2013-02-15","ulica":"Nevädzová","faza":"posúdené","dok":3,"typ":"Bývanie"}},{"type":"Feature","geometry":{"type":"Point","coordinates":[17.091167,48.12399]},"properties":{"id":"ba5sln-1477br-ba-slm-ba-azu-bratislava-slnecnice-sever-monorura-","nazov":"BA5SLN/1477BR/BA SLM/BA AZU – BRATISLAVA SLNEČNICE SEVER MONORÚRA","firma":"I.T.A. Telecom Slovakia, s.r.o.","ico":"35700050","obec":"Bratislava - Petržalka","stav":"Oznámenie o zmene","urad":"","skupina":"","zhluk":"","presnost":"približná","zmena":"2025-01-29","faza":"dokončené","doklad":"Oznámenie o začatí kolaudačného konania","dok":4,"typ":"Doprava"}},{"type":"Feature","geometry":{"type":"Point","coordinates":[17.024853,48.172823]},"properties":{"id":"bau-land-vzorove-centrum-domov","nazov":"BAU LAND – vzorové centrum domov","firma":"Bory, a.s., Digital Park II, Einsteinova 25","ico":"36740896","obec":"Bratislava - Devínska Nová Ves","stav":"Akcia je ukončená v procese EIA","urad":"Mestská časť Bratislava – Devínska Nová Ves, Miestny úrad, Novoveská 17/A, 843 10 Bratisla","skupina":"Penta Real Estate","zhluk":"einsteinova 25","presnost":"približná","zmena":"2015-12-17","faza":"posúdené","dok":3,"typ":"Bývanie"}},{"type":"Feature","geometry":{"type":"Point","coordinates":[17.102007,48.196581]},"properties":{"id":"bellavita-residence","nazov":"Bellavita Residence","firma":"BestWine s.r.o., Jelačičova 8","ico":"46389831","obec":"Bratislava - Nové Mesto","stav":"Akcia je ukončená v procese EIA","urad":"Mestská časť Bratislava – Nové Mesto, stavebný úrad","skupina":"","zhluk":"jelacicova 8","presnost":"približná","zmena":"2017-10-03","faza":"posúdené","dok":16,"plany":[{"p":"vizualizácie.zip","u":"https://www.enviroportal.sk/eia/dokument/256003","v":8535268,"t":"ZIP"},{"p":"koordinačná situácia.pdf","u":"https://www.enviroportal.sk/eia/dokument/255994","v":1822591,"t":"PDF"},{"p":"situácia širších vzťahov.pdf","u":"https://www.enviroportal.sk/eia/dokument/255998","v":1781064,"t":"PDF"}],"typ":"Bývanie"}},{"type":"Feature","geometry":{"type":"Point","coordinates":[17.10333,48.155194]},"properties":{"id":"bellisle-apartments-dostojevskeho-rad-mc-bratislava-stare-mesto","nazov":"Bellisle apartments, Dostojevského rad, MČ Bratislava - Staré Mesto","firma":"BELLISLE PROPERTIES, spol. s r.o., Leškova 16","ico":"35916184","obec":"Bratislava - Staré Mesto","stav":"Akcia je ukončená v procese EIA","urad":"MČ Ba- Staré Mesto","skupina":"","zhluk":"grosslingova 45","presnost":"približná","zmena":"2013-05-10","faza":"posúdené","dok":4,"typ":"Bývanie"}},{"type":"Feature","geometry":{"type":"Point","coordinates":[17.142551,48.14492]},"properties":{"id":"bergamon-polyfunkcny-areal-mlynske-nivy-hranicna-ul-bratislava","nazov":"BERGAMON - POLYFUNKČNÝ AREÁL, Mlynské nivy - Hraničná ul., Bratislava","firma":"BERGAMON a.s., Záhradnícka 60","ico":"35886561","obec":"Bratislava - Ružinov","stav":"Akcia je ukončená v procese EIA","urad":"MČ Bratislava Ružinov","skupina":"","zhluk":"","presnost":"presná","zmena":"2011-12-23","ulica":"Mlynské nivy","faza":"povolené","doklad":"Rozhodnutie","dok":3,"plany":[{"p":"Text oznámenia o zmene - prílohy","u":"https://www.enviroportal.sk/eia/dokument/129566","v":16593194,"t":"PDF"}],"typ":"Polyfunkcia"}},{"type":"Feature","geometry":{"type":"Point","coordinates":[17.129216,48.117982]},"properties":{"id":"betonaren-petzalka","nazov":"Betonáreň, Petžalka","firma":"ALAS SLOVAKIA, s.r.o., Polianky 23","ico":"35825286","obec":"Bratislava - Petržalka","stav":"Iný dôvod ukončenia posudzovania","urad":"MČ BA Petržalka, OÚ BA OSŽP","skupina":"","zhluk":"vlcie hrdlo 1","presnost":"presná","zmena":"2022-08-26","faza":"zámer","dok":4,"typ":"Výroba a sklady"}},{"type":"Feature","geometry":{"type":"Point","coordinates":[17.207725,48.107507]},"properties":{"id":"betonaren-podunajske-biskupice","nazov":"Betonáreň, Podunajské Biskupice","firma":"STRABAG s.r.o., Mlynské Nivy 61/A","ico":"17317282","obec":"Bratislava - Podunajské Biskupice","stav":"Akcia je ukončená v procese EIA","urad":"Mestská časť Bratislava - Podunajské Biskupice","skupina":"","zhluk":"mlynske nivy a","presnost":"približná","zmena":"2013-07-03","faza":"posúdené","dok":12,"plany":[{"p":"priloha 4","u":"https://www.enviroportal.sk/eia/dokument/40340","v":1168973,"t":"PDF"},{"p":"prílohy kosielka","u":"https://www.enviroportal.sk/eia/dokument/40330","v":1564,"t":"PDF"},{"p":"priloha 6","u":"https://www.enviroportal.sk/eia/dokument/40335","v":128799,"t":"PDF"},{"p":"priloha 1","u":"https://www.enviroportal.sk/eia/dokument/40338","v":461086,"t":"PDF"},{"p":"priloha 2","u":"https://www.enviroportal.sk/eia/dokument/40339","v":505390,"t":"PDF"}],"typ":"Výroba a sklady"}},{"type":"Feature","geometry":{"type":"Point","coordinates":[17.199364,48.137157]},"properties":{"id":"betonaren-vrakunska-cesta-bratislava-parc-c-4073-56-57-58-59-15681-1-3","nazov":"BETONÁREŇ - Vrakúnska cesta Bratislava, parc. č. 4073/56, 57, 58, 59 a 15681/1, 3, 5","firma":"TBG Doprastav, a.s. Bratislavská 83","ico":"36283801","obec":"Bratislava - Ružinov","stav":"Akcia je ukončená v procese EIA","urad":"Mestská časť Bratislava – Ružinov, Stavebný úrad, Mierová 21, 827 05 Bratislava 212","skupina":"","zhluk":"","presnost":"presná","zmena":"2015-10-30","ulica":"Vrakunská","faza":"posúdené","dok":16,"plany":[{"p":"B_graficka priloha.pdf","u":"https://www.enviroportal.sk/eia/dokument/232163","v":9507526,"t":"PDF"},{"p":"C_textové prílohy.pdf","u":"https://www.enviroportal.sk/eia/dokument/232164","v":4240533,"t":"PDF"},{"p":"Výpisy z katastra.pdf","u":"https://www.enviroportal.sk/eia/dokument/232165","v":2141496,"t":"PDF"},{"p":"01 situacia 2015.pdf","u":"https://www.enviroportal.sk/eia/dokument/232166","v":448913,"t":"PDF"}],"typ":"Výroba a sklady"}},{"type":"Feature","geometry":{"type":"Point","coordinates":[17.172613,48.144678]},"properties":{"id":"bezdymove-spalovanie-na-polnom-horaku-d201","nazov":"Bezdymové spaľovanie na poľnom horáku D201","firma":"Kovoprojekta Brno, a. s., organizačná zložka, Areál Slovnaft a. s., Vl","ico":"31322832","obec":"Bratislava - Ružinov","stav":"Akcia je ukončená v procese EIA","urad":"MČ Bratislava Ružinov","skupina":"","zhluk":"vlcie hrdlo 1","presnost":"približná","zmena":"2014-01-07","faza":"posúdené","dok":2,"typ":"Výroba a sklady"}},{"type":"Feature","geometry":{"type":"Point","coordinates":[17.169922,48.147355]},"properties":{"id":"bioenergeticke-centrum-bratislava-centrum-zhodnocovania-odpadov-bratis","nazov":"Bioenergetické centrum Bratislava a Centrum zhodnocovania odpadov Bratislava","firma":"GASPAD s.r.o., Ružová dolina 25","ico":"46480137","obec":"Bratislava - Ružinov","stav":"Akcia je ukončená v procese EIA","urad":"Mestská časť Bratislava - Ružinov, OÚŽP v BA","skupina":"","zhluk":"ruzova dolina 25","presnost":"približná","zmena":"2012-05-29","faza":"posúdené","dok":117,"plany":[{"p":"Prilohy_BEC CZO_16_príloha_RISK KONZULT HYGGISA_RISK priloha","u":"https://www.enviroportal.sk/eia/dokument/141228","v":505221,"t":"ZIP"},{"p":"Prilohy_BEC CZO_15_príloha_RISK KONZULT GASPAD_RISK priloha ","u":"https://www.enviroportal.sk/eia/dokument/141208","v":627781,"t":"JPG"},{"p":"Prilohy_BEC CZO_15_príloha_RISK KONZULT GASPAD_RISK priloha ","u":"https://www.enviroportal.sk/eia/dokument/141209","v":1440518,"t":"JPG"},{"p":"Prilohy_BEC CZO_15_príloha_RISK KONZULT GASPAD_RISK priloha ","u":"https://www.enviroportal.sk/eia/dokument/141210","v":247680,"t":"JPG"},{"p":"Prilohy_BEC CZO_16_príloha_RISK KONZULT HYGGISA_RISK priloha","u":"https://www.enviroportal.sk/eia/dokument/141226","v":1440518,"t":"JPG"}],"typ":"Výroba a sklady"}},{"type":"Feature","geometry":{"type":"Point","coordinates":[17.16898,48.128204]},"properties":{"id":"bioenergeticke-centrum-bratislava-vlcie-hrdlo-centrum-zhodnocovania-od","nazov":"Bioenergetické centrum Bratislava - Vlčie hrdlo a Centrum zhodnocovania odpadov Bratislava, Vlčie hrdlo","firma":"GASPAD s.r.o., Ružová dolina 25","ico":"46480137","obec":"Bratislava - Ružinov","stav":"Akcia je ukončená v procese EIA","urad":"Mestská časť Bratislava - Ružinov, OÚŽP v BA","skupina":"","zhluk":"ruzova dolina 25","presnost":"presná","zmena":"2012-03-08","ulica":"Vlčie hrdlo","faza":"posúdené","dok":64,"plany":[{"p":"BEC_03 - KoordinaĂĺn+í situ+ícia stavby_2011_12_19.pdf","u":"https://www.enviroportal.sk/eia/dokument/136317","v":1289836,"t":"PDF"},{"p":"CZO_03 - KoordinaĂĺn+í situ+ícia stavby_2011_12_19.pdf","u":"https://www.enviroportal.sk/eia/dokument/136323","v":1226676,"t":"PDF"}],"typ":"Výroba a sklady"}},{"type":"Feature","geometry":{"type":"Point","coordinates":[17.16898,48.128204]},"properties":{"id":"bioenergeticky-komplex-bratislava-vlcie-hrdlo","nazov":"Bioenergetický komplex Bratislava - Vlčie hrdlo","firma":"1 BPS, s.r.o., Ružová dolina 25","ico":"46480111","obec":"Bratislava - Ružinov","stav":"Akcia je ukončená v procese EIA","urad":"Mestská časť Bratislava - Ružinov OÚŽP v BA","skupina":"","zhluk":"ruzova dolina 25","presnost":"presná","zmena":"2012-03-08","ulica":"Vlčie hrdlo","faza":"posúdené","dok":38,"plany":[{"p":"BEK_04 - Fermentory, podorys_2011_12_19.pdf","u":"https://www.enviroportal.sk/eia/dokument/136276","v":298471,"t":"PDF"},{"p":"BEK_01 - Situacia sirsich vztahov_2011_12_19.pdf","u":"https://www.enviroportal.sk/eia/dokument/136274","v":1451806,"t":"PDF"},{"p":"BEK_03 - Koordinacna situacia stavby_2011_12_19.pdf","u":"https://www.enviroportal.sk/eia/dokument/136275","v":1336231,"t":"PDF"}],"typ":"Výroba a sklady"}},{"type":"Feature","geometry":{"type":"Point","coordinates":[17.172252,48.144786]},"properties":{"id":"bioenergeticky-komplex-bratislava","nazov":"Bioenergetický komplex Bratislava","firma":"1 BPS, s.r.o., Ružová dolina 25","ico":"46480111","obec":"Bratislava - Ružinov","stav":"Akcia je ukončená v procese EIA","urad":"Mestská časť Bratislava - Ružinov, OÚŽP v BA","skupina":"","zhluk":"ruzova dolina 25","presnost":"približná","zmena":"2012-05-29","faza":"posúdené","dok":66,"plany":[{"p":"RISK situácia a dosahy","u":"https://www.enviroportal.sk/eia/dokument/141115","v":627781,"t":"JPG"},{"p":"príloha  upustenie","u":"https://www.enviroportal.sk/eia/dokument/141079","v":768715,"t":"JPG"},{"p":"RISK príloha 3","u":"https://www.enviroportal.sk/eia/dokument/141122","v":1927922,"t":"PDF"},{"p":"výkresy - koordinačná situácia","u":"https://www.enviroportal.sk/eia/dokument/141087","v":1336231,"t":"PDF"},{"p":"príloha BAT","u":"https://www.enviroportal.sk/eia/dokument/141081","v":1803796,"t":"PDF"}],"typ":"Výroba a sklady"}},{"type":"Feature","geometry":{"type":"Point","coordinates":[17.024936,48.172774]},"properties":{"id":"bory-byvanie-4a","nazov":"Bory bývanie 4A","firma":"Bory Home II s.r.o., Digital Park II, Einsteinova 25","ico":"51035073","obec":"Bratislava - Devínska Nová Ves","stav":"Akcia je ukončená v procese EIA","urad":"Mestská časť Bratislava – Devínska Nová Ves, Novoveská 5401/17, 841 07 Devínska Nová Ves","skupina":"Penta Real Estate","zhluk":"einsteinova 25","presnost":"približná","zmena":"2019-10-28","faza":"posúdené","dok":5,"plany":[{"p":"prílohy.zip","u":"https://www.enviroportal.sk/eia/dokument/289709","v":47311950,"t":"ZIP"}],"typ":"Polyfunkcia"}},{"type":"Feature","geometry":{"type":"Point","coordinates":[17.019387,48.172423]},"properties":{"id":"bory-byvanie-4b-obytny-subor-bory-susedske-dvory-","nazov":"Bory Bývanie 4B / Obytný súbor \"Bory Susedské Dvory\"","firma":"Bory Home II, s. r. o., Digital Park II, Einsteinova 25","ico":"51035073","obec":"Bratislava - Devínska Nová Ves","stav":"Oznámenie o zmene","urad":"OÚBA, MČ DNV","skupina":"Penta Real Estate","zhluk":"einsteinova 25","presnost":"približná","zmena":"2025-07-04","faza":"zámer","dok":5,"plany":[{"p":"Prilohy_Oznamenie_o_zmene_Bory_byvanie_4B.pdf","u":"https://www.enviroportal.sk/eia/dokument/390653","v":93319125,"t":"PDF"}],"typ":"Bývanie"}},{"type":"Feature","geometry":{"type":"Point","coordinates":[17.054434,48.199164]},"properties":{"id":"bory-byvanie-etapa-5-","nazov":"BORY BÝVANIE etapa 5","firma":"Bory Home, s. r. o., Digital Park II, Eisteinova 25","ico":"36740896","obec":"Bratislava - Lamač","stav":"Akcia je ukončená v procese EIA","urad":"Mestská časť Bratislava – Lamač, Malokarpatské námestie 6512/9, 841 03 Bratislava Okresný ","skupina":"Penta Real Estate","zhluk":"einsteinova 25","presnost":"približná","zmena":"2023-11-29","faza":"posúdené","dok":9,"plany":[{"p":"príloha.zip","u":"https://www.enviroportal.sk/eia/dokument/344318","v":22937056,"t":"ZIP"},{"p":"prílohy.zip","u":"https://www.enviroportal.sk/eia/dokument/358051","v":108888723,"t":"ZIP"}],"typ":"Plány a koncepcie"}},{"type":"Feature","geometry":{"type":"Point","coordinates":[17.053821,48.202726]},"properties":{"id":"bory-byvanie-etapa-6","nazov":"BORY BÝVANIE etapa 6","firma":"Bory Home s. r. o., so sídlom Digital Park II. Einsteinova 25","ico":"48099171","obec":"Bratislava - Lamač","stav":"Oznámenie o zmene","urad":"Mestská časť Bratislava – Lamač Okresný úrad Bratislava, odbor starostlivosti o životné pr","skupina":"Penta Real Estate","zhluk":"einsteinova 25","presnost":"približná","zmena":"2024-03-19","faza":"zámer","dok":6,"typ":"Polyfunkcia"}},{"type":"Feature","geometry":{"type":"Point","coordinates":[17.047482,48.202133]},"properties":{"id":"bory-home-i-","nazov":"Bory Home I.","firma":"BORY, a.s., Digital Park II, Einsteinova 25","ico":"35713402","obec":"Bratislava - Lamač","stav":"Akcia je ukončená v procese EIA","urad":"MČ BA - Lamač, OU BA OSZP","skupina":"Penta Real Estate","zhluk":"einsteinova 25","presnost":"približná","zmena":"2015-05-22","faza":"posúdené","dok":5,"typ":"Bývanie"}},{"type":"Feature","geometry":{"type":"Point","coordinates":[17.022421,48.167452]},"properties":{"id":"bory-home-ii-bratislava","nazov":"Bory Home II, Bratislava","firma":"Bory Home, s.r.o., Digital Park II, Einsteinova 25","ico":"48099171","obec":"Bratislava - Devínska Nová Ves","stav":"Akcia je ukončená v procese EIA","urad":"Mestská časť Bratislava – Devínska Nová Ves, Novoveská 17/A, 843 10 Bratislava 49","skupina":"Penta Real Estate","zhluk":"einsteinova 25","presnost":"približná","zmena":"2017-08-31","faza":"posúdené","dok":4,"typ":"Polyfunkcia"}},{"type":"Feature","geometry":{"type":"Point","coordinates":[17.051496,48.203609]},"properties":{"id":"bory-home-iii","nazov":"Bory Home III","firma":"Bory Home, s.r.o., Digital Park II, Einsteinova 25","ico":"48099171","obec":"Bratislava - Lamač","stav":"Akcia je ukončená v procese EIA","urad":"Mestská časť Bratislava – Lamač, Malokarpatské námestie 9, 841 03 Bratislava Okresný úrad ","skupina":"Penta Real Estate","zhluk":"einsteinova 25","presnost":"približná","zmena":"2020-12-18","faza":"posúdené","dok":4,"typ":"Bývanie"}},{"type":"Feature","geometry":{"type":"Point","coordinates":[17.054623,48.19945]},"properties":{"id":"bory-mall-expanzia-exterierove-parkovisko-bory-byvanie-6-cast-namestie","nazov":"BORY MALL – Expanzia, Exteriérové parkovisko a BORY BÝVANIE 6 – časť Námestie","firma":"Bory Home s.r.o., Digital Park II, Einsteinova 25","ico":"48099171","obec":"Bratislava - Lamač","stav":"Oznámenie o zmene","urad":"Mestská časť Bratislava – Lamač, Stavebný úrad, Malokarpatské námestie 9, 841 03 Bratislav","skupina":"Penta Real Estate","zhluk":"einsteinova 25","presnost":"približná","zmena":"2025-02-24","faza":"zámer","dok":5,"plany":[{"p":"prílohy.zip","u":"https://www.enviroportal.sk/eia/dokument/380835","v":46269336,"t":"ZIP"}],"typ":"Bývanie"}},{"type":"Feature","geometry":{"type":"Point","coordinates":[17.054518,48.201993]},"properties":{"id":"bory-mall-externe-parkovisko","nazov":"BORY MALL a externé parkovisko","firma":"Bory Mall, a.s., Digital Park II, Einsteinova 25","ico":"36824763","obec":"Bratislava - Lamač","stav":"Akcia je ukončená v procese EIA","urad":"MČ Ba Lamač","skupina":"Penta Real Estate","zhluk":"einsteinova 25","presnost":"približná","zmena":"2013-06-07","faza":"posúdené","dok":4,"plany":[{"p":"prilohy","u":"https://www.enviroportal.sk/eia/dokument/175768","v":33840096,"t":"ZIP"}],"typ":"Doprava"}},{"type":"Feature","geometry":{"type":"Point","coordinates":[17.052253,48.197801]},"properties":{"id":"bory-mall-kina-externe-parkovisko-2-bratislava","nazov":"BORY MALL, kiná a externé parkovisko 2, Bratislava","firma":"Bory Mall, a.s., Digital Park II, Einsteinova 25","ico":"36824763","obec":"Bratislava - Lamač","stav":"Akcia je ukončená v procese EIA","urad":"MČ Bratislava Lamač","skupina":"Penta Real Estate","zhluk":"einsteinova 25","presnost":"približná","zmena":"2014-01-24","faza":"posúdené","dok":3,"typ":"Doprava"}},{"type":"Feature","geometry":{"type":"Point","coordinates":[17.052185,48.20349]},"properties":{"id":"bory-nadvorie","nazov":"Bory Nádvorie","firma":"Bory Home s. r. o., Digital park II., Einsteinova 25","ico":"48099171","obec":"Bratislava - Lamač","stav":"Akcia je ukončená v procese EIA","urad":"Mestská časť Bratislava – Lamač, Malokarpatské námestie 6512/9, 841 03 Bratislava","skupina":"Penta Real Estate","zhluk":"einsteinova 25","presnost":"približná","zmena":"2021-06-22","faza":"posúdené","dok":5,"plany":[{"p":"prílohy.zip","u":"https://www.enviroportal.sk/eia/dokument/321424","v":31659654,"t":"ZIP"}],"typ":"Polyfunkcia"}},{"type":"Feature","geometry":{"type":"Point","coordinates":[17.04698,48.200266]},"properties":{"id":"bory-office-space","nazov":"Bory Office Space","firma":"Ubytovne, s.r.o.","ico":"50316648","obec":"Bratislava - Lamač","stav":"Akcia je ukončená v procese EIA","urad":"","skupina":"Penta Real Estate","zhluk":"einsteinova 25","presnost":"približná","zmena":"2025-05-21","faza":"posúdené","dok":6,"plany":[{"p":"prílohy.zip","u":"https://www.enviroportal.sk/eia/dokument/385915","v":53540547,"t":"ZIP"}],"typ":"Administratíva"}},{"type":"Feature","geometry":{"type":"Point","coordinates":[17.093904,48.119939]},"properties":{"id":"brantner-slovakia-s-r-o-zariadenie-na-zber-zhodnocovanie-odpadov","nazov":"BRANTNER Slovakia, s.r.o. – Zariadenie na zber a zhodnocovanie odpadov","firma":"BRANTNER Slovakia s.r.o., Pestovateľská 2","ico":"31698336","obec":"Bratislava - Petržalka","stav":"Akcia je ukončená v procese EIA","urad":"Okresný úrad Bratislava, odbor starostlivosti o životné prostredie, oddelenie ochrany prír","skupina":"","zhluk":"","presnost":"približná","zmena":"2017-01-16","faza":"posúdené","dok":11,"plany":[{"p":"2 SITUÁCIA PREVÁDZKY.pdf","u":"https://www.enviroportal.sk/eia/dokument/253145","v":1869456,"t":"PDF"},{"p":"1. PREHĹADNÁ SITUÁCIA.pdf","u":"https://www.enviroportal.sk/eia/dokument/253144","v":3659465,"t":"PDF"}],"typ":"Technická infraštruktúra"}},{"type":"Feature","geometry":{"type":"Point","coordinates":[17.087781,48.123466]},"properties":{"id":"bratislava-administrativna-budova-servis-fy-hochstaffl-slovakia-spol-s","nazov":"Bratislava - Administratívna budova a servis fy HOCHSTAFFL Slovakia spol. s r.o.","firma":"HOCHSTAFFL Slovakia spol. s r.o., Župné námestie 3","ico":"31405029","obec":"Bratislava - Petržalka","stav":"Akcia je ukončená v procese EIA","urad":"Mestská časť Bratislava ? Petržalka","skupina":"","zhluk":"","presnost":"približná","zmena":"2014-08-27","faza":"posúdené","dok":9,"plany":[{"p":"MAPA 2_Situácia záujmovej oblasti s vyznačením areálu Hochst","u":"https://www.enviroportal.sk/eia/dokument/48110","v":81055,"t":"PDF"},{"p":"MAPA 1_Situácia širšieho okolia","u":"https://www.enviroportal.sk/eia/dokument/48109","v":256720,"t":"PDF"},{"p":"Obr3_Vizualizácia","u":"https://www.enviroportal.sk/eia/dokument/48111","v":125791,"t":"PDF"},{"p":"Obr4a5_Vizualizácia","u":"https://www.enviroportal.sk/eia/dokument/48112","v":67160,"t":"PDF"}],"typ":"Administratíva"}},{"type":"Feature","geometry":{"type":"Point","coordinates":[17.176813,48.149583]},"properties":{"id":"bratislava-kanalizacny-prepoj-zberacov-e-a","nazov":"Bratislava, Kanalizačný prepoj zberačov E a A","firma":"Bratislavská vodárenská spoločnosť a. s., Prešovská 48","ico":"35850370","obec":"Bratislava - Ružinov","stav":"Rozhodnutie o zmene navrhovanej činnosti- neposudzovať","urad":"Miestny úrad mestskej časti Bratislava-Ružinov Miestny úrad mestskej časti Bratislava-Vrak","skupina":"","zhluk":"presovska 48","presnost":"približná","zmena":"2019-08-27","faza":"zámer","dok":4,"typ":"Technická infraštruktúra"}},{"type":"Feature","geometry":{"type":"Point","coordinates":[17.131029,48.221471]},"properties":{"id":"bratislava-raca-polyfunkcny-subor-rustaveliho-","nazov":"Bratislava- Rača- Polyfunkčný súbor \"Rustaveliho\"","firma":"INTERCOM Agentúra s.r.o.","ico":"35866110","obec":"Bratislava - Rača","stav":"Akcia je ukončená v procese EIA","urad":"MČ Bratislava- Rača","skupina":"","zhluk":"","presnost":"približná","zmena":"2013-07-01","faza":"posúdené","dok":5,"plany":[{"p":"C_prilohy.pdf","u":"https://www.enviroportal.sk/eia/dokument/40097","v":35648860,"t":"PDF"}],"typ":"Polyfunkcia"}},{"type":"Feature","geometry":{"type":"Point","coordinates":[17.180908,48.219255]},"properties":{"id":"bratislava-ubytovna-vajnory-vystavba-parkoviska-pristavba-archivu-pris","nazov":"Bratislava, ubytovňa Vajnory - výstavba parkoviska, prístavba archívu, prístavba vonkajšieho výťahu a výstavba kotolne","firma":"Ministerstvo vnútra Slovenskej republiky, Pribinova č.2","ico":"00151866","obec":"Bratislava - Vajnory","stav":"Akcia je ukončená v procese EIA","urad":"Ministerstvo vnútra SR, sekcia hnuteľného a NM a IV, odd. staveb. poriadku a OČ","skupina":"","zhluk":"tomasikova 46","presnost":"približná","zmena":"2013-10-25","faza":"povolené","doklad":"Rozhodnutie – stavebné povolenie","dok":11,"plany":[{"p":"príloha 3","u":"https://www.enviroportal.sk/eia/dokument/184708","v":175178,"t":"PDF"},{"p":"príloha 6","u":"https://www.enviroportal.sk/eia/dokument/184712","v":2422749,"t":"PDF"},{"p":"príloha 5b","u":"https://www.enviroportal.sk/eia/dokument/184711","v":5615696,"t":"PDF"},{"p":"príloha 1","u":"https://www.enviroportal.sk/eia/dokument/184695","v":3844656,"t":"PDF"},{"p":"príloha 2","u":"https://www.enviroportal.sk/eia/dokument/184696","v":1612580,"t":"PDF"}],"typ":"Vybavenosť"}},{"type":"Feature","geometry":{"type":"Point","coordinates":[17.209987,48.110931]},"properties":{"id":"bratislavska-sportova-akademia","nazov":"Bratislavská športová akadémia","firma":"Hviezdna 1, s.r.o., Hviezdna 1","ico":"50530143","obec":"Bratislava - Podunajské Biskupice","stav":"Akcia je ukončená v procese EIA","urad":"MČ BA - Podunajské Biskupice OÚ BA","skupina":"","zhluk":"","presnost":"približná","zmena":"2022-12-06","faza":"posúdené","dok":7,"typ":"Vybavenosť"}},{"type":"Feature","geometry":{"type":"Point","coordinates":[17.095448,48.156117]},"properties":{"id":"bratislavske-podhradie-vydrica","nazov":"Bratislavské podhradie - Vydrica","firma":"Vydrica a.s., Dr. Vladimíra Clementisa 10","ico":"35875682","obec":"Bratislava - Staré Mesto","stav":"Akcia je ukončená v procese EIA","urad":"MČ BA - Staré Mesto","skupina":"","zhluk":"","presnost":"približná","zmena":"2014-09-25","faza":"posúdené","dok":8,"plany":[{"p":"Širšie vzťahy","u":"https://www.enviroportal.sk/eia/dokument/39817","v":35785424,"t":"PDF"},{"p":"Prílohy","u":"https://www.enviroportal.sk/eia/dokument/39818","v":65554389,"t":"PDF"}],"typ":"Polyfunkcia"}},{"type":"Feature","geometry":{"type":"Point","coordinates":[17.17066,48.149256]},"properties":{"id":"budova-ministerstva-spravodlivosti-sr-generalneho-riaditelstva-zboru-v","nazov":"Budova Ministerstva spravodlivosti SR a generálneho riaditeľstva zboru väzenskej a justičnej stráže","firma":"Generálne riaditeľstvo Zboru väzenskej a justičnej stráže, Chorvátska ","ico":"00212008","obec":"Bratislava - Ružinov","stav":"Akcia je ukončená v procese EIA","urad":"MČ Bratislava -Ružinov","skupina":"","zhluk":"","presnost":"približná","zmena":"2013-05-09","faza":"posúdené","dok":5,"typ":"Bývanie"}},{"type":"Feature","geometry":{"type":"Point","coordinates":[17.154353,48.164479]},"properties":{"id":"budova-ustredia-slovenskej-sporitelne-tomasikova-ulica-bratislava-zvys","nazov":"Budova ústredia Slovenskej sporiteľne, a.s., Tomášikova ulica, Bratislava - zvýšenie počtu garážových stojísk","firma":"LANED a.s., Suché Mýto 4","ico":"35918918","obec":"Bratislava - Nové Mesto","stav":"Akcia je ukončená v procese EIA","urad":"MČ Bratislava - Nové Mesto","skupina":"","zhluk":"","presnost":"presná","zmena":"2013-05-07","faza":"posúdené","dok":16,"plany":[{"p":"Situácia","u":"https://www.enviroportal.sk/eia/dokument/27568","v":1164195,"t":"PDF"},{"p":"mapa","u":"https://www.enviroportal.sk/eia/dokument/27567","v":2021120,"t":"PDF"}],"typ":"Administratíva"}},{"type":"Feature","geometry":{"type":"Point","coordinates":[17.177516,48.148823]},"properties":{"id":"business-center-bajkal-2-bratislava-zmena-1","nazov":"Business Center Bajkal - 2, Bratislava Zmena 1","firma":"SLOVKARPATIA, s.r.o.","ico":"30840848","obec":"Bratislava - Ružinov","stav":"Akcia je ukončená v procese EIA","urad":"MČ Bratislava - Ružinov; OÚ BA OSŽP","skupina":"","zhluk":"","presnost":"približná","zmena":"2014-10-06","faza":"posúdené","dok":11,"plany":[{"p":"Mapa 1","u":"https://www.enviroportal.sk/eia/dokument/218376","v":178421,"t":"PDF"},{"p":"Mapa kataster","u":"https://www.enviroportal.sk/eia/dokument/218401","v":119277,"t":"PDF"},{"p":"Mapa 2","u":"https://www.enviroportal.sk/eia/dokument/218400","v":755509,"t":"JPG"}],"typ":"Administratíva"}},{"type":"Feature","geometry":{"type":"Point","coordinates":[17.142461,48.146238]},"properties":{"id":"business-center-bratislava-i-iii-etapa","nazov":"Business center Bratislava I. - III. etapa","firma":"BA Business center a.s., Plynárenská 1","ico":"35752408","obec":"Bratislava - Ružinov","stav":"Akcia je ukončená v procese EIA","urad":"MČ Bratislava - Ružinov","skupina":"","zhluk":"","presnost":"presná","zmena":"2013-05-07","faza":"posúdené","dok":54,"plany":[{"p":"príloha č. 14","u":"https://www.enviroportal.sk/eia/dokument/28635","v":209999,"t":"PDF"},{"p":"príloha č. 1","u":"https://www.enviroportal.sk/eia/dokument/28622","v":2487820,"t":"PDF"},{"p":"príloha č. 13","u":"https://www.enviroportal.sk/eia/dokument/28634","v":233915,"t":"PDF"},{"p":"príloha č. 12","u":"https://www.enviroportal.sk/eia/dokument/28633","v":271208,"t":"PDF"},{"p":"príloha č. 11","u":"https://www.enviroportal.sk/eia/dokument/28632","v":358157,"t":"PDF"}],"typ":"Administratíva"}},{"type":"Feature","geometry":{"type":"Point","coordinates":[17.141952,48.147163]},"properties":{"id":"business-center-bratislava-i-plus","nazov":"Business center Bratislava I plus","firma":"BA Business center, a.s.","ico":"35752408","obec":"Bratislava - Ružinov","stav":"Akcia je ukončená v procese EIA","urad":"Mestská časť Bratislava - Ružinov","skupina":"","zhluk":"","presnost":"presná","zmena":"2013-02-13","faza":"posúdené","dok":17,"plany":[{"p":"Príloha 2","u":"https://www.enviroportal.sk/eia/dokument/20857","v":2712431,"t":"RTF"},{"p":"06business-ur-situacia-koordin.pdf","u":"https://www.enviroportal.sk/eia/dokument/20933","v":181093,"t":"PDF"},{"p":"08business-ur-podorys6-10n.p.pdf","u":"https://www.enviroportal.sk/eia/dokument/20936","v":201342,"t":"PDF"},{"p":"7bussiness-ur-podorys 1.n.p.pdf","u":"https://www.enviroportal.sk/eia/dokument/20934","v":227530,"t":"PDF"},{"p":"Priloha1","u":"https://www.enviroportal.sk/eia/dokument/20852","v":2487820,"t":"PDF"}],"typ":"Administratíva"}},{"type":"Feature","geometry":{"type":"Point","coordinates":[17.142551,48.14492]},"properties":{"id":"business-center-bratislava-mlynske-nivy-48","nazov":"BUSINESS CENTER BRATISLAVA, Mlynské nivy 48","firma":"3c reality a.s., Mlynské nivy 48","ico":"35865563","obec":"Bratislava - Ružinov","stav":"Akcia je ukončená v procese EIA","urad":"MČ Bratislava - Ružinov","skupina":"","zhluk":"","presnost":"presná","zmena":"2013-02-11","ulica":"Mlynské nivy","faza":"povolené","doklad":"Rozhodnutie","dok":29,"plany":[{"p":"vykresč3.pdf","u":"https://www.enviroportal.sk/eia/dokument/19464","v":71530,"t":"PDF"},{"p":"vykresč1.pdf","u":"https://www.enviroportal.sk/eia/dokument/19463","v":170287,"t":"PDF"},{"p":"priloha4.jpg","u":"https://www.enviroportal.sk/eia/dokument/19449","v":1175684,"t":"JPG"},{"p":"priloha5.jpg","u":"https://www.enviroportal.sk/eia/dokument/19450","v":1056397,"t":"JPG"},{"p":"priloha6.jpg","u":"https://www.enviroportal.sk/eia/dokument/19451","v":1299013,"t":"JPG"}],"typ":"Administratíva"}},{"type":"Feature","geometry":{"type":"Point","coordinates":[17.020803,48.167703]},"properties":{"id":"bytove-domy-bystricka","nazov":"Bytové domy Bystrická","firma":"Bystrická, s.r.o., Panenská 6","ico":"46836594","obec":"Bratislava - Devínska Nová Ves","stav":"Akcia je ukončená v procese EIA","urad":"1.M.č. BA - Devínska Nová Ves, Novoveská 17/A, 843 10 Bratislava 2.OUBA, odbor starostlivo","skupina":"","zhluk":"panenska 6","presnost":"približná","zmena":"2016-07-19","faza":"posúdené","dok":10,"plany":[{"p":"D1_prilohy2a.pdf","u":"https://www.enviroportal.sk/eia/dokument/245526","v":23750164,"t":"PDF"},{"p":"C_prilohy1.pdf","u":"https://www.enviroportal.sk/eia/dokument/245525","v":14837583,"t":"PDF"},{"p":"D2_prilohy2b.pdf","u":"https://www.enviroportal.sk/eia/dokument/245527","v":29209453,"t":"PDF"}],"typ":"Bývanie"}},{"type":"Feature","geometry":{"type":"Point","coordinates":[17.050838,48.165028]},"properties":{"id":"bytove-domy-kaskady-kresankova-ul-bratislava-dlhe-diely","nazov":"Bytové domy \"Kaskády\", Kresánkova ul., Bratislava - Dlhé Diely","firma":"Otyk, spol. s r.o., Pernecká 37","ico":"35780797","obec":"Bratislava - Karlova Ves","stav":"Akcia je ukončená v procese EIA","urad":"Magistrát HM SR Bratislavy, MČ Bratislava - Karlova Ves","skupina":"","zhluk":"","presnost":"približná","zmena":"2013-02-08","faza":"posúdené","dok":17,"plany":[{"p":"Kaskady BA_priloha 1_rozptyl studia.pdf","u":"https://www.enviroportal.sk/eia/dokument/20866","v":1614994,"t":"PDF"},{"p":"Kaskady BA_priloha 2_parkovanie.pdf","u":"https://www.enviroportal.sk/eia/dokument/20867","v":115335,"t":"PDF"},{"p":"Kaskady BA_priloha 3_svetlotechnika.pdf","u":"https://www.enviroportal.sk/eia/dokument/20868","v":113212,"t":"PDF"},{"p":"Kaskady BA_kap 6_vykres 1_sirsie vztahy.jpg","u":"https://www.enviroportal.sk/eia/dokument/20871","v":549711,"t":"JPG"},{"p":"Kaskady BA_kap 6_vykres 2_koordinacna situacia.jpg","u":"https://www.enviroportal.sk/eia/dokument/20872","v":1250977,"t":"JPG"}],"typ":"Bývanie"}},{"type":"Feature","geometry":{"type":"Point","coordinates":[17.177871,48.147064]},"properties":{"id":"bytove-domy-polyfunkcne-objekty-dopravnych-sluzieb","nazov":"BYTOVÉ DOMY A POLYFUNKČNÉ OBJEKTY DOPRAVNÝCH SLUŽIEB","firma":"Pravé krídlo, s.r.o., Dunajská 15/A","ico":"50941615","obec":"Bratislava - Ružinov","stav":"Akcia je ukončená v procese EIA","urad":"MČ BA - Ružinov, OÚ BA","skupina":"","zhluk":"dunajska a","presnost":"približná","zmena":"2018-12-03","faza":"posúdené","dok":5,"typ":"Plány a koncepcie"}},{"type":"Feature","geometry":{"type":"Point","coordinates":[17.10754,48.195294]},"properties":{"id":"bytove-domy-vlarska-kramare-84-b-j-bratislava","nazov":"Bytové domy Vlárska - Kramáre, 84 b.j., Bratislava","firma":"FORESPO REALITY 1 a. s., Karloveská 34","ico":"47254793","obec":"Bratislava - Nové Mesto","stav":"Akcia je ukončená v procese EIA","urad":"MČ Bratislava - Nové Mesto","skupina":"Forespo / 365.invest","zhluk":"karloveska 34","presnost":"približná","zmena":"2014-10-27","faza":"posúdené","dok":20,"plany":[{"p":"architektonická situácia","u":"https://www.enviroportal.sk/eia/dokument/219078","v":299177,"t":"PDF"},{"p":"koordinačná situácia","u":"https://www.enviroportal.sk/eia/dokument/219080","v":739056,"t":"PDF"},{"p":"viz. vykres","u":"https://www.enviroportal.sk/eia/dokument/219091","v":368238,"t":"PDF"},{"p":"situácia","u":"https://www.enviroportal.sk/eia/dokument/219094","v":3161533,"t":"PDF"},{"p":"pôdorys","u":"https://www.enviroportal.sk/eia/dokument/219084","v":164248,"t":"PDF"}],"typ":"Bývanie"}},{"type":"Feature","geometry":{"type":"Point","coordinates":[17.171696,48.150009]},"properties":{"id":"bytovy-apartmanovy-dom-sedmokrasky","nazov":"Bytový a apartmánový dom - Sedmokrásky","firma":"Rossa Invest, s. r. o., Dvojkrížna 47","ico":"48284076","obec":"Bratislava - Ružinov","stav":"Akcia je ukončená v procese EIA","urad":"OU BA, MC BA - Ruzinov","skupina":"","zhluk":"","presnost":"približná","zmena":"2020-07-02","faza":"posúdené","dok":7,"plany":[{"p":"Sedmokrasky - prilohy.zip","u":"https://www.enviroportal.sk/eia/dokument/296778","v":21872352,"t":"ZIP"}],"typ":"Bývanie"}},{"type":"Feature","geometry":{"type":"Point","coordinates":[17.018493,48.16982]},"properties":{"id":"bytovy-dom-bd2-devinska-nova-ves","nazov":"BYTOVÝ DOM BD2, Devínska Nová Ves","firma":"BA Development II., s.r.o., Černyševského 50","ico":"44330961","obec":"Bratislava - Devínska Nová Ves","stav":"Akcia je ukončená v procese EIA","urad":"MČ Bratislava - DNV, OkÚ BA- ŠVS","skupina":"","zhluk":"","presnost":"približná","zmena":"2014-06-02","faza":"posúdené","dok":22,"plany":[{"p":"grafické prílohy_04 podorys 1 NP","u":"https://www.enviroportal.sk/eia/dokument/212775","v":307046,"t":"PDF"},{"p":"grafické prílohy_priloha č. 1","u":"https://www.enviroportal.sk/eia/dokument/212782","v":4301185,"t":"PDF"},{"p":"grafické prílohy_02 podorys 2PP","u":"https://www.enviroportal.sk/eia/dokument/212773","v":287179,"t":"PDF"},{"p":"grafické prílohy_03 podorys 1PP","u":"https://www.enviroportal.sk/eia/dokument/212774","v":318879,"t":"PDF"},{"p":"grafické prílohy_10 rezy","u":"https://www.enviroportal.sk/eia/dokument/212776","v":292362,"t":"PDF"}],"typ":"Bývanie"}},{"type":"Feature","geometry":{"type":"Point","coordinates":[17.019842,48.168147]},"properties":{"id":"bytovy-dom-bd2","nazov":"BYTOVÝ DOM BD2","firma":"BA Development II., s.r.o., Černyševského 50","ico":"44330961","obec":"Bratislava - Devínska Nová Ves","stav":"Akcia je ukončená v procese EIA","urad":"Mestská časť Bratislava - Devínska Nová Ves OÚŽP Bratislava, odd. OP a vybraných zložiek Ž","skupina":"","zhluk":"","presnost":"približná","zmena":"2013-09-02","faza":"posúdené","dok":16,"plany":[{"p":"situácia existujúceho objektu","u":"https://www.enviroportal.sk/eia/dokument/179430","v":313407,"t":"PDF"},{"p":"situácia koordinačná variant 1","u":"https://www.enviroportal.sk/eia/dokument/179412","v":1537303,"t":"PDF"},{"p":"situácia koordinačná variant 2","u":"https://www.enviroportal.sk/eia/dokument/179429","v":1558270,"t":"PDF"},{"p":"príloha 1","u":"https://www.enviroportal.sk/eia/dokument/179432","v":4296524,"t":"PDF"}],"typ":"Bývanie"}},{"type":"Feature","geometry":{"type":"Point","coordinates":[17.101827,48.196898]},"properties":{"id":"bytovy-dom-biely-kriz-blok-a-blok-b","nazov":"Bytový dom - Biely kríž, blok A a blok B","firma":"MPV Develop, spol. s r.o., Šebastovská ulica č. 4","ico":"36831816","obec":"Bratislava - Nové Mesto","stav":"Akcia je ukončená v procese EIA","urad":"MČ Bratislava - Nové mesto","skupina":"","zhluk":"","presnost":"približná","zmena":"2012-02-16","faza":"posúdené","dok":9,"plany":[{"p":"Priloha 5","u":"https://www.enviroportal.sk/eia/dokument/134131","v":731447,"t":"JPG"},{"p":"Priloha 2","u":"https://www.enviroportal.sk/eia/dokument/134126","v":545800,"t":"JPG"},{"p":"Priloha 4","u":"https://www.enviroportal.sk/eia/dokument/134130","v":577316,"t":"JPG"},{"p":"Priloha 3 fotodokumentacia","u":"https://www.enviroportal.sk/eia/dokument/134127","v":739620,"t":"PDF"},{"p":"Priloha1 ortofoto_Biely kriz","u":"https://www.enviroportal.sk/eia/dokument/134105","v":215296,"t":"PDF"}],"typ":"Bývanie"}},{"type":"Feature","geometry":{"type":"Point","coordinates":[17.093616,48.122643]},"properties":{"id":"bytovy-dom-bosakova","nazov":"Bytový dom Bosákova","firma":"DIVANO s.r.o., Rožňavská 1","ico":"35823045","obec":"Bratislava - Petržalka","stav":"Akcia je ukončená v procese EIA","urad":"MČ BA - Petržalka","skupina":"","zhluk":"","presnost":"približná","zmena":"2013-05-10","faza":"posúdené","dok":11,"plany":[{"p":"Príloha 1 záujmové uzemie","u":"https://www.enviroportal.sk/eia/dokument/31139","v":1891001,"t":"PDF"},{"p":"Príloha 2,3 vizualiz, situácia","u":"https://www.enviroportal.sk/eia/dokument/31140","v":77928,"t":"PDF"}],"typ":"Bývanie"}},{"type":"Feature","geometry":{"type":"Point","coordinates":[17.142551,48.14492]},"properties":{"id":"bytovy-dom-discovery-tower-mlynske-nivy-bratislava","nazov":"BYTOVÝ DOM – DISCOVERY TOWER, Mlynské nivy, Bratislava","firma":"CKM Reality s.r.o., Einsteinova 9","ico":"36326194","obec":"Bratislava - Ružinov","stav":"Akcia je ukončená v procese EIA","urad":"1. Okresný úrad Bratislava, odbor starostlivosti o žp, oddelenie ochrany prírody a vybraný","skupina":"","zhluk":"einsteinova 9","presnost":"presná","zmena":"2017-06-29","ulica":"Mlynské nivy","faza":"povolené","doklad":"Rozhodnutie","dok":5,"typ":"Bývanie"}},{"type":"Feature","geometry":{"type":"Point","coordinates":[17.08703,48.122905]},"properties":{"id":"bytovy-dom-dolnozemska-brana-jasovska-ul-bratislava","nazov":"BYTOVÝ DOM \"DOLNOZEMSKÁ BRÁNA, Jasovská ul., Bratislava","firma":"VAZEX Group, s.r.o., Palisády 1","ico":"36809195","obec":"Bratislava - Petržalka","stav":"Akcia je ukončená v procese EIA","urad":"Mestská časť Bratislava ? Petržalka","skupina":"","zhluk":"palisady 1","presnost":"približná","zmena":"2013-09-10","faza":"posúdené","dok":21,"plany":[{"p":"priloha_c_1.pdf","u":"https://www.enviroportal.sk/eia/dokument/45561","v":547355,"t":"PDF"},{"p":"priloha_c_2.pdf","u":"https://www.enviroportal.sk/eia/dokument/45562","v":316868,"t":"PDF"},{"p":"priloha_c_3a.pdf","u":"https://www.enviroportal.sk/eia/dokument/45563","v":81293,"t":"PDF"},{"p":"priloha_c_3b.pdf","u":"https://www.enviroportal.sk/eia/dokument/45565","v":164681,"t":"PDF"},{"p":"priloha_c_3c.pdf","u":"https://www.enviroportal.sk/eia/dokument/45566","v":136940,"t":"PDF"}],"typ":"Bývanie"}},{"type":"Feature","geometry":{"type":"Point","coordinates":[17.089102,48.123962]},"properties":{"id":"bytovy-dom-fuxova-ul-bratislava-1","nazov":"Bytový dom – Fuxova ul., Bratislava","firma":"FUXTON, s.r.o., Dvořákovo nábrežie 10","ico":"35833513","obec":"Bratislava - Petržalka","stav":"Akcia je ukončená v procese EIA","urad":"Mestská časť Bratislava Petržalka Okresný úrad Bratislava, odbor starostlivosti o životné ","skupina":"J&T Real Estate","zhluk":"dvorakovo nabrezie 10","presnost":"približná","zmena":"2016-10-03","faza":"posúdené","dok":7,"plany":[{"p":"Príloha 1_rozhodnutie_fuxova-doc.pdf","u":"https://www.enviroportal.sk/eia/dokument/248583","v":668289,"t":"PDF"},{"p":"Príloha 2_Sirsie vztahy.pdf","u":"https://www.enviroportal.sk/eia/dokument/248584","v":13003422,"t":"PDF"},{"p":"Príloha 4_dokumentácia.zip","u":"https://www.enviroportal.sk/eia/dokument/248586","v":10121724,"t":"ZIP"},{"p":"Príloha 3_LV_4727_FUXTON.pdf","u":"https://www.enviroportal.sk/eia/dokument/248585","v":99545,"t":"PDF"}],"typ":"Bývanie"}},{"type":"Feature","geometry":{"type":"Point","coordinates":[17.092681,48.123433]},"properties":{"id":"bytovy-dom-fuxova-ul-bratislava","nazov":"Bytový dom - Fuxova ul., Bratislava","firma":"FUXTON, s. r. o. Dvořákovo nábrežie 10","ico":"35833531","obec":"Bratislava - Petržalka","stav":"Akcia je ukončená v procese EIA","urad":"MČ BA- Petržalka, OÚ Ba OSŽP","skupina":"J&T Real Estate","zhluk":"s r o dvorakovo nabrezie 10","presnost":"približná","zmena":"2014-11-07","faza":"posúdené","dok":34,"plany":[{"p":"grafika širšie vzťahy","u":"https://www.enviroportal.sk/eia/dokument/219383","v":9196813,"t":"PDF"},{"p":"grafika celková situácia","u":"https://www.enviroportal.sk/eia/dokument/219368","v":656517,"t":"PDF"},{"p":"grafika koordinačná situácia","u":"https://www.enviroportal.sk/eia/dokument/219369","v":422178,"t":"PDF"},{"p":"SO 01 pôdorys typického podlažia","u":"https://www.enviroportal.sk/eia/dokument/219373","v":170935,"t":"PDF"},{"p":"SO 01 podorys 1NP","u":"https://www.enviroportal.sk/eia/dokument/219394","v":50899,"t":"PDF"}],"typ":"Bývanie"}},{"type":"Feature","geometry":{"type":"Point","coordinates":[17.170485,48.149056]},"properties":{"id":"bytovy-dom-lemon","nazov":"Bytový dom Lemon","firma":"Pressburg Tower Property s.r.o., Prievozská 6A","ico":"50164732","obec":"Bratislava - Ružinov","stav":"Rozhodnutie zo zisťovacieho konania","urad":"MČ BA-Ružinov (stavebný úrad), OUBA OSŽP","skupina":"","zhluk":"","presnost":"približná","zmena":"2025-09-25","faza":"posúdené","dok":6,"plany":[{"p":"Prílohy Zámeru.pdf","u":"https://www.enviroportal.sk/eia/dokument/387084","v":25162831,"t":"PDF"}],"typ":"Bývanie"}},{"type":"Feature","geometry":{"type":"Point","coordinates":[17.07732,48.157882]},"properties":{"id":"bytovy-dom-mlynska-dolina-mc-bratislava-karlova-ves","nazov":"Bytový dom Mlynská Dolina, MČ Bratislava - Karlova Ves","firma":"Inžiniersko-projektová organizácia školských stavieb, a.s., Staré Grun","ico":"31321917","obec":"Bratislava - Karlova Ves","stav":"Akcia je ukončená v procese EIA","urad":"Mestská časť Bratislava - Karlova Ves, OÚŽP v BA, odbor ŠVS","skupina":"","zhluk":"","presnost":"presná","zmena":"2012-09-28","ulica":"Mlynská dolina","faza":"posúdené","dok":11,"plany":[{"p":"OBR3az10_Fotodokumentacia a vizualizacia","u":"https://www.enviroportal.sk/eia/dokument/145795","v":3571669,"t":"PDF"},{"p":"OBR2_Koordinacna situacia obytného domu","u":"https://www.enviroportal.sk/eia/dokument/145794","v":465841,"t":"PDF"},{"p":"Textova priloha 1_Hlukova studia","u":"https://www.enviroportal.sk/eia/dokument/145789","v":5105842,"t":"PDF"},{"p":"Textova priloha 3_Dendrologický prieskum I.","u":"https://www.enviroportal.sk/eia/dokument/145792","v":99794,"t":"PDF"},{"p":"Textova priloha 3_Dendrologický prieskum II.","u":"https://www.enviroportal.sk/eia/dokument/145793","v":259151,"t":"PDF"}],"typ":"Bývanie"}},{"type":"Feature","geometry":{"type":"Point","coordinates":[17.177234,48.14919]},"properties":{"id":"bytovy-dom-monte-verde","nazov":"Bytový dom Monte Verde","firma":"URBICOM, a.s., Dr. VI. Clementisa 10","ico":"35713402","obec":"Bratislava - Ružinov","stav":"Akcia je ukončená v procese EIA","urad":"Mestská časť Bratislava - Ružinov OÚŽP v BA, odbor ŠVS","skupina":"Penta Real Estate","zhluk":"einsteinova 25","presnost":"približná","zmena":"2012-02-21","faza":"posúdené","dok":6,"plany":[{"p":"D_prilohy 2","u":"https://www.enviroportal.sk/eia/dokument/134429","v":17544975,"t":"PDF"},{"p":"C_prilohy 1","u":"https://www.enviroportal.sk/eia/dokument/134428","v":7624377,"t":"PDF"}],"typ":"Bývanie"}},{"type":"Feature","geometry":{"type":"Point","coordinates":[17.174983,48.150405]},"properties":{"id":"bytovy-dom-nadstavba-parkovisko-avion","nazov":"Bytový dom - nadstavba a Parkovisko Avion","firma":"Ivanská cesta, s. r.o., Panenská 6","ico":"46636811","obec":"Bratislava - Ružinov","stav":"Akcia je ukončená v procese EIA","urad":"Mestská časť Bratislava Ružinov, OÚŽP Bratislava","skupina":"","zhluk":"panenska 6","presnost":"približná","zmena":"2013-09-23","faza":"posúdené","dok":26,"plany":[{"p":"Príloha 3 pozemky 1 etapa","u":"https://www.enviroportal.sk/eia/dokument/185433","v":71187,"t":"PDF"},{"p":"príloha 7 hluková štúdia","u":"https://www.enviroportal.sk/eia/dokument/185415","v":330060,"t":"PDF"},{"p":"príloha 8 RS","u":"https://www.enviroportal.sk/eia/dokument/185416","v":1539085,"t":"PDF"},{"p":"príloha 6 DUR BD nadstavba titul","u":"https://www.enviroportal.sk/eia/dokument/185417","v":210381,"t":"PDF"},{"p":"príloha 6 DUR BD doprava DIC","u":"https://www.enviroportal.sk/eia/dokument/185418","v":357022,"t":"PDF"}],"typ":"Bývanie"}},{"type":"Feature","geometry":{"type":"Point","coordinates":[17.134101,48.182245]},"properties":{"id":"bytovy-dom-nobelova-podnikova-ulica-bratislava","nazov":"Bytový dom Nobelova, Podniková ulica, Bratislava","firma":"NOBELOVA INVEST, s.r.o., Námestie Andreja Hlinku 3","ico":"46822631","obec":"Bratislava - Nové Mesto","stav":"Akcia je ukončená v procese EIA","urad":"Mestská časť Bratislava - Nové Mesto OÚŽP v BA, odbor ŠVS","skupina":"","zhluk":"","presnost":"presná","zmena":"2013-04-12","faza":"posúdené","dok":9,"plany":[{"p":"prílohy 3","u":"https://www.enviroportal.sk/eia/dokument/154646","v":754757,"t":"PDF"},{"p":"prílohy 1","u":"https://www.enviroportal.sk/eia/dokument/154628","v":10060414,"t":"PDF"},{"p":"prílohy 2","u":"https://www.enviroportal.sk/eia/dokument/154629","v":758736,"t":"PDF"}],"typ":"Bývanie"}},{"type":"Feature","geometry":{"type":"Point","coordinates":[17.114852,48.161969]},"properties":{"id":"bytovy-dom-podkolibska-ulica-bratislava-nove-mesto","nazov":"BYTOVÝ DOM, Podkolibská ulica, Bratislava - Nové Mesto","firma":"Zlatá noha s.r.o., Bellova 2/a","ico":"46283773","obec":"Bratislava - Nové Mesto","stav":"Akcia je ukončená v procese EIA","urad":"Mestská časť Bratislava - Nové Mesto","skupina":"","zhluk":"","presnost":"presná","zmena":"2013-05-27","faza":"posúdené","dok":4,"typ":"Bývanie"}},{"type":"Feature","geometry":{"type":"Point","coordinates":[17.134101,48.182245]},"properties":{"id":"bytovy-dom-podnikova-ulica-bratislava","nazov":"Bytový dom Podniková ulica, Bratislava","firma":"NOBELOVA INVEST, s.r.o., Mokrohájska cesta 10","ico":"","obec":"Bratislava - Nové Mesto","stav":"Iný dôvod ukončenia posudzovania","urad":"Mestská časť Bratislava - Nové Mesto Okresný úrad Bratislava","skupina":"","zhluk":"","presnost":"presná","zmena":"2022-04-12","faza":"zámer","dok":4,"typ":"Bývanie"}},{"type":"Feature","geometry":{"type":"Point","coordinates":[17.032732,48.185154]},"properties":{"id":"bytovy-dom-pri-rosnicke-","nazov":"Bytový dom \"Pri Rosničke\"","firma":"B. D. Rosnička s.r.o., Stará Ivánska cesta 1/386","ico":"44607067","obec":"Bratislava - Dúbravka","stav":"Akcia je ukončená v procese EIA","urad":"Mestská časť Bratislava - Dúbravka, OÚŽP BA, odbor ŠVS","skupina":"","zhluk":"","presnost":"približná","zmena":"2013-12-16","faza":"posúdené","dok":10,"plany":[{"p":"Priloha_obr.3-6_Fotodokumentacia","u":"https://www.enviroportal.sk/eia/dokument/188292","v":2171410,"t":"PDF"},{"p":"Priloha_obr.2_koordinačna situacia","u":"https://www.enviroportal.sk/eia/dokument/188290","v":306985,"t":"PDF"},{"p":"Priloha_obr.2_Legenda","u":"https://www.enviroportal.sk/eia/dokument/188291","v":277097,"t":"PDF"},{"p":"riloha_obr. 7-8_vizualizacia","u":"https://www.enviroportal.sk/eia/dokument/188293","v":284229,"t":"PDF"},{"p":"priloha_upustenie","u":"https://www.enviroportal.sk/eia/dokument/188294","v":409462,"t":"PDF"}],"typ":"Bývanie"}},{"type":"Feature","geometry":{"type":"Point","coordinates":[17.171356,48.145209]},"properties":{"id":"bytovy-dom-ruzinov-ostredky-sputnikova-bratislava","nazov":"Bytový dom Ružinov - Ostredky, Sputnikova, Bratislava","firma":"Vodohospodárske stavby Malacky, a.s.","ico":"31412114","obec":"Bratislava - Ružinov","stav":"Akcia je ukončená v procese EIA","urad":"Magisrát HM SR Bratislavy, MČ Bratislava - Ružinov","skupina":"","zhluk":"","presnost":"približná","zmena":"2013-02-04","faza":"posúdené","dok":0,"typ":"Bývanie"}},{"type":"Feature","geometry":{"type":"Point","coordinates":[17.163581,48.15737]},"properties":{"id":"bytovy-dom-ruzinovska-2010-2014","nazov":"Bytový dom Ružinovská 2010 - 2014","firma":"VISCON, s.r.o., Vinohradská 11","ico":"36265233","obec":"Bratislava - Ružinov","stav":"Akcia je ukončená v procese EIA","urad":"Mestská časť Bratislava - Ružinov","skupina":"","zhluk":"","presnost":"presná","zmena":"2014-03-27","ulica":"Ružinovská","faza":"posúdené","dok":2,"typ":"Bývanie"}},{"type":"Feature","geometry":{"type":"Point","coordinates":[17.163581,48.15737]},"properties":{"id":"bytovy-dom-ruzinovska-ul-bratislava","nazov":"Bytový dom Ružinovská ul., Bratislava","firma":"VISCON, s.r.o., Vinohradská 11","ico":"36265233","obec":"Bratislava - Ružinov","stav":"Akcia je ukončená v procese EIA","urad":"MČ Bratislava - Ružinov, OÚ BA OSŽP","skupina":"","zhluk":"","presnost":"presná","zmena":"2014-11-21","ulica":"Ružinovská","faza":"posúdené","dok":3,"typ":"Plány a koncepcie"}},{"type":"Feature","geometry":{"type":"Point","coordinates":[17.088132,48.118512]},"properties":{"id":"bytovy-dom-s-obcianskou-vybavenostou-muchovo-nam-v-mc-bratislava-petrz","nazov":"Bytový dom s občianskou vybavenosťou, Muchovo nám. v MČ Bratislava Petržalka","firma":"Eclipse Invest, s.r.o., Dorastenecká 46","ico":"46014551","obec":"Bratislava - Petržalka","stav":"Akcia je ukončená v procese EIA","urad":"Mestská časť Bratislava - Petržalka, Okresný úrad Bratislava, odbor starostlivosti o ŽP","skupina":"","zhluk":"dorastenecka 46","presnost":"približná","zmena":"2014-10-23","faza":"posúdené","dok":3,"typ":"Bývanie"}},{"type":"Feature","geometry":{"type":"Point","coordinates":[19.76284,48.73769]},"properties":{"id":"bytovy-dom-sabinovska-bratislava","nazov":"Bytový dom Sabinovská, Bratislava","firma":"CONNER d.i., s.r.o., Bratislava","ico":"35950790","obec":"Bratislava - Ružinov","stav":"Akcia je ukončená v procese EIA","urad":"Magistrát HM SR Bratislavy, MČ Bratislava - Ružinov","skupina":"","zhluk":"","presnost":"presná","zmena":"2013-02-04","ulica":"Sabinovská","faza":"posúdené","dok":1,"typ":"Bývanie"}},{"type":"Feature","geometry":{"type":"Point","coordinates":[17.034747,48.179398]},"properties":{"id":"bytovy-dom-sklenik","nazov":"Bytový dom SKLENÍK","firma":"Skleník s.r.o., Mraziarenská 6","ico":"46389946","obec":"Bratislava - Dúbravka","stav":"Akcia je ukončená v procese EIA","urad":"Mestská časť Bratislava - Dúbravka OÚŽP v BA, odbor ŠVS","skupina":"","zhluk":"mraziarenska 6","presnost":"približná","zmena":"2012-03-06","faza":"posúdené","dok":13,"plany":[{"p":"Priloha c.2_ortofotomapa","u":"https://www.enviroportal.sk/eia/dokument/135852","v":130653,"t":"PDF"},{"p":"Priloha c.4_ Koordinacna situacia -Variant 1","u":"https://www.enviroportal.sk/eia/dokument/135867","v":687266,"t":"PDF"},{"p":"Priloha c.5_Koordinacna situacia -Variant 2","u":"https://www.enviroportal.sk/eia/dokument/135855","v":683520,"t":"PDF"},{"p":"Priloha č.1_Prehladna situacia","u":"https://www.enviroportal.sk/eia/dokument/135851","v":574281,"t":"PDF"},{"p":"Koordinacna situacia -Variant 1","u":"https://www.enviroportal.sk/eia/dokument/135856","v":0,"t":"EMPTY"}],"typ":"Bývanie"}},{"type":"Feature","geometry":{"type":"Point","coordinates":[17.101996,48.153574]},"properties":{"id":"bytovy-dom-sky-park-tower-","nazov":"Bytový dom Sky Park Tower","firma":"SKY PARK TOWER, s.r.o., Bottova 1/1","ico":"51468107","obec":"Bratislava - Staré Mesto","stav":"Akcia je ukončená v procese EIA","urad":"Mestská časť Bratislava – Staré Mesto, Vajanského nábrežie 3, 814 21 Bratislava Okresný úr","skupina":"Alto Real Estate","zhluk":"bottova 1","presnost":"približná","zmena":"2024-06-03","faza":"posúdené","dok":5,"plany":[{"p":"prílohy.pdf","u":"https://www.enviroportal.sk/eia/dokument/368745","v":20488113,"t":"PDF"}],"typ":"Bývanie"}},{"type":"Feature","geometry":{"type":"Point","coordinates":[17.104221,48.200732]},"properties":{"id":"bytovy-dom-stara-klenova","nazov":"Bytový dom Stará Klenová","firma":"Mg. Alexander Máťuš, MBA, Pod násypom 10","ico":"","obec":"Bratislava - Nové Mesto","stav":"Iný dôvod ukončenia posudzovania","urad":"Mestská časť Bratislava - Nové Mesto Okresný úrad Bratislava","skupina":"","zhluk":"","presnost":"približná","zmena":"2021-06-22","faza":"zámer","dok":3,"typ":"Bývanie"}},{"type":"Feature","geometry":{"type":"Point","coordinates":[17.086476,48.122168]},"properties":{"id":"bytovy-dom-stary-haj","nazov":"Bytový dom Starý háj","firma":"ChP Invest, s.r.o., Strážna 9/I","ico":"44180021","obec":"Bratislava - Petržalka","stav":"Akcia je ukončená v procese EIA","urad":"Mestská časť Bratislava – Petržalka, Kutlíkova 17, 852 12 Bratislava Okresný úrad Bratisla","skupina":"","zhluk":"","presnost":"približná","zmena":"2015-11-10","faza":"posúdené","dok":25,"plany":[{"p":"11_zakres do KM.pdf","u":"https://www.enviroportal.sk/eia/dokument/232617","v":425673,"t":"PDF"},{"p":"01_mapa.pdf","u":"https://www.enviroportal.sk/eia/dokument/232607","v":1061074,"t":"PDF"},{"p":"03_situacia koordinačná.pdf","u":"https://www.enviroportal.sk/eia/dokument/232609","v":429056,"t":"PDF"},{"p":"04_situacia.pdf","u":"https://www.enviroportal.sk/eia/dokument/232610","v":295134,"t":"PDF"},{"p":"priloha k rozhodnutiu.pdf","u":"https://www.enviroportal.sk/eia/dokument/239596","v":333761,"t":"PDF"}],"typ":"Bývanie"}},{"type":"Feature","geometry":{"type":"Point","coordinates":[17.102772,48.154224]},"properties":{"id":"bytovy-dom-studnicka","nazov":"Bytový dom Studnička","firma":"STUDNIČKA DEVELOPMENT, s. r. o., Račianska71","ico":"50693701","obec":"Bratislava - Staré Mesto","stav":"Akcia je ukončená v procese EIA","urad":"OU BA, MC BA Stare Mesto","skupina":"","zhluk":"","presnost":"približná","zmena":"2020-06-17","faza":"posúdené","dok":7,"plany":[{"p":"Prilohy.zip","u":"https://www.enviroportal.sk/eia/dokument/300011","v":13064072,"t":"ZIP"}],"typ":"Bývanie"}},{"type":"Feature","geometry":{"type":"Point","coordinates":[17.066581,48.149403]},"properties":{"id":"bytovy-dom-svrcia-ulica-bratislava","nazov":"Bytový dom Svrčia ulica Bratislava","firma":"Byteria, s.r.o., Karadžičova 27","ico":"","obec":"Bratislava - Staré Mesto","stav":"Podnet","urad":"Miestny úrad Mestskej časti Bratislava- Karlova Ves, Námestie sv. Františka 8, 842 62 Brat","skupina":"","zhluk":"","presnost":"presná","zmena":"2022-01-21","faza":"zámer","dok":2,"typ":"Bývanie"}},{"type":"Feature","geometry":{"type":"Point","coordinates":[17.171329,48.145226]},"properties":{"id":"bytovy-dom-terchovska","nazov":"Bytový dom Terchovská","firma":"Metro Bratislava, a.s., Primaciálne nám. 1","ico":"35732881","obec":"Bratislava - Ružinov","stav":"Akcia je ukončená v procese EIA","urad":"OÚ BA, MČ BA RUŽINOV","skupina":"","zhluk":"primacialne nam 1","presnost":"približná","zmena":"2023-03-20","faza":"posúdené","dok":5,"plany":[{"p":"Zámer a prílohy.zip","u":"https://www.enviroportal.sk/eia/dokument/339680","v":65108848,"t":"ZIP"}],"typ":"Bývanie"}},{"type":"Feature","geometry":{"type":"Point","coordinates":[17.620796,48.278444]},"properties":{"id":"bytovy-dom-tomasikova-trnavska-bratislava","nazov":"Bytový dom Tomášikova - Trnavská, Bratislava","firma":"MURLABO Slovakia, s.r.o., Panenská 6","ico":"35852607","obec":"Bratislava - Nové Mesto","stav":"Akcia je ukončená v procese EIA","urad":"MČ BA - Nové Mesto, OUBA OSZP,","skupina":"","zhluk":"panenska 6","presnost":"presná","zmena":"2015-08-17","ulica":"Tomášikova","faza":"posúdené","dok":6,"plany":[{"p":"C_prílohy.pdf","u":"https://www.enviroportal.sk/eia/dokument/229080","v":14735114,"t":"PDF"}],"typ":"Bývanie"}},{"type":"Feature","geometry":{"type":"Point","coordinates":[17.136188,48.221163]},"properties":{"id":"bytovy-dom-ul-uziny-bratislava-raca","nazov":"Bytový dom, ul. Úžiny, Bratislava - Rača","firma":"Centrum Pezinok s.r.o., Trenčianska 47","ico":"35861193","obec":"Bratislava - Rača","stav":"Rozhodnutie vo veci podnetu","urad":"Stavebný úrad Mestskej časti Bratislava-Rača Hlavné mesto Slovenskej republiky Bratislava","skupina":"","zhluk":"trencianska 47","presnost":"približná","zmena":"2026-07-01","faza":"zámer","dok":7,"typ":"Bývanie"}},{"type":"Feature","geometry":{"type":"Point","coordinates":[17.101851,48.196849]},"properties":{"id":"bytovy-dom-vajnorska-ulica-1","nazov":"Bytový dom - Vajnorská ulica","firma":"KLM Group s. r. o., Tupého 25/a","ico":"45244863","obec":"Bratislava - Nové Mesto","stav":"Akcia je ukončená v procese EIA","urad":"OÚ Ba, MČ Ba - Nové Mesto","skupina":"","zhluk":"tupeho a","presnost":"približná","zmena":"2014-09-16","faza":"posúdené","dok":6,"plany":[{"p":"Výpis z katastra","u":"https://www.enviroportal.sk/eia/dokument/217576","v":83036,"t":"PDF"}],"typ":"Bývanie"}},{"type":"Feature","geometry":{"type":"Point","coordinates":[17.10706,48.200704]},"properties":{"id":"bytovy-dom-vajnorska-ulica-2","nazov":"Bytový dom - Vajnorská ulica","firma":"Vajnorská s.r.o.","ico":"52485943","obec":"Bratislava - Nové Mesto","stav":"Akcia je ukončená v procese EIA","urad":"OUBA. MC Nove Mesto","skupina":"","zhluk":"","presnost":"približná","zmena":"2022-12-07","faza":"posúdené","dok":5,"typ":"Bývanie"}},{"type":"Feature","geometry":{"type":"Point","coordinates":[17.109508,48.197307]},"properties":{"id":"bytovy-dom-vajnorska-ulica","nazov":"Bytový dom - Vajnorská ulica","firma":"KLM Group s.r.o. , Tupého 25/a","ico":"45244863","obec":"Bratislava - Nové Mesto","stav":"Akcia je ukončená v procese EIA","urad":"Mestská časť Bratislava - Nové Mesto, OÚŽP v BA, odbor ŠVS","skupina":"","zhluk":"tupeho a","presnost":"približná","zmena":"2012-05-02","faza":"posúdené","dok":9,"plany":[{"p":"C_prilohy","u":"https://www.enviroportal.sk/eia/dokument/139968","v":3291246,"t":"PDF"}],"typ":"Bývanie"}},{"type":"Feature","geometry":{"type":"Point","coordinates":[17.177785,48.148275]},"properties":{"id":"bytovy-dom","nazov":"Bytový dom","firma":"Ivanská cesta, s.r.o., Panenská 6","ico":"46636811","obec":"Bratislava - Ružinov","stav":"Akcia je ukončená v procese EIA","urad":"Mestská časť Bratislava - Ružinov OÚŽP v BA, odbor ŠVS","skupina":"","zhluk":"panenska 6","presnost":"približná","zmena":"2012-10-11","faza":"posúdené","dok":9,"plany":[{"p":"Bytový dom zámer výkresy","u":"https://www.enviroportal.sk/eia/dokument/146372","v":13795522,"t":"PDF"}],"typ":"Bývanie"}},{"type":"Feature","geometry":{"type":"Point","coordinates":[17.215604,48.107927]},"properties":{"id":"bytovy-komplex-centrum-podunajske-biskupice-bratislava","nazov":"Bytový komplex Centrum, Podunajské Biskupice, Bratislava","firma":"Pro.Restav, spol. s r.o., Mramorová 2","ico":"35776331","obec":"Bratislava - Podunajské Biskupice","stav":"Akcia je ukončená v procese EIA","urad":"MČ Ba-Podunajské Biskupice","skupina":"","zhluk":"","presnost":"približná","zmena":"2013-05-09","faza":"posúdené","dok":8,"plany":[{"p":"Príloha","u":"https://www.enviroportal.sk/eia/dokument/30287","v":7356271,"t":"PDF"}],"typ":"Polyfunkcia"}},{"type":"Feature","geometry":{"type":"Point","coordinates":[17.059296,48.233009]},"properties":{"id":"bytovy-komplex-green-river","nazov":"Bytový komplex Green River","firma":"Pod vŕškami s. r. o., Gajova 4","ico":"36715760","obec":"Bratislava - Záhorská Bystrica","stav":"Akcia je ukončená v procese EIA","urad":"Stavebný úrad a špeciálny stavebný úrad Mestská časť Bratislava – Záhorská Bystrica OÚ Bra","skupina":"Raiffeisen Property","zhluk":"gajova 4","presnost":"približná","zmena":"2022-09-07","faza":"posúdené","dok":7,"typ":"Plány a koncepcie"}},{"type":"Feature","geometry":{"type":"Point","coordinates":[17.087781,48.123466]},"properties":{"id":"bytovy-komplex-green-yards","nazov":"Bytový komplex Green Yards","firma":"Imbrolia Investments, s.r.o.Ivánska cesta 30/B","ico":"47246944","obec":"Bratislava - Petržalka","stav":"Zámer","urad":"Stavebný úrad Mestskej časti Bratislava - Petržalka, Okresný úrad, Odbor starostlivosti o ","skupina":"","zhluk":"","presnost":"približná","zmena":"2026-06-15","faza":"zámer","dok":12,"plany":[{"p":"B_mapa1_Sirsie vztahy.pdf","u":"https://www.enviroportal.sk/eia/dokument/404076","v":2325569,"t":"PDF"},{"p":"C_mapa2_Ortofoto.pdf","u":"https://www.enviroportal.sk/eia/dokument/404077","v":1741244,"t":"PDF"},{"p":"F_príloha2_Rezy1.pdf","u":"https://www.enviroportal.sk/eia/dokument/404081","v":7322502,"t":"PDF"},{"p":"E_príloha1_Pohlady.pdf","u":"https://www.enviroportal.sk/eia/dokument/404080","v":6597779,"t":"PDF"},{"p":"D_mapa3_Situacia stavby.pdf","u":"https://www.enviroportal.sk/eia/dokument/404078","v":1812288,"t":"PDF"}],"typ":"Plány a koncepcie"}},{"type":"Feature","geometry":{"type":"Point","coordinates":[17.131457,48.221194]},"properties":{"id":"bytovy-komplex-v-lokalite-rinzle-raca","nazov":"Bytový komplex v lokalite Rinzle Rača","firma":"Rinzle Rača s r. o., Gajova 4","ico":"50199030","obec":"Bratislava - Rača","stav":"Rozhodnutie zo zisťovacieho konania","urad":"Stavebný úrad MČ Bratislava - Rača Okresný úrad Bratislava","skupina":"Raiffeisen Property","zhluk":"gajova 4","presnost":"približná","zmena":"2024-12-11","faza":"posúdené","dok":42,"plany":[{"p":"C_mapa_2_ortofoto_rinzle.pdf","u":"https://www.enviroportal.sk/eia/dokument/368783","v":12278703,"t":"PDF"},{"p":"B_mapa_1_Sirsie_vztahy.pdf","u":"https://www.enviroportal.sk/eia/dokument/368782","v":3857156,"t":"PDF"},{"p":"E_mapa_4_koordinacna_sit.pdf","u":"https://www.enviroportal.sk/eia/dokument/368785","v":8563590,"t":"PDF"},{"p":"F_P1_Vizualizacia.pdf","u":"https://www.enviroportal.sk/eia/dokument/368786","v":7925441,"t":"PDF"},{"p":"D_mapa_3_celkova sit.pdf","u":"https://www.enviroportal.sk/eia/dokument/368784","v":3861517,"t":"PDF"}],"typ":"Zeleň a verejný priestor"}},{"type":"Feature","geometry":{"type":"Point","coordinates":[17.02137,48.167554]},"properties":{"id":"bytovy-obciansky-subor-stavieb-devinska-nova-ves-pod-srdcom-","nazov":"Bytový a občiansky súbor stavieb Devínska Nová Ves \"Pod srdcom\"","firma":"PROXENTA Private Equity, s. r. o.","ico":"35962160","obec":"Bratislava - Devínska Nová Ves","stav":"Akcia je ukončená v procese EIA","urad":"MÚ DNV, OÚ BA OSŽP","skupina":"","zhluk":"","presnost":"približná","zmena":"2023-06-13","faza":"posúdené","dok":6,"typ":"Bývanie"}},{"type":"Feature","geometry":{"type":"Point","coordinates":[17.109378,48.196949]},"properties":{"id":"bytovy-subor-ahoj-sliacska-cesta","nazov":"Bytový súbor Ahoj, Sliačska cesta","firma":"AHOJ DEVELOPMENT, s.r.o. , Račianska 71","ico":"35908378","obec":"Bratislava - Nové Mesto","stav":"Akcia je ukončená v procese EIA","urad":"Mestská časť Bratislava - Nové Mesto, Okresný úrad Bratislava, odbor starostlivosti o živo","skupina":"","zhluk":"","presnost":"približná","zmena":"2015-01-14","faza":"posúdené","dok":16,"plany":[{"p":"Obr_1_situacia_A3.pdf","u":"https://www.enviroportal.sk/eia/dokument/221815","v":1105316,"t":"PDF"},{"p":"mapa_sirsie_vztahy.pdf","u":"https://www.enviroportal.sk/eia/dokument/221794","v":590119,"t":"PDF"},{"p":"mapa.PDF","u":"https://www.enviroportal.sk/eia/dokument/221800","v":550854,"t":"PDF"}],"typ":"Bývanie"}},{"type":"Feature","geometry":{"type":"Point","coordinates":[17.036746,48.180729]},"properties":{"id":"bytovy-subor-hrube-luky-agatova-bratislava--1","nazov":"Bytový súbor Hrubé Lúky – Agátová, Bratislava","firma":"CC THETA, s. r. o., Mýtna 48","ico":"50286421","obec":"Bratislava - Dúbravka","stav":"Akcia je ukončená v procese EIA","urad":"Mestská časť Bratislava – Dúbravka, Žatevná 2241, 841 01 Bratislava Okresný úrad Bratislav","skupina":"Corwin","zhluk":"mytna 48","presnost":"približná","zmena":"2025-02-25","faza":"posúdené","dok":8,"plany":[{"p":"prílohy.pdf","u":"https://www.enviroportal.sk/eia/dokument/367205","v":67466313,"t":"PDF"}],"typ":"Bývanie"}},{"type":"Feature","geometry":{"type":"Point","coordinates":[17.033298,48.179179]},"properties":{"id":"bytovy-subor-hrube-luky-agatova-bratislava-","nazov":"Bytový súbor Hrubé Lúky – Agátová, Bratislava","firma":"CC THETA, s. r. o., Mýtna 48","ico":"50286421","obec":"Bratislava - Dúbravka","stav":"Iný dôvod ukončenia posudzovania","urad":"Mestská časť Bratislava – Dúbravka, Žatevná 2241, 841 01 Bratislava Okresný úrad Bratislav","skupina":"Corwin","zhluk":"mytna 48","presnost":"približná","zmena":"2025-02-25","faza":"zámer","dok":5,"plany":[{"p":"prílohy.pdf","u":"https://www.enviroportal.sk/eia/dokument/343426","v":34977925,"t":"PDF"}],"typ":"Bývanie"}},{"type":"Feature","geometry":{"type":"Point","coordinates":[17.065395,48.23311]},"properties":{"id":"bytovy-subor-pod-vrskami-blok-h24","nazov":"Bytový súbor Pod vŕškami blok H24","firma":"H24 Project s.r.o., Gajova 4","ico":"52564011","obec":"Bratislava - Záhorská Bystrica","stav":"Akcia je ukončená v procese EIA","urad":"MČ BA Záhorská Bystrica, OÚBA","skupina":"Raiffeisen Property","zhluk":"gajova 4","presnost":"približná","zmena":"2020-07-28","faza":"posúdené","dok":7,"plany":[{"p":"Prilohy.zip","u":"https://www.enviroportal.sk/eia/dokument/301438","v":17971398,"t":"ZIP"}],"typ":"Bývanie"}},{"type":"Feature","geometry":{"type":"Point","coordinates":[17.206507,48.122977]},"properties":{"id":"byty-vybavenost-orechova-ulica-dunajska-luzna","nazov":"Byty a vybavenosť, Orechová ulica, Dunajská Lužná","firma":"VENTI s.r.o., Zámocká 16","ico":"35977248","obec":"Dunajská Lužná","stav":"Akcia je ukončená v procese EIA","urad":"Obec Dunajská Lužná","skupina":"","zhluk":"","presnost":"presná","zmena":"2013-07-03","faza":"posúdené","dok":15,"plany":[{"p":"Textová príloha - obr. 1-3","u":"https://www.enviroportal.sk/eia/dokument/41413","v":187448,"t":"PDF"},{"p":"Textová príloha -obr.4-6-hluk","u":"https://www.enviroportal.sk/eia/dokument/41414","v":274967,"t":"PDF"},{"p":"Mapa 1","u":"https://www.enviroportal.sk/eia/dokument/41397","v":449738,"t":"PDF"},{"p":"mapa 2","u":"https://www.enviroportal.sk/eia/dokument/41400","v":209590,"t":"PDF"}],"typ":"Výroba a sklady"}},{"type":"Feature","geometry":{"type":"Point","coordinates":[17.173125,48.150455]},"properties":{"id":"byvanie-trnavka","nazov":"Bývanie Trnávka","firma":"Rosalin, s.r.o., Dvořákovo nábrežie 8","ico":"36869988","obec":"Bratislava - Ružinov","stav":"Akcia je ukončená v procese EIA","urad":"MČ Bratislava Ružinov","skupina":"","zhluk":"","presnost":"približná","zmena":"2017-11-03","faza":"povolené","doklad":"Informácia","dok":14,"plany":[{"p":"Prilohy.zip","u":"https://www.enviroportal.sk/eia/dokument/248882","v":80498982,"t":"ZIP"}],"typ":"Bývanie"}},{"type":"Feature","geometry":{"type":"Point","coordinates":[17.102769,48.20004]},"properties":{"id":"calluna-bytovy-dom-bratislava","nazov":"CALLUNA - Bytový dom, Bratislava","firma":"ABD DEVELOPMENT s.r.o., Májková 3","ico":"35938293","obec":"Bratislava - Nové Mesto","stav":"Akcia je ukončená v procese EIA","urad":"MČ Bratislava - Nové mesto","skupina":"","zhluk":"","presnost":"približná","zmena":"2013-05-03","faza":"posúdené","dok":3,"typ":"Bývanie"}},{"type":"Feature","geometry":{"type":"Point","coordinates":[17.093955,48.120038]},"properties":{"id":"celomestske-centrum-petrzalka-centralne-uzemie","nazov":"Celomestské centrum Petržalka – Centrálne územie","firma":"Popper Capital, s.r.o., Dvořákovo nábrežie 10","ico":"35957174","obec":"Bratislava - Petržalka","stav":"Záverečné stanovisko","urad":"Mestská časť Bratislava - Petržalka, Kutlíkova 17, 852 12 Bratislava Okresný úrad Bratisla","skupina":"J&T Real Estate","zhluk":"dvorakovo nabrezie 10","presnost":"približná","zmena":"2026-07-13","faza":"posúdené","dok":12,"plany":[{"p":"príloha.zip","u":"https://www.enviroportal.sk/eia/dokument/379752","v":50252379,"t":"ZIP"},{"p":"prílohy.zip","u":"https://www.enviroportal.sk/eia/dokument/399728","v":309323833,"t":"ZIP"}],"typ":"Plány a koncepcie"}},{"type":"Feature","geometry":{"type":"Point","coordinates":[17.089517,48.118123]},"properties":{"id":"centropark-bratislava-petrzalka","nazov":"Centropark, Bratislava - Petržalka","firma":"East-West Business Park, s.r.o., Leškova 3","ico":"36357511","obec":"Bratislava - Petržalka","stav":"Akcia je ukončená v procese EIA","urad":"MČ BA- Petržalka","skupina":"","zhluk":"leskova 3","presnost":"približná","zmena":"2013-05-07","faza":"posúdené","dok":3,"typ":"Bývanie"}},{"type":"Feature","geometry":{"type":"Point","coordinates":[17.177866,48.14799]},"properties":{"id":"centrum-energetickeho-zhodnotenia-odpadov-","nazov":"Centrum energetického zhodnotenia odpadov","firma":"SLOVNAFT, .a.s, Vlčie hrdlo 1","ico":"31322832","obec":"Bratislava - Ružinov","stav":"Záverečné stanovisko","urad":"Slovenská inšpekcia životného prostredia, Inšpektorát životného prostredia Bratislava","skupina":"","zhluk":"vlcie hrdlo 1","presnost":"približná","zmena":"2026-08-21","faza":"posúdené","dok":16,"plany":[{"p":"Prílohy ","u":"https://www.enviroportal.sk/eia/dokument/372727","v":12022880,"t":"PDF"},{"p":"Prílohy","u":"https://www.enviroportal.sk/eia/dokument/389844","v":50183317,"t":"PDF"}],"typ":"Výroba a sklady"}},{"type":"Feature","geometry":{"type":"Point","coordinates":[17.026062,48.16924]},"properties":{"id":"centrum-kamionovej-dopravy-lkw-steuerstelle-bratislava","nazov":"Centrum kamiónovej dopravy (LKW Steuerstelle), Bratislava","firma":"VOLKSWAGEN SLOVAKIA, a.s., J. Jonáša 1","ico":"35757442","obec":"Bratislava - Devínska Nová Ves","stav":"Akcia je ukončená v procese EIA","urad":"MČ Bratislava Devínska Nová Ves Okresný úrad, odbor starostlivosti o životné prostredie, o","skupina":"","zhluk":"j jonasa 1","presnost":"približná","zmena":"2016-09-20","faza":"dokončené","doklad":"Oznámenie o začatí kolaudačného konania","dok":3,"typ":"Administratíva"}},{"type":"Feature","geometry":{"type":"Point","coordinates":[17.136747,48.221529]},"properties":{"id":"centrum-obchodu-sluzieb-bratislava-raca","nazov":"Centrum obchodu a služieb Bratislava - Rača","firma":"Queen Investment s.r.o., Banská Bystrica","ico":"36040312","obec":"Bratislava - Rača","stav":"Akcia je ukončená v procese EIA","urad":"Magistrát HM SR Bratislavy, MČ Bratislava - Rača","skupina":"","zhluk":"","presnost":"približná","zmena":"2013-02-04","faza":"posúdené","dok":1,"typ":"Obchod a služby"}},{"type":"Feature","geometry":{"type":"Point","coordinates":[17.129855,48.223465]},"properties":{"id":"centrum-odpadoveho-hospodarstva-zabi-majer","nazov":"Centrum odpadového hospodárstva Žabí Majer","firma":"Ekoslužby s.r.o., Klincová 35","ico":"50586106","obec":"Bratislava - Rača","stav":"Verejné prerokovanie","urad":"Slovenská inšpekcia životného prostredia, Inšpektorát životného prostredia Bratislava","skupina":"","zhluk":"","presnost":"približná","zmena":"2025-12-05","faza":"zámer","dok":5,"typ":"Výroba a sklady"}},{"type":"Feature","geometry":{"type":"Point","coordinates":[17.107436,48.067099]},"properties":{"id":"centrum-rychlostnej-kanoistiky-veslovania","nazov":"CENTRUM RÝCHLOSTNEJ KANOISTIKY A VESLOVANIA","firma":"Slovenská kanoistika, sekcia hladkých vôd","ico":"50434101","obec":"Bratislava - Jarovce","stav":"Akcia je ukončená v procese EIA","urad":"MČ BA JAROVCE, OÚ BA OSŽP","skupina":"","zhluk":"","presnost":"približná","zmena":"2020-11-19","faza":"posúdené","dok":8,"typ":"Plány a koncepcie"}},{"type":"Feature","geometry":{"type":"Point","coordinates":[17.180743,48.219519]},"properties":{"id":"cepit-stavebna-etapa-1a","nazov":"CEPIT, stavebná etapa 1A","firma":"MILLENNIUM PROPERTIES, s.r.o., Vysoká 26","ico":"35840153","obec":"Bratislava - Vajnory","stav":"Akcia je ukončená v procese EIA","urad":"MČ Bratislava- Vajnory","skupina":"","zhluk":"vysoka 26","presnost":"približná","zmena":"2013-07-03","faza":"posúdené","dok":5,"plany":[{"p":"C_prilohy.pdf","u":"https://www.enviroportal.sk/eia/dokument/41123","v":84451024,"t":"PDF"}],"typ":"Výroba a sklady"}},{"type":"Feature","geometry":{"type":"Point","coordinates":[17.088443,48.118384]},"properties":{"id":"cerpacia-stanica-pohonnych-hmot-bratislava-budatinska-ulica","nazov":"Čerpacia stanica pohonných hmôt – Bratislava, Budatínska ulica","firma":"PM – Investment, s. r. o., Hlavné námestie 96/45","ico":"36816264","obec":"Bratislava - Petržalka","stav":"Podnet","urad":"Mestská časť Bratislava – Petržalka, Kutlíkova 17, 852 12 Bratislava","skupina":"","zhluk":"","presnost":"približná","zmena":"2016-05-19","faza":"zámer","dok":4,"typ":"Obchod a služby"}},{"type":"Feature","geometry":{"type":"Point","coordinates":[17.171196,48.149713]},"properties":{"id":"cesta-i-61-bratislava-senec-zmena-c-1-","nazov":"Cesta I/61 Bratislava - Senec (zmena č. 1)","firma":"Národná diaľničná spoločnosť, a. s., Dúbravská cesta 14","ico":"35919001","obec":"Bratislava - Ružinov","stav":"Akcia je ukončená v procese EIA","urad":"8.Okresný úrad Bratislava, odbor cestnej dopravy a pozemných komunikácií, Tomášikova 46, 8","skupina":"","zhluk":"mlynske nivy 45","presnost":"približná","zmena":"2025-03-17","faza":"posúdené","dok":25,"plany":[{"p":"C1_mapa c1_Prehladna_situacia_Redigované.pdf","u":"https://www.enviroportal.sk/eia/dokument/328309","v":5423562,"t":"PDF"},{"p":"F1_Hlukova_studia_mapy_prilohy.zip","u":"https://www.enviroportal.sk/eia/dokument/328318","v":37583007,"t":"ZIP"},{"p":"C5_mapa c3b_Ortofotomapa_vplyvy_stavby_Redigované.pdf","u":"https://www.enviroportal.sk/eia/dokument/328313","v":19768383,"t":"PDF"},{"p":"C4_mapa c3a_Ortofotomapa_vplyvy_stavby_Redigované.pdf","u":"https://www.enviroportal.sk/eia/dokument/328312","v":19216641,"t":"PDF"},{"p":"C3_mapa c2b_Ortofotomapa_Redigované.pdf","u":"https://www.enviroportal.sk/eia/dokument/328311","v":19777216,"t":"PDF"}],"typ":"Doprava"}},{"type":"Feature","geometry":{"type":"Point","coordinates":[17.177329,48.149079]},"properties":{"id":"cesta-i-61-bratislava-senec","nazov":"Cesta I/61 Bratislava - Senec","firma":"Slovenská správa ciest Investičná výstavba a správa ciest","ico":"3328","obec":"Bratislava - Ružinov","stav":"Akcia je ukončená v procese EIA","urad":"MČ Bratislava- Ružinov a OÚ dotknutých obcí","skupina":"","zhluk":"dubravska cesta 14","presnost":"približná","zmena":"2004-06-08","faza":"posúdené","dok":3,"typ":"Doprava"}},{"type":"Feature","geometry":{"type":"Point","coordinates":[17.174603,48.144558]},"properties":{"id":"city-site-bratislava","nazov":"CITY SITE - Bratislava","firma":"CONTERA Management SK s.r.o., Laurinská 18","ico":"52584453","obec":"Bratislava - Ružinov","stav":"Akcia je ukončená v procese EIA","urad":"MČBA-Ružinov, OUBA-OSŽP","skupina":"","zhluk":"laurinska 18","presnost":"približná","zmena":"2023-11-22","faza":"posúdené","dok":6,"plany":[{"p":"Prílohy.pdf","u":"https://www.enviroportal.sk/eia/dokument/356925","v":12257755,"t":"PDF"}],"typ":"Administratíva"}},{"type":"Feature","geometry":{"type":"Point","coordinates":[17.177617,48.146375]},"properties":{"id":"citypark-ruzinov-so-201-d-polyfunkcny-objekt-d-s-podzemnymi-parkovacim","nazov":"CityPark Ružinov, SO 201 D, Polyfunkčný objekt D s podzemnými parkovacími státiami","firma":"PRO TP 06 s.r.o., Mlynské nivy 68","ico":"47016370","obec":"Bratislava - Ružinov","stav":"Akcia je ukončená v procese EIA","urad":"Okresný úrad Bratislava, odbor starostlivosti o životné prostredie, oddelenie ochrany prír","skupina":"Metrostav Estate","zhluk":"mlynske nivy 68","presnost":"približná","zmena":"2015-08-21","faza":"posúdené","dok":6,"typ":"Polyfunkcia"}},{"type":"Feature","geometry":{"type":"Point","coordinates":[17.1775,48.146182]},"properties":{"id":"cokoladovna-illui","nazov":"Čokoládovňa ILLUI","firma":"SV 56, s.r.o., Mlynské Nivy 56","ico":"43844707","obec":"Bratislava - Ružinov","stav":"Akcia je ukončená v procese EIA","urad":"MČ Bratislava - Ružinov, Mierová 21, 827 05 Bratislava","skupina":"","zhluk":"mlynske nivy 56","presnost":"približná","zmena":"2016-04-26","faza":"posúdené","dok":5,"typ":"Vybavenosť"}},{"type":"Feature","geometry":{"type":"Point","coordinates":[17.102772,48.157533]},"properties":{"id":"culenova-new-city-centre-iv-obytna-veza-bratislava","nazov":"Čulenova – New City Centre, IV. obytná veža, Bratislava","firma":"SKY PARK s. r. o., Digital Park II, Einsteinova 25","ico":"35892170","obec":"Bratislava - Staré Mesto","stav":"Akcia je ukončená v procese EIA","urad":"Okresný úrad Bratislava, odbor starostlivosti o životné prostredie, Tomášikova 46, 832 05 ","skupina":"Penta Real Estate","zhluk":"einsteinova 25","presnost":"približná","zmena":"2022-02-22","faza":"posúdené","dok":26,"plany":[{"p":"vykres-c-11_pohlady-pdf.pdf","u":"https://www.enviroportal.sk/eia/dokument/267534","v":1657473,"t":"PDF"},{"p":"Situacia.pdf","u":"https://www.enviroportal.sk/eia/dokument/267536","v":5707560,"t":"PDF"},{"p":"Tab_36_Priloha10.pdf","u":"https://www.enviroportal.sk/eia/dokument/267522","v":252656,"t":"PDF"},{"p":"vykres-c-01_vyrez-z-mapy-s-vyznacenim-lokality-pdf.pdf","u":"https://www.enviroportal.sk/eia/dokument/267524","v":250932,"t":"PDF"},{"p":"vykres-c-02_sirisie-vztahy-pdf.pdf","u":"https://www.enviroportal.sk/eia/dokument/267525","v":1064403,"t":"PDF"}],"typ":"Bývanie"}},{"type":"Feature","geometry":{"type":"Point","coordinates":[17.098644,48.152937]},"properties":{"id":"culenova-priprava-uzemia-cast-prekladka-horucovodu","nazov":"Čulenova - príprava územia, časť - Prekládka horúcovodu","firma":"CENTRADE, a.s., Digital Park II, Einsteinova 25","ico":"36892170","obec":"Bratislava - Staré Mesto","stav":"Akcia je ukončená v procese EIA","urad":"MČ Bratislava Staré mesto","skupina":"Penta Real Estate","zhluk":"einsteinova 25","presnost":"približná","zmena":"2012-10-25","faza":"dokončené","doklad":"Oznámenie.","dok":13,"plany":[{"p":"Prilohy_P_IV_EIA_usmernenie MŽP SR","u":"https://www.enviroportal.sk/eia/dokument/149013","v":417439,"t":"PDF"},{"p":"Prilohy_P_IV_mapa","u":"https://www.enviroportal.sk/eia/dokument/149014","v":1291608,"t":"PDF"},{"p":"Prilohy_P_IV_kataster_CKN","u":"https://www.enviroportal.sk/eia/dokument/149015","v":203423,"t":"PDF"},{"p":"Prilohy_P_IV_kataster_LV ZSE","u":"https://www.enviroportal.sk/eia/dokument/149016","v":46529,"t":"PDF"},{"p":"Prilohy_P_IV_sprievodná sprava k DUR","u":"https://www.enviroportal.sk/eia/dokument/149021","v":127567,"t":"PDF"}],"typ":"Výroba a sklady"}},{"type":"Feature","geometry":{"type":"Point","coordinates":[17.175613,48.144797]},"properties":{"id":"d1-bratislava-senec-1-usek-bratislava-triblavina","nazov":"D1 Bratislava – Senec, 1. úsek Bratislava - Triblavina","firma":"Národná diaľničná spoločnosť a.s., Dúbravská cesta 14","ico":"35919001","obec":"Bratislava - Ružinov","stav":"Akcia je ukončená v procese EIA","urad":"Ministerstvo dopravy a výstavby Slovenskej republiky, odbor špeciálny stavebný úrad pre di","skupina":"","zhluk":"mlynske nivy 45","presnost":"približná","zmena":"2020-11-02","faza":"posúdené","dok":16,"plany":[{"p":"Príloha č. 11 Objekt 232-08+09 pozdĺžny a priečny rez_Redigo","u":"https://www.enviroportal.sk/eia/dokument/301502","v":341918,"t":"PDF"},{"p":"Príloha č. 10 Objekt 232-05 pozdĺžny a priečny rez_Redigovan","u":"https://www.enviroportal.sk/eia/dokument/301501","v":301804,"t":"PDF"},{"p":"Príloha č. 1 Celková situácia stavby 10000_Redigované.pdf","u":"https://www.enviroportal.sk/eia/dokument/301492","v":7995006,"t":"PDF"},{"p":"Príloha č. 2 Situácia križovatky Ivanka - sever_Redigované.p","u":"https://www.enviroportal.sk/eia/dokument/301493","v":4064667,"t":"PDF"},{"p":"Príloha č. 3 Zoznam pozemkov.pdf","u":"https://www.enviroportal.sk/eia/dokument/301494","v":209504,"t":"PDF"}],"typ":"Doprava"}},{"type":"Feature","geometry":{"type":"Point","coordinates":[17.173091,48.144579]},"properties":{"id":"d1-bratislava-senec-rozsirenie-na-6-pruh-1-usek-km-0-000-3-638-13-600-","nazov":"D1 Bratislava – Senec, rozšírenie na 6-pruh, 1. úsek km 0,000 – 3,638 (13,600 – 17,238 D1)","firma":"Národná diaľničná spoločnosť, a. s., Dúbravská cesta 14","ico":"35919001","obec":"Bratislava - Ružinov","stav":"Akcia je ukončená v procese EIA","urad":"MDV SR, sekcia cestnej dopravy a PK, Námestie slobody č. 6, 810 05 Bratislava","skupina":"","zhluk":"mlynske nivy 45","presnost":"približná","zmena":"2019-04-02","faza":"dokončené","doklad":"Oznámenie.","dok":6,"typ":"Plány a koncepcie"}},{"type":"Feature","geometry":{"type":"Point","coordinates":[17.19424,48.029722]},"properties":{"id":"danube-rehabilitation-measures-darem-","nazov":"Danube Rehabilitation Measures (DaReM)","firma":"VODOHOSPODÁRSKA VÝSTAVBA, ŠTÁTNY PODNIK","ico":"00156752","obec":"Bratislava - Čunovo","stav":"Akcia je ukončená v procese EIA","urad":"Okresný úrad Bratislava, odbor starostlivosti o životné prostredie","skupina":"","zhluk":"karloveska 2","presnost":"približná","zmena":"2021-03-29","faza":"posúdené","dok":20,"plany":[{"p":"B2_mapa_c2_Priestorova_identif_chranene_uzemia_narodna_susta","u":"https://www.enviroportal.sk/eia/dokument/295530","v":10933399,"t":"PDF"},{"p":"B1_mapa_c1_Priestorova_identif_Natura_2000.pdf","u":"https://www.enviroportal.sk/eia/dokument/295529","v":13190433,"t":"PDF"},{"p":"B3_mapa_3_Lokalizacia_vodne_zdroje.pdf","u":"https://www.enviroportal.sk/eia/dokument/295531","v":14644396,"t":"PDF"},{"p":"D1_mapa_1_Natura_2000_DaReM.pdf","u":"https://www.enviroportal.sk/eia/dokument/312627","v":19325981,"t":"PDF"},{"p":"D2_mapa_2_Natura_2000_DaReM_detail.pdf","u":"https://www.enviroportal.sk/eia/dokument/312628","v":12284337,"t":"PDF"}],"typ":"Technická infraštruktúra"}},{"type":"Feature","geometry":{"type":"Point","coordinates":[17.193392,48.031162]},"properties":{"id":"danube-rehabilitation-measures-darem-stroje-zariadenia-","nazov":"Danube Rehabilitation Measures (DaReM) – stroje a zariadenia","firma":"VODOHOSPODÁRSKA VÝSTAVBA, ŠTÁTNY PODNIK, P. O. BOX 45, Karloveská 2","ico":"00156752","obec":"Bratislava - Čunovo","stav":"Akcia je ukončená v procese EIA","urad":"Okresný úrad Bratislava, odbor starostlivosti o životné prostredie, Tomášikova 46, 831 03 ","skupina":"","zhluk":"karloveska 2","presnost":"približná","zmena":"2022-02-11","faza":"posúdené","dok":4,"typ":"Technická infraštruktúra"}},{"type":"Feature","geometry":{"type":"Point","coordinates":[17.190515,48.026277]},"properties":{"id":"danubia-park-cunovo-1","nazov":"DANUBIA PARK ČUNOVO","firma":"Danubia Invest, a.s., Nám. SNP 14","ico":"31369596","obec":"Bratislava - Čunovo","stav":"Akcia je ukončená v procese EIA","urad":"SÚ Bratislava Čunovo","skupina":"","zhluk":"","presnost":"približná","zmena":"2015-01-13","faza":"posúdené","dok":5,"plany":[{"p":"Text oznámenia o zmene - priloha","u":"https://www.enviroportal.sk/eia/dokument/221474","v":101646,"t":"PDF"}],"typ":"Zeleň a verejný priestor"}},{"type":"Feature","geometry":{"type":"Point","coordinates":[17.192565,48.026807]},"properties":{"id":"danubia-park-cunovo","nazov":"Danubia Park, Čunovo","firma":"Danubia Invest a.s., Zámocké schody 2/A","ico":"31369596","obec":"Bratislava - Čunovo","stav":"Akcia je ukončená v procese EIA","urad":"HM SR Bratislava, MČ Bratislava Čunovo, OÚ Hamuliakovo","skupina":"","zhluk":"","presnost":"približná","zmena":"2013-07-01","faza":"posúdené","dok":14,"plany":[{"p":"príloha č. 4","u":"https://www.enviroportal.sk/eia/dokument/39301","v":365024,"t":"PDF"},{"p":"príloha č. 3","u":"https://www.enviroportal.sk/eia/dokument/39300","v":9556042,"t":"PDF"},{"p":"príloha č. 2","u":"https://www.enviroportal.sk/eia/dokument/39299","v":735771,"t":"PDF"},{"p":"príloha č. 1","u":"https://www.enviroportal.sk/eia/dokument/39298","v":321533,"t":"PDF"},{"p":"Text správy o hodnotení- prílohy","u":"https://www.enviroportal.sk/eia/dokument/62310","v":41596889,"t":"ZIP"}],"typ":"Zeleň a verejný priestor"}},{"type":"Feature","geometry":{"type":"Point","coordinates":[17.194084,48.030212]},"properties":{"id":"danubia-park-golfove-ihrisko","nazov":"DANUBIA PARK - GOLFOVÉ IHRISKO","firma":"Danubia Invest, a.s., Námestie SNP 14","ico":"31369596","obec":"Bratislava - Čunovo","stav":"Akcia je ukončená v procese EIA","urad":"MČ Bratislava - Čunovo, MČ Bratislava - Rusovce, KÚŽP v BA","skupina":"","zhluk":"","presnost":"približná","zmena":"2013-08-09","faza":"posúdené","dok":34,"plany":[{"p":"Príloha_c.3b_terenne upravy_juh","u":"https://www.enviroportal.sk/eia/dokument/128224","v":1282337,"t":"PDF"},{"p":"Priloha_c.9_Green","u":"https://www.enviroportal.sk/eia/dokument/128230","v":315349,"t":"PDF"},{"p":"Priloha_c.8_Bunker","u":"https://www.enviroportal.sk/eia/dokument/128229","v":205042,"t":"PDF"},{"p":"Priloha_c.15_plan hnojenia_grafika","u":"https://www.enviroportal.sk/eia/dokument/128287","v":382638,"t":"PDF"},{"p":"Priloha_c.15_úvod","u":"https://www.enviroportal.sk/eia/dokument/128288","v":90523,"t":"PDF"}],"typ":"Vybavenosť"}},{"type":"Feature","geometry":{"type":"Point","coordinates":[17.186717,48.030628]},"properties":{"id":"danubia-park-protipovodnove-opatrenia-v-zdrzi-hrusov-upravy-brehu","nazov":"Danubia Park - Protipovodňové opatrenia v zdrži Hrušov, úpravy brehu","firma":"Danubia Invest, a.s., Námestie SNP 14","ico":"31369596","obec":"Bratislava - Čunovo","stav":"Akcia je ukončená v procese EIA","urad":"MĆ Bratislava Čunovo","skupina":"","zhluk":"","presnost":"približná","zmena":"2012-06-05","faza":"dokončené","doklad":"Oznámenie o začatí kolaudačného konania","dok":3,"typ":"Zeleň a verejný priestor"}},{"type":"Feature","geometry":{"type":"Point","coordinates":[17.019066,48.168798]},"properties":{"id":"decathlon-bory","nazov":"Decathlon, Bory","firma":"Bory, a.s., Digital Park II., Einsteinova 25","ico":"36740896","obec":"Bratislava - Devínska Nová Ves","stav":"Akcia je ukončená v procese EIA","urad":"MÚ Devínska Ves","skupina":"Penta Real Estate","zhluk":"einsteinova 25","presnost":"približná","zmena":"2013-09-23","faza":"posúdené","dok":2,"typ":"Polyfunkcia"}},{"type":"Feature","geometry":{"type":"Point","coordinates":[17.171696,48.150009]},"properties":{"id":"decathlon-bratislava-pharos","nazov":"DECATHLON Bratislava Pharos","firma":"DECATHLON S.A., 4 Boulevard de Mons","ico":"306138900","obec":"Bratislava - Ružinov","stav":"Akcia je ukončená v procese EIA","urad":"Mestská časť Bratislava - Ružinov, OÚŽP v BA, odbor ŠVS","skupina":"","zhluk":"","presnost":"približná","zmena":"2012-04-27","faza":"posúdené","dok":6,"plany":[{"p":"D_prilohy_2","u":"https://www.enviroportal.sk/eia/dokument/139793","v":12367177,"t":"PDF"},{"p":"C_prilohy_1","u":"https://www.enviroportal.sk/eia/dokument/139792","v":15403109,"t":"PDF"}],"typ":"Vybavenosť"}},{"type":"Feature","geometry":{"type":"Point","coordinates":[17.169999,48.14812]},"properties":{"id":"demolacia-odstavenych-jednotiek-faza-4","nazov":"Demolácia odstavených jednotiek – fáza 4","firma":"SLOVNAFT, a.s., Vlčie hrdlo 1","ico":"31322832","obec":"Bratislava - Ružinov","stav":"Oznámenie o zmene","urad":"Slovenská inšpekcia životného prostredia, Inšpektorát životného prostredia Bratislava, odb","skupina":"","zhluk":"vlcie hrdlo 1","presnost":"približná","zmena":"2025-11-12","faza":"zámer","dok":5,"typ":"Výroba a sklady"}},{"type":"Feature","geometry":{"type":"Point","coordinates":[17.103605,48.066972]},"properties":{"id":"design-center-bratislava-jarovce","nazov":"DESIGN CENTER, Bratislava - Jarovce","firma":"ČAS a.s., Jantárová 48","ico":"17317568","obec":"Bratislava - Jarovce","stav":"Akcia je ukončená v procese EIA","urad":"Mestská časť Bratislava - Jarovce","skupina":"","zhluk":"","presnost":"približná","zmena":"2014-01-29","faza":"posúdené","dok":42,"plany":[{"p":"Priloha_tab_32_vahy","u":"https://www.enviroportal.sk/eia/dokument/196287","v":19286,"t":"PDF"},{"p":"Prilohy_P5_dendrologia","u":"https://www.enviroportal.sk/eia/dokument/196309","v":179792,"t":"PDF"},{"p":"Prilohy_P4_svetlotechnika_01 svetlo text","u":"https://www.enviroportal.sk/eia/dokument/196310","v":318908,"t":"PDF"},{"p":"Prilohy_P4_svetlotechnika_02_svet.obr","u":"https://www.enviroportal.sk/eia/dokument/196269","v":119978,"t":"PDF"},{"p":"Prilohy_P4_svetlotechnika_03_pohlady1","u":"https://www.enviroportal.sk/eia/dokument/196270","v":213798,"t":"PDF"}],"typ":"Výroba a sklady"}},{"type":"Feature","geometry":{"type":"Point","coordinates":[17.026327,48.171033]},"properties":{"id":"devin-zahrady","nazov":"Devín záhrady","firma":"Záhradky Rezidencia s.r.o., Krajná 29","ico":"47482427","obec":"Bratislava - Devín","stav":"Akcia je ukončená v procese EIA","urad":"MÚ Bratislava -Devín","skupina":"","zhluk":"","presnost":"približná","zmena":"2014-08-06","faza":"posúdené","dok":2,"typ":"Bývanie"}},{"type":"Feature","geometry":{"type":"Point","coordinates":[17.024163,48.167758]},"properties":{"id":"devinska-nova-ves-rekonstrukcia-centralneho-hnojiska-silaznych-zlabov-","nazov":"Devínska Nová Ves – Rekonštrukcia centrálneho hnojiska, silážnych žľabov a rozšírenie činnosti","firma":"Družstvo podielnikov Devín, Čsl. Tankistov 300/A","ico":"00190802","obec":"Bratislava - Devínska Nová Ves","stav":"Rozsah hodnotenia","urad":"Mestská časť Bratislava – Devínska Nová Ves, stavebný úrad, Novoveská 17/A, 843 10 Bratisl","skupina":"","zhluk":"","presnost":"približná","zmena":"2017-12-11","faza":"dokončené","doklad":"Oznámenie.","dok":3,"typ":"Bývanie"}},{"type":"Feature","geometry":{"type":"Point","coordinates":[17.018884,48.169025]},"properties":{"id":"diagnosticke-centrum-analysezentrum-","nazov":"Diagnostické centrum (Analysezentrum)","firma":"Volkswagen Slovakia, a.s., J. Jonáša 4","ico":"35757442","obec":"Bratislava - Devínska Nová Ves","stav":"Akcia je ukončená v procese EIA","urad":"Mestská časť Bratislava – Devínska Nová Ves, Novoveská 17/A, 843 10 Bratislava 49;","skupina":"","zhluk":"j jonasa 1","presnost":"približná","zmena":"2015-01-08","faza":"posúdené","dok":3,"typ":"Výroba a sklady"}},{"type":"Feature","geometry":{"type":"Point","coordinates":[17.090855,48.118118]},"properties":{"id":"dialnica-d1-ba-viedenska-cesta-pristavny-most","nazov":"Diaľnica D1 BA, Viedenská cesta – Prístavný most","firma":"Národná diaľničná spoločnosť, a.s., Mlynské Nivy 45","ico":"35919001","obec":"Bratislava - Petržalka","stav":"Akcia je ukončená v procese EIA","urad":"Miestny úrad MČ Petržalka, Kutlíkova 17, 852 12 Bratislava","skupina":"","zhluk":"mlynske nivy 45","presnost":"približná","zmena":"2015-02-03","faza":"posúdené","dok":3,"typ":"Doprava"}},{"type":"Feature","geometry":{"type":"Point","coordinates":[17.177692,48.148504]},"properties":{"id":"dialnica-d1-bratislava-krizovatka-prievoz-rekonstrukcia","nazov":"Diaľnica D1 Bratislava - križovatka Prievoz - rekonštrukcia","firma":"Národná diaľničná spoločnosť, a.s., Dúbravská cesta 14","ico":"35919001","obec":"Bratislava - Ružinov","stav":"Akcia je ukončená v procese EIA","urad":"Ministerstvo dopravy, výstavby a regionálneho rozvoja, odbor pozemných komunikácií, Námest","skupina":"","zhluk":"mlynske nivy 45","presnost":"približná","zmena":"2016-07-26","faza":"posúdené","dok":6,"typ":"Doprava"}},{"type":"Feature","geometry":{"type":"Point","coordinates":[17.177516,48.148822]},"properties":{"id":"dialnica-d1-bratislava-senec-1-usek-bratislava-triblavina-i-etapa-ii-e","nazov":"Diaľnica D1 Bratislava - Senec, 1.úsek Bratislava - Triblavina, I. etapa a II. etapa","firma":"Národná diaľničná spoločnosť a .s., Dúbravská cesta 14","ico":"35919001","obec":"Bratislava - Ružinov","stav":"Oznámenie o zmene","urad":"Ministerstvo dopravy Slovenskej republiky, odbor špeciálny stavebný úrad pre diaľnice","skupina":"","zhluk":"mlynske nivy 45","presnost":"približná","zmena":"2025-07-22","faza":"zámer","dok":8,"plany":[{"p":"mapova priloha.pdf","u":"https://www.enviroportal.sk/eia/dokument/381302","v":3767573,"t":"PDF"},{"p":"priloha 3.časť.zip","u":"https://www.enviroportal.sk/eia/dokument/381305","v":90492511,"t":"ZIP"},{"p":"priloha 1.časť.zip","u":"https://www.enviroportal.sk/eia/dokument/381303","v":65341735,"t":"ZIP"},{"p":"priloha 2.časť.zip","u":"https://www.enviroportal.sk/eia/dokument/381304","v":18523491,"t":"ZIP"}],"typ":"Doprava"}},{"type":"Feature","geometry":{"type":"Point","coordinates":[17.054844,48.199953]},"properties":{"id":"dialnica-d2-bratislava-st-hranica-sr-cr","nazov":"Diaľnica D2, Bratislava - št. hranica SR/ČR","firma":"Národná diaľničná spoločnosť a.s., Mlynské Nivy 45","ico":"35919001","obec":"Bratislava - Lamač","stav":"Iný dôvod ukončenia posudzovania","urad":"dotknuté obce","skupina":"","zhluk":"mlynske nivy 45","presnost":"približná","zmena":"2020-11-16","faza":"zámer","dok":7,"plany":[{"p":" prilohy","u":"https://www.enviroportal.sk/eia/dokument/141604","v":15988122,"t":"ZIP"}],"typ":"Doprava"}},{"type":"Feature","geometry":{"type":"Point","coordinates":[17.187752,48.031593]},"properties":{"id":"dialnica-d2-krizovatka-bratislava-cunovo-","nazov":"Diaľnica D2 – križovatka Bratislava - Čunovo","firma":"Národná diaľničná spoločnosť, a.s., Dúbravská cesta 14","ico":"3328","obec":"Bratislava - Čunovo","stav":"Akcia je ukončená v procese EIA","urad":"Ministerstvo dopravy, výstavby a regionálneho rozvoja SR, sekcia cestnej dopravy a PK, Nám","skupina":"","zhluk":"dubravska cesta 14","presnost":"približná","zmena":"2020-02-05","faza":"posúdené","dok":19,"plany":[{"p":"Priloha 2.2.pdf","u":"https://www.enviroportal.sk/eia/dokument/281009","v":33116301,"t":"PDF"},{"p":"Priloha 2.1.pdf","u":"https://www.enviroportal.sk/eia/dokument/281008","v":37461732,"t":"PDF"},{"p":"Priloha 4.zip","u":"https://www.enviroportal.sk/eia/dokument/281013","v":15256812,"t":"ZIP"},{"p":"Priloha 1.pdf","u":"https://www.enviroportal.sk/eia/dokument/281007","v":21148763,"t":"PDF"},{"p":"Priloha 3 - 10.zip","u":"https://www.enviroportal.sk/eia/dokument/281012","v":17690884,"t":"ZIP"}],"typ":"Doprava"}},{"type":"Feature","geometry":{"type":"Point","coordinates":[17.192387,48.026719]},"properties":{"id":"dialnica-d2-krizovatka-bratislava-cunovo","nazov":"Diaľnica D2, križovatka Bratislava - Čunovo","firma":"NDS, a.s., Bratislava","ico":"35919001","obec":"Bratislava - Čunovo","stav":"Akcia je ukončená v procese EIA","urad":"MČ Bratislava - Čunovo","skupina":"","zhluk":"mlynske nivy 45","presnost":"približná","zmena":"2013-02-05","faza":"posúdené","dok":0,"typ":"Doprava"}},{"type":"Feature","geometry":{"type":"Point","coordinates":[17.109309,48.070168]},"properties":{"id":"dialnica-d2-protihlukova-stena-jarovce","nazov":"Diaľnica D2 Protihluková stena Jarovce","firma":"Národná diaľničná spoločnosť, a.s., Dúbravská cesta 14","ico":"35919001","obec":"Bratislava - Jarovce","stav":"Akcia je ukončená v procese EIA","urad":"Ministerstvo dopravy, výstavby a regionálneho rozvoja SR, sekcia dopravy a pozemných komun","skupina":"","zhluk":"mlynske nivy 45","presnost":"približná","zmena":"2016-06-03","faza":"posúdené","dok":3,"typ":"Doprava"}},{"type":"Feature","geometry":{"type":"Point","coordinates":[17.049547,48.197828]},"properties":{"id":"dialnica-d2-protihlukova-stena-lamac","nazov":"Diaľnica D2 – Protihluková stena Lamač","firma":"Národná diaľničná spoločnosť, a.s., Dúbravská cesta 14","ico":"35919001","obec":"Bratislava - Lamač","stav":"Akcia je ukončená v procese EIA","urad":"Ministerstvo dopravy, výstavby a regionálneho rozvoja, odbor pozemných komunikácií, Námest","skupina":"","zhluk":"mlynske nivy 45","presnost":"približná","zmena":"2020-02-07","faza":"posúdené","dok":26,"plany":[{"p":"D_Pisomnosti_a_vykresy_objektov.zip","u":"https://www.enviroportal.sk/eia/dokument/253015","v":127227716,"t":"ZIP"}],"typ":"Doprava"}},{"type":"Feature","geometry":{"type":"Point","coordinates":[17.184955,48.223634]},"properties":{"id":"dialnica-d4-bratislava-ivanka-sever-raca-","nazov":"Diaľnica D4 Bratislava, Ivanka sever – Rača","firma":"Národná diaľničná spoločnosť, a.s., Mlynské Nivy 45","ico":"35919001","obec":"Bratislava - Vajnory","stav":"Akcia je ukončená v procese EIA","urad":"Ministerstvo dopravy, výstavby a regionálneho rozvoja SR, sekcia cestnej dopravy a PK, Nám","skupina":"","zhluk":"mlynske nivy 45","presnost":"približná","zmena":"2015-12-04","faza":"dokončené","doklad":"Oznámenie o začatí kolaudačného konania","dok":4,"typ":"Doprava"}},{"type":"Feature","geometry":{"type":"Point","coordinates":[17.18191,48.22298]},"properties":{"id":"dialnica-d4-bratislava-ivanka-sever-raca","nazov":"Diaľnica D4 Bratislava Ivanka sever - Rača","firma":"Národná diaľničná spoločnosť, a.s., Mlynské Nivy 45","ico":"35919001","obec":"Bratislava - Vajnory","stav":"Akcia je ukončená v procese EIA","urad":"dotknuté obce","skupina":"","zhluk":"mlynske nivy 45","presnost":"približná","zmena":"2014-07-15","faza":"dokončené","doklad":"Oznámenie o začatí kolaudačného konania","dok":4,"typ":"Doprava"}},{"type":"Feature","geometry":{"type":"Point","coordinates":[17.170971,48.149544]},"properties":{"id":"dialnica-d4-bratislava-jarovce-ivanka-sever-","nazov":"Diaľnica D4 Bratislava, Jarovce - Ivanka sever","firma":"Národná diaľničná spoločnosť, a. s., Mlynské Nivy 45","ico":"35919001","obec":"Bratislava - Ružinov","stav":"Akcia je ukončená v procese EIA","urad":"Ministerstvo dopravy, výstavby a regionálneho rozvoja SR, sekcia cestnej dopravy a PK, Nám","skupina":"","zhluk":"mlynske nivy 45","presnost":"približná","zmena":"2016-01-14","faza":"dokončené","doklad":"Oznámenie o začatí kolaudačného konania","dok":13,"typ":"Doprava"}},{"type":"Feature","geometry":{"type":"Point","coordinates":[17.211638,48.105192]},"properties":{"id":"dialnica-d4-bratislava-jarovce-ivanka-sever","nazov":"Diaľnica D4 Bratislava Jarovce – Ivanka sever","firma":"Národná diaľničná spoločnosť, a.s., Mlynské Nivy 45","ico":"35919001","obec":"Bratislava - Podunajské Biskupice","stav":"Akcia je ukončená v procese EIA","urad":"dotknuté obce","skupina":"","zhluk":"mlynske nivy 45","presnost":"približná","zmena":"2014-07-15","faza":"dokončené","doklad":"Oznámenie o začatí kolaudačného konania","dok":4,"typ":"Doprava"}},{"type":"Feature","geometry":{"type":"Point","coordinates":[17.186361,48.218026]},"properties":{"id":"dialnica-d4-bratislava-krizovatka-ivanka-sever-stupava-d4-ivanka-sever","nazov":"Diaľnica D4 Bratislava, križovatka Ivanka sever - Stupava (D4, Ivanka sever - Záhorská Bystrica)","firma":"Národná diaľničná spoločnosť a.s., Mlynské Nivy 45","ico":"35919001","obec":"Bratislava - Vajnory","stav":"Akcia je ukončená v procese EIA","urad":"dotknuté obce","skupina":"","zhluk":"mlynske nivy 45","presnost":"približná","zmena":"2008-05-06","faza":"dokončené","doklad":"Oznámenie o začatí kolaudačného konania","dok":19,"plany":[{"p":"EIA-D4-usek II_GP02-1_Prehl situacia 2a 2b","u":"https://www.enviroportal.sk/eia/dokument/110523","v":6141045,"t":"PDF"},{"p":"EIA-D4-usek II_GP00_Zoznam priloh","u":"https://www.enviroportal.sk/eia/dokument/110504","v":11185,"t":"PDF"},{"p":"EIA-D4-usek II_GP01_Sirsie vztahy","u":"https://www.enviroportal.sk/eia/dokument/110522","v":19166264,"t":"PDF"},{"p":"prilohy 6-9","u":"https://www.enviroportal.sk/eia/dokument/110529","v":15630902,"t":"ZIP"},{"p":"EIA-D4-usek II_GP02-2_Prehl situacia 7a 7b","u":"https://www.enviroportal.sk/eia/dokument/110524","v":5981801,"t":"PDF"}],"typ":"Doprava"}},{"type":"Feature","geometry":{"type":"Point","coordinates":[17.18844,48.220526]},"properties":{"id":"dialnica-d4-bratislava-raca-zahorska-bystrica-","nazov":"Diaľnica D4 Bratislava, Rača - Záhorská Bystrica","firma":"Národná diaľničná spoločnosť, a.s., Dúbravská cesta 14","ico":"35919001","obec":"Bratislava - Vajnory","stav":"Akcia je ukončená v procese EIA","urad":"Okresný úrad Bratislava Okresný úrad Pezinok Okresný úrad Malacky Ministerstvo dopravy, vý","skupina":"","zhluk":"mlynske nivy 45","presnost":"približná","zmena":"2025-01-15","faza":"posúdené","dok":32,"plany":[{"p":"Graficke_prilohy_SoH.zip","u":"https://www.enviroportal.sk/eia/dokument/302682","v":84361444,"t":"ZIP"}],"typ":"Doprava"}},{"type":"Feature","geometry":{"type":"Point","coordinates":[17.021996,48.167468]},"properties":{"id":"dialnica-d4-krizovatka-dnv-ii-505-st-hranica-sr-rr","nazov":"Diaľnica D4, križovatka DNV II/505 - št. hranica SR/RR","firma":"Národná diaľničná spoločnosť a.s., Mlynské Nivy 45","ico":"35909001","obec":"Bratislava - Devínska Nová Ves","stav":"Akcia je ukončená v procese EIA","urad":"MČ Bratislava - Devínska Nová Ves, Záhorská Bystrica","skupina":"","zhluk":"mlynske nivy 45","presnost":"približná","zmena":"2015-01-13","faza":"posúdené","dok":28,"plany":[{"p":"zhrnutie - mapa","u":"https://www.enviroportal.sk/eia/dokument/36390","v":5593038,"t":"PDF"},{"p":"mapa 4","u":"https://www.enviroportal.sk/eia/dokument/36386","v":5653850,"t":"PDF"},{"p":"mapa 2","u":"https://www.enviroportal.sk/eia/dokument/36385","v":4219421,"t":"PDF"},{"p":"mapa 5","u":"https://www.enviroportal.sk/eia/dokument/36387","v":11333066,"t":"PDF"},{"p":"mapa 1","u":"https://www.enviroportal.sk/eia/dokument/36738","v":590345,"t":"PDF"}],"typ":"Doprava"}},{"type":"Feature","geometry":{"type":"Point","coordinates":[17.108964,48.070974]},"properties":{"id":"dialnica-d4-usek-jarovce-ivanka-sever","nazov":"Diaľnica D4, úsek Jarovce - Ivanka, sever","firma":"Národná diaľničná spoločnosť a.s., Mlynské Nivy 45","ico":"35919001","obec":"Bratislava - Jarovce","stav":"Akcia je ukončená v procese EIA","urad":"dotknuté obce","skupina":"","zhluk":"mlynske nivy 45","presnost":"približná","zmena":"2014-08-27","faza":"dokončené","doklad":"Oznámenie o začatí kolaudačného konania","dok":19,"plany":[{"p":"vizualizácia 7","u":"https://www.enviroportal.sk/eia/dokument/48304","v":3936993,"t":"PDF"},{"p":"vizualizácia 6","u":"https://www.enviroportal.sk/eia/dokument/48303","v":161479,"t":"PDF"},{"p":"vizualizácia 5","u":"https://www.enviroportal.sk/eia/dokument/48302","v":1208406,"t":"PDF"},{"p":"vizualizácia 4","u":"https://www.enviroportal.sk/eia/dokument/48301","v":962384,"t":"PDF"},{"p":"vizualizácia 1","u":"https://www.enviroportal.sk/eia/dokument/48298","v":1165018,"t":"PDF"}],"typ":"Doprava"}},{"type":"Feature","geometry":{"type":"Point","coordinates":[17.194084,48.030212]},"properties":{"id":"dialnicny-hranicny-priechod-cunovo-rekonstrukcia-stavebne-upravy-hp","nazov":"Diaľničný hraničný priechod Čunovo – Rekonštrukcia a stavebné úpravy HP","firma":"Národná diaľničná spoločnosť, a.s., Mlynské Nivy 45","ico":"35919001","obec":"Bratislava - Čunovo","stav":"Rozhodnutie o zmene navrhovanej činnosti- neposudzovať","urad":"MČ Bratislava – Čunovo, Miestny úrad, Hraničiarska 144/22, 851 10 Bratislava","skupina":"","zhluk":"mlynske nivy 45","presnost":"približná","zmena":"2017-05-30","faza":"povolené","doklad":"Rozhodnutie","dok":4,"typ":"Administratíva"}},{"type":"Feature","geometry":{"type":"Point","coordinates":[17.183514,48.21774]},"properties":{"id":"diamant-2-ubytovacie-zariadenie","nazov":"DIAMANT 2 – ubytovacie zariadenie","firma":"THERIMEX SLOVAKIA, s.r.o., Hviezdoslavovo nám. 213","ico":"36394432","obec":"Bratislava - Vajnory","stav":"Zámer","urad":"Stavebný úrad Mestskej časti Bratislava - Vajnory Okresný úrad Bratislava, Odbor starostli","skupina":"","zhluk":"","presnost":"približná","zmena":"2026-07-01","faza":"zámer","dok":2,"typ":"Vybavenosť"}},{"type":"Feature","geometry":{"type":"Point","coordinates":[17.094044,48.12024]},"properties":{"id":"digital-park-ii-bratislava","nazov":"Digital park II, Bratislava","firma":"OFFICE PARK s.r.o., Križkova 9","ico":"36292338","obec":"Bratislava - Petržalka","stav":"Akcia je ukončená v procese EIA","urad":"MÚ Bratislava - Petržalka, Magistrát HM SR Bratislavy","skupina":"Penta Real Estate","zhluk":"einsteinova 25","presnost":"približná","zmena":"2013-02-19","faza":"posúdené","dok":6,"plany":[{"p":"prílohy","u":"https://www.enviroportal.sk/eia/dokument/24613","v":9276866,"t":"PDF"}],"typ":"Administratíva"}},{"type":"Feature","geometry":{"type":"Point","coordinates":[17.211496,48.156563]},"properties":{"id":"distribucno-vyrobne-centrum-sagitta","nazov":"Distribučno-výrobné centrum Sagitta","firma":"SAGITTA spol. s.r.o., Turbínová 1","ico":"17313520","obec":"Bratislava - Vrakuňa","stav":"Akcia je ukončená v procese EIA","urad":"OÚ BA, MČ BA - Ružinov","skupina":"","zhluk":"","presnost":"približná","zmena":"2022-05-27","faza":"posúdené","dok":6,"typ":"Výroba a sklady"}},{"type":"Feature","geometry":{"type":"Point","coordinates":[17.093099,48.123147]},"properties":{"id":"docasna-mobilna-betonaren-euro-beton-predmostie-apollo-bratislava-petr","nazov":"Dočasná mobilná betonáreň EURO BETON, predmostie APOLLO, Bratislava - Petržalka","firma":"EURO BETON, s.r.o., Rožňavská 24","ico":"35918837","obec":"Bratislava - Petržalka","stav":"Akcia je ukončená v procese EIA","urad":"SÚ MČ Bratislava-Petržalka","skupina":"","zhluk":"","presnost":"približná","zmena":"2014-11-05","faza":"posúdené","dok":5,"typ":"Výroba a sklady"}},{"type":"Feature","geometry":{"type":"Point","coordinates":[17.16898,48.128204]},"properties":{"id":"docasna-mobilna-betonaren-rapid-vlcie-hrdlo-bratislava","nazov":"DOČASNÁ MOBILNÁ BETONÁREŇ RAPID, Vlčie hrdlo, Bratislava","firma":"ZAPA beton SK s.r.o., Vajnorská 142","ico":"35814497","obec":"Bratislava - Ružinov","stav":"Akcia je ukončená v procese EIA","urad":"Stavebný úrad Mestskej časti Bratislava – Ružinov, Okresný úrad Bratislava, Odbor starostl","skupina":"","zhluk":"","presnost":"presná","zmena":"2022-02-22","ulica":"Vlčie hrdlo","faza":"posúdené","dok":9,"plany":[{"p":"B2_mapa_2_ortofotomapa.pdf","u":"https://www.enviroportal.sk/eia/dokument/272403","v":1828311,"t":"PDF"},{"p":"B1_mapa_1_sirsie_vztahy.pdf","u":"https://www.enviroportal.sk/eia/dokument/272402","v":6144517,"t":"PDF"},{"p":"B3a_mapa_Variant1.pdf","u":"https://www.enviroportal.sk/eia/dokument/272404","v":394500,"t":"PDF"},{"p":"B3b_mapa_Variant2.pdf","u":"https://www.enviroportal.sk/eia/dokument/272405","v":396018,"t":"PDF"}],"typ":"Výroba a sklady"}},{"type":"Feature","geometry":{"type":"Point","coordinates":[17.16898,48.128204]},"properties":{"id":"doplnenie-biometanovej-stanice-pre-bioplynovu-stanicu-vlcie-hrdlo","nazov":"Doplnenie biometánovej stanice pre bioplynovú stanicu Vlčie hrdlo","firma":"BPS by EFG & BRACOMPAD s.r.o., Dobrovičova 16","ico":"54618738","obec":"Bratislava - Ružinov","stav":"Iný dôvod ukončenia posudzovania","urad":"OUBA OSZP, MČ BA-Ružinov - stavebný úrad","skupina":"","zhluk":"","presnost":"presná","zmena":"2024-05-23","ulica":"Vlčie hrdlo","faza":"zámer","dok":8,"plany":[{"p":"03_BPS-VlcieHrdlo_BiometanovaStanica_EIA_2023-10-27_Map_Pril","u":"https://www.enviroportal.sk/eia/dokument/371716","v":1831548,"t":"PDF"}],"typ":"Technická infraštruktúra"}},{"type":"Feature","geometry":{"type":"Point","coordinates":[17.071822,48.169003]},"properties":{"id":"dostavba-arealu-westend-polyfunkcny-objekt-crossing-dubravska-cesta-br-1","nazov":"Dostavba areálu WESTEND, Polyfunkčný objekt CROSSING, Dúbravská cesta, Bratislava","firma":"Westend Crossing, s.r.o., Dvořáovo nábr. 10","ico":"47928905","obec":"Bratislava - Karlova Ves","stav":"Akcia je ukončená v procese EIA","urad":"MČ Bratislava Karlova Ves","skupina":"J&T Real Estate","zhluk":"dvorakovo nabrezie 10","presnost":"presná","zmena":"2014-12-10","faza":"posúdené","dok":2,"typ":"Polyfunkcia"}},{"type":"Feature","geometry":{"type":"Point","coordinates":[17.071822,48.169003]},"properties":{"id":"dostavba-arealu-westend-polyfunkcny-objekt-crossing-dubravska-cesta-br-2","nazov":"Dostavba areálu WESTEND, Polyfunkčný objekt CROSSING, Dúbravská cesta, Bratislava","firma":"Westend Crossing, s.r.o., Dvořákovo nábrežie 10","ico":"47928905","obec":"Bratislava - Karlova Ves","stav":"Akcia je ukončená v procese EIA","urad":"Mestská časť Bratislava – Karlova Ves","skupina":"J&T Real Estate","zhluk":"dvorakovo nabrezie 10","presnost":"presná","zmena":"2015-09-21","faza":"posúdené","dok":3,"typ":"Polyfunkcia"}},{"type":"Feature","geometry":{"type":"Point","coordinates":[17.029404,48.183017]},"properties":{"id":"dostavba-obchodnej-prevadzky-dm-obchodne-centrum-oc-saratov","nazov":"Dostavba obchodnej prevádzky DM, Obchodné centrum OC Saratov","firma":"SLOVAK INVESTMENT GROUP, a.s., Saratovská 13","ico":"31396895","obec":"Bratislava - Dúbravka","stav":"Akcia je ukončená v procese EIA","urad":"","skupina":"","zhluk":"","presnost":"približná","zmena":"2014-05-07","faza":"posúdené","dok":9,"plany":[{"p":"P2_mapa","u":"https://www.enviroportal.sk/eia/dokument/213090","v":995759,"t":"PDF"}],"typ":"Obchod a služby"}},{"type":"Feature","geometry":{"type":"Point","coordinates":[17.162699,48.157178]},"properties":{"id":"dostavba-pristavba-administrativnej-budovy-lidl-na-ruzinovskej-ulici-v-1","nazov":"Dostavba a prístavba administratívnej budovy LIDL na Ružinovskej ulici v Bratislave - rozšírenie parkoviska","firma":"Lidl Slovenská republika, v.o.s., Ružinovská 1E","ico":"35793783","obec":"Bratislava - Ružinov","stav":"Akcia je ukončená v procese EIA","urad":"MČ Bratislava Ružinov, Okresný úrad Bratislava, OSZP","skupina":"","zhluk":"","presnost":"presná","zmena":"2014-01-07","faza":"dokončené","doklad":"Oznámenie.","dok":16,"plany":[{"p":"príloha 9","u":"https://www.enviroportal.sk/eia/dokument/197443","v":568562,"t":"PDF"},{"p":"príloha1","u":"https://www.enviroportal.sk/eia/dokument/197435","v":1284906,"t":"PDF"},{"p":"príloha 2","u":"https://www.enviroportal.sk/eia/dokument/197436","v":1443264,"t":"PDF"},{"p":"príloha 3","u":"https://www.enviroportal.sk/eia/dokument/197437","v":81342,"t":"PDF"},{"p":"príloha 4","u":"https://www.enviroportal.sk/eia/dokument/197438","v":344005,"t":"PDF"}],"typ":"Administratíva"}},{"type":"Feature","geometry":{"type":"Point","coordinates":[17.162699,48.157178]},"properties":{"id":"dostavba-pristavba-administrativnej-budovy-lidl-na-ruzinovskej-ulici-v","nazov":"Dostavba a prístavba administratívnej budovy LIDL na Ružinovskej ulici v Bratislave","firma":"Lidl Slovenská republika, v.o.s., Veľkosklad potravín LIDL, Púchovská ","ico":"35793783","obec":"Bratislava - Ružinov","stav":"Akcia je ukončená v procese EIA","urad":"Mestská časť Bratislava - Ružinov","skupina":"","zhluk":"","presnost":"presná","zmena":"2012-06-06","faza":"posúdené","dok":15,"plany":[{"p":"svetlotechnika prilohy","u":"https://www.enviroportal.sk/eia/dokument/141898","v":2009418,"t":"PDF"},{"p":"príloha - katastrálna mapa","u":"https://www.enviroportal.sk/eia/dokument/141889","v":42884,"t":"PDF"},{"p":"príloha koordinač. situácia","u":"https://www.enviroportal.sk/eia/dokument/141890","v":1075593,"t":"PDF"}],"typ":"Administratíva"}},{"type":"Feature","geometry":{"type":"Point","coordinates":[17.142551,48.14492]},"properties":{"id":"dostavba-uzemia-autobusovej-stanice-prestavba-arealu-kablo-bratislava-","nazov":"Dostavba územia autobusovej stanice a prestavba areálu Kablo Bratislava, Mlynské Nivy, na mestské polyfunkčné územie Twin City","firma":"Twin City a.s., Mlynské Nivy 43","ico":"35872217","obec":"Bratislava - Staré Mesto","stav":"Akcia je ukončená v procese EIA","urad":"MČ Bratislava - Staré Mesto, Ružinov","skupina":"HB Reavis","zhluk":"karadzicova 12","presnost":"presná","zmena":"2013-07-03","ulica":"Mlynské nivy","faza":"povolené","doklad":"Rozhodnutie","dok":17,"plany":[{"p":"vizualizácie 21","u":"https://www.enviroportal.sk/eia/dokument/41084","v":3752017,"t":"PDF"},{"p":"situácia","u":"https://www.enviroportal.sk/eia/dokument/41076","v":800581,"t":"PDF"},{"p":"vizualizácie 22","u":"https://www.enviroportal.sk/eia/dokument/41085","v":5212249,"t":"PDF"},{"p":"širšie vzťahy","u":"https://www.enviroportal.sk/eia/dokument/41081","v":1076159,"t":"PDF"},{"p":"situácia - zeleň","u":"https://www.enviroportal.sk/eia/dokument/41082","v":1469049,"t":"PDF"}],"typ":"Polyfunkcia"}},{"type":"Feature","geometry":{"type":"Point","coordinates":[17.048182,48.164524]},"properties":{"id":"dream-hill-polyfunkcny-objekt-stare-grunty-bratislava","nazov":"DREAM HILL- POLYFUNKČNÝ OBJEKT, STARÉ GRUNTY, BRATISLAVA","firma":"A3 invest s.r.o., Námestie sv. Františka 18B, Bratislava","ico":"36815705","obec":"Bratislava - Karlova Ves","stav":"Podlieha ďalšiemu posudzovaniu","urad":"Mestská časť Bratislava Karlova Ves, Nám. Sv. Františka 8, 842 62 Bratislava Okresný úrad ","skupina":"","zhluk":"","presnost":"približná","zmena":"2015-05-25","faza":"zámer","dok":23,"plany":[{"p":"P2_B-02 Koordinacna situacia_A3_EIA_02.03.2015.pdf","u":"https://www.enviroportal.sk/eia/dokument/225698","v":674423,"t":"PDF"},{"p":"P1_Priloha c.1_1_50 000.pdf","u":"https://www.enviroportal.sk/eia/dokument/225696","v":6627462,"t":"PDF"},{"p":"P3_Podorysy_1PP_1NP_2NP.pdf","u":"https://www.enviroportal.sk/eia/dokument/225699","v":593008,"t":"PDF"}],"typ":"Polyfunkcia"}},{"type":"Feature","geometry":{"type":"Point","coordinates":[17.048452,48.159436]},"properties":{"id":"dream-hill-polyfunkcny-objekt-stare-grunty","nazov":"DREAM HILL POLYFUNKČNÝ OBJEKT, STARÉ GRUNTY","firma":"A3 invest, s.r.o.","ico":"36815705","obec":"Bratislava - Karlova Ves","stav":"Akcia je ukončená v procese EIA","urad":"Mestská časť Bratislava Karlova Ves, Nám. Sv. Františka 8, 842 62 Bratislava Okresný úrad ","skupina":"","zhluk":"","presnost":"približná","zmena":"2015-04-30","faza":"posúdené","dok":18,"plany":[{"p":"P2_B-02 Koordinacna situacia_A3_EIA_02.03.2015.pdf","u":"https://www.enviroportal.sk/eia/dokument/225002","v":674423,"t":"PDF"},{"p":"P3_Podorysy_1PP_1NP_2NP.pdf","u":"https://www.enviroportal.sk/eia/dokument/225003","v":593008,"t":"PDF"},{"p":"P1_Priloha c.1_1_50 000.pdf","u":"https://www.enviroportal.sk/eia/dokument/225001","v":6627413,"t":"PDF"}],"typ":"Polyfunkcia"}},{"type":"Feature","geometry":{"type":"Point","coordinates":[17.029505,48.181114]},"properties":{"id":"dubravska-oaza-dostavba-","nazov":"Dúbravská oáza - dostavba","firma":"Griffin, s. r. o., Plachého 3640/1D","ico":"36701904","obec":"Bratislava - Dúbravka","stav":"Oznámenie o zmene","urad":"OÚBA, MČ Dúbravka","skupina":"","zhluk":"","presnost":"približná","zmena":"2025-12-15","faza":"zámer","dok":19,"plany":[{"p":"B3_mapa 3_Prehľadná situácia.pdf","u":"https://www.enviroportal.sk/eia/dokument/392470","v":20469001,"t":"PDF"},{"p":"I_priloha_c7_Magistrat - Zavazne stanovisko hl.mesta SR - su","u":"https://www.enviroportal.sk/eia/dokument/392479","v":6461523,"t":"PDF"},{"p":"H_priloha_c6_MČ Dúbravka - odd. územného rozvoja - súhl. sta","u":"https://www.enviroportal.sk/eia/dokument/392477","v":68577,"t":"PDF"},{"p":"F_priloha_c4_Primerane_hodnotenie_N2000_Dubravska_oaza_05202","u":"https://www.enviroportal.sk/eia/dokument/392475","v":12176188,"t":"PDF"},{"p":"E_priloha c3_Akusticka_studia_A_062_2025.pdf","u":"https://www.enviroportal.sk/eia/dokument/392474","v":1304502,"t":"PDF"}],"typ":"Vybavenosť"}},{"type":"Feature","geometry":{"type":"Point","coordinates":[17.029446,48.183118]},"properties":{"id":"elektrickova-trat-dubravka-v-useku-hanulova-pri-krizi","nazov":"Električková trať Dúbravka v úseku Hanulova - Pri kríži","firma":"Hlavné mesto SR Bratislava, Primaciálne nám. 1","ico":"00603481","obec":"Bratislava - Dúbravka","stav":"Akcia je ukončená v procese EIA","urad":"Mestská časť Bratislava - Dúbravka, OÚŽP BA, odbor ŠVS Úrad Bratislavského samosprávneho k","skupina":"","zhluk":"primacialne namestie 1","presnost":"približná","zmena":"2013-08-05","faza":"posúdené","dok":5,"plany":[{"p":"Celkova situacia","u":"https://www.enviroportal.sk/eia/dokument/178349","v":1938257,"t":"PDF"}],"typ":"Doprava"}},{"type":"Feature","geometry":{"type":"Point","coordinates":[17.097334,48.153325]},"properties":{"id":"elektrickova-trat-dubravsko-karloveska-radiala","nazov":"Električková trať Dúbravsko – Karloveská radiála","firma":"Hlavné mesto SR Bratislava, Primaciálne nám. 1","ico":"00603481","obec":"Bratislava - Staré Mesto","stav":"Akcia je ukončená v procese EIA","urad":"MČ Bratislava – Dúbravka, Žatevná 2, 841 02 Bratislava MČ Bratislava – Karlova Ves, Nám. S","skupina":"","zhluk":"primacialne namestie 1","presnost":"približná","zmena":"2015-09-07","faza":"posúdené","dok":9,"typ":"Doprava"}},{"type":"Feature","geometry":{"type":"Point","coordinates":[17.470886,48.335779]},"properties":{"id":"elektrickova-trat-radlinskeho-stefanovicova-i-etapa","nazov":"Električková trať Radlinského - Štefanovičova, I. etapa","firma":"Hlavné mesto SR Bratislava, Primaciálne nám. 1","ico":"00603481","obec":"Bratislava - Staré Mesto","stav":"Akcia je ukončená v procese EIA","urad":"Bratislavský samosprávny kraj, ŠSÚ pre stavby električkových a trolejbus. dráh a stavieb n","skupina":"","zhluk":"primacialne namestie 1","presnost":"presná","zmena":"2014-05-30","ulica":"Štefanovičova","faza":"posúdené","dok":23,"plany":[{"p":"príloha 1a","u":"https://www.enviroportal.sk/eia/dokument/213755","v":693087,"t":"JPG"},{"p":"príloha 2 situácia","u":"https://www.enviroportal.sk/eia/dokument/213757","v":1971675,"t":"PDF"},{"p":"príloha 3 kataster","u":"https://www.enviroportal.sk/eia/dokument/213758","v":184819,"t":"PDF"},{"p":"príloha 4 ochrana prírody","u":"https://www.enviroportal.sk/eia/dokument/213759","v":575428,"t":"PDF"},{"p":"príloha 5 stanovisko UPN","u":"https://www.enviroportal.sk/eia/dokument/213760","v":3515588,"t":"PDF"}],"typ":"Doprava"}},{"type":"Feature","geometry":{"type":"Point","coordinates":[17.163581,48.15737]},"properties":{"id":"elektrickova-trat-ruzinovska-radiala","nazov":"Električková trať Ružinovská radiála","firma":"Hlavné mesto Slovenskej republiky Bratislava, Primaciálne nám. 1","ico":"00603481","obec":"Bratislava - Staré Mesto","stav":"Akcia je ukončená v procese EIA","urad":"MČ Bratislava – Ružinov, Mierová 21, 827 05 BA MČ Bratislava – Staré Mesto, Vajanského náb","skupina":"","zhluk":"primacialne namestie 1","presnost":"presná","zmena":"2015-07-01","ulica":"Ružinovská","faza":"posúdené","dok":16,"plany":[{"p":"3_Priloha 1_Ruzinovska_sit.10000.pdf","u":"https://www.enviroportal.sk/eia/dokument/227029","v":7530085,"t":"PDF"},{"p":"4_Priloha 2_Ruzinovska_sit.1.pdf","u":"https://www.enviroportal.sk/eia/dokument/227030","v":1095990,"t":"PDF"},{"p":"5_Priloha 2_Ruzinovska_ sit.2.pdf","u":"https://www.enviroportal.sk/eia/dokument/227031","v":828933,"t":"PDF"},{"p":"6_Priloha 2_Ruzinovska_sit.3.pdf","u":"https://www.enviroportal.sk/eia/dokument/227032","v":805314,"t":"PDF"},{"p":"7_Priloha 2_Ruzinovska_sit.4.pdf","u":"https://www.enviroportal.sk/eia/dokument/227033","v":1069389,"t":"PDF"}],"typ":"Výroba a sklady"}},{"type":"Feature","geometry":{"type":"Point","coordinates":[17.104254,48.195086]},"properties":{"id":"elektrickova-trat-vajnorska-radiala","nazov":"Električková trať Vajnorská radiála","firma":"Hlavné mesto SR Bratislava, Primaciálne nám. 1","ico":"00603481","obec":"Bratislava - Nové Mesto","stav":"Akcia je ukončená v procese EIA","urad":"Mestská časť Bratislava – Nové Mesto, Junácka 1, 832 91 Bratislava 3 Bratislavský samosprá","skupina":"","zhluk":"primacialne namestie 1","presnost":"približná","zmena":"2015-09-11","faza":"posúdené","dok":17,"plany":[{"p":"Priloha c.2_Vajnorska_radiala_sit2.pdf","u":"https://www.enviroportal.sk/eia/dokument/230112","v":804016,"t":"PDF"},{"p":"Priloha c.8_Vajnorska_radiala_sit8.pdf","u":"https://www.enviroportal.sk/eia/dokument/230128","v":725197,"t":"PDF"},{"p":"Priloha c.9_Hlukova studia VR BA.pdf","u":"https://www.enviroportal.sk/eia/dokument/230134","v":597266,"t":"PDF"},{"p":"Priloha c.10_Splnomocnenie_Vajnorska_komplet.pdf","u":"https://www.enviroportal.sk/eia/dokument/230135","v":126522,"t":"PDF"},{"p":"Priloha c.1_Vajnorská_trasa_prehladna.pdf","u":"https://www.enviroportal.sk/eia/dokument/230111","v":7918333,"t":"PDF"}],"typ":"Výroba a sklady"}},{"type":"Feature","geometry":{"type":"Point","coordinates":[17.053073,48.15979]},"properties":{"id":"eset-campus","nazov":"ESET Campus","firma":"ESET, spol. s.r.o., Einsteinova 24","ico":"31333532","obec":"Bratislava - Karlova Ves","stav":"Akcia je ukončená v procese EIA","urad":"Mestská časť Bratislava – Karlova Ves, Námestie sv. Františka 8, 842 62 Bratislava Okresný","skupina":"","zhluk":"einsteinova 24","presnost":"približná","zmena":"2026-07-13","faza":"posúdené","dok":15,"plany":[{"p":"prílohy.pdf","u":"https://www.enviroportal.sk/eia/dokument/367132","v":89864474,"t":"PDF"},{"p":"prílohy.pdf","u":"https://www.enviroportal.sk/eia/dokument/378735","v":77235072,"t":"PDF"}],"typ":"Polyfunkcia"}},{"type":"Feature","geometry":{"type":"Point","coordinates":[17.049849,48.165011]},"properties":{"id":"fakulta-informatiky-informacnych-technologii-stu-v-bratislave","nazov":"Fakulta informatiky a informačných technológií STU v Bratislave","firma":"Inžiniersko-projektová organizácia školských stavieb a.s., Staré Grunt","ico":"31321917","obec":"Bratislava - Karlova Ves","stav":"Akcia je ukončená v procese EIA","urad":"MČ Bratislava - Karlova Ves","skupina":"","zhluk":"","presnost":"približná","zmena":"2013-07-01","faza":"posúdené","dok":10,"plany":[{"p":"Mapa 3prvky USES","u":"https://www.enviroportal.sk/eia/dokument/38004","v":884456,"t":"PDF"},{"p":"Mapa 1 a 1b situácia","u":"https://www.enviroportal.sk/eia/dokument/38003","v":767908,"t":"PDF"},{"p":"Mapa 2","u":"https://www.enviroportal.sk/eia/dokument/38002","v":197129,"t":"PDF"},{"p":"vizualizácia obr 1.3","u":"https://www.enviroportal.sk/eia/dokument/38007","v":84147,"t":"PDF"}],"typ":"Vybavenosť"}},{"type":"Feature","geometry":{"type":"Point","coordinates":[17.106191,48.072601]},"properties":{"id":"film-park-jarovce-vyrobny-park-pre-filmovu-produkciu--1","nazov":"FILM PARK JAROVCE (Výrobný park pre filmovú produkciu)","firma":"SOLID ENTERPRISE GROUP s.r.o., Dunajská 58","ico":"50095137","obec":"Bratislava - Jarovce","stav":"Akcia je ukončená v procese EIA","urad":"MČ Bratislava - Jarovce, Palmová 1, 851 10 Bratislava","skupina":"","zhluk":"","presnost":"približná","zmena":"2016-01-07","faza":"posúdené","dok":12,"plany":[{"p":"P2_ Mapa sirsich vztahov.PDF","u":"https://www.enviroportal.sk/eia/dokument/235749","v":1265654,"t":"PDF"},{"p":"P7a_mapa Google, obr.1- 4.pdf","u":"https://www.enviroportal.sk/eia/dokument/235795","v":1884640,"t":"PDF"}],"typ":"Výroba a sklady"}},{"type":"Feature","geometry":{"type":"Point","coordinates":[17.101428,48.069137]},"properties":{"id":"film-park-jarovce-vyrobny-park-pre-filmovu-produkciu-","nazov":"Film park Jarovce (výrobný park pre filmovú produkciu)","firma":"SOLID ENTERPRISE s.r.o.","ico":"47238313","obec":"Bratislava - Jarovce","stav":"Akcia je ukončená v procese EIA","urad":"MČ BA Jarovce, OÚ BA OSZP","skupina":"","zhluk":"bajkalska 22","presnost":"približná","zmena":"2015-03-10","faza":"posúdené","dok":3,"typ":"Výroba a sklady"}},{"type":"Feature","geometry":{"type":"Point","coordinates":[17.086209,48.121237]},"properties":{"id":"fizz-park-polyfunkcny-komplex","nazov":"FIZZ PARK - POLYFUNKČNÝ KOMPLEX","firma":"FIZZ - t, s.r.o.","ico":"35809574","obec":"Bratislava - Petržalka","stav":"Rozhodnutie zo zisťovacieho konania","urad":"OÚ-BA odbor starostlivosti o životné prostredie, OÚ-BA odbor cestnej dopravy a pozemných k","skupina":"","zhluk":"","presnost":"približná","zmena":"2025-05-14","faza":"posúdené","dok":6,"plany":[{"p":"Prílohy k zámeru navrhovanej činnosti FIZZ PARK_polyfunkčný ","u":"https://www.enviroportal.sk/eia/dokument/386749","v":15873468,"t":"PDF"}],"typ":"Polyfunkcia"}},{"type":"Feature","geometry":{"type":"Point","coordinates":[17.131429,48.22121]},"properties":{"id":"flexi-hala-v-areali-logis-invest-bratislava","nazov":"FLEXI HALA v areáli LOGIS INVEST, Bratislava","firma":"LOGIS Invest, a.s., Malý trh 2/A","ico":"44643004","obec":"Bratislava - Rača","stav":"Akcia je ukončená v procese EIA","urad":"Mestská časť Bratislava Rača, Kubačova 21, 831 06 Bratislava Okresný úrad Bratislava, odbo","skupina":"","zhluk":"maly trh a","presnost":"približná","zmena":"2015-09-07","faza":"posúdené","dok":5,"typ":"Výroba a sklady"}},{"type":"Feature","geometry":{"type":"Point","coordinates":[17.10238,48.157909]},"properties":{"id":"florian-offices","nazov":"Florian Offices","firma":"Florian Offices s.r.o.","ico":"51283301","obec":"Bratislava - Staré Mesto","stav":"Iný dôvod ukončenia posudzovania","urad":"MČ Staré Mesto - Bratislava, OÚ BA OSŽP","skupina":"","zhluk":"","presnost":"približná","zmena":"2024-08-23","faza":"zámer","dok":4,"typ":"Administratíva"}},{"type":"Feature","geometry":{"type":"Point","coordinates":[17.141952,48.147163]},"properties":{"id":"forum-business-center-bratislava","nazov":"FORUM Business Center, Bratislava","firma":"Forum Business Center a.s., Mlynské nivy 43","ico":"35758333","obec":"Bratislava - Ružinov","stav":"Akcia je ukončená v procese EIA","urad":"MČ Bratislava Ružinov","skupina":"","zhluk":"mlynske nivy 43","presnost":"presná","zmena":"2013-07-29","faza":"posúdené","dok":22,"plany":[{"p":"výkres č. 1","u":"https://www.enviroportal.sk/eia/dokument/42494","v":260769,"t":"PDF"},{"p":"výkres č. 2","u":"https://www.enviroportal.sk/eia/dokument/42495","v":114267,"t":"PDF"},{"p":"výkres č. 3","u":"https://www.enviroportal.sk/eia/dokument/42496","v":250590,"t":"PDF"},{"p":"výkres č. 4","u":"https://www.enviroportal.sk/eia/dokument/42497","v":253239,"t":"PDF"},{"p":"situácia","u":"https://www.enviroportal.sk/eia/dokument/42486","v":819011,"t":"PDF"}],"typ":"Administratíva"}},{"type":"Feature","geometry":{"type":"Point","coordinates":[17.175549,48.150253]},"properties":{"id":"forum-business-center-ii-","nazov":"Forum Business Center II.","firma":"Pressburg Urban Project, a.s., Mlynské Nivy 68","ico":"34567890","obec":"Bratislava - Ružinov","stav":"Oznámenie o zmene","urad":"Mestská časť Bratislava – Ružinov, Mierová 21, 827 05 Bratislava Okresný úrad Bratislava, ","skupina":"Metrostav Estate","zhluk":"mlynske nivy 68","presnost":"približná","zmena":"2025-04-07","faza":"zámer","dok":5,"plany":[{"p":"prílohy.pdf","u":"https://www.enviroportal.sk/eia/dokument/382921","v":20525035,"t":"PDF"}],"typ":"Bývanie"}},{"type":"Feature","geometry":{"type":"Point","coordinates":[17.177173,48.149256]},"properties":{"id":"forum-business-center-ii-bratislava","nazov":"Forum Business Center II., Bratislava","firma":"Pressburg Urban Projects a.s., Karadžičova 12","ico":"36859257","obec":"Bratislava - Ružinov","stav":"Akcia je ukončená v procese EIA","urad":"MČ Bratislava Ružinov","skupina":"HB Reavis","zhluk":"karadzicova 12","presnost":"približná","zmena":"2014-11-04","faza":"posúdené","dok":3,"plany":[{"p":"Text oznámenia o zmene -  prilohy DUR","u":"https://www.enviroportal.sk/eia/dokument/219225","v":18962265,"t":"ZIP"}],"typ":"Administratíva"}},{"type":"Feature","geometry":{"type":"Point","coordinates":[19.066988,48.333503]},"properties":{"id":"fresh-market-administrativna-budova-roznavska-ul-bratislava","nazov":"Fresh Market a administratívna budova, Rožňavská ul. Bratislava","firma":"VIENNA INVEST, spol. s.r.o., Tomášikova 50/E","ico":"31346715","obec":"Bratislava - Nové Mesto","stav":"Akcia je ukončená v procese EIA","urad":"MČ Bratislava Nové Mesto","skupina":"","zhluk":"tomasikova e","presnost":"presná","zmena":"2015-09-21","ulica":"Rožňavská","faza":"posúdené","dok":3,"typ":"Administratíva"}},{"type":"Feature","geometry":{"type":"Point","coordinates":[17.171302,48.145243]},"properties":{"id":"galvaniho-business-centrum-iii-bratislava","nazov":"Galvaniho Business Centrum III., Bratislava","firma":"Delta 2000 s. r. o., Mandľová 41","ico":"35704870","obec":"Bratislava - Ružinov","stav":"Akcia je ukončená v procese EIA","urad":"MČ Bratislava - Ružinov, Magistrát HM SR Bratislavy","skupina":"","zhluk":"","presnost":"približná","zmena":"2013-02-07","faza":"posúdené","dok":6,"typ":"Administratíva"}},{"type":"Feature","geometry":{"type":"Point","coordinates":[17.177737,48.148403]},"properties":{"id":"galvaniho-business-centrum-iv-bratislava","nazov":"Galvaniho Business Centrum IV, Bratislava","firma":"Draškovič s.r.o., P. J. Šafárika 378/15","ico":"36561401","obec":"Bratislava - Ružinov","stav":"Akcia je ukončená v procese EIA","urad":"MČ Bratislava - Ružinov","skupina":"","zhluk":"","presnost":"približná","zmena":"2013-08-15","faza":"posúdené","dok":6,"plany":[{"p":"príloha č. 3","u":"https://www.enviroportal.sk/eia/dokument/43726","v":3275822,"t":"PDF"},{"p":"príloha č. 1","u":"https://www.enviroportal.sk/eia/dokument/43724","v":128753,"t":"PDF"},{"p":"príloha č. 2","u":"https://www.enviroportal.sk/eia/dokument/43725","v":1603205,"t":"PDF"}],"typ":"Administratíva"}},{"type":"Feature","geometry":{"type":"Point","coordinates":[17.170701,48.145729]},"properties":{"id":"galvaniho-business-centrum-iv","nazov":"Galvaniho Business Centrum IV","firma":"Draškovič, s.r.o., P.J.Šafárika 378/15","ico":"36561401","obec":"Bratislava - Ružinov","stav":"Akcia je ukončená v procese EIA","urad":"MČ BA-Ružinov","skupina":"","zhluk":"","presnost":"približná","zmena":"2013-05-22","faza":"posúdené","dok":5,"plany":[{"p":"Priloha","u":"https://www.enviroportal.sk/eia/dokument/33761","v":126637,"t":"PDF"}],"typ":"Administratíva"}},{"type":"Feature","geometry":{"type":"Point","coordinates":[17.171609,48.145064]},"properties":{"id":"galvaniho-business-centrum-v","nazov":"GALVANIHO BUSINESS CENTRUM V","firma":"GALVANIHO 5 s.r.o., Galvaniho 17/C","ico":"47889926","obec":"Bratislava - Ružinov","stav":"Akcia je ukončená v procese EIA","urad":"MÚ MČ Bratislava - Ružinov, Mierová 21, 827 05 Bratislava Okresný úrad Bratislava, Odbor s","skupina":"","zhluk":"galvaniho c","presnost":"približná","zmena":"2018-03-21","faza":"posúdené","dok":7,"plany":[{"p":"text a prilohy 8-13","u":"https://www.enviroportal.sk/eia/dokument/256615","v":41962488,"t":"ZIP"},{"p":"prílohy 1-7","u":"https://www.enviroportal.sk/eia/dokument/256613","v":45700392,"t":"ZIP"}],"typ":"Polyfunkcia"}},{"type":"Feature","geometry":{"type":"Point","coordinates":[17.094184,48.12137]},"properties":{"id":"garazovy-dom-vavilovova-petrzalka","nazov":"Garážový dom Vavilovova - Petržalka","firma":"V-arms, s.r.o., Vavilovova 8","ico":"45983941","obec":"Bratislava - Petržalka","stav":"Akcia je ukončená v procese EIA","urad":"Mestská časť Bratislava – Petržalka Okresný úrad Bratislava, odbor starostlivosti o životn","skupina":"","zhluk":"","presnost":"približná","zmena":"2016-09-02","faza":"posúdené","dok":12,"plany":[{"p":"Priloha 3.pdf","u":"https://www.enviroportal.sk/eia/dokument/247406","v":306630,"t":"PDF"},{"p":"príloha 8 svetlotechnicky_posudok_1678.pdf","u":"https://www.enviroportal.sk/eia/dokument/247411","v":2901468,"t":"PDF"},{"p":"Príloha 1 Upustenie od variantneho riešenia OUZP.PDF","u":"https://www.enviroportal.sk/eia/dokument/247404","v":96542,"t":"PDF"},{"p":"Príloha 2 Súhlas_m.c._Petrzalka.pdf","u":"https://www.enviroportal.sk/eia/dokument/247405","v":512361,"t":"PDF"},{"p":"Priloha 4.pdf","u":"https://www.enviroportal.sk/eia/dokument/247407","v":545041,"t":"PDF"}],"typ":"Doprava"}},{"type":"Feature","geometry":{"type":"Point","coordinates":[17.088224,48.123685]},"properties":{"id":"garbe-park-bratislava-city","nazov":"Garbe Park Bratislava City","firma":"SK5 Logimac s.r.o., Továrenská 14","ico":"54288410","obec":"Bratislava - Petržalka","stav":"Akcia je ukončená v procese EIA","urad":"Mestská časť Bratislava - Petržalka, stavebný úrad Okresný úrad Bratislava, Odbor starostl","skupina":"","zhluk":"tovarenska 14","presnost":"približná","zmena":"2024-08-19","faza":"posúdené","dok":21,"plany":[{"p":"D2_mapa_c3b_koordinacna_sit_hala_2.pdf","u":"https://www.enviroportal.sk/eia/dokument/370349","v":3067135,"t":"PDF"},{"p":"D1_mapa_c3a_koordinacna_sit_hala_1.pdf","u":"https://www.enviroportal.sk/eia/dokument/370348","v":4178986,"t":"PDF"},{"p":"B_mapa_c1_sirsie_vztahy.pdf","u":"https://www.enviroportal.sk/eia/dokument/370346","v":20964767,"t":"PDF"},{"p":"F1_Príloha_2_Rezy_1z2.pdf","u":"https://www.enviroportal.sk/eia/dokument/370351","v":4149875,"t":"PDF"},{"p":"E_Priloha_1_vizualizacia.pdf","u":"https://www.enviroportal.sk/eia/dokument/370350","v":8672532,"t":"PDF"}],"typ":"Výroba a sklady"}},{"type":"Feature","geometry":{"type":"Point","coordinates":[17.17258,48.150341]},"properties":{"id":"generator-dusika-messer-bratislava","nazov":"Generátor dusíka Messer , Bratislava","firma":"Slovnaft Messer s.r.o., Vlčie hrdlo 1/B","ico":"31335853","obec":"Bratislava - Ružinov","stav":"Akcia je ukončená v procese EIA","urad":"MÚ Bratislava - Ružinov","skupina":"","zhluk":"","presnost":"približná","zmena":"2011-11-09","faza":"posúdené","dok":2,"typ":"Výroba a sklady"}},{"type":"Feature","geometry":{"type":"Point","coordinates":[17.171523,48.14511]},"properties":{"id":"goldbeck-viacpodlazna-administrativna-vystavba-aparkovaci-dom","nazov":"Goldbeck - viacpodlažná administratívna výstavba a aparkovací dom","firma":"Goldbeck, s.r.o.","ico":"35900733","obec":"Bratislava - Ružinov","stav":"Akcia je ukončená v procese EIA","urad":"Miestny úrad MČ Bratislava – Ružinov Okresný úrad Bratislava, odbor starostlivosti o život","skupina":"","zhluk":"","presnost":"približná","zmena":"2020-12-09","faza":"posúdené","dok":6,"typ":"Administratíva"}},{"type":"Feature","geometry":{"type":"Point","coordinates":[17.094168,48.120681]},"properties":{"id":"green-park--1","nazov":"GREEN PARK","firma":"GRAFOBAL GROUP development, a. s., Sasinková 5","ico":"44269340","obec":"Bratislava - Petržalka","stav":"Oznámenie o zmene","urad":"Mestská časť Bratislava – Petržalka, Kutlíkova 17, 851 02 Petržalka Okresný úrad Bratislav","skupina":"","zhluk":"sasinkova 5","presnost":"približná","zmena":"2025-04-15","faza":"zámer","dok":9,"typ":"Vybavenosť"}},{"type":"Feature","geometry":{"type":"Point","coordinates":[17.08767,48.1234]},"properties":{"id":"green-park-","nazov":"GREEN PARK","firma":"RV Development 3 s.r.o., Krížna 47","ico":"50164996","obec":"Bratislava - Petržalka","stav":"Akcia je ukončená v procese EIA","urad":"Mestská časť Bratislava – Petržalka, Kutlíkova 17, 852 12 Bratislava 5","skupina":"Grafobal Group","zhluk":"krizna 47","presnost":"približná","zmena":"2018-12-17","faza":"posúdené","dok":8,"plany":[{"p":"Prilohy.zip","u":"https://www.enviroportal.sk/eia/dokument/265624","v":52549505,"t":"ZIP"}],"typ":"Polyfunkcia"}},{"type":"Feature","geometry":{"type":"Point","coordinates":[17.145552,48.15578]},"properties":{"id":"green-tower-bajkalska-ulica-bratislava","nazov":"Green Tower, Bajkalská ulica, Bratislava","firma":"GL1 s.r.o., Dunajská 15","ico":"35870133","obec":"Bratislava - Ružinov","stav":"Akcia je ukončená v procese EIA","urad":"Mestská časť Bratislava ? Ružinov","skupina":"","zhluk":"dunajska 15","presnost":"presná","zmena":"2013-08-15","faza":"posúdené","dok":6,"plany":[{"p":"C_prilohy.pdf","u":"https://www.enviroportal.sk/eia/dokument/43265","v":25317478,"t":"PDF"}],"typ":"Administratíva"}},{"type":"Feature","geometry":{"type":"Point","coordinates":[17.018453,48.169976]},"properties":{"id":"hala-h1-karosaren","nazov":"Hala H1 - Karosáreň","firma":"VOLKSWAGEN SLOVAKIA, a. s., J. Jonáša 1","ico":"35757442","obec":"Bratislava - Devínska Nová Ves","stav":"Akcia je ukončená v procese EIA","urad":"MČ Bratislava - Devínska Nová Ves Okresný úrad Bratislava","skupina":"","zhluk":"j jonasa 1","presnost":"približná","zmena":"2022-03-07","faza":"posúdené","dok":5,"typ":"Výroba a sklady"}},{"type":"Feature","geometry":{"type":"Point","coordinates":[17.018422,48.17016]},"properties":{"id":"hala-h8-odstranenie-linky-ktl-neutralizacnej-stanice-voskovne-zvaracic","nazov":"Hala H8 - Odstránenie linky KTL, neutralizačnej stanice, voskovne a zváracích pracovísk","firma":"Volkswagen Slovakia, a.s., Jána Jonáša 1","ico":"35757442","obec":"Bratislava - Devínska Nová Ves","stav":"Akcia je ukončená v procese EIA","urad":"Slovenská inšpekcia životného prostredia, Inšpektorát životného prostredia Bratislava, Jes","skupina":"","zhluk":"j jonasa 1","presnost":"približná","zmena":"2019-09-24","faza":"posúdené","dok":4,"typ":"Výroba a sklady"}},{"type":"Feature","geometry":{"type":"Point","coordinates":[17.018422,48.17016]},"properties":{"id":"hala-i3-odpadove-hospodarstvo-vw-slovakia-bratislava","nazov":"Hala I3 - odpadové hospodárstvo VW Slovakia, a.s. Bratislava","firma":"Volkswagen Slovakia, a.s., J.Jonáša 1","ico":"35757442","obec":"Bratislava - Devínska Nová Ves","stav":"Akcia je ukončená v procese EIA","urad":"MČ BA - Devínska Nová Ves","skupina":"","zhluk":"j jonasa 1","presnost":"približná","zmena":"2013-05-09","faza":"posúdené","dok":4,"plany":[{"p":"Mapa","u":"https://www.enviroportal.sk/eia/dokument/28981","v":7247047,"t":"PDF"}],"typ":"Výroba a sklady"}},{"type":"Feature","geometry":{"type":"Point","coordinates":[17.16898,48.128204]},"properties":{"id":"harbour-park-vlcie-hrdlo-","nazov":"Harbour Park Vlčie Hrdlo","firma":"WIN – PORT Invest, s. r. o., Panenská 6","ico":"51488001","obec":"Bratislava - Ružinov","stav":"Rozsah hodnotenia","urad":"Miestny úrad Bratislava - Ružinov Miestny úrad Bratislava – Podunajské Biskupice Okresný ú","skupina":"","zhluk":"panenska 6","presnost":"presná","zmena":"2025-08-20","ulica":"Vlčie hrdlo","faza":"zámer","dok":9,"plany":[{"p":"Mapové prílohy.zip","u":"https://www.enviroportal.sk/eia/dokument/386860","v":27493538,"t":"ZIP"},{"p":"Vizualizacie.pdf","u":"https://www.enviroportal.sk/eia/dokument/386857","v":6268823,"t":"PDF"}],"typ":"Vybavenosť"}},{"type":"Feature","geometry":{"type":"Point","coordinates":[17.172447,48.144724]},"properties":{"id":"helios-polyfunkcny-dom-v-ruzinove","nazov":"HELIOS - Polyfunkčný dom v Ružinove","firma":"Architektonická kancelária G & D, Devín 4283","ico":"22640584","obec":"Bratislava - Ružinov","stav":"Akcia je ukončená v procese EIA","urad":"Mestská časť Bratislava ? Ružinov","skupina":"","zhluk":"","presnost":"približná","zmena":"2013-09-11","faza":"posúdené","dok":5,"plany":[{"p":"C_prilohy","u":"https://www.enviroportal.sk/eia/dokument/47263","v":42990575,"t":"PDF"}],"typ":"Polyfunkcia"}},{"type":"Feature","geometry":{"type":"Point","coordinates":[17.17786,48.148016]},"properties":{"id":"hobbymarket-bratislava-pharos-bratislava","nazov":"HOBBYMARKET, BRATISLAVA - Pharos Bratislava","firma":"Development 4, s.r.o., Kominárska 2,4","ico":"36688223","obec":"Bratislava - Ružinov","stav":"Akcia je ukončená v procese EIA","urad":"Mestská časť Bratislava - Ružinov, OÚŽP v BA, odbor ŠVS","skupina":"","zhluk":"","presnost":"približná","zmena":"2012-03-30","faza":"posúdené","dok":7,"plany":[{"p":"prílohy","u":"https://www.enviroportal.sk/eia/dokument/137736","v":6790644,"t":"PDF"},{"p":"prílohy","u":"https://www.enviroportal.sk/eia/dokument/137734","v":1858359,"t":"PDF"},{"p":"prílohy2","u":"https://www.enviroportal.sk/eia/dokument/137735","v":19606025,"t":"PDF"}],"typ":"Obchod a služby"}},{"type":"Feature","geometry":{"type":"Point","coordinates":[17.171494,48.145126]},"properties":{"id":"hobbymarket-bratislava-trnavka","nazov":"HOBBYMARKET, BRATISLAVA - TRNÁVKA","firma":"Development 4, s.r.o., Kominárska 2,4","ico":"36688223","obec":"Bratislava - Ružinov","stav":"Akcia je ukončená v procese EIA","urad":"Mestská časť Bratislava - Ružinov, OÚŽP v BA, odbor ŠVS","skupina":"","zhluk":"","presnost":"približná","zmena":"2011-11-10","faza":"povolené","doklad":"Informácia","dok":22,"plany":[{"p":"podorys 1PP","u":"https://www.enviroportal.sk/eia/dokument/124871","v":153119,"t":"PDF"},{"p":"podorys strechy","u":"https://www.enviroportal.sk/eia/dokument/124872","v":393170,"t":"PDF"},{"p":"situácia širších vzťahov","u":"https://www.enviroportal.sk/eia/dokument/124867","v":2029108,"t":"PDF"},{"p":"koordinačná situácia stavby","u":"https://www.enviroportal.sk/eia/dokument/124868","v":6154585,"t":"PDF"},{"p":"podorys 1NP","u":"https://www.enviroportal.sk/eia/dokument/124869","v":923757,"t":"PDF"}],"typ":"Výroba a sklady"}},{"type":"Feature","geometry":{"type":"Point","coordinates":[17.023537,48.173329]},"properties":{"id":"hornbach-bratislava-ii-spevnene-plochy","nazov":"HORNBACH BRATISLAVA II – SPEVNENÉ PLOCHY","firma":"Baumarkt SK, spol. s r.o., Galvaniho 9","ico":"35838949","obec":"Bratislava - Devínska Nová Ves","stav":"Rozhodnutie o zmene navrhovanej činnosti- neposudzovať","urad":"Mestská časť Bratislava – Devínska Nová Ves, Novoveská 17/A, 841 07 Bratislava","skupina":"","zhluk":"","presnost":"približná","zmena":"2025-07-22","faza":"zámer","dok":5,"plany":[{"p":"Prílohy k oznámeniu zmeny - 2024_Redigované.pdf","u":"https://www.enviroportal.sk/eia/dokument/379707","v":6801198,"t":"PDF"}],"typ":"Výroba a sklady"}},{"type":"Feature","geometry":{"type":"Point","coordinates":[17.02976,48.183652]},"properties":{"id":"horucovod-dubravka-nejedleho-agatova-","nazov":"Horúcovod Dúbravka (Nejedlého - Agátová)","firma":"MH Teplárenský holding, a. s.","ico":"36211541","obec":"Bratislava - Dúbravka","stav":"Zámer","urad":"OÚBA, MČ Bratislava - Dúbravka","skupina":"","zhluk":"","presnost":"približná","zmena":"2025-04-24","faza":"zámer","dok":7,"plany":[{"p":"Príloha 1 - Širšie vzťahy.pdf","u":"https://www.enviroportal.sk/eia/dokument/387921","v":213446,"t":"PDF"},{"p":"Príloha 2 - Situácia - skapacitnenie HV Trhová - Nejedlého.p","u":"https://www.enviroportal.sk/eia/dokument/387922","v":215217,"t":"PDF"},{"p":"Príloha 3 - Situácia - nový HV Nejedlého - Agátová.pdf","u":"https://www.enviroportal.sk/eia/dokument/387923","v":2744784,"t":"PDF"}],"typ":"Bývanie"}},{"type":"Feature","geometry":{"type":"Point","coordinates":[17.030879,48.179759]},"properties":{"id":"horucovod-nemocnica-patronka","nazov":"Horúcovod Nemocnica Patrónka","firma":"Bratislavská teplárenská, a.s., Bajkalská 21/A","ico":"35823542","obec":"Bratislava - Dúbravka","stav":"Akcia je ukončená v procese EIA","urad":"1.OúBA, 2.MČ BA – Karlova Ves","skupina":"","zhluk":"vlcie hrdlo 1","presnost":"približná","zmena":"2018-01-31","faza":"posúdené","dok":7,"plany":[{"p":"Príloha č. 1.jpg","u":"https://www.enviroportal.sk/eia/dokument/261170","v":4324599,"t":"JPG"},{"p":"Príloha č. 2.pdf","u":"https://www.enviroportal.sk/eia/dokument/261171","v":387097,"t":"PDF"},{"p":"Príloha č. 3.pdf","u":"https://www.enviroportal.sk/eia/dokument/261172","v":433436,"t":"PDF"}],"typ":"Vybavenosť"}},{"type":"Feature","geometry":{"type":"Point","coordinates":[17.0296,48.183415]},"properties":{"id":"hotel-ceresne-ceresne-3-parkovisko-polianky-polyfunkcny-komplex-ceresn","nazov":"Hotel Čerešne (Čerešne 3), Parkovisko Polianky a Polyfunkčný komplex Čerešne living (Čerešne 4)","firma":"NEW VITAL spo. s r.o., Sumbalova 1A","ico":"36707333","obec":"Bratislava - Dúbravka","stav":"Akcia je ukončená v procese EIA","urad":"","skupina":"","zhluk":"","presnost":"približná","zmena":"2022-11-15","faza":"posúdené","dok":27,"plany":[{"p":"B2_mapa_2_ortofotomapa.pdf","u":"https://www.enviroportal.sk/eia/dokument/322921","v":3833232,"t":"PDF"},{"p":"B6_mapa_5_Redigované.pdf","u":"https://www.enviroportal.sk/eia/dokument/322780","v":2500788,"t":"PDF"},{"p":"B5_mapa_4_Redigované.pdf","u":"https://www.enviroportal.sk/eia/dokument/322779","v":2058114,"t":"PDF"},{"p":"B4_mapa_3b_variant_2_Redigované.pdf","u":"https://www.enviroportal.sk/eia/dokument/322778","v":3169180,"t":"PDF"},{"p":"B3_mapa_3a_variant_1_Redigované.pdf","u":"https://www.enviroportal.sk/eia/dokument/322777","v":3105240,"t":"PDF"}],"typ":"Plány a koncepcie"}},{"type":"Feature","geometry":{"type":"Point","coordinates":[17.572269,48.416206]},"properties":{"id":"hotel-ft2-pristavna-bratislava","nazov":"Hotel FT2 - Prístavná, Bratislava","firma":"INVEST 46 a.s., Karloveská 34","ico":"54664004","obec":"Bratislava - Ružinov","stav":"Zámer","urad":"MČ BA-Ružinov - stavebný úrad, OUBA OSZP","skupina":"Forespo / 365.invest","zhluk":"karloveska 34","presnost":"presná","zmena":"2025-11-13","faza":"zámer","dok":5,"plany":[{"p":"Prílohy Zámeru Hotel FT2 Prístavná, Bratislava.pdf","u":"https://www.enviroportal.sk/eia/dokument/391588","v":37921356,"t":"PDF"}],"typ":"Administratíva"}},{"type":"Feature","geometry":{"type":"Point","coordinates":[17.572269,48.416206]},"properties":{"id":"hotel-ft2-pristavna","nazov":"Hotel FT2 - Prístavná","firma":"ALFA PROPERTY DEVELOPMENT s.r.o., Pestovateľská 13","ico":"36837768","obec":"Bratislava - Ružinov","stav":"Iný dôvod ukončenia posudzovania","urad":"OUBA OSZP, MČ BA-Ružinov","skupina":"","zhluk":"pestovatelska 13","presnost":"presná","zmena":"2025-03-18","faza":"zámer","dok":5,"plany":[{"p":"Prílohy k Zámeru.pdf","u":"https://www.enviroportal.sk/eia/dokument/387444","v":27494112,"t":"PDF"}],"typ":"Vybavenosť"}},{"type":"Feature","geometry":{"type":"Point","coordinates":[17.102039,48.196534]},"properties":{"id":"hotel-snezienka-rekonstrukcia-stavby-bratislava","nazov":"Hotel Snežienka - rekonštrukcia stavby, Bratislava","firma":"SNOWDROP, s.r.o., Sládkovičova 4","ico":"35967251","obec":"Bratislava - Nové Mesto","stav":"Akcia je ukončená v procese EIA","urad":"MČ Bratislava Nové Mesto, HM Bratislava","skupina":"","zhluk":"","presnost":"približná","zmena":"2013-07-03","faza":"posúdené","dok":10,"plany":[{"p":"prílohy","u":"https://www.enviroportal.sk/eia/dokument/40830","v":34883182,"t":"PDF"},{"p":"prílohy 1","u":"https://www.enviroportal.sk/eia/dokument/52257","v":40611741,"t":"PDF"},{"p":"prílohy 2","u":"https://www.enviroportal.sk/eia/dokument/52258","v":30833772,"t":"PDF"}],"typ":"Vybavenosť"}},{"type":"Feature","geometry":{"type":"Point","coordinates":[17.096098,48.154224]},"properties":{"id":"hotel-yasmin-bratislava","nazov":"HOTEL YASMIN, Bratislava","firma":"VACHEL SK, s.r.o., Hurbanovo nám. 7","ico":"36355348","obec":"Bratislava - Staré Mesto","stav":"Akcia je ukončená v procese EIA","urad":"MČ BA - Staré Mesto","skupina":"Cresco Real Estate","zhluk":"postova 3","presnost":"približná","zmena":"2013-05-13","faza":"posúdené","dok":5,"plany":[{"p":"časť c- prílohy","u":"https://www.enviroportal.sk/eia/dokument/33380","v":35888942,"t":"PDF"}],"typ":"Vybavenosť"}},{"type":"Feature","geometry":{"type":"Point","coordinates":[17.173616,48.144522]},"properties":{"id":"hpp3-prevadzka-na-vyrobu-vodika","nazov":"HPP3 - Prevádzka na výrobu vodíka","firma":"SLOVNAFT, a. s.,Vlčie hrdlo 1","ico":"31322832","obec":"Bratislava - Ružinov","stav":"Iný dôvod ukončenia posudzovania","urad":"Slovenská inšpekcia životného prostredia, Inšpektorát životného prostredia Bratislava, Odb","skupina":"","zhluk":"vlcie hrdlo 1","presnost":"približná","zmena":"2026-07-07","faza":"povolené","doklad":"Rozhodnutie – stavebné povolenie","dok":6,"typ":"Plány a koncepcie"}},{"type":"Feature","geometry":{"type":"Point","coordinates":[17.089239,48.118167]},"properties":{"id":"hromadny-garazovy-dom-furdekova-ul-bratislava","nazov":"Hromadný garážový dom, Furdekova ul., Bratislava","firma":"AVP Park, s.r.o., Holíčska 19","ico":"47253240","obec":"Bratislava - Petržalka","stav":"Akcia je ukončená v procese EIA","urad":"Mestská časť Bratislava - Petržalka, stavebný úrad, Okresný úrad Bratislava,OSŽP, odd. OP ","skupina":"","zhluk":"","presnost":"približná","zmena":"2014-10-27","faza":"posúdené","dok":6,"plany":[{"p":"prílohy 2 svetlo dendrologia","u":"https://www.enviroportal.sk/eia/dokument/219075","v":6253113,"t":"PDF"},{"p":"prílohy 1  rozptyl akustika","u":"https://www.enviroportal.sk/eia/dokument/219074","v":7419492,"t":"PDF"}],"typ":"Zeleň a verejný priestor"}},{"type":"Feature","geometry":{"type":"Point","coordinates":[17.130041,48.222683]},"properties":{"id":"hroznovy-sad-bratislava-m-c-raca","nazov":"Hroznový sad Bratislava, m. č. Rača","firma":"Hroznový sad, s.r.o., Hraničná 24A","ico":"53794524","obec":"Bratislava - Rača","stav":"Akcia je ukončená v procese EIA","urad":"OUBA, MC RACA","skupina":"","zhluk":"","presnost":"približná","zmena":"2023-01-12","faza":"posúdené","dok":14,"plany":[{"p":"Prílohy_Zámer_Hroznový sad.pdf","u":"https://www.enviroportal.sk/eia/dokument/336715","v":71085362,"t":"PDF"}],"typ":"Vybavenosť"}},{"type":"Feature","geometry":{"type":"Point","coordinates":[17.135676,48.043271]},"properties":{"id":"ibv-bratislava-rusovce-novy-stavebny-obvod-rusovce","nazov":"IBV BRATISLAVA RUSOVCE - Nový stavebný obvod Rusovce","firma":"ARPenviro s.r.o.","ico":"46560181","obec":"Bratislava - Rusovce","stav":"Zámer","urad":"Mestská časť Bratislava - Rusovce","skupina":"","zhluk":"","presnost":"približná","zmena":"2026-03-25","faza":"povolené","doklad":"Rozhodnutie – stavebné povolenie","dok":9,"plany":[{"p":"Príloha č. 1.pdf","u":"https://www.enviroportal.sk/eia/dokument/398023","v":1009424,"t":"PDF"}],"typ":"Doprava"}},{"type":"Feature","geometry":{"type":"Point","coordinates":[17.021681,48.167501]},"properties":{"id":"ibv-slnecny-vrch-ii-devinska-nova-ves","nazov":"IBV Slnečný vrch II, Devínska Nová Ves","firma":"HORTEL, s.r.o., Poniklecová 34","ico":"35858214","obec":"Bratislava - Devínska Nová Ves","stav":"Akcia je ukončená v procese EIA","urad":"OÚ BA OSZP, MČ BA - Devínska Nová Ves","skupina":"","zhluk":"","presnost":"približná","zmena":"2015-09-29","faza":"posúdené","dok":15,"plany":[{"p":"C_Prilohy.pdf","u":"https://www.enviroportal.sk/eia/dokument/230737","v":5238799,"t":"PDF"},{"p":"01 SIRSIE VZTAHY.pdf","u":"https://www.enviroportal.sk/eia/dokument/230738","v":1827086,"t":"PDF"},{"p":"02 KATASTRALNA MAPA.pdf","u":"https://www.enviroportal.sk/eia/dokument/230739","v":699904,"t":"PDF"},{"p":"03 SIT KOORDINACNA.pdf","u":"https://www.enviroportal.sk/eia/dokument/230740","v":1848440,"t":"PDF"}],"typ":"Bývanie"}},{"type":"Feature","geometry":{"type":"Point","coordinates":[17.133617,48.153083]},"properties":{"id":"ibv-vinicne-ii-b","nazov":"IBV Viničné II.B","firma":"KLARAS s.r.o., Rebarborova 1B","ico":"46816909","obec":"Viničné","stav":"Akcia je ukončená v procese EIA","urad":"Spoločný stavebný úrad, Obecný úrad Viničné, Cintorínska 13, 900 23 Viničné","skupina":"","zhluk":"cesta na klanec 1","presnost":"presná","zmena":"2015-04-07","faza":"posúdené","dok":3,"typ":"Bývanie"}},{"type":"Feature","geometry":{"type":"Point","coordinates":[17.022844,48.16747]},"properties":{"id":"implementacia-projektu-beta-do-lakovne-h2a-","nazov":"Implementácia projektu Beta+ do Lakovne H2a","firma":"Volkswagen Slovakia, a. s., J. Jonáša 1","ico":"35757442","obec":"Bratislava - Devínska Nová Ves","stav":"Akcia je ukončená v procese EIA","urad":"Slovenská inšpekcia životného prostredia, Inšpektorát životného prostredia Bratislava","skupina":"","zhluk":"j jonasa 1","presnost":"približná","zmena":"2021-09-23","faza":"posúdené","dok":4,"typ":"Výroba a sklady"}},{"type":"Feature","geometry":{"type":"Point","coordinates":[17.170995,48.149563]},"properties":{"id":"inovacia-chemickej-upravy-vody-ii-iii-bratislava-slovnaft-","nazov":"Inovácia chemickej úpravy vody II, III, Bratislava - Slovnaft a.s.","firma":"Slovnaft a.s., Vlčie hrdlo","ico":"31322832","obec":"Bratislava - Ružinov","stav":"Akcia je ukončená v procese EIA","urad":"MČ BA - Ružinov","skupina":"","zhluk":"vlcie hrdlo 1","presnost":"približná","zmena":"2013-02-19","faza":"dokončené","doklad":"Oznámenie o začatí kolaudačného konania","dok":4,"typ":"Výroba a sklady"}},{"type":"Feature","geometry":{"type":"Point","coordinates":[17.024474,48.173019]},"properties":{"id":"instalacia-kogeneracnej-jednotky-tepelny-zdroj-k31-devinska-nova-ves","nazov":"Inštalácia kogeneračnej jednotky - tepelný zdroj K31 Devínska Nová Ves","firma":"Teplo GGE s.r.o., Rozkvet 2058/125","ico":"36012424","obec":"Bratislava - Devínska Nová Ves","stav":"Akcia je ukončená v procese EIA","urad":"MČ BA- DNV","skupina":"","zhluk":"","presnost":"približná","zmena":"2013-03-04","faza":"posúdené","dok":3,"typ":"Technická infraštruktúra"}},{"type":"Feature","geometry":{"type":"Point","coordinates":[17.172447,48.150304]},"properties":{"id":"instalacia-novych-blokov-separacneho-strediska","nazov":"Inštalácia nových blokov separačného strediska","firma":"Bratislavská recyklačná, s. r. o., Slovnaftská 102","ico":"44523921","obec":"Bratislava - Ružinov","stav":"Akcia je ukončená v procese EIA","urad":"OU BA, MC BA Ruzinov","skupina":"","zhluk":"","presnost":"približná","zmena":"2021-02-01","faza":"posúdené","dok":6,"typ":"Výroba a sklady"}},{"type":"Feature","geometry":{"type":"Point","coordinates":[17.063389,48.237884]},"properties":{"id":"instalacia-tretej-kremacnej-pece","nazov":"Inštalácia tretej kremačnej pece","firma":"MARIANUM – Pohrebníctvo mesta Bratislava, príspevková organizácia, Šaf","ico":"17330190","obec":"Bratislava - Záhorská Bystrica","stav":"Akcia je ukončená v procese EIA","urad":"MČ Bratislava - Záhorská Bystrica (stavebný úrad) Okresný úrad Bratislava, odbor starostli","skupina":"","zhluk":"","presnost":"približná","zmena":"2022-06-01","faza":"posúdené","dok":4,"typ":"Vybavenosť"}},{"type":"Feature","geometry":{"type":"Point","coordinates":[17.176662,48.145332]},"properties":{"id":"instalacia-vzduchoveho-chladica-na-hrp5","nazov":"Inštalácia vzduchového chladiča na HRP5","firma":"SLOVNAFT, a. s., Vlčie hrdlo 1","ico":"31322832","obec":"Bratislava - Ružinov","stav":"Akcia je ukončená v procese EIA","urad":"Slovenská inšpekcia životného prostredia, Inšpektorát životného prostredia Bratislava, Odb","skupina":"","zhluk":"vlcie hrdlo 1","presnost":"približná","zmena":"2020-12-09","faza":"posúdené","dok":8,"typ":"Výroba a sklady"}},{"type":"Feature","geometry":{"type":"Point","coordinates":[17.026142,48.169388]},"properties":{"id":"integracia-by-736-v-lakovni-h2-h2a-bratislava","nazov":"Integrácia BY-736 v lakovni H2 a H2A, Bratislava","firma":"VOLKSWAGEN SLOVAKIA, a. s. J. Jonáša 1","ico":"35757442","obec":"Bratislava - Devínska Nová Ves","stav":"Akcia je ukončená v procese EIA","urad":"SIŽP Bratislava","skupina":"","zhluk":"j jonasa 1","presnost":"približná","zmena":"2014-09-24","faza":"posúdené","dok":4,"plany":[{"p":"prilohy","u":"https://www.enviroportal.sk/eia/dokument/217957","v":1274276,"t":"PDF"}],"typ":"Výroba a sklady"}},{"type":"Feature","geometry":{"type":"Point","coordinates":[17.173792,48.150512]},"properties":{"id":"intenzifikacia-cc5-","nazov":"Intenzifikácia CC5","firma":"SLOVNAFT, a. s.,Vlčie hrdlo 1","ico":"31322832","obec":"Bratislava - Ružinov","stav":"Akcia je ukončená v procese EIA","urad":"Miestny úrad mestskej časti Bratislava-Ružinov, Stavebný úrad, Mierová 21, 827 05 Bratisla","skupina":"","zhluk":"vlcie hrdlo 1","presnost":"približná","zmena":"2021-09-14","faza":"posúdené","dok":11,"plany":[{"p":"Koordinačný situačný výkres_CC5_71CC5-AB-D__EST_R35m.pdf","u":"https://www.enviroportal.sk/eia/dokument/326461","v":1843691,"t":"PDF"},{"p":"Mapa širších vzťahov.pdf","u":"https://www.enviroportal.sk/eia/dokument/326463","v":662963,"t":"PDF"}],"typ":"Výroba a sklady"}},{"type":"Feature","geometry":{"type":"Point","coordinates":[17.018604,48.169512]},"properties":{"id":"intenzifikacia-modernizacia-cov-volkswagen-slovakia-s-","nazov":"Intenzifikácia a modernizácia ČOV VOLKSWAGEN SLOVAKIA, a. s.","firma":"VOLKSWAGEN SLOVAKIA, a. s., J. Jonáša 1","ico":"35757442","obec":"Bratislava - Devínska Nová Ves","stav":"Akcia je ukončená v procese EIA","urad":"Mestská časť Bratislava - Devínska Nová Ves","skupina":"","zhluk":"j jonasa 1","presnost":"približná","zmena":"2013-01-14","faza":"posúdené","dok":4,"plany":[{"p":"príloha 1","u":"https://www.enviroportal.sk/eia/dokument/151567","v":465445,"t":"PDF"}],"typ":"Technická infraštruktúra"}},{"type":"Feature","geometry":{"type":"Point","coordinates":[17.177617,48.148653]},"properties":{"id":"intenzifikacia-vyrobnej-jednotky-polypropylen-3-","nazov":"Intenzifikácia výrobnej jednotky Polypropylén 3","firma":"SLOVNAFT, a.s., Vlčie hrdlo 1","ico":"31322832","obec":"Bratislava - Ružinov","stav":"Akcia je ukončená v procese EIA","urad":"Slovenská inšpekcia životného prostredia, Inšpektorát životného prostredia Bratislava, Odb","skupina":"","zhluk":"vlcie hrdlo 1","presnost":"približná","zmena":"2019-01-18","faza":"posúdené","dok":4,"typ":"Výroba a sklady"}},{"type":"Feature","geometry":{"type":"Point","coordinates":[17.174252,48.144524]},"properties":{"id":"intenzifikacia-vyrobnej-jednotky-polypropylen-3","nazov":"Intenzifikácia výrobnej jednotky Polypropylén 3","firma":"SLOVNAFT, a. s.","ico":"31322832","obec":"Bratislava - Ružinov","stav":"Akcia je ukončená v procese EIA","urad":"Slovenská inšpekcia životného prostredia, Inšpektorát životného prostredia Bratislava, Odb","skupina":"","zhluk":"vlcie hrdlo 1","presnost":"približná","zmena":"2023-01-09","faza":"posúdené","dok":6,"typ":"Výroba a sklady"}},{"type":"Feature","geometry":{"type":"Point","coordinates":[17.108868,48.199634]},"properties":{"id":"intenzifikacia-vyroby-sulfenaxov","nazov":"Intenzifikácia výroby Sulfenaxov","firma":"Duslo, a.s., Administratívna budova, ev. č. 1236","ico":"35826487","obec":"Bratislava - Nové Mesto","stav":"Akcia je ukončená v procese EIA","urad":"Slovenská inšpekcia životného prostredia, Inšpektorát životného prostredia Bratislava, Jes","skupina":"","zhluk":"","presnost":"približná","zmena":"2016-01-20","faza":"posúdené","dok":3,"typ":"Výroba a sklady"}},{"type":"Feature","geometry":{"type":"Point","coordinates":[17.172953,48.144602]},"properties":{"id":"interierove-centrum-byvania","nazov":"Interiérové centrum bývania","firma":"Arch. Design Slovakia, s.r.o., Tomášikova 64","ico":"35830883","obec":"Bratislava - Ružinov","stav":"Akcia je ukončená v procese EIA","urad":"MČ Bratislava - Ružinov, OÚŽP v BA, odbor ŠVS","skupina":"","zhluk":"tomasikova 64","presnost":"približná","zmena":"2011-12-20","faza":"posúdené","dok":8,"plany":[{"p":"Výpis z katastra nehnuteľnosti","u":"https://www.enviroportal.sk/eia/dokument/129081","v":757962,"t":"PDF"},{"p":"C_prílohy","u":"https://www.enviroportal.sk/eia/dokument/129080","v":8481597,"t":"PDF"}],"typ":"Obchod a služby"}},{"type":"Feature","geometry":{"type":"Point","coordinates":[17.217162,48.15333]},"properties":{"id":"internal-sludge-processing-homogenizacia-kalu-na-bloku-92-transport-ex","nazov":"Internal Sludge Processing (Homogenizácia kalu na bloku 92 a transport existujúcim potrubím na MCHB ČOV)","firma":"SLOVNAFT, a.s, Vlčie hrdlo 1","ico":"31322832","obec":"Bratislava - Vrakuňa","stav":"Akcia je ukončená v procese EIA","urad":"SIŽP Bratislava","skupina":"","zhluk":"vlcie hrdlo 1","presnost":"približná","zmena":"2022-05-12","faza":"posúdené","dok":4,"typ":"Výroba a sklady"}},{"type":"Feature","geometry":{"type":"Point","coordinates":[17.093787,48.119746]},"properties":{"id":"juzne-mesto-zona-a3-a5-viacpodlazna-bytova-vystavba","nazov":"JUŽNÉ MESTO - ZÓNA A3+A5 Viacpodlažná bytová výstavba","firma":"South City W, s.r.o.","ico":"51914603","obec":"Bratislava - Petržalka","stav":"Oznámenie o zmene","urad":"Mestská časť Bratislava - Petržalka, Kutlíkova 17, 852 12 Bratislava","skupina":"","zhluk":"","presnost":"približná","zmena":"2025-09-08","faza":"zámer","dok":17,"plany":[{"p":"Príloha VI.3 Dokumentácia k zmene navrhovanej činnosti.zip","u":"https://www.enviroportal.sk/eia/dokument/390181","v":78165702,"t":"ZIP"},{"p":"Príloha VI.2 Mapy širších vzťahov.zip","u":"https://www.enviroportal.sk/eia/dokument/390180","v":15063430,"t":"ZIP"},{"p":"Príloha VI.1 Informácia o posudzovaní NČ.zip","u":"https://www.enviroportal.sk/eia/dokument/390179","v":1231035,"t":"ZIP"},{"p":"Príloha VI.4 Výpis z katastra nehnuteľností.zip","u":"https://www.enviroportal.sk/eia/dokument/390182","v":98153,"t":"ZIP"}],"typ":"Doprava"}},{"type":"Feature","geometry":{"type":"Point","coordinates":[17.086476,48.122168]},"properties":{"id":"juzne-mesto-zona-a3-a5","nazov":"Južné mesto – Zóna A3+A5","firma":"South City Retail Park A1, s.r.o., Poštová 3","ico":"47239859","obec":"Bratislava - Petržalka","stav":"Akcia je ukončená v procese EIA","urad":"Mestská časť Bratislava – Petržalka, Kutlíkova 17, 852 12 Bratislava","skupina":"Cresco Real Estate","zhluk":"postova 3","presnost":"približná","zmena":"2019-09-04","faza":"posúdené","dok":7,"typ":"Bývanie"}},{"type":"Feature","geometry":{"type":"Point","coordinates":[17.086393,48.121992]},"properties":{"id":"juzne-mesto-zona-ab1-ab4-bratislava-petrzalka","nazov":"Južné mesto – Zóna AB1 – AB4, Bratislava – Petržalka","firma":"South City E, s.r.o., Poštová 3","ico":"51914344","obec":"Bratislava - Petržalka","stav":"Rozhodnutie o zmene navrhovanej činnosti- neposudzovať","urad":"Mestská časť Bratislava – Petržalka, Kutlíkova 17, 852 12 Bratislava Okresný úrad Bratisla","skupina":"Cresco Real Estate","zhluk":"postova 3","presnost":"približná","zmena":"2019-04-29","faza":"zámer","dok":4,"typ":"Bývanie"}},{"type":"Feature","geometry":{"type":"Point","coordinates":[17.094163,48.121502]},"properties":{"id":"juzne-mesto-zona-ab1-bratislava-petrzalka","nazov":"Južné mesto - zóna AB1, Bratislava - Petržalka","firma":"South City E, s.r.o.","ico":"51914344","obec":"Bratislava - Petržalka","stav":"Oznámenie o zmene","urad":"Mestská časť Bratislava – Petržalka, Kutlíkova 17, 852 12 Bratislava Okresný úrad Bratisla","skupina":"Cresco Real Estate","zhluk":"postova 3","presnost":"približná","zmena":"2026-02-09","faza":"zámer","dok":18,"plany":[{"p":"2025_3_27_DUR_JM AB1_B.3 Výkresy.pdf","u":"https://www.enviroportal.sk/eia/dokument/394897","v":54298316,"t":"PDF"},{"p":"02_JM_AB1-AB4_DUR_SITUACIA-SIRSIE VZTAHY_M1000_2018.pdf","u":"https://www.enviroportal.sk/eia/dokument/394898","v":3058658,"t":"PDF"},{"p":"Príloha VI.2.3 Situácia - Povinné hodnotenie 2006.pdf","u":"https://www.enviroportal.sk/eia/dokument/394899","v":1495861,"t":"PDF"}],"typ":"Výroba a sklady"}},{"type":"Feature","geometry":{"type":"Point","coordinates":[17.092275,48.118512]},"properties":{"id":"juzne-mesto-zona-b3-b4-ab2-bratislava-petrzalka-","nazov":"Južné mesto / Zóna B3-B4-AB2 – Bratislava – Petržalka","firma":"Eltraco, s.r.o., Poštová 3","ico":"50098721","obec":"Bratislava - Petržalka","stav":"Rozhodnutie o zmene navrhovanej činnosti- neposudzovať","urad":"Mestská časť Bratislava – Petržalka, Kutlíkova 17, 852 12 Bratislava","skupina":"Cresco Real Estate","zhluk":"postova 3","presnost":"približná","zmena":"2019-05-07","faza":"zámer","dok":5,"plany":[{"p":"Prilohy.zip","u":"https://www.enviroportal.sk/eia/dokument/273466","v":68777663,"t":"ZIP"}],"typ":"Bývanie"}},{"type":"Feature","geometry":{"type":"Point","coordinates":[17.092791,48.123366]},"properties":{"id":"juzne-mesto-zona-c0-i-etapa","nazov":"Južné mesto, Zóna C0 – I. etapa","firma":"Delta Construction, s.r.o., Poštová 3","ico":"45304491","obec":"Bratislava - Petržalka","stav":"Akcia je ukončená v procese EIA","urad":"Mestská časť Bratislava – Petržalka","skupina":"Cresco Real Estate","zhluk":"postova 3","presnost":"približná","zmena":"2015-09-21","faza":"posúdené","dok":4,"typ":"Bývanie"}},{"type":"Feature","geometry":{"type":"Point","coordinates":[17.086684,48.119652]},"properties":{"id":"juzne-mesto-zona-c2-i-etapa-bratislava","nazov":"Južné mesto, Zóna C2 – I. etapa, Bratislava","firma":"Južné mesto IS s.r.o, Poštová 3","ico":"46732489","obec":"Bratislava - Petržalka","stav":"Akcia je ukončená v procese EIA","urad":"MČ Bratislava Petržalka","skupina":"Cresco Real Estate","zhluk":"postova 3","presnost":"približná","zmena":"2013-03-06","faza":"posúdené","dok":3,"plany":[{"p":"prilohy","u":"https://www.enviroportal.sk/eia/dokument/161527","v":15191354,"t":"ZIP"}],"typ":"Bývanie"}},{"type":"Feature","geometry":{"type":"Point","coordinates":[17.086209,48.121237]},"properties":{"id":"juzne-mesto-zona-c2-ii-etapa-bratislava","nazov":"Južné mesto, Zóna C2 – II. Etapa, Bratislava","firma":"JUŽNÉ MESTO IS, s.r.o., Poštová 3","ico":"46732489","obec":"Bratislava - Petržalka","stav":"Akcia je ukončená v procese EIA","urad":"MČ Bratislava Petržalka","skupina":"Cresco Real Estate","zhluk":"postova 3","presnost":"približná","zmena":"2013-11-08","faza":"posúdené","dok":4,"plany":[{"p":"prílohy","u":"https://www.enviroportal.sk/eia/dokument/187508","v":32343958,"t":"ZIP"}],"typ":"Bývanie"}},{"type":"Feature","geometry":{"type":"Point","coordinates":[17.091132,48.123996]},"properties":{"id":"juzne-mesto-zona-c3-","nazov":"Južné Mesto Zóna C3","firma":"Delta Construction Plus, s. r. o., Poštová 3","ico":"50098721","obec":"Bratislava - Petržalka","stav":"Akcia je ukončená v procese EIA","urad":"MČ Bratislava – Petržalka, miestny úrad, Kutlíkova 17, 852 12 Bratislava","skupina":"Cresco Real Estate","zhluk":"postova 3","presnost":"približná","zmena":"2016-02-01","faza":"posúdené","dok":4,"typ":"Bývanie"}},{"type":"Feature","geometry":{"type":"Point","coordinates":[17.088701,48.123859]},"properties":{"id":"juzne-mesto-zona-c4-","nazov":"Južné mesto, Zóna C4","firma":"Delta Construction Plus, s.r.o., Poštová 3","ico":"50098721","obec":"Bratislava - Petržalka","stav":"Akcia je ukončená v procese EIA","urad":"Mestská časť Bratislava – Petržalka, Kutlíkova 17, 852 12 Bratislava","skupina":"Cresco Real Estate","zhluk":"postova 3","presnost":"približná","zmena":"2017-08-31","faza":"posúdené","dok":4,"typ":"Bývanie"}},{"type":"Feature","geometry":{"type":"Point","coordinates":[17.088701,48.123859]},"properties":{"id":"kampus-zdravia-sportu-bratislava-petrzalka","nazov":"Kampus zdravia a športu, Bratislava - Petržalka","firma":"Bratislavský samosprávny kraj, Sabinovská 16","ico":"36063606","obec":"Bratislava - Petržalka","stav":"Rozhodnutie zo zisťovacieho konania","urad":"Stavebný úrad Mestskej časti Bratislava – Petržalka Okresný úrad Bratislava, Odbor starost","skupina":"","zhluk":"","presnost":"približná","zmena":"2024-08-09","faza":"posúdené","dok":13,"plany":[{"p":"zamer_kampus_at26_final_s_prilohami.pdf","u":"https://www.enviroportal.sk/eia/dokument/365721","v":29422989,"t":"PDF"}],"typ":"Vybavenosť"}},{"type":"Feature","geometry":{"type":"Point","coordinates":[17.053073,48.15979]},"properties":{"id":"karolia-obytny-subor-ul-hany-melickovej-bratislava-karlova-ves","nazov":"Karolia - obytný súbor, ul. Hany Meličkovej, Bratislava - Karlova Ves","firma":"KAROLIA, a. s., Einsteinova 9","ico":"46119523","obec":"Bratislava - Karlova Ves","stav":"Akcia je ukončená v procese EIA","urad":"Mestská časť Bratislava – Karlova Ves Okresný úrad Bratislava","skupina":"","zhluk":"einsteinova 9","presnost":"približná","zmena":"2019-01-29","faza":"posúdené","dok":10,"typ":"Bývanie"}},{"type":"Feature","geometry":{"type":"Point","coordinates":[17.029366,48.181443]},"properties":{"id":"kogeneracny-zdroj-bratislava-west","nazov":"Kogeneračný zdroj Bratislava West","firma":"Rozvojová spoločnosť, a.s., Záhradnícka 72","ico":"35917946","obec":"Bratislava - Dúbravka","stav":"Akcia je ukončená v procese EIA","urad":"MČ Bratislava- Dúbravka","skupina":"","zhluk":"","presnost":"približná","zmena":"2013-05-10","faza":"posúdené","dok":3,"typ":"Výroba a sklady"}},{"type":"Feature","geometry":{"type":"Point","coordinates":[17.209907,48.152181]},"properties":{"id":"komercny-park-letisko-bratislava-","nazov":"Komerčný park Letisko Bratislava","firma":"Stronci Invest SK s.r.o., Hodžovo námestie 2A","ico":"52947513","obec":"Bratislava - Vrakuňa","stav":"Zámer","urad":"MČ Bratislava-Vrakuňa (konanie podľa stavebného zákona) a Okresný úrad Bratislava (vodná s","skupina":"","zhluk":"","presnost":"približná","zmena":"2026-08-05","faza":"zámer","dok":16,"plany":[{"p":"Priloha c. 1 - 1_50 000.pdf","u":"https://www.enviroportal.sk/eia/dokument/398771","v":251302,"t":"PDF"},{"p":"Priloha c. 2 - Ortofotomapa.pdf","u":"https://www.enviroportal.sk/eia/dokument/398772","v":6373960,"t":"PDF"},{"p":"Priloha c. 3 - Koordinacna situacia.pdf","u":"https://www.enviroportal.sk/eia/dokument/398773","v":2720435,"t":"PDF"},{"p":"Priloha c. 5 - Rezy a pohlady.pdf","u":"https://www.enviroportal.sk/eia/dokument/398775","v":1211124,"t":"PDF"},{"p":"Priloha c. 4 - Situacia na podklade katastralnej mapy.pdf","u":"https://www.enviroportal.sk/eia/dokument/398774","v":943683,"t":"PDF"}],"typ":"Administratíva"}},{"type":"Feature","geometry":{"type":"Point","coordinates":[17.034774,48.193173]},"properties":{"id":"komplex-byvania-obcianskej-vybavenosti-saratovska-ulica-bratislava","nazov":"KOMPLEX BÝVANIA A OBČIANSKEJ VYBAVENOSTI, Saratovská ulica, Bratislava","firma":"ENNEL, s.r.o., Seberíniho 9","ico":"44728930","obec":"Bratislava - Dúbravka","stav":"Akcia je ukončená v procese EIA","urad":"MČ- Dúbravka, stavebný úrad, OÚBA- odbor starostlivosti o ŽP, oddelenie ochrany prírody a ","skupina":"","zhluk":"","presnost":"presná","zmena":"2023-06-13","faza":"posúdené","dok":12,"typ":"Polyfunkcia"}},{"type":"Feature","geometry":{"type":"Point","coordinates":[17.023905,48.167672]},"properties":{"id":"komplexna-rekonstrukcia-mostneho-objektu-v-zkm-37-910-trate-st-hr-marc","nazov":"Komplexná rekonštrukcia mostného objektu v žkm 37,910 trate št. hr. (Marchegg) – Devínska Nová Ves, TÚ 2805, DÚ 02, št.hr. OBB Devínska Nová Ves","firma":"Železnice Slovenskej republiky, Klemensova 8","ico":"31364501","obec":"Bratislava - Devínska Nová Ves","stav":"Akcia je ukončená v procese EIA","urad":"Stavebný úrad MČ Bratislava – Devínska Nová Ves","skupina":"","zhluk":"","presnost":"približná","zmena":"2022-02-10","faza":"posúdené","dok":6,"typ":"Doprava"}},{"type":"Feature","geometry":{"type":"Point","coordinates":[17.093376,48.119251]},"properties":{"id":"komunitny-plan-socialnych-sluzieb-mestskej-casti-bratislava-petrzalka-","nazov":"Komunitný plán sociálnych služieb mestskej časti Bratislava-Petržalka na roky 2025-2030","firma":"Mestská časť Bratislava - Petržalka","ico":"00603201","obec":"Bratislava - Petržalka","stav":"Akcia je ukončená v procese SEA","urad":"","skupina":"","zhluk":"","presnost":"približná","zmena":"2025-08-25","faza":"posúdené","dok":4,"typ":"Plány a koncepcie"}},{"type":"Feature","geometry":{"type":"Point","coordinates":[17.096556,48.21569]},"properties":{"id":"kongresovo-administrativne-centrum-pribinova-ulica-bratislava-","nazov":"Kongresovo-administratívne centrum Pribinova ulica, Bratislava","firma":"FORESPO REALITY 9 a.s., Karloveská 34","ico":"50017594","obec":"Bratislava - Staré Mesto","stav":"Akcia je ukončená v procese EIA","urad":"Mestská časť Bratislava – Staré Mesto, Vajanského nábrežie 3, 811 02 Bratislava Okresný úr","skupina":"Forespo / 365.invest","zhluk":"karloveska 34","presnost":"presná","zmena":"2021-02-25","faza":"posúdené","dok":10,"plany":[{"p":"príloha.zip","u":"https://www.enviroportal.sk/eia/dokument/292969","v":7398796,"t":"ZIP"},{"p":"prílohy.zip","u":"https://www.enviroportal.sk/eia/dokument/308810","v":146197873,"t":"ZIP"}],"typ":"Administratíva"}},{"type":"Feature","geometry":{"type":"Point","coordinates":[17.08626,48.12158]},"properties":{"id":"kopcianska-juh-polyfunkcna-zona-bratislava","nazov":"Kopčianska JUH, Polyfunkčná zóna, Bratislava","firma":"Fundus Project, s.r.o., Mlynské nivy 49","ico":"48179957","obec":"Bratislava - Petržalka","stav":"Akcia je ukončená v procese EIA","urad":"Mestská časť Bratislava – Petržalka; Okresný úrad Bratislava, Odbor starostlivosti o život","skupina":"Lucron / Vydrica Development","zhluk":"legionarska 10","presnost":"približná","zmena":"2018-10-24","faza":"posúdené","dok":7,"plany":[{"p":"Kopcianska_JUH_text_zameru_a_prilohy","u":"https://www.enviroportal.sk/eia/dokument/268917","v":56096918,"t":"ZIP"}],"typ":"Polyfunkcia"}},{"type":"Feature","geometry":{"type":"Point","coordinates":[17.063045,48.232054]},"properties":{"id":"kovohuty-sk-s-r-o-nakladanie-s-nebezpecnym-odpadom-opotrebovane-bateri","nazov":"KOVOHUTY SK, s.r.o. - nakladanie s nebezpečným odpadom, opotrebované batérie a akumulátory","firma":"KOVOHUTY SK, s.r.o.","ico":"44015747","obec":"Bratislava - Záhorská Bystrica","stav":"Akcia je ukončená v procese EIA","urad":"Okresný úrad Bratislava, odbor starostlivosti o životné prostredie, oddelenie ochrany prír","skupina":"","zhluk":"","presnost":"približná","zmena":"2017-06-30","faza":"posúdené","dok":26,"plany":[{"p":"kat.mapa 2.jpg","u":"https://www.enviroportal.sk/eia/dokument/237605","v":341824,"t":"JPG"},{"p":"kat.mapa.jpg","u":"https://www.enviroportal.sk/eia/dokument/237606","v":485087,"t":"JPG"},{"p":"PRÍLOHY k zámeru 2015.pdf","u":"https://www.enviroportal.sk/eia/dokument/237617","v":78261,"t":"PDF"},{"p":"Legenda pôdorysu Kovohuty SK.jpg","u":"https://www.enviroportal.sk/eia/dokument/237609","v":2135801,"t":"JPG"},{"p":"Pôdorys objektu Kovohuty SK.jpg","u":"https://www.enviroportal.sk/eia/dokument/237616","v":1878009,"t":"JPG"}],"typ":"Výroba a sklady"}},{"type":"Feature","geometry":{"type":"Point","coordinates":[17.176282,48.124782]},"properties":{"id":"kr-zeleznicneho-mosta-v-km-7-892-trate-bratislava-nove-mesto-dunajska-","nazov":"KR železničného mosta v km 7,892 trate Bratislava Nové Mesto- Dunajská Streda (Zelený most)","firma":"Železnice Slovenskej republiky, Klemensova 8,","ico":"31364501","obec":"Bratislava - Vrakuňa","stav":"Akcia je ukončená v procese EIA","urad":"OU BA, MDV SR, MUMČ BA-Vrakuňa","skupina":"","zhluk":"","presnost":"presná","zmena":"2018-01-25","ulica":"Dunajská","faza":"posúdené","dok":9,"plany":[{"p":"1602_EIA_Priloha 1a.pdf","u":"https://www.enviroportal.sk/eia/dokument/264752","v":673929,"t":"PDF"},{"p":"1602_EIA_Priloha 3.pdf","u":"https://www.enviroportal.sk/eia/dokument/264755","v":852484,"t":"PDF"},{"p":"1602_EIA_Priloha 1b.pdf","u":"https://www.enviroportal.sk/eia/dokument/264753","v":244884,"t":"PDF"},{"p":"1602_EIA_Priloha 2.pdf","u":"https://www.enviroportal.sk/eia/dokument/264754","v":1283954,"t":"PDF"}],"typ":"Zeleň a verejný priestor"}},{"type":"Feature","geometry":{"type":"Point","coordinates":[17.054171,48.160978]},"properties":{"id":"krd-area-project_komercne-duby-","nazov":"KRD AREA PROJECT_komerčne „DUBY“","firma":"RED_DUBY s.r.o., Legionárska 10","ico":"35952814","obec":"Bratislava - Karlova Ves","stav":"Záverečné stanovisko","urad":"Mestská časť Bratislava - Dúbravka, Žatevná 2, 841 02 Bratislava Mestská časť Bratislava –","skupina":"Lucron / Vydrica Development","zhluk":"legionarska 10","presnost":"približná","zmena":"2020-05-11","faza":"posúdené","dok":6,"typ":"Polyfunkcia"}},{"type":"Feature","geometry":{"type":"Point","coordinates":[17.16898,48.128204]},"properties":{"id":"krizovatka-vlcie-hrdlo-na-rychlostnej-ceste-r7","nazov":"Križovatka „Vlčie Hrdlo“ na rýchlostnej ceste R7","firma":"WIN-PORT Invest, s.r.o., Panenská 6","ico":"51448001","obec":"Bratislava - Ružinov","stav":"Iný dôvod ukončenia posudzovania","urad":"","skupina":"","zhluk":"panenska 6","presnost":"presná","zmena":"2024-11-26","ulica":"Vlčie hrdlo","faza":"dokončené","doklad":"Oznámenie o začatí kolaudačného konania","dok":8,"plany":[{"p":"Výkresy.zip","u":"https://www.enviroportal.sk/eia/dokument/368090","v":8911785,"t":"ZIP"}],"typ":"Zeleň a verejný priestor"}},{"type":"Feature","geometry":{"type":"Point","coordinates":[17.216792,48.155214]},"properties":{"id":"kruhovy-objazd-pre-smere-na-vrakunu","nazov":"Kruhový objazd pre smere na Vrakuňu","firma":"GENERÁLNY INVESTOR BRATISLAVY, Záporožská 5","ico":"00698393","obec":"Bratislava - Vrakuňa","stav":"Akcia je ukončená v procese EIA","urad":"MČ BA - JAROVCE, OÚ BA OSŽP","skupina":"","zhluk":"","presnost":"približná","zmena":"2019-01-15","faza":"posúdené","dok":5,"typ":"Doprava"}},{"type":"Feature","geometry":{"type":"Point","coordinates":[17.102293,48.199612]},"properties":{"id":"lakeside-park-03-","nazov":"LAKESIDE PARK 03","firma":"Lakeside 3, s. r. o., Tomášikova 46","ico":"50343564","obec":"Bratislava - Nové Mesto","stav":"Akcia je ukončená v procese EIA","urad":"Mestská časť Bratislava – Nové Mesto, Junácka 1, 832 91 Bratislava Okresný úrad Bratislava","skupina":"","zhluk":"tomasikova 46","presnost":"približná","zmena":"2023-01-30","faza":"posúdené","dok":9,"plany":[{"p":"príloha.zip","u":"https://www.enviroportal.sk/eia/dokument/332494","v":25675857,"t":"ZIP"},{"p":"príloha.zip","u":"https://www.enviroportal.sk/eia/dokument/343761","v":179331482,"t":"ZIP"}],"typ":"Zeleň a verejný priestor"}},{"type":"Feature","geometry":{"type":"Point","coordinates":[17.101827,48.198928]},"properties":{"id":"lakeside-park-bratislava-phase-ii-","nazov":"Lakeside Park Bratislava – Phase II","firma":"TriGranit Centrum, a. s., Tomášikova 64","ico":"35889063","obec":"Bratislava - Nové Mesto","stav":"Akcia je ukončená v procese EIA","urad":"MČ Bratislava N. Mesto","skupina":"","zhluk":"tomasikova 64","presnost":"približná","zmena":"2015-02-19","faza":"posúdené","dok":3,"typ":"Zeleň a verejný priestor"}},{"type":"Feature","geometry":{"type":"Point","coordinates":[17.134433,48.220629]},"properties":{"id":"lbg-arena","nazov":"LBG aréna","firma":"LBG aréna, s.r.o., Pribinova 25","ico":"46674357","obec":"Bratislava - Rača","stav":"Akcia je ukončená v procese EIA","urad":"Mestská časť Bratislava-Rača, Kubačova 21, 831 06 Bratislava Okresný úrad Bratislava, odbo","skupina":"","zhluk":"","presnost":"približná","zmena":"2015-06-17","faza":"posúdené","dok":6,"typ":"Vybavenosť"}},{"type":"Feature","geometry":{"type":"Point","coordinates":[17.176477,48.145209]},"properties":{"id":"ldpe4-nova-vyrobna-polyetylenu-spc-bratislava","nazov":"LDPE4 - nová výrobňa polyetylénu, SPC, Bratislava","firma":"Slovnaft Petrochemicals, s.r.o., Vlčie hrdlo 4846","ico":"35953039","obec":"Bratislava - Ružinov","stav":"Akcia je ukončená v procese EIA","urad":"SIŽP Bratislava","skupina":"","zhluk":"","presnost":"približná","zmena":"2011-11-02","faza":"posúdené","dok":3,"typ":"Výroba a sklady"}},{"type":"Feature","geometry":{"type":"Point","coordinates":[17.169939,48.147832]},"properties":{"id":"letisko-bratislava-parkovisko-pri-brane-10","nazov":"Letisko Bratislava - parkovisko pri bráne 10","firma":"Letisko M. R. Štefánika - Airport Bratislava, a.s. (BTS)","ico":"35884916","obec":"Bratislava - Ružinov","stav":"Akcia je ukončená v procese EIA","urad":"OÚ BA OSŽP, MČ BA - Ružinov","skupina":"","zhluk":"","presnost":"približná","zmena":"2019-01-09","faza":"posúdené","dok":13,"plany":[{"p":"B2_mapa_ortofotmapa.pdf","u":"https://www.enviroportal.sk/eia/dokument/277535","v":1989553,"t":"PDF"},{"p":"B1_mapa_širšie_vzťahy.pdf","u":"https://www.enviroportal.sk/eia/dokument/277534","v":4137718,"t":"PDF"},{"p":"B3a_koordinačná situácia_variant1.pdf","u":"https://www.enviroportal.sk/eia/dokument/277536","v":2356275,"t":"PDF"},{"p":"B3b_koordinačná situácia_variant2.pdf","u":"https://www.enviroportal.sk/eia/dokument/277537","v":2366547,"t":"PDF"}],"typ":"Zeleň a verejný priestor"}},{"type":"Feature","geometry":{"type":"Point","coordinates":[17.177811,48.14683]},"properties":{"id":"letisko-m-r-stefanika-parkovisko-pre-dlhodobe-stanie","nazov":"Letisko M.R.Štefánika - parkovisko pre dlhodobé stánie","firma":"Letisko M.R.Štefánika, Airport Bratislava, a.s.","ico":"35884916","obec":"Bratislava - Ružinov","stav":"Akcia je ukončená v procese EIA","urad":"MČ Ba- Ružinov","skupina":"","zhluk":"","presnost":"približná","zmena":"2013-05-22","faza":"posúdené","dok":5,"plany":[{"p":"prilohy.pdf","u":"https://www.enviroportal.sk/eia/dokument/33901","v":32572149,"t":"PDF"}],"typ":"Doprava"}},{"type":"Feature","geometry":{"type":"Point","coordinates":[17.16898,48.128204]},"properties":{"id":"likvidacia-mazutoveho-hospodarstva-rozvodov-mazutu-vo-vyhrevni-juh","nazov":"Likvidácia mazutového hospodárstva a rozvodov mazutu vo Výhrevni juh","firma":"MH Teplárenský holding, a.s., Turbínová 3","ico":"36211541","obec":"Bratislava - Ružinov","stav":"Akcia je ukončená v procese EIA","urad":"Inšpekcia životného prostredia Slovenskej republiky","skupina":"","zhluk":"","presnost":"presná","zmena":"2024-11-27","ulica":"Vlčie hrdlo","faza":"posúdené","dok":9,"plany":[{"p":"Príloha 2 - Orientačné vyznačenie predmetov likvidácie.pdf","u":"https://www.enviroportal.sk/eia/dokument/376489","v":632084,"t":"PDF"},{"p":"Príloha 1 - Širšie vzťahy.pdf","u":"https://www.enviroportal.sk/eia/dokument/376488","v":199680,"t":"PDF"}],"typ":"Výroba a sklady"}},{"type":"Feature","geometry":{"type":"Point","coordinates":[17.019531,48.17254]},"properties":{"id":"linka-na-povrchovu-predupravu-hlinikovych-casti-karoserii-bratislava","nazov":"Linka na povrchovú predúpravu hliníkových častí karosérií, Bratislava","firma":"VOLKSWAGEN SLOVAKIA, a.s., J. Jonáša 1","ico":"35757442","obec":"Bratislava - Devínska Nová Ves","stav":"Akcia je ukončená v procese EIA","urad":"SIŽP Bratislava","skupina":"","zhluk":"j jonasa 1","presnost":"približná","zmena":"2013-06-10","faza":"posúdené","dok":4,"plany":[{"p":"prilohy","u":"https://www.enviroportal.sk/eia/dokument/154227","v":1596187,"t":"PDF"}],"typ":"Výroba a sklady"}},{"type":"Feature","geometry":{"type":"Point","coordinates":[17.215504,48.151392]},"properties":{"id":"logisticke-centrum-4-kvadrant-bratislava","nazov":"Logistické centrum 4. kvadrant, Bratislava","firma":"Stronci Invest SK s.r.o., Hodžovo námestie 2A","ico":"52947513","obec":"Bratislava - Vrakuňa","stav":"Akcia je ukončená v procese EIA","urad":"MČ BA - Vakuňa, OUBA","skupina":"","zhluk":"","presnost":"približná","zmena":"2024-09-23","faza":"posúdené","dok":30,"plany":[{"p":"P3_4QBA_003_situacia-var1_230123_plochy.pdf","u":"https://www.enviroportal.sk/eia/dokument/366666","v":1485674,"t":"PDF"},{"p":"P4_4QBA_003_situacia-var2_plochy final.pdf","u":"https://www.enviroportal.sk/eia/dokument/366667","v":1460830,"t":"PDF"},{"p":"P1_2 - Mapa 1_50000 a Priloha  2 - Ortofotomapa.pdf","u":"https://www.enviroportal.sk/eia/dokument/366665","v":1178263,"t":"PDF"},{"p":"D.I. - Príloha č. 6. Situácia plôch.pdf","u":"https://www.enviroportal.sk/eia/dokument/373663","v":1558614,"t":"PDF"},{"p":"D.I. - Príloha č. 4. Súhrnná technická správa.pdf","u":"https://www.enviroportal.sk/eia/dokument/373659","v":1147285,"t":"PDF"}],"typ":"Administratíva"}},{"type":"Feature","geometry":{"type":"Point","coordinates":[17.209293,48.153303]},"properties":{"id":"logisticke-centrum-4-kvadrant","nazov":"LOGISTICKÉ CENTRUM 4. KVADRANT","firma":"Stronci Invest SK s.r.o.","ico":"52947513","obec":"Bratislava - Vrakuňa","stav":"Iný dôvod ukončenia posudzovania","urad":"Stavebný úrad MČ Bratislava - Vrakuňa, Okresný úrad Bratislava","skupina":"","zhluk":"","presnost":"približná","zmena":"2022-10-24","faza":"zámer","dok":5,"typ":"Administratíva"}},{"type":"Feature","geometry":{"type":"Point","coordinates":[17.130766,48.225508]},"properties":{"id":"logisticke-centrum-bratislava-raca","nazov":"Logistické centrum Bratislava - Rača","firma":"UNISON, s.r.o., Laurinská 18","ico":"31329381","obec":"Bratislava - Rača","stav":"Akcia je ukončená v procese EIA","urad":"MČ Bratislava- Rača","skupina":"","zhluk":"laurinska 18","presnost":"približná","zmena":"2013-02-13","faza":"posúdené","dok":14,"plany":[{"p":"Situácia logistického centra","u":"https://www.enviroportal.sk/eia/dokument/21999","v":287511,"t":"JPG"},{"p":"Mapa dotknut. územia","u":"https://www.enviroportal.sk/eia/dokument/21998","v":245993,"t":"JPG"},{"p":"Mapa zaujm uzemia širš. vzťahov","u":"https://www.enviroportal.sk/eia/dokument/22002","v":312016,"t":"JPG"},{"p":"Hydrogeologická mapa","u":"https://www.enviroportal.sk/eia/dokument/22003","v":360093,"t":"JPG"},{"p":"Vodohospodárska mapa","u":"https://www.enviroportal.sk/eia/dokument/22004","v":293022,"t":"JPG"}],"typ":"Výroba a sklady"}},{"type":"Feature","geometry":{"type":"Point","coordinates":[17.177401,48.148987]},"properties":{"id":"logisticke-centrum-letisko-m-r-stefanika-bratislava","nazov":"Logistické centrum Letisko M. R. Štefánika Bratislava","firma":"PointPark Properties SK, s.r.o., Poštová 3","ico":"36856720","obec":"Bratislava - Ružinov","stav":"Akcia je ukončená v procese EIA","urad":"Mestská časť Bratislava - Ružinov, OÚŽP v BA, odbor ŠVS","skupina":"Cresco Real Estate","zhluk":"postova 3","presnost":"približná","zmena":"2012-11-12","faza":"posúdené","dok":23,"plany":[{"p":"odborne posudky_doprava_sirsie vztahy","u":"https://www.enviroportal.sk/eia/dokument/147445","v":1075738,"t":"PDF"},{"p":"odborne posudky_doprava_situacia","u":"https://www.enviroportal.sk/eia/dokument/147506","v":382135,"t":"PDF"},{"p":"graficke prilohy_fotodokumentacia","u":"https://www.enviroportal.sk/eia/dokument/147511","v":1301451,"t":"PDF"},{"p":"graficke prilohy_prehladna situacia","u":"https://www.enviroportal.sk/eia/dokument/147492","v":6966882,"t":"PDF"},{"p":"graficke prilohy_situovanie arealu","u":"https://www.enviroportal.sk/eia/dokument/147493","v":934820,"t":"PDF"}],"typ":"Výroba a sklady"}},{"type":"Feature","geometry":{"type":"Point","coordinates":[17.212307,48.105236]},"properties":{"id":"logisticke-centrum-podunajske-biskupice-bratislava","nazov":"Logistické centrum Podunajské Biskupice - Bratislava","firma":"FORESPO REALITY 22 a.s., Karloveská 34","ico":"54118140","obec":"Bratislava - Podunajské Biskupice","stav":"Rozhodnutie zo zisťovacieho konania","urad":"MČ BA-Podunajské Biskupice - stavebný úrad OÚ BA OSZP","skupina":"Forespo / 365.invest","zhluk":"karloveska 34","presnost":"približná","zmena":"2025-07-28","faza":"posúdené","dok":9,"plany":[{"p":"Prílohy_zámeru.pdf","u":"https://www.enviroportal.sk/eia/dokument/380077","v":201832248,"t":"PDF"}],"typ":"Administratíva"}},{"type":"Feature","geometry":{"type":"Point","coordinates":[17.022774,48.167465]},"properties":{"id":"logisticke-centrum-pre-montaznu-halu-h3a","nazov":"Logistické centrum pre montážnu halu H3a","firma":"Volkswagen Slovakia, a.s., Jána Jonáša 1","ico":"35757442","obec":"Bratislava - Devínska Nová Ves","stav":"Akcia je ukončená v procese EIA","urad":"1. Mestská časť Bratislava Devínska Nová Ves, 2. Okresný úrad Bratislava, odbor starostliv","skupina":"","zhluk":"j jonasa 1","presnost":"približná","zmena":"2016-08-26","faza":"posúdené","dok":10,"typ":"Výroba a sklady"}},{"type":"Feature","geometry":{"type":"Point","coordinates":[17.17351,48.150498]},"properties":{"id":"logisticko-priemyselny-park-cierny-les","nazov":"Logisticko-priemyselný park Čierny les","firma":"IMMOLEASE, spol. s.r.o.","ico":"43842194","obec":"Bratislava - Ružinov","stav":"Akcia je ukončená v procese EIA","urad":"Miestny úrad MČ Bratislava – Ružinov Okresný úrad Bratislava","skupina":"","zhluk":"","presnost":"približná","zmena":"2021-03-30","faza":"posúdené","dok":8,"typ":"Výroba a sklady"}},{"type":"Feature","geometry":{"type":"Point","coordinates":[17.02574,48.172106]},"properties":{"id":"logisticko-vyrobny-park-dnv","nazov":"Logisticko - výrobný park DNV","firma":"Slovenský odpadový priemysel, a.s., Dvořákovo nábrežie 10","ico":"35713411","obec":"Bratislava - Devínska Nová Ves","stav":"Akcia je ukončená v procese EIA","urad":"Mestská časť Bratislava - Devínska Nová Ves Okresný úrad Bratislava, odbor starostlivosti ","skupina":"J&T Real Estate","zhluk":"dvorakovo nabrezie 10","presnost":"približná","zmena":"2016-08-23","faza":"posúdené","dok":9,"plany":[{"p":"C_prilohy1.pdf","u":"https://www.enviroportal.sk/eia/dokument/246971","v":12594582,"t":"PDF"},{"p":"D_prilohy2_Dopravna_studia.pdf","u":"https://www.enviroportal.sk/eia/dokument/246972","v":4547817,"t":"PDF"}],"typ":"Výroba a sklady"}},{"type":"Feature","geometry":{"type":"Point","coordinates":[17.173369,48.150486]},"properties":{"id":"logisticky-areal-firmy-madal-bal","nazov":"LOGISTICKÝ AREÁL FIRMY MADAL BAL","firma":"AMBERG ENGINEERING Slovakia s.r.o., Somolického 1/B","ico":"35860073","obec":"Bratislava - Ružinov","stav":"Akcia je ukončená v procese EIA","urad":"Mestská časť Bratislava - Ružinov OÚŽP Bratislava, oddelenie OP a vybraných zložiek ŽP obv","skupina":"","zhluk":"","presnost":"približná","zmena":"2013-11-22","faza":"posúdené","dok":5,"plany":[{"p":"príloha","u":"https://www.enviroportal.sk/eia/dokument/186468","v":484167,"t":"PDF"}],"typ":"Administratíva"}},{"type":"Feature","geometry":{"type":"Point","coordinates":[17.133269,48.220629]},"properties":{"id":"logisticky-park-doas","nazov":"Logistický park DOAS","firma":"D O A S, a. s.","ico":"31373917","obec":"Bratislava - Rača","stav":"Akcia je ukončená v procese EIA","urad":"OU BA, MC Raca","skupina":"","zhluk":"","presnost":"približná","zmena":"2022-05-19","faza":"posúdené","dok":8,"typ":"Výroba a sklady"}},{"type":"Feature","geometry":{"type":"Point","coordinates":[17.172316,48.144764]},"properties":{"id":"logisticky-park-palenisko-cierny-les-bratislava","nazov":"Logistický park Pálenisko - Čierny les, Bratislava","firma":"BZ s.r.o., Kapitulská 15","ico":"684473","obec":"Bratislava - Ružinov","stav":"Akcia je ukončená v procese EIA","urad":"MČ Bratislava - Ružinov","skupina":"","zhluk":"kapitulska 15","presnost":"približná","zmena":"2013-05-23","faza":"posúdené","dok":8,"plany":[{"p":"prílohy","u":"https://www.enviroportal.sk/eia/dokument/54361","v":7724716,"t":"ZIP"},{"p":"príloha č. 5","u":"https://www.enviroportal.sk/eia/dokument/54360","v":35936144,"t":"PDF"},{"p":"príloha č. 1","u":"https://www.enviroportal.sk/eia/dokument/54392","v":26087632,"t":"PDF"}],"typ":"Administratíva"}},{"type":"Feature","geometry":{"type":"Point","coordinates":[17.191885,48.032021]},"properties":{"id":"lozisko-nevyhradeneho-nerastu-cunovo-2-","nazov":"Ložisko nevyhradeného nerastu „Čunovo – 2\"","firma":"TRELLING, spol. s r.o., Mierové námestie 6/6","ico":"31441114","obec":"Bratislava - Čunovo","stav":"Akcia je ukončená v procese EIA","urad":"Miestny úrad Mestskej časti Bratislava - Čunovo, Hraničiarska 144/22, 851 10 Bratislava Ob","skupina":"","zhluk":"","presnost":"približná","zmena":"2016-08-04","faza":"posúdené","dok":3,"typ":"Výroba a sklady"}},{"type":"Feature","geometry":{"type":"Point","coordinates":[17.020901,48.167672]},"properties":{"id":"lp-eh-cov-devinska-nova-ves-vymena-horaka-zvyskoveho-plynu","nazov":"LP a EH ČOV Devínska Nová Ves - výmena horáka zvyškového plynu","firma":"BIOENERGY, a.s., Prešovská 48","ico":"45322317","obec":"Bratislava - Devínska Nová Ves","stav":"Akcia je ukončená v procese EIA","urad":"MČ BA Devínska Nová Ves, OÚ BA OSŽP","skupina":"","zhluk":"presovska 48","presnost":"približná","zmena":"2019-02-01","faza":"posúdené","dok":4,"typ":"Bývanie"}},{"type":"Feature","geometry":{"type":"Point","coordinates":[17.137108,48.221856]},"properties":{"id":"maloobchodne-zariadenie-pre-zakladnu-obsluhu-uzemia","nazov":"Maloobchodné zariadenie pre základnú obsluhu územia","firma":"TLD, s.r.o, Bajkalská 25 A","ico":"36378020","obec":"Bratislava - Rača","stav":"Akcia je ukončená v procese EIA","urad":"Krajský savebný úrad v BA, OÚŽP v BA, odbor ŠV","skupina":"","zhluk":"","presnost":"približná","zmena":"2012-02-16","faza":"posúdené","dok":30,"plany":[{"p":"P1_grafika_DUR_sirsie vztahy","u":"https://www.enviroportal.sk/eia/dokument/134136","v":2710224,"t":"PDF"},{"p":"P1_grafika_DUR_koordinacka","u":"https://www.enviroportal.sk/eia/dokument/134144","v":2173508,"t":"PDF"},{"p":"P1_grafika_DUR_podorys 011","u":"https://www.enviroportal.sk/eia/dokument/134145","v":1070827,"t":"PDF"},{"p":"P1_grafika_DUR_podorys 012","u":"https://www.enviroportal.sk/eia/dokument/134166","v":1119677,"t":"PDF"},{"p":"P1_grafika_01_mapa","u":"https://www.enviroportal.sk/eia/dokument/134146","v":287578,"t":"PDF"}],"typ":"Bývanie"}},{"type":"Feature","geometry":{"type":"Point","coordinates":[17.109493,48.198572]},"properties":{"id":"malopodlazne-obytne-domy-bellova-ul-bratislava","nazov":"Malopodlažné obytné domy, Bellova ul., Bratislava","firma":"AVP s.r.o., Žilinská 16","ico":"35901209","obec":"Bratislava - Nové Mesto","stav":"Akcia je ukončená v procese EIA","urad":"MČ BA - Nové Mesto","skupina":"","zhluk":"zilinska 16","presnost":"približná","zmena":"2013-02-13","faza":"posúdené","dok":3,"typ":"Bývanie"}},{"type":"Feature","geometry":{"type":"Point","coordinates":[17.215616,48.108325]},"properties":{"id":"median-house-bytovy-dom-119-bytovych-jednotiek-bratislava","nazov":"Median House Bytový dom 119 bytových jednotiek Bratislava","firma":"GEOCOMPLEX a.s., Geologická 21","ico":"31322638","obec":"Bratislava - Podunajské Biskupice","stav":"Akcia je ukončená v procese EIA","urad":"MČ Podunajské Biskupice","skupina":"","zhluk":"","presnost":"približná","zmena":"2013-05-10","faza":"posúdené","dok":3,"typ":"Bývanie"}},{"type":"Feature","geometry":{"type":"Point","coordinates":[17.212124,48.156742]},"properties":{"id":"medzisklad-nebezpecnych-odpadov-odpadov-z-kovov-v-prevadzke-bratislava","nazov":"Medzisklad nebezpečných odpadov a odpadov z kovov v prevádzke Bratislava – Vrakuňa","firma":"AVE SK odpadové hospodárstvo, s.r.o., Osvetová 24","ico":"36357065","obec":"Bratislava - Vrakuňa","stav":"Podlieha ďalšiemu posudzovaniu","urad":"Okresný úrad Bratislava, odbor starostlivosti o životné prostredie, oddelenie ochrany prír","skupina":"","zhluk":"","presnost":"približná","zmena":"2016-05-20","faza":"zámer","dok":9,"plany":[{"p":"Priloha c.1_Mapa AVE sirsie vztahy fin.pdf","u":"https://www.enviroportal.sk/eia/dokument/243029","v":6778813,"t":"PDF"},{"p":"Priloha c.2_situacka AVE BA final.pdf","u":"https://www.enviroportal.sk/eia/dokument/243030","v":561077,"t":"PDF"},{"p":"Priloha c.3_KaPor mapa.pdf","u":"https://www.enviroportal.sk/eia/dokument/243031","v":112367,"t":"PDF"}],"typ":"Výroba a sklady"}},{"type":"Feature","geometry":{"type":"Point","coordinates":[17.051038,48.197638]},"properties":{"id":"merkury-market-bratislava-ii","nazov":"Merkury Market Bratislava II","firma":"BORY, a.s., Digital Park II, Einsteinova 25","ico":"36740896","obec":"Bratislava - Lamač","stav":"Akcia je ukončená v procese EIA","urad":"MČ Bratislava DNV","skupina":"Penta Real Estate","zhluk":"einsteinova 25","presnost":"približná","zmena":"2013-05-28","faza":"posúdené","dok":3,"typ":"Obchod a služby"}},{"type":"Feature","geometry":{"type":"Point","coordinates":[17.018867,48.169049]},"properties":{"id":"metro-devinska-nova-ves-pristavba-delivery-","nazov":"METRO Devínska Nová Ves – prístavba Delivery","firma":"METRO Group Properties SR, s.r.o., Senecká cesta 1881","ico":"45951594","obec":"Bratislava - Devínska Nová Ves","stav":"Akcia je ukončená v procese EIA","urad":"MČ Bratislava Devínska Nová Ves","skupina":"","zhluk":"","presnost":"približná","zmena":"2015-09-21","faza":"posúdené","dok":3,"typ":"Polyfunkcia"}},{"type":"Feature","geometry":{"type":"Point","coordinates":[17.141517,48.169416]},"properties":{"id":"mfz-vajnorska-ulica-bratislava","nazov":"MFZ Vajnorská ulica, Bratislava","firma":"FSI DEVELOPMENT s.ro., Vysoká 26","ico":"35868783","obec":"Bratislava - Nové Mesto","stav":"Akcia je ukončená v procese EIA","urad":"HM Bratislava, MČ Bratislava - Nové Mesto","skupina":"","zhluk":"vysoka 26","presnost":"presná","zmena":"2013-09-10","faza":"posúdené","dok":11,"plany":[{"p":"grafické prílohy","u":"https://www.enviroportal.sk/eia/dokument/45859","v":37494308,"t":"PDF"}],"typ":"Polyfunkcia"}},{"type":"Feature","geometry":{"type":"Point","coordinates":[17.103926,48.200642]},"properties":{"id":"mirabella-residence","nazov":"MIRABELLA RESIDENCE","firma":"RDV 2 s.r.o., Jelačičova 8","ico":"53724569","obec":"Bratislava - Nové Mesto","stav":"Zámer","urad":"Stavebný úrad Mestskej časti Bratislava – Nové Mesto, Okresný úrad Bratislava, Odbor staro","skupina":"","zhluk":"jelacicova 8","presnost":"približná","zmena":"2026-08-19","faza":"zámer","dok":13,"plany":[{"p":"B_mapa_1_sirsie_vztahy","u":"https://www.enviroportal.sk/eia/dokument/405714","v":732613,"t":"PDF"},{"p":"C_mapa_2_ortofoto","u":"https://www.enviroportal.sk/eia/dokument/405715","v":8096608,"t":"PDF"},{"p":"D_mapa_3_koordinacna","u":"https://www.enviroportal.sk/eia/dokument/405716","v":8526492,"t":"PDF"},{"p":"E_príloha1_rezy","u":"https://www.enviroportal.sk/eia/dokument/405717","v":1360291,"t":"PDF"},{"p":"L_príloha8_záväzne_stanovisko","u":"https://www.enviroportal.sk/eia/dokument/405724","v":971082,"t":"PDF"}],"typ":"Bývanie"}},{"type":"Feature","geometry":{"type":"Point","coordinates":[17.190586,48.02628]},"properties":{"id":"mlade-cunovo-zahrady-vybudovanie-komunikacie-inzinierskych-sieti","nazov":"Mladé Čunovo – Záhrady, vybudovanie komunikácie a inžinierskych sietí","firma":"SEGAMA, s. r. o., Ražná 5","ico":"","obec":"Bratislava - Čunovo","stav":"Iný dôvod ukončenia posudzovania","urad":"MČ Bratislava-Čunovo","skupina":"","zhluk":"","presnost":"približná","zmena":"2021-07-02","faza":"povolené","doklad":"1186-2026 Stavebné povolenie- rozšírenie vstupnej komunikácie Petržals","dok":8,"typ":"Iné"}},{"type":"Feature","geometry":{"type":"Point","coordinates":[17.036812,48.183535]},"properties":{"id":"mobilna-betonarka-stetter-h2-bratislava","nazov":"Mobilná betonárka STETTER H2 - Bratislava","firma":"TBG Doprastav, a.s., Košická 52","ico":"36283801","obec":"Bratislava - Dúbravka","stav":"Akcia je ukončená v procese EIA","urad":"MČ Bratislava - Dúbravka","skupina":"","zhluk":"","presnost":"približná","zmena":"2013-05-13","faza":"posúdené","dok":16,"plany":[{"p":"príloha 2","u":"https://www.enviroportal.sk/eia/dokument/32792","v":1249351,"t":"PDF"},{"p":"príloha 3","u":"https://www.enviroportal.sk/eia/dokument/32793","v":88079,"t":"PDF"},{"p":"príloha 1","u":"https://www.enviroportal.sk/eia/dokument/32791","v":458223,"t":"PDF"},{"p":"fotodoklumentácia príloha 4B","u":"https://www.enviroportal.sk/eia/dokument/32788","v":300417,"t":"PDF"}],"typ":"Administratíva"}},{"type":"Feature","geometry":{"type":"Point","coordinates":[17.101947,48.196677]},"properties":{"id":"mobilna-solidifikacna-linka","nazov":"Mobilná solidifikačná linka","firma":"DEKONTA Slovensko, spol. s r.o., Odeská 49","ico":"31698476","obec":"Bratislava - Nové Mesto","stav":"Rozsah hodnotenia","urad":"Okresný úrad Bratislava, Okresný úrad Bratislava, odbor starostlivosti o životné prostredi","skupina":"","zhluk":"","presnost":"približná","zmena":"2025-11-11","faza":"zámer","dok":4,"plany":[{"p":"Príloha č.2_schéma MSL.pdf","u":"https://www.enviroportal.sk/eia/dokument/396297","v":285803,"t":"PDF"}],"typ":"Technická infraštruktúra"}},{"type":"Feature","geometry":{"type":"Point","coordinates":[17.129856,48.223756]},"properties":{"id":"mobilne-drviace-triediace-zariadenia-","nazov":"Mobilné drviace a triediace zariadenia","firma":"Hollý, s.r.o., Starhradská 8","ico":"31371817","obec":"Bratislava - Rača","stav":"Akcia je ukončená v procese EIA","urad":"Okresný úrad Bratislava, oddelenie štátnej správy vôd a vybraných zložiek životného prostr","skupina":"","zhluk":"","presnost":"približná","zmena":"2024-07-17","faza":"posúdené","dok":6,"typ":"Technická infraštruktúra"}},{"type":"Feature","geometry":{"type":"Point","coordinates":[17.13759,48.222533]},"properties":{"id":"mobilne-drviace-triediace-zariadenia","nazov":"Mobilné drviace a triediace zariadenia","firma":"Hollý, s.r.o., Starhradská 8","ico":"31371817","obec":"Bratislava - Rača","stav":"Oznámenie o zmene","urad":"Okresný úrad Bratislava, oddelenie štátnej správy vôd a vybraných zložiek životného prostr","skupina":"","zhluk":"","presnost":"približná","zmena":"2025-01-07","faza":"zámer","dok":3,"typ":"Technická infraštruktúra"}},{"type":"Feature","geometry":{"type":"Point","coordinates":[17.107571,48.195307]},"properties":{"id":"mobilne-drvice-triedice","nazov":"Mobilné drviče a triediče","firma":"GAVKUM SK spol. s r.o.","ico":"35861665","obec":"Bratislava - Nové Mesto","stav":"Zámer","urad":"Okresný úrad Bratislava, odbor starostlivosti o životné prostredie, oddelenie štátnej sprá","skupina":"","zhluk":"","presnost":"približná","zmena":"2024-07-10","faza":"zámer","dok":2,"typ":"Technická infraštruktúra"}},{"type":"Feature","geometry":{"type":"Point","coordinates":[17.107811,48.200409]},"properties":{"id":"mobilne-zariadenie-na-regeneraciu-sorbentov-aktivne-uhlie-z-filtrov-","nazov":"Mobilné zariadenie na regeneráciu sorbentov (aktívne uhlie z filtrov)","firma":"DEKONTA Slovensko, spol. s r.o., Odeská 49","ico":"31698476","obec":"Bratislava - Nové Mesto","stav":"Záverečné stanovisko","urad":"Okresný úrad Bratislava, odbor starostlivosti o životné prostredie, oddelenie ochrany prír","skupina":"","zhluk":"","presnost":"približná","zmena":"2019-04-10","faza":"posúdené","dok":4,"typ":"Bývanie"}},{"type":"Feature","geometry":{"type":"Point","coordinates":[17.102314,48.199634]},"properties":{"id":"mobilne-zariadenie-na-termicku-desorpciu-kontaminovanych-materialov-1","nazov":"Mobilné zariadenie na termickú desorpciu kontaminovaných materiálov","firma":"DEKONTA Slovensko, spol. s r. o., Odeská 49","ico":"31698476","obec":"Bratislava - Nové Mesto","stav":"Rozsah hodnotenia","urad":"Okresný úrad Bratislava, odbor starostlivosti o životné prostredie, štátnej správy vôd a v","skupina":"","zhluk":"","presnost":"približná","zmena":"2025-04-08","faza":"zámer","dok":4,"plany":[{"p":"Príloha k informácii o navrhovanej činnosti","u":"https://www.enviroportal.sk/eia/dokument/389244","v":514043,"t":"JPG"}],"typ":"Vybavenosť"}},{"type":"Feature","geometry":{"type":"Point","coordinates":[17.102599,48.199904]},"properties":{"id":"mobilne-zariadenie-na-termicku-desorpciu-kontaminovanych-materialov","nazov":"Mobilné zariadenie na termickú desorpciu kontaminovaných materiálov","firma":"DEKONTA Slovensko spol. s.r.o.","ico":"31698476","obec":"Bratislava - Nové Mesto","stav":"Iný dôvod ukončenia posudzovania","urad":"","skupina":"","zhluk":"","presnost":"približná","zmena":"2026-07-07","faza":"zámer","dok":7,"plany":[{"p":"príloha 2","u":"https://www.enviroportal.sk/eia/dokument/306404","v":724288,"t":"PDF"},{"p":"04 Priloha 3_Zmluva o najme č.036_2018_Dekonta-redigovane.pd","u":"https://www.enviroportal.sk/eia/dokument/309881","v":1313676,"t":"PDF"},{"p":"príloha 3","u":"https://www.enviroportal.sk/eia/dokument/306403","v":588424,"t":"PDF"}],"typ":"Bývanie"}},{"type":"Feature","geometry":{"type":"Point","coordinates":[17.170432,48.148987]},"properties":{"id":"mobilne-zariadenie-na-zhodnocovanie-stavebnych-odpadov-7","nazov":"Mobilné zariadenie na zhodnocovanie stavebných odpadov","firma":"Frekomos SK, s.r.o., Domové role 65A","ico":"36196429","obec":"Bratislava - Ružinov","stav":"Akcia je ukončená v procese EIA","urad":"Okresný úrad Bratislava, odbor starostlivosti o životné prostredie, oddelenie štátnej sprá","skupina":"","zhluk":"","presnost":"približná","zmena":"2024-01-17","faza":"posúdené","dok":6,"typ":"Technická infraštruktúra"}},{"type":"Feature","geometry":{"type":"Point","coordinates":[17.018459,48.16995]},"properties":{"id":"modernizacia-cistiarne-odpadovych-vod-volkswagen-slovakia-","nazov":"Modernizácia čistiarne odpadových vôd Volkswagen Slovakia, a.s.","firma":"VOLKSWAGEN SLOVAKIA a.s., J. Jonáša 1, 83 02 Bratislava","ico":"35757442","obec":"Bratislava - Devínska Nová Ves","stav":"Akcia je ukončená v procese EIA","urad":"Slovenská inšpekcia SR, útvar integrovaného povoľovania a kontroly, Jeséniova 17D, 831 01 ","skupina":"","zhluk":"j jonasa 1","presnost":"približná","zmena":"2016-12-28","faza":"posúdené","dok":6,"plany":[{"p":"Prílohy123.pdf","u":"https://www.enviroportal.sk/eia/dokument/252498","v":1000392,"t":"PDF"}],"typ":"Technická infraštruktúra"}},{"type":"Feature","geometry":{"type":"Point","coordinates":[17.101592,48.197993]},"properties":{"id":"modernizacia-dostavba-budov-nudch-nemocnica-21-storocia","nazov":"Modernizácia a dostavba budov NÚDCH – NEMOCNICA 21. STOROČIA","firma":"Národný ústav detských chorôb (NÚDCH), Limbová 2643/1","ico":"00607231","obec":"Bratislava - Nové Mesto","stav":"Akcia je ukončená v procese EIA","urad":"MČ Bratislava- Nové Mesto Okresný úrad Bratislava","skupina":"","zhluk":"","presnost":"približná","zmena":"2024-05-21","faza":"posúdené","dok":17,"typ":"Plány a koncepcie"}},{"type":"Feature","geometry":{"type":"Point","coordinates":[17.169943,48.147858]},"properties":{"id":"modernizacia-ekologizacia-zevo-olo-linky-k3-k2-","nazov":"Modernizácia a ekologizácia ZEVO OLO – linky K3 a K2","firma":"Odvoz a likvidácia odpadu, a. s.","ico":"00681300","obec":"Bratislava - Ružinov","stav":"Akcia je ukončená v procese EIA","urad":"Slovenská inšpekcia životného prostredia, Inšpektorát životného prostredia Bratislava, Jes","skupina":"","zhluk":"","presnost":"približná","zmena":"2023-04-28","faza":"posúdené","dok":13,"plany":[{"p":"05_OLO_ZEVO_BA_OznamenieOZmene_Map_Pril_03_Zastavovacia_situ","u":"https://www.enviroportal.sk/eia/dokument/337877","v":1594104,"t":"PDF"}],"typ":"Technická infraštruktúra"}},{"type":"Feature","geometry":{"type":"Point","coordinates":[17.058298,48.235211]},"properties":{"id":"modernizacia-farmy-hospodarskeho-chovu-koni","nazov":"Modernizácia farmy hospodárskeho chovu koní","firma":"Agro Horse, Hviezdoslavovo nám. 16","ico":"44151756","obec":"Bratislava - Záhorská Bystrica","stav":"Akcia je ukončená v procese EIA","urad":"Mestská časť Bratislava – Záhorská Bystrica, Námestie Rodiny 1, 843 57 Bratislava; Okresný","skupina":"","zhluk":"","presnost":"približná","zmena":"2015-12-21","faza":"posúdené","dok":51,"plany":[{"p":"SO.09_01_AgroHorse_PSP_situacia.pdf","u":"https://www.enviroportal.sk/eia/dokument/234945","v":233653,"t":"PDF"},{"p":"SO.09_01_AgroHorse_PSP_situacia.pdf","u":"https://www.enviroportal.sk/eia/dokument/234943","v":233653,"t":"PDF"},{"p":"SO.09_01_AgroHorse_PSP_situacia.pdf","u":"https://www.enviroportal.sk/eia/dokument/234997","v":233653,"t":"PDF"},{"p":"SO.10_01_AgroHorse_PSP_situacia.pdf","u":"https://www.enviroportal.sk/eia/dokument/234948","v":150123,"t":"PDF"},{"p":"SO.10_02_AgroHorse_PSP_podorys navrh stav.pdf","u":"https://www.enviroportal.sk/eia/dokument/234949","v":143300,"t":"PDF"}],"typ":"Výroba a sklady"}},{"type":"Feature","geometry":{"type":"Point","coordinates":[17.163581,48.15737]},"properties":{"id":"modernizacia-ruzinovskeho-arealu-ruzinovska-arena-vl-dzurilu-komunikac","nazov":"Modernizácia ružinovského areálu \"Ružinovská aréna Vl. Dzurilu- Komunikácie a spevnené plochy, rozšírenie parkoviska","firma":"Ružinovský športový klub, Mierová 21","ico":"36066257","obec":"Bratislava - Ružinov","stav":"Akcia je ukončená v procese EIA","urad":"MČ Ba- Ružinov","skupina":"","zhluk":"mierova 21","presnost":"presná","zmena":"2013-05-06","ulica":"Ružinovská","faza":"dokončené","doklad":"Oznámenie.","dok":3,"typ":"Vybavenosť"}},{"type":"Feature","geometry":{"type":"Point","coordinates":[17.087259,48.119048]},"properties":{"id":"modernizacia-spalovne-nemocnicnych-odpadov-v-nemocnici-sv-cyrila-metod","nazov":"Modernizácia spalovne nemocnicných odpadov v Nemocnici sv. Cyrila a Metoda, Bratislava - Petržalka","firma":"UNIVERZITNÁ NEMOCNICA BRATISLAVA, Pažítková 4","ico":"31813861","obec":"Bratislava - Petržalka","stav":"Akcia je ukončená v procese EIA","urad":"","skupina":"","zhluk":"","presnost":"približná","zmena":"2013-06-28","faza":"posúdené","dok":2,"typ":"Vybavenosť"}},{"type":"Feature","geometry":{"type":"Point","coordinates":[17.100295,48.158808]},"properties":{"id":"modernizacia-trolejbusovej-trate-v-useku-patronka-kramare-hlavna-stani","nazov":"Modernizácia trolejbusovej trate v úseku Patrónka-Kramáre-Hlavná stanica","firma":"Dopravný podnik Bratislava, akciová spoločnosť, Olejkárska 1","ico":"00492736","obec":"Bratislava - Staré Mesto","stav":"Akcia je ukončená v procese EIA","urad":"Hlavné mesto Slovenskej republiky Bratislava Bratislavský samosprávny kraj Mestská časť Br","skupina":"","zhluk":"","presnost":"približná","zmena":"2023-06-12","faza":"posúdené","dok":8,"typ":"Doprava"}},{"type":"Feature","geometry":{"type":"Point","coordinates":[17.130137,48.224712]},"properties":{"id":"modernizacia-udrzbovej-zakladne-3-etapa-vozovna-krasnany","nazov":"MODERNIZÁCIA ÚDRŽBOVEJ ZÁKLADNE - 3. ETAPA VOZOVŇA KRASŇANY","firma":"Dopravný podnik Bratislava, akciová spoločnosť","ico":"00492736","obec":"Bratislava - Rača","stav":"Akcia je ukončená v procese EIA","urad":"MČ RAČA, OUBA","skupina":"","zhluk":"","presnost":"približná","zmena":"2022-01-21","faza":"posúdené","dok":7,"typ":"Doprava"}},{"type":"Feature","geometry":{"type":"Point","coordinates":[17.1034,48.200424]},"properties":{"id":"modernizacia-udrzbovej-zakladne-dpb--haly-oprav-autobusov-jurajov-dvor","nazov":"Modernizácia údržbovej základne DPB, a.s. - Haly opráv autobusov - Jurajov dvor","firma":"Dopravný podnik Bratislava a. s., Olejkárska 1","ico":"00492736","obec":"Bratislava - Nové Mesto","stav":"Akcia je ukončená v procese EIA","urad":"","skupina":"","zhluk":"","presnost":"približná","zmena":"2014-04-23","faza":"dokončené","doklad":"Oznámenie o začatí kolaudačného konania","dok":10,"plany":[{"p":"situacia model","u":"https://www.enviroportal.sk/eia/dokument/212616","v":1604937,"t":"PDF"}],"typ":"Výroba a sklady"}},{"type":"Feature","geometry":{"type":"Point","coordinates":[17.108413,48.20004]},"properties":{"id":"modernizacia-udrzbovej-zakladne-dpm--2-etapa-jurajov-dvor","nazov":"Modernizácia údržbovej základne DPM, a.s. - 2. etapa, Jurajov Dvor","firma":"Dopravný podnik Bratislava, a.s., Olejkárska 1","ico":"00492736","obec":"Bratislava - Nové Mesto","stav":"Akcia je ukončená v procese EIA","urad":"MČ Bratislava - Nové Mesto","skupina":"","zhluk":"","presnost":"približná","zmena":"2014-07-25","faza":"posúdené","dok":9,"plany":[{"p":"Príloha č. 7 situácia","u":"https://www.enviroportal.sk/eia/dokument/215953","v":2797216,"t":"PDF"},{"p":"Príloha č. 2 katastrálna mapa","u":"https://www.enviroportal.sk/eia/dokument/215954","v":54362,"t":"PDF"},{"p":"Príloha č. 1 vyjadrenie Hlavné mesto","u":"https://www.enviroportal.sk/eia/dokument/215949","v":299824,"t":"PDF"},{"p":"Príloha č. 4 stanovisko MŽP SR","u":"https://www.enviroportal.sk/eia/dokument/215956","v":122364,"t":"PDF"},{"p":"Príloha č. 5 zmluva o nájme","u":"https://www.enviroportal.sk/eia/dokument/215957","v":8452210,"t":"PDF"}],"typ":"Doprava"}},{"type":"Feature","geometry":{"type":"Point","coordinates":[17.099982,48.15885]},"properties":{"id":"modernizacia-verejneho-terminalu-intermodalnej-dopravy-vo-vymedzenom-u","nazov":"Modernizácia verejného terminálu intermodálnej dopravy vo vymedzenom území prístavov v časti Pálenisko","firma":"Verejné prístavy, a.s., Prístavná 10","ico":"36856541","obec":"Bratislava - Staré Mesto","stav":"Oznámenie o zmene","urad":"Magistrát hlavného mesta SR Bratislavy, Primaciálne námestie 1, 814 99 Bratislava","skupina":"","zhluk":"pristavna 10","presnost":"približná","zmena":"2026-05-14","faza":"povolené","doklad":"Rozhodnutie","dok":11,"plany":[{"p":"Oznámenie_Prístavy_2026_Situácia.pdf","u":"https://www.enviroportal.sk/eia/dokument/400700","v":4050637,"t":"PDF"}],"typ":"Výroba a sklady"}},{"type":"Feature","geometry":{"type":"Point","coordinates":[17.209255,48.153487]},"properties":{"id":"modernizacia-vyhrevne-zeleznicna-vo-vrakuni","nazov":"Modernizácia výhrevne Železničná vo Vrakuni","firma":"TERMMING, a. s., Jarošova 1 ","ico":"35972254","obec":"Bratislava - Vrakuňa","stav":"Oznámenie o zmene","urad":"MČ BA-Vrakuňa, OU BA","skupina":"","zhluk":"","presnost":"približná","zmena":"2026-05-25","faza":"zámer","dok":5,"plany":[{"p":"Prílohy_k_Ozna´meniu o zmene_EIA_Moderniza´cia vy´hrevne Zˇe","u":"https://www.enviroportal.sk/eia/dokument/399020","v":7016286,"t":"PDF"}],"typ":"Bývanie"}},{"type":"Feature","geometry":{"type":"Point","coordinates":[17.10189,48.196775]},"properties":{"id":"modernizacia-vyroby-cokoladovej-hmoty","nazov":"Modernizácia výroby čokoládovej hmoty","firma":"Mondelez SR Production s.r.o., Račianska 44","ico":"46798889","obec":"Bratislava - Nové Mesto","stav":"Akcia je ukončená v procese EIA","urad":"MČ Bratislava - Nové Mesto, OÚ BA","skupina":"","zhluk":"","presnost":"približná","zmena":"2021-08-25","faza":"posúdené","dok":6,"typ":"Výroba a sklady"}},{"type":"Feature","geometry":{"type":"Point","coordinates":[17.109331,48.196849]},"properties":{"id":"modernizacia-zeleznicneho-uzla-bratislava-vetva-vychod-","nazov":"Modernizácia železničného uzla Bratislava – vetva VÝCHOD","firma":"Železnice Slovenskej republiky, Klemensova 8","ico":"31364501","obec":"Bratislava - Nové Mesto","stav":"Záverečné stanovisko","urad":"Mestská časť Bratislava - Nové Mesto,Rača,Vajnory; Ministerstvo dopravy a výstavby Slovens","skupina":"","zhluk":"","presnost":"približná","zmena":"2026-01-22","faza":"posúdené","dok":27,"plany":[{"p":"2011_EIA_Zamer_00_zoznam priloh.pdf","u":"https://www.enviroportal.sk/eia/dokument/337683","v":104224,"t":"PDF"},{"p":"2011_EIA_Zamer_A_01_prehladna situacia.pdf","u":"https://www.enviroportal.sk/eia/dokument/337685","v":1137859,"t":"PDF"},{"p":"2011_EIA_Zamer_A_03_situacia.pdf","u":"https://www.enviroportal.sk/eia/dokument/337687","v":22605859,"t":"PDF"},{"p":"Grafické prílohy_situácia V4.zip","u":"https://www.enviroportal.sk/eia/dokument/382260","v":52253249,"t":"ZIP"},{"p":"Grafické prílohy_Vplyvy.zip","u":"https://www.enviroportal.sk/eia/dokument/382261","v":21631841,"t":"ZIP"}],"typ":"Doprava"}},{"type":"Feature","geometry":{"type":"Point","coordinates":[17.095445,48.155666]},"properties":{"id":"modernizacia-zeleznicneho-uzla-bratislava-vetva-zapad","nazov":"Modernizácia železničného uzla Bratislava – vetva ZÁPAD","firma":"Železnice Slovenskej republiky, Klemensova 8","ico":"31364501","obec":"Bratislava - Staré Mesto","stav":"Akcia je ukončená v procese EIA","urad":"Miestny úrad MČ Bratislava – Devínska Nová Ves Miestny úrad MČ Bratislava – Lamač Miestny ","skupina":"","zhluk":"","presnost":"približná","zmena":"2025-10-22","faza":"posúdené","dok":33,"plany":[{"p":"SOH_D_Prieskum biotopov-príloha","u":"https://www.enviroportal.sk/eia/dokument/378095","v":31096885,"t":"PDF"},{"p":"SOH_A_02_Situácia","u":"https://www.enviroportal.sk/eia/dokument/378082","v":16742844,"t":"PDF"},{"p":"SOH_A_04_Mapa vplyvov","u":"https://www.enviroportal.sk/eia/dokument/378088","v":16761356,"t":"PDF"},{"p":"SOH_A_03_Podrobnejšie situácie 05","u":"https://www.enviroportal.sk/eia/dokument/378087","v":1465673,"t":"PDF"},{"p":"SOH_A_03_Podrobnejšie situácie 03 ","u":"https://www.enviroportal.sk/eia/dokument/378085","v":3867796,"t":"PDF"}],"typ":"Doprava"}},{"type":"Feature","geometry":{"type":"Point","coordinates":[17.026129,48.171542]},"properties":{"id":"modernizacia-zeleznicnej-trate-bratislava-hl-st-kuty-lanzhot-cz-usek-t","nazov":"Modernizácia železničnej trate Bratislava hl. st. – Kúty – Lanžhot CZ, úsek trate Devínska Nová Ves (mimo) – Kúty – Lanžhot CZ","firma":"Železnice Slovenskej republiky, Klemensova 8","ico":"31364501","obec":"Bratislava - Devínska Nová Ves","stav":"Akcia je ukončená v procese EIA","urad":"Ministerstvo dopravy, výstavby a regionálneho rozvoja Slovenskej republiky, Sekcia železni","skupina":"","zhluk":"","presnost":"približná","zmena":"2021-01-04","faza":"posúdené","dok":13,"plany":[{"p":"1609_EIA_Priloha 11_Primerane posudenie.pdf","u":"https://www.enviroportal.sk/eia/dokument/257328","v":55952530,"t":"PDF"}],"typ":"Doprava"}},{"type":"Feature","geometry":{"type":"Point","coordinates":[17.171044,48.149602]},"properties":{"id":"modernizacie-sklady-zasobniky-v-ramci-mliekarne-rajo-s-","nazov":"Modernizácie - sklady a zásobníky v rámci mliekarne RAJO, a. s.","firma":"RAJO s. r. o.","ico":"31329519","obec":"Bratislava - Ružinov","stav":"Rozhodnutie o zmene navrhovanej činnosti- neposudzovať","urad":"Slovenská inšpekcia životného prostredia","skupina":"","zhluk":"","presnost":"približná","zmena":"2024-07-22","faza":"zámer","dok":9,"typ":"Výroba a sklady"}},{"type":"Feature","geometry":{"type":"Point","coordinates":[17.171094,48.145388]},"properties":{"id":"modifikacia-rozparovania-etylenu-na-ej-pre-ldpe-iii-etapa","nazov":"Modifikácia rozparovania etylénu na EJ pre LDPE - III. etapa","firma":"SLOVNAFT, a.s., Vlčie hrdlo 1","ico":"35823542","obec":"Bratislava - Ružinov","stav":"Akcia je ukončená v procese EIA","urad":"SIŽP Bratislava, Jeséniova 17, 831 01 Bratislava","skupina":"","zhluk":"vlcie hrdlo 1","presnost":"približná","zmena":"2015-09-21","faza":"posúdené","dok":3,"typ":"Výroba a sklady"}},{"type":"Feature","geometry":{"type":"Point","coordinates":[17.103266,48.155015]},"properties":{"id":"monitorovaci-system-pristavov","nazov":"Monitorovací systém prístavov","firma":"Verejné prístavy, a. s.","ico":"36856541","obec":"Bratislava - Staré Mesto","stav":"Rozsah hodnotenia","urad":"Ministerstvo dopravy a výstavby Slovenskej republiky, Odbor vnútrozemskej plavby, Námestie","skupina":"","zhluk":"pristavna 10","presnost":"približná","zmena":"2020-09-11","faza":"zámer","dok":4,"typ":"Výroba a sklady"}},{"type":"Feature","geometry":{"type":"Point","coordinates":[17.178763,48.153432]},"properties":{"id":"montazno-prevadzkovy-areal-sylex-ii-etapa","nazov":"Montážno-prevádzkový areál Sylex, II. etapa","firma":"Sylex, s.r.o, Mlynské luhy 31","ico":"31395091","obec":"Bratislava - Ružinov","stav":"Akcia je ukončená v procese EIA","urad":"Mestská časť Bratislava - Ružinov OÚ BA Bratislava, OSZP, oddelenie OP a VZ ŽP","skupina":"","zhluk":"","presnost":"presná","zmena":"2014-05-20","ulica":"Mlynské luhy","faza":"posúdené","dok":37,"plany":[{"p":"sylex druha etapa podorys","u":"https://www.enviroportal.sk/eia/dokument/211815","v":250199,"t":"PDF"},{"p":"sylex druha etapa podorys 2","u":"https://www.enviroportal.sk/eia/dokument/211816","v":61142,"t":"PDF"},{"p":"DO sylex etapa II podorys 3","u":"https://www.enviroportal.sk/eia/dokument/211817","v":211190,"t":"PDF"},{"p":"podorys 2 np","u":"https://www.enviroportal.sk/eia/dokument/211855","v":1443146,"t":"PDF"},{"p":"podorys 3 np","u":"https://www.enviroportal.sk/eia/dokument/211856","v":1402156,"t":"PDF"}],"typ":"Výroba a sklady"}},{"type":"Feature","geometry":{"type":"Point","coordinates":[17.019434,48.168441]},"properties":{"id":"montazno-skladova-hala-zahorska-bystrica","nazov":"Montážno – skladová hala Záhorská Bystrica","firma":"Centrop s.r.o., Svätoplukova 30","ico":"36710148","obec":"Bratislava - Devínska Nová Ves","stav":"Akcia je ukončená v procese EIA","urad":"Mestská časť Bratislava – Záhorská Bystrica, stavebný úrad, Námestie Rodiny 1 843 57 Brati","skupina":"","zhluk":"svatoplukova 30","presnost":"približná","zmena":"2016-06-07","faza":"posúdené","dok":22,"plany":[{"p":"08_CENTROP_DUR_STC_003-podorys 2NP.pdf","u":"https://www.enviroportal.sk/eia/dokument/243754","v":291433,"t":"PDF"},{"p":"01_mapa.pdf","u":"https://www.enviroportal.sk/eia/dokument/243747","v":187239,"t":"PDF"},{"p":"02_sirsie vztahy.pdf","u":"https://www.enviroportal.sk/eia/dokument/243748","v":361426,"t":"PDF"},{"p":"03_Koordinacna situacia.pdf","u":"https://www.enviroportal.sk/eia/dokument/243749","v":1822253,"t":"PDF"},{"p":"07_CENTROP_DUR_STC_002-podorys 1NP.pdf","u":"https://www.enviroportal.sk/eia/dokument/243753","v":272631,"t":"PDF"}],"typ":"Administratíva"}},{"type":"Feature","geometry":{"type":"Point","coordinates":[17.177329,48.145949]},"properties":{"id":"multifunkcne-retailove-centrum-pharos","nazov":"Multifunkčné retailové centrum Pharos","firma":"LFS s.r.o., Kominárska 2,4","ico":"47257938","obec":"Bratislava - Ružinov","stav":"Akcia je ukončená v procese EIA","urad":"1. MC BA - Ružinov,Mierová 21, 827 05 Bratislava 2. OU BA, odbor starostlivosti o ž.p., od","skupina":"","zhluk":"","presnost":"približná","zmena":"2016-11-23","faza":"posúdené","dok":15,"plany":[{"p":"P3_D_Koordinacna situacia_MRC kosit_10.11.2016.pdf","u":"https://www.enviroportal.sk/eia/dokument/251130","v":1332610,"t":"PDF"},{"p":"P1_C1_SIRSIE VZTAHY.pdf","u":"https://www.enviroportal.sk/eia/dokument/251128","v":2279175,"t":"PDF"},{"p":"P2_Povodna EIA vykres.pdf","u":"https://www.enviroportal.sk/eia/dokument/251129","v":1420480,"t":"PDF"},{"p":"P7_KaPor_katastralna mapa.pdf","u":"https://www.enviroportal.sk/eia/dokument/251134","v":100550,"t":"PDF"}],"typ":"Obchod a služby"}},{"type":"Feature","geometry":{"type":"Point","coordinates":[17.177131,48.149299]},"properties":{"id":"multifunkcne-zabavne-centrum","nazov":"Multifunkčné zábavné centrum","firma":"PHAROS Development, s.r.o., Trnavská cesta 27/B","ico":"50901630","obec":"Bratislava - Ružinov","stav":"Akcia je ukončená v procese EIA","urad":"Mestská časť Bratislava – Ružinov, Mierová 21, 827 05 Bratislava 212 Okresný úrad Bratisla","skupina":"","zhluk":"","presnost":"približná","zmena":"2020-08-24","faza":"posúdené","dok":11,"plany":[{"p":"B1_mapa_c1_sirsie_vztahy.pdf","u":"https://www.enviroportal.sk/eia/dokument/289518","v":6677899,"t":"PDF"},{"p":"B4_mapa_c4_Situacia_koordinacna_zmena_03_2019.pdf","u":"https://www.enviroportal.sk/eia/dokument/289522","v":1168528,"t":"PDF"},{"p":"B3_mapa_c3_Prehladna_situacia_sprava_o_hodnoteni_V2.pdf","u":"https://www.enviroportal.sk/eia/dokument/289521","v":4173885,"t":"PDF"},{"p":"B2_mapa_c2_Ortofotomapa.pdf","u":"https://www.enviroportal.sk/eia/dokument/289520","v":12964688,"t":"PDF"}],"typ":"Administratíva"}},{"type":"Feature","geometry":{"type":"Point","coordinates":[17.102235,48.196281]},"properties":{"id":"multifunkcny-komplex-za-stanicou-lake-station","nazov":"Multifunkčný komplex Za stanicou - Lake Station","firma":"INTRADE ASSET MANAGEMENT, s. r. o.,","ico":"35943807","obec":"Bratislava - Nové Mesto","stav":"Rozhodnutie o zmene navrhovanej činnosti- neposudzovať","urad":"Miestny úrad mestskej časti Nové Mesto, Junácka 3216, 831 04 Bratislava","skupina":"","zhluk":"","presnost":"približná","zmena":"2024-06-20","faza":"zámer","dok":13,"plany":[{"p":"ZST_zUR_2023_09 - 02 - situacia na podklade km A3.pdf","u":"https://www.enviroportal.sk/eia/dokument/377184","v":5807249,"t":"PDF"}],"typ":"Vybavenosť"}},{"type":"Feature","geometry":{"type":"Point","coordinates":[17.104389,48.195052]},"properties":{"id":"multifunkcny-komplex-za-stanicou-v-bratislave","nazov":"Multifunkčný komplex Za stanicou v Bratislave","firma":"Ing. arch.Ivan Kubík, Bezručova 6","ico":"31820468","obec":"Bratislava - Nové Mesto","stav":"Akcia je ukončená v procese EIA","urad":"MČ Bratislava - N. Mesto","skupina":"","zhluk":"bezrucova 6","presnost":"približná","zmena":"2010-06-28","faza":"posúdené","dok":6,"typ":"Obchod a služby"}},{"type":"Feature","geometry":{"type":"Point","coordinates":[17.022633,48.167457]},"properties":{"id":"nabytkove-studio-segum","nazov":"Nábytkové štúdio - SEGUM","firma":"Bory, a.s., Digital Park II, Einsteinova 25","ico":"36740896","obec":"Bratislava - Devínska Nová Ves","stav":"Rozhodnutie o zmene navrhovanej činnosti- neposudzovať","urad":"Mestská časť Bratislava – Devínska Nová Ves, Novoveská 17/A, 843 10 Bratislava","skupina":"Penta Real Estate","zhluk":"einsteinova 25","presnost":"približná","zmena":"2018-07-12","faza":"zámer","dok":3,"typ":"Polyfunkcia"}},{"type":"Feature","geometry":{"type":"Point","coordinates":[17.104288,48.20075]},"properties":{"id":"nadstavba-polyfunkcneho-objektu-skultetyho-ul-bratislava","nazov":"Nadstavba polyfunkčného objektu, Škultétyho ul. Bratislava","firma":"TATRA REAL, a. s., Dunajská 25","ico":"31396437","obec":"Bratislava - Nové Mesto","stav":"Akcia je ukončená v procese EIA","urad":"MČ Bratislava - Nové Mesto, OÚ BA - odbor starostlivosti o ŽP","skupina":"","zhluk":"dunajska 25","presnost":"približná","zmena":"2018-08-07","faza":"posúdené","dok":6,"typ":"Polyfunkcia"}},{"type":"Feature","geometry":{"type":"Point","coordinates":[17.176813,48.145445]},"properties":{"id":"nahrada-kotla-ba-110-","nazov":"NÁHRADA KOTLA BA-110","firma":"SLOVNAFT, a.s., Vlčie hrdlo 1","ico":"31322832","obec":"Bratislava - Ružinov","stav":"Akcia je ukončená v procese EIA","urad":"Slovenská inšpekcia životného prostredia, Inšpektorát životného prostredia Bratislava, odb","skupina":"","zhluk":"vlcie hrdlo 1","presnost":"približná","zmena":"2023-10-02","faza":"posúdené","dok":4,"typ":"Výroba a sklady"}},{"type":"Feature","geometry":{"type":"Point","coordinates":[17.177827,48.146882]},"properties":{"id":"nahrada-vodikovych-kompresorov-gb701ab","nazov":"Náhrada vodíkových kompresorov GB701AB","firma":"SLOVNAFT, a.s.","ico":"31322832","obec":"Bratislava - Ružinov","stav":"Akcia je ukončená v procese EIA","urad":"Slovenská inšpekcia životného prostredia, Inšpektorát životného prostredia Bratislava, odb","skupina":"","zhluk":"vlcie hrdlo 1","presnost":"približná","zmena":"2023-03-28","faza":"posúdené","dok":4,"typ":"Výroba a sklady"}},{"type":"Feature","geometry":{"type":"Point","coordinates":[17.091738,48.118308]},"properties":{"id":"najomne-byty-areal-matador-stavby-1-5","nazov":"Nájomné byty areál Matador Stavby 1-5","firma":"P. G. A. spol. s r. o., Alstrova 6477/202","ico":"35867493","obec":"Bratislava - Petržalka","stav":"Akcia je ukončená v procese EIA","urad":"MĆ Bratislava Petržalka, Okresný úrad Bratislava, odbor starostlivosti o životné prostredi","skupina":"","zhluk":"","presnost":"približná","zmena":"2014-08-20","faza":"posúdené","dok":11,"plany":[{"p":"Príloha 2 rezy, vizualizácie","u":"https://www.enviroportal.sk/eia/dokument/214676","v":324199,"t":"PDF"},{"p":"Príloha 1 mapy","u":"https://www.enviroportal.sk/eia/dokument/214647","v":2225637,"t":"PDF"},{"p":"Príloha 8 dendrologicky posudok","u":"https://www.enviroportal.sk/eia/dokument/214682","v":310055,"t":"PDF"},{"p":"Príloha 7 vypocet parkovisk","u":"https://www.enviroportal.sk/eia/dokument/214681","v":30126,"t":"PDF"},{"p":"Príloha 3 rozptylova studia","u":"https://www.enviroportal.sk/eia/dokument/214677","v":338984,"t":"PDF"}],"typ":"Polyfunkcia"}},{"type":"Feature","geometry":{"type":"Point","coordinates":[17.09177,48.123838]},"properties":{"id":"nakupna-galeria-tesco-petrzalka-bratislava","nazov":"Nákupná galéria TESCO - Petržalka, Bratislava","firma":"Architektonická kancelária, Ing. arch. Ivan Kočan AA, Na Hrebienku 40","ico":"31757821","obec":"Bratislava - Petržalka","stav":"Akcia je ukončená v procese EIA","urad":"Mestská časť Bratislava - Petržalka","skupina":"","zhluk":"","presnost":"približná","zmena":"2011-09-05","faza":"posúdené","dok":6,"plany":[{"p":"prílohy 1","u":"https://www.enviroportal.sk/eia/dokument/118862","v":15329028,"t":"PDF"},{"p":"prílohy 2","u":"https://www.enviroportal.sk/eia/dokument/118845","v":15387499,"t":"PDF"}],"typ":"Obchod a služby"}},{"type":"Feature","geometry":{"type":"Point","coordinates":[17.182683,48.217965]},"properties":{"id":"nakupne-centrum-vajnoria","nazov":"Nákupné centrum Vajnoria","firma":"Circle Slovakia, s.r.o., Ventúrska 1","ico":"35954469","obec":"Bratislava - Vajnory","stav":"Akcia je ukončená v procese EIA","urad":"MČ Ba - Vajnory","skupina":"","zhluk":"","presnost":"približná","zmena":"2012-07-20","faza":"posúdené","dok":6,"plany":[{"p":"C_vypis_z_katastra_nehnutelnosti.pdf","u":"https://www.enviroportal.sk/eia/dokument/144448","v":247297,"t":"PDF"}],"typ":"Obchod a služby"}},{"type":"Feature","geometry":{"type":"Point","coordinates":[17.171522,48.149917]},"properties":{"id":"namestie-podzemne-garaze-pre-pradiaren-bct","nazov":"Námestie a podzemné garáže pre Pradiareň BCT","firma":"YIT SLOVAKIA A.S.","ico":"35718625","obec":"Bratislava - Ružinov","stav":"Akcia je ukončená v procese EIA","urad":"MČ Bratislava - Ružinov, OÚ BA","skupina":"","zhluk":"racianska a","presnost":"približná","zmena":"2018-01-31","faza":"posúdené","dok":19,"plany":[{"p":"440_BCT_DUR1_NAM_mapa 1 50000.pdf","u":"https://www.enviroportal.sk/eia/dokument/261651","v":1377048,"t":"PDF"}],"typ":"Administratíva"}},{"type":"Feature","geometry":{"type":"Point","coordinates":[17.17488,48.150426]},"properties":{"id":"napojenie-ad5-avd6-na-polny-horak","nazov":"Napojenie AD5 a AVD6 na poľný horák","firma":"SLOVNAFT, a.s., Vlčie hrdlo 1","ico":"31322832","obec":"Bratislava - Ružinov","stav":"Akcia je ukončená v procese EIA","urad":"Inšpektorát životného prostredia Bratislava, Jeséniova 17, 831 01 Bratislava","skupina":"","zhluk":"vlcie hrdlo 1","presnost":"približná","zmena":"2022-06-02","faza":"posúdené","dok":4,"typ":"Výroba a sklady"}},{"type":"Feature","geometry":{"type":"Point","coordinates":[17.107692,48.195361]},"properties":{"id":"narodny-futbalovy-stadion-bratislava-1","nazov":"Národný futbalový štadión Bratislava","firma":"Národný futbalový štadión, a.s., Lamačská cesta 3","ico":"36664197","obec":"Bratislava - Nové Mesto","stav":"Akcia je ukončená v procese EIA","urad":"MČ Bratislava Nové Mesto","skupina":"Forespo / 365.invest","zhluk":"lamacska cesta 3","presnost":"približná","zmena":"2012-05-15","faza":"posúdené","dok":3,"typ":"Obchod a služby"}},{"type":"Feature","geometry":{"type":"Point","coordinates":[17.019482,48.172502]},"properties":{"id":"navysenie-materialov-pre-linku-na-povrchovu-predupravu-hlinikovych-cas","nazov":"Navýšenie materiálov pre linku na povrchovú predúpravu hliníkových častí karosérií v hale H4a - Volkswagen Slovakia, a.s.","firma":"Volkswagen Slovakia, a. s., J. Jonáša 1","ico":"35757442","obec":"Bratislava - Devínska Nová Ves","stav":"Akcia je ukončená v procese EIA","urad":"Slovenská inšpekcia životného prostredia, Inšpektorát životného prostredia Bratislava, Jes","skupina":"","zhluk":"j jonasa 1","presnost":"približná","zmena":"2020-06-24","faza":"posúdené","dok":4,"typ":"Výroba a sklady"}},{"type":"Feature","geometry":{"type":"Point","coordinates":[17.023673,48.167607]},"properties":{"id":"navysenie-vyrobnej-kapacity-v-hale-h2-h2a-","nazov":"Navýšenie výrobnej kapacity v hale H2 a H2a","firma":"Volkswagen Slovakia, a. s., J. Jonáša 1","ico":"35757442","obec":"Bratislava - Devínska Nová Ves","stav":"Akcia je ukončená v procese EIA","urad":"Slovenská inšpekcia životného prostredia, Inšpektorát životného prostredia Bratislava, Jes","skupina":"","zhluk":"j jonasa 1","presnost":"približná","zmena":"2023-08-04","faza":"posúdené","dok":4,"typ":"Výroba a sklady"}},{"type":"Feature","geometry":{"type":"Point","coordinates":[17.054501,48.202017]},"properties":{"id":"nemocnica-novej-generacie-bratislava","nazov":"Nemocnica novej generácie Bratislava","firma":"Svet zdravia Development, a.s., Digital Park II, Einsteinova 25","ico":"47249081","obec":"Bratislava - Lamač","stav":"Akcia je ukončená v procese EIA","urad":"Mestská časť Bratislava – Lamač, Malokarpatské námestie 9, 841 03 Bratislava","skupina":"Penta Real Estate","zhluk":"einsteinova 25","presnost":"približná","zmena":"2017-08-30","faza":"posúdené","dok":5,"typ":"Polyfunkcia"}},{"type":"Feature","geometry":{"type":"Point","coordinates":[17.0483,48.159505]},"properties":{"id":"nemocnica-sv-michala-buracie-prace","nazov":"Nemocnica sv. Michala - búracie práce","firma":"ESET , spol. s.r.o., Ensteinova 24","ico":"31333532","obec":"Bratislava - Karlova Ves","stav":"Akcia je ukončená v procese EIA","urad":"MC Karlova Ves, OUBA","skupina":"","zhluk":"einsteinova 24","presnost":"približná","zmena":"2022-01-11","faza":"posúdené","dok":5,"typ":"Vybavenosť"}},{"type":"Feature","geometry":{"type":"Point","coordinates":[17.087258,48.123108]},"properties":{"id":"nesto-sever-blok-h","nazov":"Nesto Sever - Blok H","firma":"Nesto Sever Land Development, s.r.o.","ico":"50645285","obec":"Bratislava - Petržalka","stav":"Zámer","urad":"Stavebný úrad MČ Bratislava - Petržalka, OÚ Bratislava, Odbor starostlivosti o životné pro","skupina":"","zhluk":"","presnost":"približná","zmena":"2025-12-03","faza":"dokončené","doklad":"Oznámenie o začatí kolaudačného konania","dok":14,"plany":[{"p":"B3_Mapa_c3_Zastavovacia_situacia.pdf","u":"https://www.enviroportal.sk/eia/dokument/391317","v":4712986,"t":"PDF"},{"p":"G_priloha_c5_DKP.pdf","u":"https://www.enviroportal.sk/eia/dokument/391323","v":60597097,"t":"PDF"},{"p":"F_priloha_c4_Rozptylova_studia_Nesto Sever_Blok H.pdf","u":"https://www.enviroportal.sk/eia/dokument/391322","v":2614281,"t":"PDF"},{"p":"B1_Mapa_c1_Sirsie_vztahy.pdf","u":"https://www.enviroportal.sk/eia/dokument/391315","v":7481973,"t":"PDF"},{"p":"B2_Mapa_c2_Ortofotomapa.pdf","u":"https://www.enviroportal.sk/eia/dokument/391316","v":5105465,"t":"PDF"}],"typ":"Plány a koncepcie"}},{"type":"Feature","geometry":{"type":"Point","coordinates":[17.146622,48.162594]},"properties":{"id":"nido-2-projekt-obcianskej-vybavenosti-apartmanove-byvanie-komercne-pri","nazov":"NIDO 2 - Projekt občianskej vybavenosti - apartmánové bývanie, komerčné priestory pre obchod, kancelárie, služby Trnavská cesta, Bratislava","firma":"Pri Kuchajde 2, s. r. o., Panenská 6","ico":"45944997","obec":"Bratislava - Nové Mesto","stav":"Zámer","urad":"Okresný úrad Bratislava, odbor starostlivosti o životné prostredie, Tomášikova 46, 832 05 ","skupina":"","zhluk":"panenska 6","presnost":"presná","zmena":"2017-12-22","faza":"povolené","doklad":"Informácia","dok":13,"plany":[{"p":"B_Mapa_1_sirsie_vztahy_NIDO 2.pdf","u":"https://www.enviroportal.sk/eia/dokument/268823","v":2296751,"t":"PDF"},{"p":"C_Mapa_2_orto_NIDO 2.pdf","u":"https://www.enviroportal.sk/eia/dokument/268824","v":165075,"t":"PDF"},{"p":"D_Mapa_3_a_NIDO 2.pdf","u":"https://www.enviroportal.sk/eia/dokument/268825","v":2203324,"t":"PDF"},{"p":"D_Mapa_3_b_NIDO 2.pdf","u":"https://www.enviroportal.sk/eia/dokument/268826","v":2308134,"t":"PDF"},{"p":"E_Vizualizacie_NIDO 2.pdf","u":"https://www.enviroportal.sk/eia/dokument/268828","v":2443181,"t":"PDF"}],"typ":"Bývanie"}},{"type":"Feature","geometry":{"type":"Point","coordinates":[17.176017,48.150067]},"properties":{"id":"nizkotlakove-spracovanie-odplynu","nazov":"Nízkotlakové spracovanie odplynu","firma":"Slovnaft, a.s.","ico":"31322832","obec":"Bratislava - Ružinov","stav":"Akcia je ukončená v procese EIA","urad":"Slovenská inšpekcia životného prostredia Bratislava","skupina":"","zhluk":"vlcie hrdlo 1","presnost":"približná","zmena":"2022-05-12","faza":"posúdené","dok":4,"typ":"Výroba a sklady"}},{"type":"Feature","geometry":{"type":"Point","coordinates":[17.120221,48.128075]},"properties":{"id":"nosny-system-mhd-prevadzkovy-usek-janikov-dvor-safarikovo-nam-v-bratis","nazov":"Nosný systém MHD, prevádzkový úsek Janíkov Dvor – Šafárikovo nám v Bratislave, 1. etape je Šafárikovo nám. – Bosákova ulica","firma":"Metro Bratislava a.s., Primaciálne nám. 1 ","ico":"35732881","obec":"Bratislava - Staré Mesto","stav":"Akcia je ukončená v procese EIA","urad":"Bratislava Staré Mesto, Petržalka","skupina":"","zhluk":"primacialne nam 1","presnost":"presná","zmena":"2012-10-22","faza":"posúdené","dok":1,"typ":"Výroba a sklady"}},{"type":"Feature","geometry":{"type":"Point","coordinates":[18.832583,48.543084]},"properties":{"id":"nosny-system-mhd-prevadzkovy-usek-janikov-dvor-safarikovo-namestie-v-b-1","nazov":"Nosný systém MHD, prevádzkový úsek Janíkov dvor - Šafárikovo námestie v Bratislave, 1. časť Bosákova ulica - Šafárikovo námestie","firma":"Metro Bratislava a.s., Primaciálne nám. 1 ","ico":"35732881","obec":"Bratislava - Staré Mesto","stav":"Akcia je ukončená v procese EIA","urad":"MČ Bratislava Petržalka","skupina":"","zhluk":"primacialne nam 1","presnost":"presná","zmena":"2012-10-30","faza":"posúdené","dok":3,"typ":"Plány a koncepcie"}},{"type":"Feature","geometry":{"type":"Point","coordinates":[18.832583,48.543084]},"properties":{"id":"nosny-system-mhd-prevadzkovy-usek-janikov-dvor-safarikovo-namestie-v-b-2","nazov":"Nosný systém MHD, prevádzkový úsek Janíkov dvor - Šafárikovo námestie v Bratislave, 1. časť Bosákova ulica - Šafárikovo námestie","firma":"METRO Bratislava a.s., Primaciálne nám. 1","ico":"35732881","obec":"Bratislava - Staré Mesto","stav":"Akcia je ukončená v procese EIA","urad":"Bratislava - Staré Mesto, Petržalka","skupina":"","zhluk":"primacialne nam 1","presnost":"presná","zmena":"2014-08-13","faza":"posúdené","dok":6,"plany":[{"p":"prílohy 2","u":"https://www.enviroportal.sk/eia/dokument/215774","v":6573901,"t":"ZIP"},{"p":"prílohy","u":"https://www.enviroportal.sk/eia/dokument/215773","v":45777026,"t":"ZIP"}],"typ":"Výroba a sklady"}},{"type":"Feature","geometry":{"type":"Point","coordinates":[18.832583,48.543084]},"properties":{"id":"nosny-system-mhd-prevadzkovy-usek-janikov-dvor-safarikovo-namestie-v-b-3","nazov":"Nosný systém MHD, prevádzkový úsek Janíkov dvor – Šafárikovo námestie v Bratislave, 2. časť Bosákova ulica – Janíkov dvor","firma":"Hlavné mesto Slovenskej republiky Bratislava, Primaciálne námestie č. ","ico":"603481","obec":"Bratislava - Petržalka","stav":"Akcia je ukončená v procese EIA","urad":"MČ Bratislava – Petržalka, Okresný úrad Bratislava, odbor starostlivosti o životné prostre","skupina":"","zhluk":"primacialne namestie 1","presnost":"presná","zmena":"2018-01-17","faza":"posúdené","dok":34,"plany":[{"p":"H_prilohy2_vibroakustika.pdf","u":"https://www.enviroportal.sk/eia/dokument/238009","v":7967606,"t":"PDF"},{"p":"G_prilohy1.pdf","u":"https://www.enviroportal.sk/eia/dokument/238008","v":12253786,"t":"PDF"},{"p":"F_mapa3b_VAR_2.pdf","u":"https://www.enviroportal.sk/eia/dokument/238007","v":19886305,"t":"PDF"},{"p":"D_mapa2b_VAR_2.pdf","u":"https://www.enviroportal.sk/eia/dokument/238005","v":10298466,"t":"PDF"},{"p":"C_mapa2a_VAR_1.pdf","u":"https://www.enviroportal.sk/eia/dokument/238004","v":10174366,"t":"PDF"}],"typ":"Výroba a sklady"}},{"type":"Feature","geometry":{"type":"Point","coordinates":[18.832583,48.543084]},"properties":{"id":"nosny-system-mhd-prevadzkovy-usek-janikov-dvor-safarikovo-namestie-v-b-4","nazov":"Nosný systém MHD, prevádzkový úsek Janíkov dvor – Šafárikovo námestie v Bratislave, 2 časť Bosákova ulica – Janíkov dvor","firma":"Hlavné mesto Slovenskej republiky Bratislava","ico":"00603481","obec":"Bratislavský Kraj","stav":"Akcia je ukončená v procese EIA","urad":"OUBA, Hlavne mesto SR","skupina":"","zhluk":"primacialne namestie 1","presnost":"presná","zmena":"2021-05-10","faza":"posúdené","dok":14,"plany":[{"p":"DRS_mapa_C5_Celkova situacia_km_6_300.pdf","u":"https://www.enviroportal.sk/eia/dokument/319237","v":4283763,"t":"PDF"},{"p":"B1_Mapa_c1_sirsie_vztahy.pdf","u":"https://www.enviroportal.sk/eia/dokument/319190","v":9716860,"t":"PDF"},{"p":"B2_mapa_c2_Celkova_situacia_stavby_VAR_2m_EIA_2016.pdf","u":"https://www.enviroportal.sk/eia/dokument/319191","v":12760932,"t":"PDF"},{"p":"DRS_mapa_C1_Celkova situacia_km_2_400_3_500.pdf","u":"https://www.enviroportal.sk/eia/dokument/319233","v":129403611,"t":"PDF"},{"p":"DRS_mapa_C2_Celkova situacia_km_3_400_4_350.pdf","u":"https://www.enviroportal.sk/eia/dokument/319234","v":49823489,"t":"PDF"}],"typ":"Výroba a sklady"}},{"type":"Feature","geometry":{"type":"Point","coordinates":[17.142551,48.14492]},"properties":{"id":"nova-administrativna-budova-spp-bratislava","nazov":"Nová administratívna budova SPP, a.s., Bratislava","firma":"SIEBERT+TALAŠ, s.r.o., Jamnického 6","ico":"35833891","obec":"Bratislava - Ružinov","stav":"Akcia je ukončená v procese EIA","urad":"MČ Bratislava - Ružinov","skupina":"","zhluk":"","presnost":"presná","zmena":"2013-02-15","ulica":"Mlynské nivy","faza":"posúdené","dok":13,"plany":[{"p":"mapa1.pdf","u":"https://www.enviroportal.sk/eia/dokument/23442","v":5683218,"t":"PDF"},{"p":"vizualizßcie.pdf","u":"https://www.enviroportal.sk/eia/dokument/23435","v":11165571,"t":"PDF"},{"p":"mapa_2.pdf","u":"https://www.enviroportal.sk/eia/dokument/23441","v":256748,"t":"PDF"}],"typ":"Administratíva"}},{"type":"Feature","geometry":{"type":"Point","coordinates":[17.090433,48.118083]},"properties":{"id":"nova-matadorka-revitalizacia-arealu-zavodu-matador-","nazov":"Nová Matadorka - Revitalizácia areálu závodu MATADOR","firma":"OXIO s. r. o., Miletičova 5B","ico":"52845761","obec":"Bratislava - Petržalka","stav":"Akcia je ukončená v procese EIA","urad":"Mestská časť Bratislava – Petržalka, Kutlíkova 17, 852 12 Bratislava Okresný úrad Bratisla","skupina":"","zhluk":"","presnost":"približná","zmena":"2024-08-27","faza":"posúdené","dok":9,"plany":[{"p":"prílohy.zip","u":"https://www.enviroportal.sk/eia/dokument/348115","v":22907119,"t":"ZIP"},{"p":"prílohy.zip","u":"https://www.enviroportal.sk/eia/dokument/370474","v":128902799,"t":"ZIP"}],"typ":"Administratíva"}},{"type":"Feature","geometry":{"type":"Point","coordinates":[17.169919,48.147408]},"properties":{"id":"nova-nadrz-na-skladovanie-ropy-n-2804-slovnaft-bratislava","nazov":"Nová nádrž na skladovanie ropy N-2804, Slovnaft Bratislava","firma":"JAVYS, a.s., Tomášikova 22","ico":"31322832","obec":"Bratislava - Ružinov","stav":"Akcia je ukončená v procese EIA","urad":"SIŽP Bratislava","skupina":"","zhluk":"vlcie hrdlo 1","presnost":"približná","zmena":"2012-02-23","faza":"posúdené","dok":2,"typ":"Výroba a sklady"}},{"type":"Feature","geometry":{"type":"Point","coordinates":[17.095443,48.156064]},"properties":{"id":"nova-trolejbusova-trat-autobusova-stanica-nove-snd","nazov":"Nová trolejbusová trať Autobusová stanica – Nové SND","firma":"Dopravný podnik Bratislava, a.s., Olejkárska 1","ico":"00492736","obec":"Bratislava - Staré Mesto","stav":"Akcia je ukončená v procese EIA","urad":"OÚ BA, HL M SR BA, MČ RUŽINOV, MČ STARÉ MESTO, BSK","skupina":"","zhluk":"","presnost":"približná","zmena":"2023-07-03","faza":"posúdené","dok":5,"typ":"Doprava"}},{"type":"Feature","geometry":{"type":"Point","coordinates":[17.166796,48.170982]},"properties":{"id":"nova-trolejbusova-trat-bulharska-galvaniho","nazov":"Nová trolejbusová trať Bulharská - Galvaniho","firma":"Dopravný podnik Bratislava, a.s.","ico":"00492736","obec":"Bratislava - Ružinov","stav":"Akcia je ukončená v procese EIA","urad":"MČ BA RUŽINOV, OÚ BA","skupina":"","zhluk":"","presnost":"presná","zmena":"2023-04-14","ulica":"Bulharská","faza":"posúdené","dok":5,"typ":"Obchod a služby"}},{"type":"Feature","geometry":{"type":"Point","coordinates":[17.079119,48.164339]},"properties":{"id":"nova-trolejbusova-trat-patronka-riviera","nazov":"Nová trolejbusová trať Patrónka - Riviéra","firma":"Dopravný podnik Bratislava, a.s., Olejkárska 1","ico":"00492736","obec":"Bratislava - Staré Mesto","stav":"Iný dôvod ukončenia posudzovania","urad":"Hlavné mesto SR Bratislava","skupina":"","zhluk":"","presnost":"presná","zmena":"2022-10-24","ulica":"Pri Habánskom mlyne","faza":"zámer","dok":14,"plany":[{"p":"Dendrologický prieskum situácia 2.pdf","u":"https://www.enviroportal.sk/eia/dokument/351967","v":6069614,"t":"PDF"},{"p":"Dendrologický prieskum situácia 1.pdf","u":"https://www.enviroportal.sk/eia/dokument/351966","v":6652186,"t":"PDF"}],"typ":"Doprava"}},{"type":"Feature","geometry":{"type":"Point","coordinates":[17.142551,48.14492]},"properties":{"id":"nova-trolejbusova-trat-trencianska-hranicna","nazov":"Nová trolejbusová trať Trenčianska - Hraničná","firma":"Dopravný podnik Bratislava, a.s., Olejkárska 1","ico":"00492736","obec":"Bratislava - Ružinov","stav":"Akcia je ukončená v procese EIA","urad":"OÚ BA MČ BA RUŽINOV MČ BA VRAKUŇA","skupina":"","zhluk":"","presnost":"presná","zmena":"2023-04-24","ulica":"Mlynské nivy","faza":"posúdené","dok":5,"typ":"Doprava"}},{"type":"Feature","geometry":{"type":"Point","coordinates":[17.054852,48.199979]},"properties":{"id":"nova-univerzitna-nemocnica-bratislava-v-lokalite-razsochy","nazov":"Nová Univerzitná nemocnica Bratislava v lokalite Rázsochy","firma":"Ministerstvo zdravotníctva Slovenskej republiky, Limbová 2","ico":"00165565","obec":"Bratislava - Lamač","stav":"Akcia je ukončená v procese EIA","urad":"Mestská časť Bratislava – Lamač, Malokarpatské námestie, 6512/9, 841 03 Bratislava Okresný","skupina":"","zhluk":"","presnost":"približná","zmena":"2025-05-15","faza":"posúdené","dok":7,"plany":[{"p":"správa o hodnotení navrhovanej činnosti, príloha.pdf","u":"https://www.enviroportal.sk/eia/dokument/372145","v":115866702,"t":"PDF"}],"typ":"Vybavenosť"}},{"type":"Feature","geometry":{"type":"Point","coordinates":[17.047439,48.160052]},"properties":{"id":"nova-univerzitna-nemocnica-v-bratislave","nazov":"Nová univerzitná nemocnica v Bratislave","firma":"Ministerstvo zdravotníctva SR, Limbová 2","ico":"00165565","obec":"Bratislava - Karlova Ves","stav":"Akcia je ukončená v procese EIA","urad":"SÚ MČ Bratislava Karlova Ves, OÚ Bratislava","skupina":"","zhluk":"","presnost":"približná","zmena":"2014-10-17","faza":"posúdené","dok":3,"typ":"Vybavenosť"}},{"type":"Feature","geometry":{"type":"Point","coordinates":[17.023605,48.167591]},"properties":{"id":"nova-vyhrevna-podniku-volkswagen-slovakia-bratislava","nazov":"Nová výhrevňa podniku Volkswagen Slovakia, a.s., Bratislava","firma":"Volkswagen Slovakia, a.s., J. Jonáša 1","ico":"35757442","obec":"Bratislava - Devínska Nová Ves","stav":"Akcia je ukončená v procese EIA","urad":"MČ Bratislava - Devínska Nová Ves","skupina":"","zhluk":"j jonasa 1","presnost":"približná","zmena":"2013-02-19","faza":"posúdené","dok":6,"plany":[{"p":"mapa2","u":"https://www.enviroportal.sk/eia/dokument/24070","v":249287,"t":"PDF"}],"typ":"Výroba a sklady"}},{"type":"Feature","geometry":{"type":"Point","coordinates":[17.1018,48.158298]},"properties":{"id":"nove-brc-polyfunkcny-objekt-parc-c-280-1-280-3-bratislava","nazov":"Nové BRC – Polyfunkčný objekt, parc. č. 280/1 a 280/3, Bratislava","firma":"OMEGA Investments s.r.o., Tomášikova č. 64","ico":"46455141","obec":"Bratislava - Staré Mesto","stav":"Podlieha ďalšiemu posudzovaniu","urad":"MČ BA - Staré Mesto; OkÚ BA OSŽP","skupina":"","zhluk":"","presnost":"približná","zmena":"2015-07-09","faza":"zámer","dok":8,"plany":[{"p":"C_1_Prilohy.pdf","u":"https://www.enviroportal.sk/eia/dokument/227192","v":1911995,"t":"PDF"},{"p":"C_2_Prilohy.pdf","u":"https://www.enviroportal.sk/eia/dokument/227193","v":7949395,"t":"PDF"}],"typ":"Polyfunkcia"}},{"type":"Feature","geometry":{"type":"Point","coordinates":[17.177001,48.145604]},"properties":{"id":"nove-centrum-ruzinova-polyfunkcny-bytovy-dom","nazov":"Nové centrum Ružinova – Polyfunkčný bytový dom","firma":"MPC Development s. r. o., Mostová 2","ico":"51821486","obec":"Bratislava - Ružinov","stav":"Akcia je ukončená v procese EIA","urad":"Mestská časť - Ružinov","skupina":"","zhluk":"mostova 2","presnost":"približná","zmena":"2023-11-24","faza":"posúdené","dok":18,"plany":[{"p":"K_priloha6_dopravno-kapacitne_posudenie.pdf","u":"https://www.enviroportal.sk/eia/dokument/326025","v":5873500,"t":"PDF"},{"p":"J_priloha5_akusticka_studia_Redigované.pdf","u":"https://www.enviroportal.sk/eia/dokument/326024","v":5375707,"t":"PDF"},{"p":"F_priloha1_vizualizacie.pdf","u":"https://www.enviroportal.sk/eia/dokument/326019","v":32745889,"t":"PDF"},{"p":"B_mapa1_sirsie_vztahy.pdf","u":"https://www.enviroportal.sk/eia/dokument/326014","v":6406583,"t":"PDF"},{"p":"D_mapa3a_koordinacna_situacia_povodny_zamer.pdf","u":"https://www.enviroportal.sk/eia/dokument/326016","v":5967081,"t":"PDF"}],"typ":"Bývanie"}},{"type":"Feature","geometry":{"type":"Point","coordinates":[17.10295,48.200167]},"properties":{"id":"nove-cukrove-silo","nazov":"Nové cukrové silo","firma":"Mondelez SR Production s.r.o., Račianska 44","ico":"","obec":"Bratislava - Nové Mesto","stav":"Akcia je ukončená v procese EIA","urad":"MČ Bratislava - Nové Mesto","skupina":"","zhluk":"","presnost":"približná","zmena":"2024-12-02","faza":"posúdené","dok":10,"plany":[{"p":"Príloha č. 2 - Situácia.pdf","u":"https://www.enviroportal.sk/eia/dokument/382479","v":2714199,"t":"PDF"},{"p":"Príloha č. 4 - Rezy.pdf","u":"https://www.enviroportal.sk/eia/dokument/382481","v":629628,"t":"PDF"},{"p":"Príloha č. 3 - Technologická schéma.pdf","u":"https://www.enviroportal.sk/eia/dokument/382480","v":5686733,"t":"PDF"},{"p":"Príloha č. 5 - Zásobník.pdf","u":"https://www.enviroportal.sk/eia/dokument/382483","v":2037993,"t":"PDF"}],"typ":"Výroba a sklady"}},{"type":"Feature","geometry":{"type":"Point","coordinates":[17.565233,48.00571]},"properties":{"id":"nove-elektrickove-trate-v-bratislave-usek-kosicka","nazov":"Nové električkové trate v Bratislave, úsek Košická","firma":"Hlavné mesto Slovenskej republiky Bratislava, Primaciálne námestie č. ","ico":"00603481","obec":"Bratislava - Ružinov","stav":"Záverečné stanovisko","urad":"BSK, OUBA OSZP, OUBA OCDaPK, hl.m.SR.BA, MČ BA-Staré mesto, MČ BA-Ružinov","skupina":"","zhluk":"primacialne namestie 1","presnost":"presná","zmena":"2026-06-09","ulica":"Košická","faza":"povolené","doklad":"Rozhodnutie","dok":60,"plany":[{"p":"1811_EIA_SoH_I_01_Situacia_2.4.pdf","u":"https://www.enviroportal.sk/eia/dokument/390879","v":8074632,"t":"PDF"},{"p":"1811_EIA_SoH_I_01_Situacia_2.5.pdf","u":"https://www.enviroportal.sk/eia/dokument/390880","v":7518844,"t":"PDF"},{"p":"1811_EIA_SoH_I_01_Situacia_2.6.pdf","u":"https://www.enviroportal.sk/eia/dokument/390882","v":23564504,"t":"PDF"},{"p":"1811_EIA_SoH_I_01_Situacia_2.7.pdf","u":"https://www.enviroportal.sk/eia/dokument/390884","v":20183349,"t":"PDF"},{"p":"1811_EIA_SoH_I_01_Situacia_2.8.pdf","u":"https://www.enviroportal.sk/eia/dokument/390886","v":13903861,"t":"PDF"}],"typ":"Doprava"}},{"type":"Feature","geometry":{"type":"Point","coordinates":[17.184073,48.217671]},"properties":{"id":"nove-suty-obytna-zona-dokumentacia-pre-stavebne-povolenie","nazov":"NOVÉ ŠÚTY - OBYTNÁ ZÓNA, dokumentácia pre stavebné povolenie","firma":"VI GROUP spol. s r.o., Dorastenecká 26","ico":"35972131","obec":"Bratislava - Vajnory","stav":"Akcia je ukončená v procese EIA","urad":"MČ Bratislava - Vajnory, Okresný úrad Bratislava, odbor starostlivosti o ŽP","skupina":"","zhluk":"dorastenecka 46","presnost":"približná","zmena":"2014-05-30","faza":"povolené","doklad":"Rozhodnutie","dok":18,"plany":[{"p":"príloha 6.1 DSP","u":"https://www.enviroportal.sk/eia/dokument/213921","v":479276,"t":"PDF"},{"p":"príloha 6.2 DSP","u":"https://www.enviroportal.sk/eia/dokument/213922","v":346344,"t":"PDF"},{"p":"príloha 6.3 DSP","u":"https://www.enviroportal.sk/eia/dokument/213923","v":848588,"t":"PDF"},{"p":"príloha 6.4 DSP","u":"https://www.enviroportal.sk/eia/dokument/213924","v":296645,"t":"PDF"},{"p":"príloha 6.5 DSP","u":"https://www.enviroportal.sk/eia/dokument/213925","v":6074727,"t":"PDF"}],"typ":"Bývanie"}},{"type":"Feature","geometry":{"type":"Point","coordinates":[17.184037,48.223643]},"properties":{"id":"nove-suty-obytna-zona","nazov":"NOVÉ ŠÚTY - obytná zóna","firma":"VI GROUP spol. s r.o., Dorastenecká 46","ico":"35972131","obec":"Bratislava - Vajnory","stav":"Akcia je ukončená v procese EIA","urad":"Mestská časť Bratislava - Vajnory OÚŽP v Bratislave, odbor štátnej vodnej správy","skupina":"","zhluk":"dorastenecka 46","presnost":"približná","zmena":"2012-01-23","faza":"posúdené","dok":14,"plany":[{"p":"dopravný výkres","u":"https://www.enviroportal.sk/eia/dokument/132204","v":673771,"t":"PDF"},{"p":"koordinačná situácia","u":"https://www.enviroportal.sk/eia/dokument/132226","v":589849,"t":"PDF"},{"p":"situácia O3","u":"https://www.enviroportal.sk/eia/dokument/132229","v":251134,"t":"PDF"}],"typ":"Bývanie"}},{"type":"Feature","geometry":{"type":"Point","coordinates":[17.108097,48.195575]},"properties":{"id":"nove-vinice-bratislava","nazov":"NOVÉ VINICE, Bratislava","firma":"WORLD TRADING, s.r.o., Česká 23","ico":"35873345","obec":"Bratislava - Nové Mesto","stav":"Akcia je ukončená v procese EIA","urad":"Mestská časť Bratislava - Nové Mesto, OÚ v BA, odbor ŠVS","skupina":"","zhluk":"dunajska a","presnost":"približná","zmena":"2012-02-16","faza":"posúdené","dok":23,"plany":[{"p":"04 koordinacna situacia","u":"https://www.enviroportal.sk/eia/dokument/134112","v":466159,"t":"PDF"},{"p":"Vizualizacie 23","u":"https://www.enviroportal.sk/eia/dokument/134114","v":3221322,"t":"PDF"},{"p":"Vizualizacie 22","u":"https://www.enviroportal.sk/eia/dokument/134102","v":3614898,"t":"PDF"}],"typ":"Administratíva"}},{"type":"Feature","geometry":{"type":"Point","coordinates":[19.307379,48.87611]},"properties":{"id":"nove-vinice-ii-etapa-so-04-objekt-obcianskej-vybavenosti-parkovaci-dom","nazov":"NOVÉ VINICE – II. ETAPA SO-04 Objekt občianskej vybavenosti – Parkovací dom“ a „Nové Vinice, Skalická ulica, Bratislava, dokumentácia k žiadosti o sta","firma":"World Trading, s.r.o., Dunajská 15/A","ico":"35873345","obec":"Bratislava - Nové Mesto","stav":"Akcia je ukončená v procese EIA","urad":"Stavebný úrad Mestskej časti Bratislava - Nové Mesto, Junácka 1, 832 90 Bratislava","skupina":"","zhluk":"dunajska a","presnost":"presná","zmena":"2015-10-06","faza":"posúdené","dok":18,"plany":[{"p":"Priloha_1_Zamer_info.pdf","u":"https://www.enviroportal.sk/eia/dokument/230435","v":109122,"t":"PDF"},{"p":"Priloha_2_mapa_sirsich_vztahov.pdf","u":"https://www.enviroportal.sk/eia/dokument/230436","v":728224,"t":"PDF"},{"p":"Priloha_3_LV.č.4784.07.15.pdf","u":"https://www.enviroportal.sk/eia/dokument/230437","v":761041,"t":"PDF"},{"p":"Priloha_6_UR NV_platne.pdf","u":"https://www.enviroportal.sk/eia/dokument/230438","v":3012532,"t":"PDF"},{"p":"01 koordinacna situacia.pdf","u":"https://www.enviroportal.sk/eia/dokument/230439","v":323957,"t":"PDF"}],"typ":"Doprava"}},{"type":"Feature","geometry":{"type":"Point","coordinates":[17.109401,48.196999]},"properties":{"id":"nove-vinice","nazov":"NOVÉ VINICE","firma":"ACS 5, s. r. o., Plynárenská 7/a","ico":"50794922","obec":"Bratislava - Nové Mesto","stav":"Akcia je ukončená v procese EIA","urad":"OÚ BA, MČ BA Nové Mesto","skupina":"","zhluk":"plynarenska a","presnost":"približná","zmena":"2022-02-08","faza":"posúdené","dok":7,"typ":"Výroba a sklady"}},{"type":"Feature","geometry":{"type":"Point","coordinates":[17.142551,48.14492]},"properties":{"id":"novostavba-administrativnej-budovy-the-mill","nazov":"Novostavba administratívnej budovy The Mill","firma":"Immocap Invest III, a.s., Plynárenská 7/C","ico":"50340018","obec":"Bratislava - Ružinov","stav":"Akcia je ukončená v procese EIA","urad":"OÚ BA, MČ Bratislava - Ružinov","skupina":"","zhluk":"plynarenska c","presnost":"presná","zmena":"2021-03-11","ulica":"Mlynské nivy","faza":"posúdené","dok":5,"typ":"Administratíva"}},{"type":"Feature","geometry":{"type":"Point","coordinates":[17.047223,48.199548]},"properties":{"id":"novostavba-hotela-bratislava","nazov":"Novostavba hotela, Bratislava","firma":"Bory, a.s., Digital Park II, Einsteinova 25","ico":"36740896","obec":"Bratislava - Lamač","stav":"Rozhodnutie o zmene navrhovanej činnosti- neposudzovať","urad":"Mestská časť Bratislava – Lamač, Malokarpatské námestie 9, 841 03 Bratislava","skupina":"Penta Real Estate","zhluk":"einsteinova 25","presnost":"približná","zmena":"2019-08-27","faza":"zámer","dok":5,"plany":[{"p":"Prílohy.zip","u":"https://www.enviroportal.sk/eia/dokument/269344","v":10755240,"t":"ZIP"}],"typ":"Polyfunkcia"}},{"type":"Feature","geometry":{"type":"Point","coordinates":[17.02525,48.168345]},"properties":{"id":"novostavba-loz-iv-bratislava-rozsirenie-loz-iii-","nazov":"Novostavba LOZ IV Bratislava (Rozšírenie LOZ III)","firma":"Volkswagen Group Real Estate Slovakia s.r.o., J. Jonáša 1","ico":"50275526","obec":"Bratislava - Devínska Nová Ves","stav":"Akcia je ukončená v procese EIA","urad":"Mestská časť Bratislava- Devínska Nová Ves (stavebný úrad) Okresný úrad Bratislava","skupina":"","zhluk":"j jonasa 1","presnost":"približná","zmena":"2023-12-06","faza":"dokončené","doklad":"Oznámenie.","dok":9,"plany":[{"p":"Prílohy.pdf","u":"https://www.enviroportal.sk/eia/dokument/362701","v":11095297,"t":"PDF"}],"typ":"Výroba a sklady"}},{"type":"Feature","geometry":{"type":"Point","coordinates":[17.048514,48.15941]},"properties":{"id":"novostavba-parkovacieho-domu","nazov":"Novostavba parkovacieho domu","firma":"ARKER, s.r.o.","ico":"35940433","obec":"Bratislava - Karlova Ves","stav":"Akcia je ukončená v procese EIA","urad":"MČ BA Karlová Ves, OÚŽPBA","skupina":"","zhluk":"","presnost":"približná","zmena":"2019-06-05","faza":"posúdené","dok":5,"typ":"Bývanie"}},{"type":"Feature","geometry":{"type":"Point","coordinates":[17.092764,48.118774]},"properties":{"id":"novostavba-rehabilitacneho-diagnostickeho-strediska-vrcholoveho-sportu","nazov":"Novostavba rehabilitačného a diagnostického strediska vrcholového športu, Bratislava","firma":"EMERALD REGINA SLOVENSKO, s.r.o., Bratislava","ico":"35721421","obec":"Bratislava - Petržalka","stav":"Akcia je ukončená v procese EIA","urad":"MČ Bratislava - Petržalka, Magistrát HM SR Bratislavy","skupina":"","zhluk":"","presnost":"približná","zmena":"2019-03-08","faza":"posúdené","dok":8,"plany":[{"p":"Prílohy b.pdf","u":"https://www.enviroportal.sk/eia/dokument/287770","v":7165058,"t":"PDF"},{"p":"str. 46-53. prílohy 1-5.pdf","u":"https://www.enviroportal.sk/eia/dokument/287773","v":7126546,"t":"PDF"},{"p":"Prílohy a.pdf","u":"https://www.enviroportal.sk/eia/dokument/287769","v":7603404,"t":"PDF"}],"typ":"Administratíva"}},{"type":"Feature","geometry":{"type":"Point","coordinates":[17.100261,48.152943]},"properties":{"id":"novostavba-technologickeho-pavilonu-internatu-s-jedalnou-v-areali-vsvu","nazov":"Novostavba technologického pavilónu a internátu s jedálňou v areáli VŠVU na Drotárskej ceste v Bratislave","firma":"Vysoká škola výtvarných umení v Bratislave, Hviezdoslavovo námestie 18","ico":"00157805","obec":"Bratislava - Staré Mesto","stav":"Akcia je ukončená v procese EIA","urad":"Mestská časť Bratislava-Staré Mesto, Stavebný úrad Okresný úrad Bratislava, odbor starostl","skupina":"","zhluk":"","presnost":"približná","zmena":"2024-06-28","faza":"dokončené","doklad":"Oznámenie o začatí kolaudačného konania","dok":7,"typ":"Vybavenosť"}},{"type":"Feature","geometry":{"type":"Point","coordinates":[17.116161,48.156936]},"properties":{"id":"novy-istropolis-integracia-funkcnych-zon","nazov":"Nový Istropolis – Integrácia funkčných zón","firma":"Trnavské Mýto, a. s.","ico":"36283461","obec":"Bratislava - Nové Mesto","stav":"Oznámenie o zmene","urad":"1. Mestská časť Bratislava – Nové Mesto, Junácka 1, 832 91 Bratislava 2. Okresný úrad Brat","skupina":"","zhluk":"","presnost":"presná","zmena":"2026-07-23","ulica":"Šancová","faza":"zámer","dok":2,"typ":"Bývanie"}},{"type":"Feature","geometry":{"type":"Point","coordinates":[17.116161,48.156936]},"properties":{"id":"novy-istropolis-revizia-projektu","nazov":"Nový Istropolis - revízia projektu","firma":"Trnavské Mýto, a. s., Mlynské Nivy 55","ico":"36283461","obec":"Bratislava - Nové Mesto","stav":"Oznámenie o zmene","urad":"Mestská časť Bratislava – Nové Mesto, Junácka 1, 831 04 Bratislava Okresný úrad Bratislava","skupina":"","zhluk":"","presnost":"presná","zmena":"2026-02-09","ulica":"Šancová","faza":"zámer","dok":4,"typ":"Plány a koncepcie"}},{"type":"Feature","geometry":{"type":"Point","coordinates":[17.101827,48.198928]},"properties":{"id":"novy-istropolis","nazov":"Nový Istropolis","firma":"Trnavské Mýto, a. s., Plynárenská 7/C","ico":"50259547","obec":"Bratislava - Nové Mesto","stav":"Akcia je ukončená v procese EIA","urad":"Mestská časť Bratislava – Nové Mesto, Junácka 1, 832 91 Bratislava Okresný úrad Bratislava","skupina":"","zhluk":"plynarenska c","presnost":"približná","zmena":"2023-08-09","faza":"posúdené","dok":8,"plany":[{"p":"príloha.zip","u":"https://www.enviroportal.sk/eia/dokument/317731","v":21238054,"t":"ZIP"}],"typ":"Bývanie"}},{"type":"Feature","geometry":{"type":"Point","coordinates":[17.214561,48.15103]},"properties":{"id":"novy-majerhof","nazov":"NOVÝ MAJERHOF","firma":"Malý Dunaj Development, j.s.a., Mlynské Nivy 16","ico":"50852230","obec":"Bratislava - Vrakuňa","stav":"Akcia je ukončená v procese EIA","urad":"OUBA, MČ BA-Vrakuňa stavebný úrad","skupina":"","zhluk":"mlynske nivy 16","presnost":"približná","zmena":"2024-08-08","faza":"posúdené","dok":22,"plany":[{"p":"D_Mapa_c3_Situacia_stavby_Novy_Majerhof.pdf","u":"https://www.enviroportal.sk/eia/dokument/372799","v":2906766,"t":"PDF"},{"p":"C_Mapa_c2_Ortofotomapa_Novy_Majerhof.pdf","u":"https://www.enviroportal.sk/eia/dokument/372798","v":349929,"t":"PDF"},{"p":"G_Vizualizacie_Novy_Majerhof.pdf","u":"https://www.enviroportal.sk/eia/dokument/372803","v":10661306,"t":"PDF"},{"p":"B_mapa_c1_Sirsie_vztahy_Novy_Majerhof.pdf","u":"https://www.enviroportal.sk/eia/dokument/372797","v":1009739,"t":"PDF"}],"typ":"Bývanie"}},{"type":"Feature","geometry":{"type":"Point","coordinates":[17.171302,48.145243]},"properties":{"id":"novy-system-predohrevu-spalin-vzduchu-na-ad5-komin","nazov":"Nový systém predohrevu spalín a vzduchu na AD5 - Komín","firma":"SLOVNAFT, a.s., Vlčie hrdlo 1","ico":"31322832","obec":"Bratislava - Ružinov","stav":"Oznámenie o zmene","urad":"Slovenská inšpekcia životného prostredia, Inšpektorát životného prostredia Bratislava, odb","skupina":"","zhluk":"vlcie hrdlo 1","presnost":"približná","zmena":"2026-03-09","faza":"zámer","dok":5,"typ":"Výroba a sklady"}},{"type":"Feature","geometry":{"type":"Point","coordinates":[17.101851,48.196849]},"properties":{"id":"novy-zdroj-58-mwe","nazov":"Nový zdroj 58 MWe","firma":"PPC Energy, a.s., Magnetová 12","ico":"36798436","obec":"Bratislava - Nové Mesto","stav":"Akcia je ukončená v procese EIA","urad":"Mestská časť Bratislava ? Nové Mesto","skupina":"","zhluk":"magnetova 12","presnost":"približná","zmena":"2013-09-11","faza":"posúdené","dok":24,"plany":[{"p":"grafpriloha2B LVO","u":"https://www.enviroportal.sk/eia/dokument/47911","v":91145,"t":"PDF"},{"p":"príloha 1_rozptyl štúdia","u":"https://www.enviroportal.sk/eia/dokument/47924","v":172388,"t":"PDF"},{"p":"grafpriloha1A","u":"https://www.enviroportal.sk/eia/dokument/47908","v":219944,"t":"PDF"},{"p":"grafpriloha1B LVO","u":"https://www.enviroportal.sk/eia/dokument/47909","v":227193,"t":"PDF"},{"p":"príloha 4_ÚPI","u":"https://www.enviroportal.sk/eia/dokument/47928","v":1305827,"t":"PDF"}],"typ":"Výroba a sklady"}},{"type":"Feature","geometry":{"type":"Point","coordinates":[17.205033,48.118725]},"properties":{"id":"obalovacie-zariadenia-asfaltovych-zmesi-bratislava-lieskovska-cesta","nazov":"Obaľovacie zariadenia asfaltových zmesí Bratislava, Lieskovská cesta","firma":"EUROVIA - CESTY, a.s., Osloboditeľov 66","ico":"31651518","obec":"Bratislava - Podunajské Biskupice","stav":"Akcia je ukončená v procese EIA","urad":"Magistrát HM SR Bratislavy, MČ Bratislava - Podunajské Biskupice","skupina":"","zhluk":"","presnost":"presná","zmena":"2013-02-11","faza":"posúdené","dok":22,"plany":[{"p":"mapa","u":"https://www.enviroportal.sk/eia/dokument/20083","v":304566,"t":"PDF"}],"typ":"Doprava"}},{"type":"Feature","geometry":{"type":"Point","coordinates":[17.032697,48.185151]},"properties":{"id":"obalovna-asfaltovych-zmesi-120-t-bratislava-dubravka-technicke-sklo","nazov":"Obaľovňa asfaltových zmesí 120 t - Bratislava, Dúbravka - Technické sklo","firma":"Skanska BS a.s., Košovská cesta 16","ico":"31611788","obec":"Bratislava - Dúbravka","stav":"Akcia je ukončená v procese EIA","urad":"MČ Bratislava - Dúbravka, MČ Bratislava - Devínska Nová Ves, Magistrát HM Bratislavy","skupina":"","zhluk":"","presnost":"približná","zmena":"2013-02-11","faza":"povolené","doklad":"Rozhodnutie","dok":18,"plany":[{"p":"príloha č. 5","u":"https://www.enviroportal.sk/eia/dokument/29759","v":346092,"t":"PDF"},{"p":"príloha č. 4a","u":"https://www.enviroportal.sk/eia/dokument/29758","v":367422,"t":"PDF"},{"p":"príloha č. 4","u":"https://www.enviroportal.sk/eia/dokument/29757","v":332415,"t":"PDF"},{"p":"príloha č. 7.1","u":"https://www.enviroportal.sk/eia/dokument/29751","v":514033,"t":"PDF"},{"p":"príloha č. 6","u":"https://www.enviroportal.sk/eia/dokument/29760","v":717226,"t":"PDF"}],"typ":"Výroba a sklady"}},{"type":"Feature","geometry":{"type":"Point","coordinates":[17.211496,48.11119]},"properties":{"id":"obalovna-zivicnych-zmesi-ketelec","nazov":"Obaľovňa živičných zmesí Ketelec","firma":"D4R7 Construction s.r.o., Odborárska 21","ico":"50245350","obec":"Bratislava - Podunajské Biskupice","stav":"Akcia je ukončená v procese EIA","urad":"Mestská časť Bratislava - Podunajské Biskupice, stavebný úrad, Trojičné nám. 11, 821 06 Br","skupina":"","zhluk":"","presnost":"približná","zmena":"2019-01-09","faza":"posúdené","dok":7,"typ":"Doprava"}},{"type":"Feature","geometry":{"type":"Point","coordinates":[17.11079,48.14769]},"properties":{"id":"obchodna-zona-glp-bratislava","nazov":"Obchodná zóna GLP Bratislava","firma":"Airport Infra s.r.o., Laurinská 18","ico":"54224306","obec":"Bratislava - Ružinov","stav":"Akcia je ukončená v procese EIA","urad":"Miestny úrad Bratislava – Ružinov, stavebný úrad, Mierová 21, 827 05 Bratislava Okresný úr","skupina":"","zhluk":"laurinska 18","presnost":"presná","zmena":"2023-03-09","ulica":"Obchodná","faza":"povolené","doklad":"Informácia","dok":15,"plany":[{"p":"B1_mapa_1_sirsie_vztahy.pdf","u":"https://www.enviroportal.sk/eia/dokument/368999","v":6704891,"t":"PDF"},{"p":"B3_mapa_3_Celkova_situacia_stavby_zmena_07_2022.pdf","u":"https://www.enviroportal.sk/eia/dokument/369001","v":2886344,"t":"PDF"},{"p":"B2_mapa_2_ortofotomapa_GLP_BA.pdf","u":"https://www.enviroportal.sk/eia/dokument/369000","v":12682182,"t":"PDF"},{"p":"D1_Vizualizacie_1_2.pdf","u":"https://www.enviroportal.sk/eia/dokument/369003","v":19581429,"t":"PDF"},{"p":"D2_Vizualizacie_2_2.pdf","u":"https://www.enviroportal.sk/eia/dokument/369004","v":8098700,"t":"PDF"}],"typ":"Obchod a služby"}},{"type":"Feature","geometry":{"type":"Point","coordinates":[17.023054,48.173412]},"properties":{"id":"obchodne-administrativne-centrum-spolocnosti-ptacek-sprava-bratislava","nazov":"Obchodné a administratívne centrum spoločnosti Ptáček – správa, a.s., Bratislava","firma":"Bory, a.s., Digital Park II, Einsteinova 25","ico":"36740896","obec":"Bratislava - Devínska Nová Ves","stav":"Akcia je ukončená v procese EIA","urad":"Mestská časť Bratislava – Lamač, Miestny úrad, Malokarpatské námestie 9, 841 03 Bratislava","skupina":"Penta Real Estate","zhluk":"einsteinova 25","presnost":"približná","zmena":"2015-11-04","faza":"posúdené","dok":3,"typ":"Administratíva"}},{"type":"Feature","geometry":{"type":"Point","coordinates":[17.094193,48.121291]},"properties":{"id":"obchodne-centrum-bosakova-","nazov":"Obchodné centrum Bosákova","firma":"","ico":"","obec":"Bratislava - Petržalka","stav":"Podnet","urad":"Mestská časť Bratislava-Petržalka, Kutlíkova 17, 851 02 Bratislava","skupina":"","zhluk":"","presnost":"približná","zmena":"2025-11-18","faza":"zámer","dok":3,"plany":[{"p":"príloha.pdf","u":"https://www.enviroportal.sk/eia/dokument/396511","v":272546,"t":"PDF"}],"typ":"Administratíva"}},{"type":"Feature","geometry":{"type":"Point","coordinates":[17.134504,48.160025]},"properties":{"id":"obchodne-centrum-bratislava-trnavska-ulica","nazov":"Obchodné centrum Bratislava, Trnavská ulica","firma":"MURLABO Slovakia, s.r.o., Panenská 6","ico":"35852607","obec":"Bratislava - Nové Mesto","stav":"Akcia je ukončená v procese EIA","urad":"MČ Bratislava – Nové Mesto","skupina":"","zhluk":"panenska 6","presnost":"presná","zmena":"2015-03-12","faza":"posúdené","dok":15,"plany":[{"p":"Obr.2_Koordinačna situacia.pdf","u":"https://www.enviroportal.sk/eia/dokument/221147","v":804991,"t":"PDF"},{"p":"TEXTOVA_PRILOHA_1_UPUSTENIE.pdf","u":"https://www.enviroportal.sk/eia/dokument/221150","v":352773,"t":"PDF"},{"p":"TEXTOVA_PRILOHA_2_HLUKOVA_STUDIA.pdf","u":"https://www.enviroportal.sk/eia/dokument/221151","v":9122581,"t":"PDF"},{"p":"TEXTOVA_PRILOHA_3_ROZPTYLOVA_STUDIA.pdf","u":"https://www.enviroportal.sk/eia/dokument/221152","v":436884,"t":"PDF"},{"p":"TEXTOVA_PRILOHA_4_SVETLOTECHNICKY POSUDOK.pdf","u":"https://www.enviroportal.sk/eia/dokument/221153","v":299633,"t":"PDF"}],"typ":"Obchod a služby"}},{"type":"Feature","geometry":{"type":"Point","coordinates":[17.130401,48.225116]},"properties":{"id":"obchodne-centrum-fachmarktzentrum-bratislava-raca","nazov":"Obchodné centrum Fachmarktzentrum Bratislava - Rača","firma":"QUEEN INVESTMENT spol. s r.o., Robotnícka 6","ico":"36040312","obec":"Bratislava - Rača","stav":"Akcia je ukončená v procese EIA","urad":"Mestská časť Bratislava ? Rača","skupina":"","zhluk":"","presnost":"približná","zmena":"2013-09-11","faza":"posúdené","dok":3,"typ":"Obchod a služby"}},{"type":"Feature","geometry":{"type":"Point","coordinates":[17.024623,48.172948]},"properties":{"id":"obchodne-centrum-kaufland-bratislava-bory-","nazov":"Obchodné centrum Kaufland Bratislava, Bory","firma":"Kaufland Slovenská republika v. o. s., Trnavská cesta 41/A","ico":"35790164","obec":"Bratislava - Devínska Nová Ves","stav":"Akcia je ukončená v procese EIA","urad":"Mestská časť Bratislava – Devínska Nová Ves, Novoveská 5401/17, 841 07 Devínska Nová Ves","skupina":"","zhluk":"trnavska cesta a","presnost":"približná","zmena":"2020-01-28","faza":"posúdené","dok":5,"plany":[{"p":"príloha.zip","u":"https://www.enviroportal.sk/eia/dokument/293414","v":17327233,"t":"ZIP"}],"typ":"Obchod a služby"}},{"type":"Feature","geometry":{"type":"Point","coordinates":[17.047,48.200161]},"properties":{"id":"obchodne-centrum-mobelix-bratislava-bory","nazov":"Obchodné centrum Möbelix Bratislava Bory","firma":"Bory, a.s., Digital Park II, Einsteinova 25","ico":"36740896","obec":"Bratislava - Lamač","stav":"Rozhodnutie o zmene navrhovanej činnosti- neposudzovať","urad":"Mestská časť Bratislava – Lamač, Malokarpatské námestie 9, 841 03 Bratislava","skupina":"Penta Real Estate","zhluk":"einsteinova 25","presnost":"približná","zmena":"2018-04-13","faza":"zámer","dok":7,"plany":[{"p":"Prilohy.zip","u":"https://www.enviroportal.sk/eia/dokument/267516","v":20839731,"t":"ZIP"}],"typ":"Polyfunkcia"}},{"type":"Feature","geometry":{"type":"Point","coordinates":[17.018972,48.16891]},"properties":{"id":"obchodne-centrum-siko-bory-bratislava-","nazov":"Obchodné centrum SIKO Bory, Bratislava","firma":"SLOSIKO, s. r. o., Galvaniho 16/B","ico":"36865770","obec":"Bratislava - Devínska Nová Ves","stav":"Akcia je ukončená v procese EIA","urad":"Mestská časť Bratislava – Devínska Nová Ves, Novoveská 5401/17, 841 07 Bratislava","skupina":"","zhluk":"","presnost":"približná","zmena":"2020-09-23","faza":"posúdené","dok":5,"plany":[{"p":"prílohy.zip","u":"https://www.enviroportal.sk/eia/dokument/309073","v":6779620,"t":"ZIP"}],"typ":"Polyfunkcia"}},{"type":"Feature","geometry":{"type":"Point","coordinates":[17.21384,48.110687]},"properties":{"id":"obchodne-centrum-slovnaftska-lokalita-podunajske-biskupice-bratislava","nazov":"Obchodné centrum - Slovnaftská, lokalita Podunajské Biskupice, Bratislava","firma":"QUEEN INVESTMENT s.r.o., Robotnícka 6","ico":"36040312","obec":"Bratislava - Podunajské Biskupice","stav":"Akcia je ukončená v procese EIA","urad":"Mestská časť Bratislava - Podunajské Biskupice, OÚŽP v BA odbor ŠVS","skupina":"","zhluk":"","presnost":"približná","zmena":"2011-11-22","faza":"posúdené","dok":28,"plany":[{"p":"grafické prílohy P4-09-pohľady","u":"https://www.enviroportal.sk/eia/dokument/126504","v":163750,"t":"PDF"},{"p":"grafické prílohy P2-04-situácia","u":"https://www.enviroportal.sk/eia/dokument/126492","v":623760,"t":"PDF"},{"p":"grafické prílohy P6 fotodokumentácia","u":"https://www.enviroportal.sk/eia/dokument/126506","v":2231943,"t":"PDF"},{"p":"situácia dendro","u":"https://www.enviroportal.sk/eia/dokument/126470","v":958943,"t":"PDF"},{"p":"grafické prílohy P1 -1 5000","u":"https://www.enviroportal.sk/eia/dokument/126503","v":2007916,"t":"PDF"}],"typ":"Obchod a služby"}},{"type":"Feature","geometry":{"type":"Point","coordinates":[17.177834,48.146908]},"properties":{"id":"obchodne-logisticke-centrum-fy-ptacek-velkoobchod-ba-zlate-piesky","nazov":"Obchodné a logistické centrum fy PTÁČEK Veľkoobchod a.s., Ba, Zlaté Piesky","firma":"VPÚ DECO Bratislava, a. s., Za kasárňou 1","ico":"31400027","obec":"Bratislava - Ružinov","stav":"Akcia je ukončená v procese EIA","urad":"MČ BA - Ružinov","skupina":"","zhluk":"","presnost":"približná","zmena":"2013-01-16","faza":"posúdené","dok":6,"plany":[{"p":"Prílohy","u":"https://www.enviroportal.sk/eia/dokument/37327","v":21322317,"t":"PDF"}],"typ":"Výroba a sklady"}},{"type":"Feature","geometry":{"type":"Point","coordinates":[17.171637,48.145048]},"properties":{"id":"obchodno-skladovaci-areal","nazov":"Obchodno - skladovací areál","firma":"DEVELOPMENT 4, a.s., Kominárska 2, 4","ico":"36688223","obec":"Bratislava - Ružinov","stav":"Akcia je ukončená v procese EIA","urad":"MČ Ba - Ružinov, OÚ Ba OSŽP","skupina":"","zhluk":"","presnost":"približná","zmena":"2014-11-07","faza":"posúdené","dok":5,"plany":[{"p":"prílohy","u":"https://www.enviroportal.sk/eia/dokument/219418","v":3687809,"t":"PDF"}],"typ":"Obchod a služby"}},{"type":"Feature","geometry":{"type":"Point","coordinates":[17.019027,48.168842]},"properties":{"id":"obchodno-vystavne-objekty","nazov":"Obchodno - výstavné objekty","firma":"Bory, a.s., Digital Park II, Einsteinova 25","ico":"36740896","obec":"Bratislava - Devínska Nová Ves","stav":"Akcia je ukončená v procese EIA","urad":"MČ Bratislava – Devínska Nová Ves Okresný úrad Bratislava, odbor starostlivosti o životné ","skupina":"Penta Real Estate","zhluk":"einsteinova 25","presnost":"približná","zmena":"2016-02-23","faza":"posúdené","dok":15,"typ":"Výroba a sklady"}},{"type":"Feature","geometry":{"type":"Point","coordinates":[17.025618,48.168667]},"properties":{"id":"obchodny-areal-ama-centrum-bratislava-bory-","nazov":"Obchodný areál AMA centrum Bratislava-Bory","firma":"Bory, a. s., Digital Park II, Einsteinova 25","ico":"36740896","obec":"Bratislava - Devínska Nová Ves","stav":"Oznámenie o zmene","urad":"MČ DNV, OÚ BA","skupina":"Penta Real Estate","zhluk":"einsteinova 25","presnost":"približná","zmena":"2026-04-07","faza":"zámer","dok":27,"plany":[{"p":"C00_SIT_02 - koordinačná_20251107.pdf","u":"https://www.enviroportal.sk/eia/dokument/398628","v":427623,"t":"PDF"},{"p":"Situacia sirsich vztahov Lamacska brana variant 2.PDF","u":"https://www.enviroportal.sk/eia/dokument/398625","v":916069,"t":"PDF"}],"typ":"Polyfunkcia"}},{"type":"Feature","geometry":{"type":"Point","coordinates":[17.0475,48.202156]},"properties":{"id":"obchodny-dom-kika-ii-bory-mall-bratislava-lamac","nazov":"Obchodný dom KIKA II – Bory Mall, Bratislava - Lamač","firma":"Bory, a.s., Digital Park II, Einsteinova 25","ico":"36740896","obec":"Bratislava - Lamač","stav":"Akcia je ukončená v procese EIA","urad":"Mestská časť Bratislava – Lamač, Malokarpatské námestie 9, 841 03 Bratislava Okresný úrad ","skupina":"Penta Real Estate","zhluk":"einsteinova 25","presnost":"približná","zmena":"2017-08-30","faza":"posúdené","dok":5,"typ":"Polyfunkcia"}},{"type":"Feature","geometry":{"type":"Point","coordinates":[17.09946,48.110942]},"properties":{"id":"obchodny-dom-technomarket-panonska-cesta-bratislava","nazov":"Obchodný dom Technomarket Panónska cesta, Bratislava","firma":"ibn, s.r.o., Coburgova 84","ico":"36284548","obec":"Bratislava - Petržalka","stav":"Akcia je ukončená v procese EIA","urad":"Mestská časť Bratislava ? Petržalka","skupina":"","zhluk":"coburgova 84","presnost":"presná","zmena":"2014-09-02","faza":"posúdené","dok":19,"plany":[{"p":"03_podorys MP rezy","u":"https://www.enviroportal.sk/eia/dokument/49769","v":108865,"t":"PDF"},{"p":"Priloha_3_Rozptyl","u":"https://www.enviroportal.sk/eia/dokument/49787","v":377698,"t":"PDF"},{"p":"04_podorys rez","u":"https://www.enviroportal.sk/eia/dokument/49770","v":184154,"t":"PDF"},{"p":"01_sirsie vztahy 1","u":"https://www.enviroportal.sk/eia/dokument/49767","v":241981,"t":"PDF"},{"p":"02_situacia","u":"https://www.enviroportal.sk/eia/dokument/49768","v":668405,"t":"PDF"}],"typ":"Výroba a sklady"}},{"type":"Feature","geometry":{"type":"Point","coordinates":[17.048613,48.203072]},"properties":{"id":"obchodny-dom-xxxlutz-bratislava-bory-","nazov":"Obchodný dom XXXLutz Bratislava - Bory","firma":"RAS Immobilien, SK s. r. o., Rožňavská 32","ico":"46429824","obec":"Bratislava - Lamač","stav":"Oznámenie o zmene","urad":"Mestská časť Bratislava – Lamač, Malokarpatské námestie 9, 841 03 Bratislava Okresný úrad ","skupina":"","zhluk":"","presnost":"približná","zmena":"2024-10-07","faza":"zámer","dok":4,"typ":"Bývanie"}},{"type":"Feature","geometry":{"type":"Point","coordinates":[17.927747,48.271494]},"properties":{"id":"objekty-obcianskej-vybavenosti-havlickova-ul-bratislava","nazov":"Objekty občianskej vybavenosti, Havlíčkova ul., Bratislava","firma":"Rabit Engineering, Inžiniersko - projektová a dodávateľská s.r.o.","ico":"31404588","obec":"Bratislava - Staré Mesto","stav":"Akcia je ukončená v procese EIA","urad":"MČ Bratislava - Staré Mesto, Magistrát HM SR Bratislavy","skupina":"","zhluk":"","presnost":"presná","zmena":"2013-02-04","ulica":"Havlíčkova","faza":"posúdené","dok":1,"typ":"Vybavenosť"}},{"type":"Feature","geometry":{"type":"Point","coordinates":[17.107158,48.200674]},"properties":{"id":"obnova-dostavba-casti-arealu-palma","nazov":"OBNOVA A DOSTAVBA ČASTI AREÁLU PALMA","firma":"CC LAMBDA, s.r.o.","ico":"50574710","obec":"Bratislava - Nové Mesto","stav":"Akcia je ukončená v procese EIA","urad":"OUBA MČ NOVE Mesto","skupina":"","zhluk":"","presnost":"približná","zmena":"2022-02-14","faza":"posúdené","dok":8,"typ":"Bývanie"}},{"type":"Feature","geometry":{"type":"Point","coordinates":[17.066053,48.233985]},"properties":{"id":"obnova-potencialu-polnohospodarskej-vyroby-poskodeneho-prirodnymi-kata-7","nazov":"Obnova potenciálu poľnohospodárskej výroby poškodeného prírodnými katastrofami a katastrofickými udalosťami a zavedenie vhodných preventívnych opatren","firma":"Hydromeliorácie, štátny podnik, Vrakunská ulica č. 29","ico":"35860839","obec":"Bratislava - Záhorská Bystrica","stav":"Akcia je ukončená v procese EIA","urad":"OkÚ BA","skupina":"","zhluk":"","presnost":"približná","zmena":"2015-12-04","faza":"posúdené","dok":4,"typ":"Vybavenosť"}},{"type":"Feature","geometry":{"type":"Point","coordinates":[17.131841,48.221004]},"properties":{"id":"obytna-zona-bratislava-raca-zahumenice-bratislava","nazov":"Obytná zóna Bratislava-Rača - Záhumenice, Bratislava","firma":"ATOPS, s. r. o., Lombardiniho 17","ico":"46429701","obec":"Bratislava - Rača","stav":"Akcia je ukončená v procese EIA","urad":"MČ Ba - Rača OÚ Ba, odbor starostlivosti o ŽP, odd. ochrany prírody a vybraných zložiek ŽP","skupina":"","zhluk":"lombardiniho 17","presnost":"približná","zmena":"2014-11-13","faza":"posúdené","dok":49,"plany":[{"p":"Výkres Koordinačná situácia","u":"https://www.enviroportal.sk/eia/dokument/217200","v":6662746,"t":"PDF"},{"p":"Výkres Širsie vzťahy","u":"https://www.enviroportal.sk/eia/dokument/217166","v":3732193,"t":"PDF"},{"p":"Výkres Vodné hospodárstvo","u":"https://www.enviroportal.sk/eia/dokument/217167","v":1840365,"t":"PDF"},{"p":"Dopravné posúdenie širšie vzťahy 2","u":"https://www.enviroportal.sk/eia/dokument/217170","v":3732197,"t":"PDF"},{"p":"Dopravné posúdenie koordinačná sit.","u":"https://www.enviroportal.sk/eia/dokument/217171","v":6636279,"t":"PDF"}],"typ":"Bývanie"}},{"type":"Feature","geometry":{"type":"Point","coordinates":[17.137564,48.224712]},"properties":{"id":"obytna-zona-bratislava-raca-zahumenice","nazov":"OBYTNÁ ZÓNA BRATISLAVA-RAČA - ZÁHUMENICE","firma":"ATOPS, s.r.o., Lombardiniho 17","ico":"46429701","obec":"Bratislava - Rača","stav":"Akcia je ukončená v procese EIA","urad":"estská časť Bratislava - Rača OÚ BA Bratislava, OSZP, oddelenie OP a VZ ŽP","skupina":"","zhluk":"lombardiniho 17","presnost":"približná","zmena":"2014-07-14","faza":"posúdené","dok":47,"plany":[{"p":"koordinačná situácia","u":"https://www.enviroportal.sk/eia/dokument/213144","v":6636285,"t":"PDF"},{"p":"širšie vzťahy","u":"https://www.enviroportal.sk/eia/dokument/213146","v":3732193,"t":"PDF"},{"p":"dopravana situácia","u":"https://www.enviroportal.sk/eia/dokument/213169","v":81763,"t":"PDF"},{"p":"doprava situácia širšie vzťahy","u":"https://www.enviroportal.sk/eia/dokument/213170","v":3732197,"t":"PDF"},{"p":"doprava koordinač situácia","u":"https://www.enviroportal.sk/eia/dokument/213154","v":6636279,"t":"PDF"}],"typ":"Bývanie"}},{"type":"Feature","geometry":{"type":"Point","coordinates":[17.136287,48.183215]},"properties":{"id":"obytna-zona-nobelova-ulica-bratislava","nazov":"Obytná zóna Nobelova ulica, Bratislava","firma":"SNOWDROP s.r.o., Sládkovičova 4","ico":"35967251","obec":"Bratislava - Nové Mesto","stav":"Akcia je ukončená v procese EIA","urad":"Mestská časť Bratislava - Nové Mesto","skupina":"","zhluk":"","presnost":"presná","zmena":"2013-07-03","faza":"posúdené","dok":5,"plany":[{"p":"prílohy","u":"https://www.enviroportal.sk/eia/dokument/41026","v":69171266,"t":"PDF"}],"typ":"Bývanie"}},{"type":"Feature","geometry":{"type":"Point","coordinates":[17.136287,48.183215]},"properties":{"id":"obytna-zona-nobelova-ulica-mc-bratislava-nove-mesto","nazov":"Obytná zóna Nobelova ulica, MČ Bratislava - Nové Mesto","firma":"Spoločnosť pre rozvoj bývania v Bratislave, n.o. Röntgenova 24","ico":"36077780","obec":"Bratislava - Nové Mesto","stav":"Akcia je ukončená v procese EIA","urad":"MČ Bratislava - Nové Mesto, HM Bratislava","skupina":"","zhluk":"","presnost":"presná","zmena":"2013-02-08","faza":"posúdené","dok":4,"typ":"Bývanie"}},{"type":"Feature","geometry":{"type":"Point","coordinates":[17.334532,48.30076]},"properties":{"id":"obytna-zona-senkvice-pezinska-trlinska-ulica","nazov":"Obytná zóna Šenkvice - Pezinská - Trlinská ulica","firma":"In. Martin Trubač, Kozare 10","ico":"","obec":"Dubová","stav":"Akcia je ukončená v procese EIA","urad":"Stavebný úrad Šenkvice, Obecný úrad Šenkvice, nám. G. Kolinoviča 5, 900 81 Šenkvice","skupina":"","zhluk":"","presnost":"presná","zmena":"2012-01-16","faza":"posúdené","dok":10,"plany":[{"p":"príloha 1 - širšie vzťahy","u":"https://www.enviroportal.sk/eia/dokument/131343","v":1390422,"t":"PDF"},{"p":"príloha 2 - komplex","u":"https://www.enviroportal.sk/eia/dokument/131361","v":343487,"t":"PDF"},{"p":"príloha 5- TI energetika","u":"https://www.enviroportal.sk/eia/dokument/131365","v":151919,"t":"PDF"},{"p":"príloha 3 - doprava","u":"https://www.enviroportal.sk/eia/dokument/131363","v":316951,"t":"PDF"},{"p":"príloha 4 - regulácia","u":"https://www.enviroportal.sk/eia/dokument/131364","v":175231,"t":"PDF"}],"typ":"Bývanie"}},{"type":"Feature","geometry":{"type":"Point","coordinates":[17.469762,48.211629]},"properties":{"id":"obytna-zona-stare-zahrady-bratislava-lamac","nazov":"Obytná zóna Staré Záhrady, Bratislava - Lamač","firma":"URBICOM, a. s, Dr. Vl. Clementisa 10","ico":"35713402","obec":"Bratislava - Lamač","stav":"Akcia je ukončená v procese EIA","urad":"Mestská časť Bratislava – Lamač, Okresný úrad Bratislava, odbor starostlivosti o životné p","skupina":"Penta Real Estate","zhluk":"einsteinova 25","presnost":"presná","zmena":"2014-12-04","ulica":"Staré záhrady","faza":"posúdené","dok":44,"plany":[{"p":"koordinačná situácia","u":"https://www.enviroportal.sk/eia/dokument/220404","v":178374,"t":"PDF"},{"p":"pôdorys","u":"https://www.enviroportal.sk/eia/dokument/220409","v":143361,"t":"PDF"},{"p":"pôdorys2","u":"https://www.enviroportal.sk/eia/dokument/220410","v":173032,"t":"PDF"},{"p":"pôdorys3","u":"https://www.enviroportal.sk/eia/dokument/220411","v":120444,"t":"PDF"},{"p":"BD typ 1 pôdorys","u":"https://www.enviroportal.sk/eia/dokument/220413","v":181304,"t":"PDF"}],"typ":"Bývanie"}},{"type":"Feature","geometry":{"type":"Point","coordinates":[17.096309,48.13246]},"properties":{"id":"obytne-subory-viedenska-cesta-zapad-1","nazov":"Obytné súbory Viedenská cesta - západ","firma":"YIT Slovakia a.s.","ico":"35718625","obec":"Bratislava - Petržalka","stav":"Zámer","urad":"Okresný úrad Bratislava, odbor starostlivosti o životné prostredie, MČ Bratislava - Petrža","skupina":"","zhluk":"racianska a","presnost":"presná","zmena":"2025-10-29","faza":"zámer","dok":8,"plany":[{"p":"Prilohy_Zamer_YIT_Viedenska_cesta_zapad.pdf","u":"https://www.enviroportal.sk/eia/dokument/391432","v":82618315,"t":"PDF"}],"typ":"Bývanie"}},{"type":"Feature","geometry":{"type":"Point","coordinates":[17.096309,48.13246]},"properties":{"id":"obytne-subory-viedenska-cesta-zapad","nazov":"Obytné súbory Viedenská cesta - západ","firma":"YIT Slovakia a.s.","ico":"35718625","obec":"Bratislava - Petržalka","stav":"Iný dôvod ukončenia posudzovania","urad":"Okresný úrad Bratislava Mestská časť Bratislava – Petržalka","skupina":"","zhluk":"racianska a","presnost":"presná","zmena":"2025-02-19","faza":"zámer","dok":6,"plany":[{"p":"Prilohy_Zamer_Obytne subory Viedenska cesta zapad.pdf","u":"https://www.enviroportal.sk/eia/dokument/381318","v":72217355,"t":"PDF"},{"p":"Doplňujúce informácie_VIE_cesta_zapad_s prílohami.pdf","u":"https://www.enviroportal.sk/eia/dokument/386059","v":16249623,"t":"PDF"}],"typ":"Bývanie"}},{"type":"Feature","geometry":{"type":"Point","coordinates":[17.109093,48.199364]},"properties":{"id":"obytny-dom-racianska-obydick-bratislava","nazov":"Obytný dom Račianska \"Obydick\", Bratislava","firma":"ZIPP Bratislava, s.r.o., Stará Vajnorská 16","ico":"31355161","obec":"Bratislava - Nové Mesto","stav":"Akcia je ukončená v procese EIA","urad":"MČ Bratislava - Nové Mesto","skupina":"","zhluk":"mlynske nivy a","presnost":"približná","zmena":"2013-02-15","faza":"posúdené","dok":6,"plany":[{"p":"prílohy 1","u":"https://www.enviroportal.sk/eia/dokument/22509","v":2743759,"t":"PDF"},{"p":"prílohy 2","u":"https://www.enviroportal.sk/eia/dokument/22506","v":7540049,"t":"PDF"}],"typ":"Bývanie"}},{"type":"Feature","geometry":{"type":"Point","coordinates":[17.210794,48.105256]},"properties":{"id":"obytny-komplex-dolce-vita","nazov":"Obytný komplex DOLCE VITA","firma":"BSS, spol. s r.o., Rebarborová 47","ico":"17311918","obec":"Bratislava - Podunajské Biskupice","stav":"Akcia je ukončená v procese EIA","urad":"MČ BA Podunajské Biskupice","skupina":"","zhluk":"","presnost":"približná","zmena":"2013-05-13","faza":"posúdené","dok":5,"plany":[{"p":"C_prilohy.pdf","u":"https://www.enviroportal.sk/eia/dokument/32493","v":57569159,"t":"PDF"}],"typ":"Bývanie"}},{"type":"Feature","geometry":{"type":"Point","coordinates":[17.207622,48.108298]},"properties":{"id":"obytny-komplex-laurin-dvor","nazov":"Obytný komplex Laurin dvor","firma":"LeiLa, s.r.o., Baštová 3","ico":"36654400","obec":"Bratislava - Podunajské Biskupice","stav":"Akcia je ukončená v procese EIA","urad":"OÚ BA, MČ BA PODUNAJSKÉ BISKUPICE","skupina":"","zhluk":"","presnost":"približná","zmena":"2022-08-25","faza":"posúdené","dok":5,"plany":[{"p":"Zámer a prílohy.zip","u":"https://www.enviroportal.sk/eia/dokument/339683","v":23266285,"t":"ZIP"}],"typ":"Plány a koncepcie"}},{"type":"Feature","geometry":{"type":"Point","coordinates":[17.207789,48.107328]},"properties":{"id":"obytny-komplex-svornost-podunajske-biskupice","nazov":"Obytný komplex Svornosť - Podunajské Biskupice","firma":"BSS, spol. s r.o., Rebarborova 47","ico":"17311918","obec":"Bratislava - Podunajské Biskupice","stav":"Akcia je ukončená v procese EIA","urad":"Mestská časť Bratislava - Podunajské Biskupice OÚŽP v BA, odbor ŠVS","skupina":"","zhluk":"","presnost":"približná","zmena":"2012-08-03","faza":"posúdené","dok":5,"plany":[{"p":"C_prílohy","u":"https://www.enviroportal.sk/eia/dokument/145208","v":70591867,"t":"PDF"}],"typ":"Bývanie"}},{"type":"Feature","geometry":{"type":"Point","coordinates":[17.030822,48.184566]},"properties":{"id":"obytny-subor-agadu","nazov":"Obytný súbor AGADU","firma":"AGADU s.r.o., Agátová 4D","ico":"47429577","obec":"Bratislava - Dúbravka","stav":"Akcia je ukončená v procese EIA","urad":"Stavebný úrad mestskej časti Bratislava – Dúbravka, Pri kríži 14, 844 02 Bratislava; Okres","skupina":"","zhluk":"agatova 4d","presnost":"približná","zmena":"2026-03-17","faza":"posúdené","dok":16,"plany":[{"p":"G_Vizualizácie.pdf","u":"https://www.enviroportal.sk/eia/dokument/380322","v":1554600,"t":"PDF"},{"p":"B_mapa_1_širšie_vzťahy_AGADU.pdf","u":"https://www.enviroportal.sk/eia/dokument/380317","v":4960416,"t":"PDF"},{"p":"C_mapa_2_ortofoto_AGADU.pdf","u":"https://www.enviroportal.sk/eia/dokument/380318","v":6765566,"t":"PDF"},{"p":"D_zastavovacia situacia.pdf","u":"https://www.enviroportal.sk/eia/dokument/380319","v":160972,"t":"PDF"}],"typ":"Plány a koncepcie"}},{"type":"Feature","geometry":{"type":"Point","coordinates":[17.217179,48.153408]},"properties":{"id":"obytny-subor-amarello","nazov":"Obytný súbor Amarello","firma":"DANICON DEVELOPMENT, a.s., Cesta na Klanec 74","ico":"36304077","obec":"Bratislava - Vrakuňa","stav":"Akcia je ukončená v procese EIA","urad":"Okresný úrad Bratislava, odbor starostlivosti o životné prostredie,MČ Bratislava - Vrakuňa","skupina":"","zhluk":"","presnost":"približná","zmena":"2016-07-04","faza":"posúdené","dok":10,"plany":[{"p":"Príloha 2 Doprava.zip","u":"https://www.enviroportal.sk/eia/dokument/244804","v":13697799,"t":"ZIP"},{"p":"Príloha 6 Dendrológia.zip","u":"https://www.enviroportal.sk/eia/dokument/244808","v":1456971,"t":"ZIP"},{"p":"Príloha 1 Grafika.zip","u":"https://www.enviroportal.sk/eia/dokument/244803","v":57180518,"t":"ZIP"}],"typ":"Bývanie"}},{"type":"Feature","geometry":{"type":"Point","coordinates":[17.095557,48.156614]},"properties":{"id":"obytny-subor-culenova-bratislava-ii-etapa","nazov":"Obytný súbor Čulenova, Bratislava – II. etapa","firma":"CENTRADE, a.s., Digital Park II, Einsteinova 25","ico":"36892170","obec":"Bratislava - Staré Mesto","stav":"Akcia je ukončená v procese EIA","urad":"1.MČ Bratislava – Staré Mesto, Vajanského nábrežie 3, 814 21, BA 2.Okresný úrad Bratislava","skupina":"Penta Real Estate","zhluk":"einsteinova 25","presnost":"približná","zmena":"2015-07-30","faza":"posúdené","dok":30,"plany":[{"p":"Vykres c.06_Podorys 2.PP.pdf","u":"https://www.enviroportal.sk/eia/dokument/228267","v":406165,"t":"PDF"},{"p":"Vykres c.05_Podorys 1.PP.pdf","u":"https://www.enviroportal.sk/eia/dokument/228266","v":1258061,"t":"PDF"},{"p":"Vykres c.04_Zakres do katastralnej mapy.pdf","u":"https://www.enviroportal.sk/eia/dokument/228265","v":201960,"t":"PDF"},{"p":"Vykres c.07_Podorys 1.NP.pdf","u":"https://www.enviroportal.sk/eia/dokument/228268","v":220089,"t":"PDF"},{"p":"Vykres c.08_Podorys typickeho podlazia.pdf","u":"https://www.enviroportal.sk/eia/dokument/228269","v":477766,"t":"PDF"}],"typ":"Bývanie"}},{"type":"Feature","geometry":{"type":"Point","coordinates":[17.100052,48.158842]},"properties":{"id":"obytny-subor-culenova-bratislava","nazov":"Obytný súbor Čulenova, Bratislava","firma":"CENTRADE, a.s., Digital Park II, Einsteinova 25","ico":"36892170","obec":"Bratislava - Staré Mesto","stav":"Akcia je ukončená v procese EIA","urad":"MČ Bratislava Staré Mesto","skupina":"Penta Real Estate","zhluk":"einsteinova 25","presnost":"približná","zmena":"2014-11-19","faza":"posúdené","dok":5,"typ":"Bývanie"}},{"type":"Feature","geometry":{"type":"Point","coordinates":[17.025487,48.172362]},"properties":{"id":"obytny-subor-devinska-bratislava","nazov":"Obytný súbor Devínska, Bratislava","firma":"Benuga Slovakia s.r.o., Panenská 24","ico":"36663875","obec":"Bratislava - Devínska Nová Ves","stav":"Akcia je ukončená v procese EIA","urad":"MČ Ba- Devínska Nová Ves","skupina":"","zhluk":"panenska 24","presnost":"približná","zmena":"2013-05-10","faza":"posúdené","dok":3,"typ":"Bývanie"}},{"type":"Feature","geometry":{"type":"Point","coordinates":[17.051214,48.203631]},"properties":{"id":"obytny-subor-devinska-nova-ves-","nazov":"Obytný súbor Devínska Nová Ves","firma":"Bory Home, s.r.o., Digital Park II, Einsteinova 25","ico":"48099171","obec":"Bratislava - Lamač","stav":"Akcia je ukončená v procese EIA","urad":"Mestská časť Bratislava – Devínska Nová Ves, Novoveská 17/A, 843 10 Bratislava Okresný úra","skupina":"Penta Real Estate","zhluk":"einsteinova 25","presnost":"približná","zmena":"2018-11-15","faza":"posúdené","dok":6,"plany":[{"p":"Prilohy.zip","u":"https://www.enviroportal.sk/eia/dokument/274512","v":28360041,"t":"ZIP"}],"typ":"Bývanie"}},{"type":"Feature","geometry":{"type":"Point","coordinates":[17.029246,48.182099]},"properties":{"id":"obytny-subor-dubrawa-hruba-luka","nazov":"Obytný súbor Dúbrawa Hrubá lúka","firma":"M S arch, s.r.o., Bartókova 1","ico":"36812919","obec":"Bratislava - Dúbravka","stav":"Akcia je ukončená v procese EIA","urad":"MČ Bratislava - Dúbravka","skupina":"","zhluk":"","presnost":"približná","zmena":"2014-11-26","faza":"posúdené","dok":6,"plany":[{"p":"Príloha 1 Mapy","u":"https://www.enviroportal.sk/eia/dokument/218352","v":14267152,"t":"PDF"},{"p":"Príloha 2 Rozptylová a Akustická štúdia","u":"https://www.enviroportal.sk/eia/dokument/218394","v":16269215,"t":"PDF"},{"p":"Príloha 3 Svetlotechnický posudok, Dopravno kapacitné posúde","u":"https://www.enviroportal.sk/eia/dokument/218395","v":6505506,"t":"PDF"}],"typ":"Bývanie"}},{"type":"Feature","geometry":{"type":"Point","coordinates":[17.095566,48.15664]},"properties":{"id":"obytny-subor-fazulova-1","nazov":"Obytný súbor, Fazuľová","firma":"FP solutions s.r.o.","ico":"51439573","obec":"Bratislava - Staré Mesto","stav":"Akcia je ukončená v procese EIA","urad":"MČ BA Staré mesto, OUŽPBA","skupina":"","zhluk":"","presnost":"približná","zmena":"2019-09-25","faza":"posúdené","dok":9,"typ":"Bývanie"}},{"type":"Feature","geometry":{"type":"Point","coordinates":[17.099099,48.158868]},"properties":{"id":"obytny-subor-fazulova","nazov":"Obytný súbor Fazuľová","firma":"FP solutions s.r.o., Bárdošova 2/A","ico":"51439573","obec":"Bratislava - Staré Mesto","stav":"Zámer","urad":"MČ BA - Staré Mesto, OÚ BA OSŽP","skupina":"","zhluk":"","presnost":"približná","zmena":"2018-12-21","faza":"zámer","dok":2,"typ":"Plány a koncepcie"}},{"type":"Feature","geometry":{"type":"Point","coordinates":[17.17502,48.168669]},"properties":{"id":"obytny-subor-galvaniho-ulica-bratislava-ruzinov-cast-b-c-470-b-j-","nazov":"Obytný súbor, Galvaniho ulica, Bratislava - Ružinov, časť B+C - 470 b.j.","firma":"Ing. arch. Milan Kiaček, Bratislava","ico":"1024850706","obec":"Bratislava - Ružinov","stav":"Akcia je ukončená v procese EIA","urad":"MČ Bratislava - Ružiniov, HM SR Bratislava","skupina":"","zhluk":"","presnost":"presná","zmena":"2017-09-20","faza":"posúdené","dok":2,"typ":"Bývanie"}},{"type":"Feature","geometry":{"type":"Point","coordinates":[17.102124,48.19941]},"properties":{"id":"obytny-subor-grand-koliba","nazov":"Obytný súbor Grand Koliba","firma":"GRAND KOLIBA, s.r.o.","ico":"47530561","obec":"Bratislava - Nové Mesto","stav":"Akcia je ukončená v procese EIA","urad":"MC BA NM","skupina":"","zhluk":"","presnost":"približná","zmena":"2018-01-31","faza":"posúdené","dok":4,"typ":"Bývanie"}},{"type":"Feature","geometry":{"type":"Point","coordinates":[17.107571,48.195307]},"properties":{"id":"obytny-subor-green-park-vtacnik-area-c-d","nazov":"Obytný súbor GREEN PARK - Vtáčnik area C, D","firma":"CAKOV - MAKARA, s.r.o, Drieňová 1/G","ico":"36722308","obec":"Bratislava - Nové Mesto","stav":"Akcia je ukončená v procese EIA","urad":"MČ Bratislava - Nové Mesto","skupina":"","zhluk":"","presnost":"približná","zmena":"2013-07-01","faza":"posúdené","dok":16,"plany":[{"p":"pôdorys 1 np","u":"https://www.enviroportal.sk/eia/dokument/39123","v":287581,"t":"PDF"},{"p":"pôdorys suterén","u":"https://www.enviroportal.sk/eia/dokument/39124","v":247871,"t":"PDF"}],"typ":"Bývanie"}},{"type":"Feature","geometry":{"type":"Point","coordinates":[17.102397,48.19972]},"properties":{"id":"obytny-subor-green-park-vtacnik","nazov":"Obytný súbor GREEN PARK - Vtáčnik","firma":"CAKOV-MAKARA, Drieňová 1/b","ico":"35885530","obec":"Bratislava - Nové Mesto","stav":"Akcia je ukončená v procese EIA","urad":"MČ Ba- Nové Mesto","skupina":"","zhluk":"","presnost":"približná","zmena":"2013-05-06","faza":"posúdené","dok":3,"typ":"Bývanie"}},{"type":"Feature","geometry":{"type":"Point","coordinates":[17.142551,48.14492]},"properties":{"id":"obytny-subor-jarabiny-mlynske-nivy-bratislava-1","nazov":"Obytný súbor JARABINY, Mlynské Nivy, Bratislava","firma":"Jarabiny Invest, a. s., Prievozská 2/A","ico":"36777536","obec":"Bratislava - Ružinov","stav":"Akcia je ukončená v procese EIA","urad":"Mestská časť Bratislava – Ružinov","skupina":"","zhluk":"prievozska a","presnost":"presná","zmena":"2015-04-17","ulica":"Mlynské nivy","faza":"povolené","doklad":"Rozhodnutie","dok":6,"typ":"Bývanie"}},{"type":"Feature","geometry":{"type":"Point","coordinates":[17.142551,48.14492]},"properties":{"id":"obytny-subor-jarabiny-mlynske-nivy-bratislava","nazov":"Obytný súbor JARABINY, Mlynské Nivy, Bratislava","firma":"Jarabiny Invest a.s., Prievozská 2/A","ico":"36777536","obec":"Bratislava - Ružinov","stav":"Akcia je ukončená v procese EIA","urad":"MČ Bratislava-Ružinov","skupina":"","zhluk":"prievozska a","presnost":"presná","zmena":"2012-08-17","ulica":"Mlynské nivy","faza":"povolené","doklad":"Rozhodnutie","dok":3,"typ":"Bývanie"}},{"type":"Feature","geometry":{"type":"Point","coordinates":[17.109092,48.070755]},"properties":{"id":"obytny-subor-jarovce-dvor-juhozapad-1","nazov":"Obytný súbor Jarovce - Dvor - Juhozápad","firma":"Jarovce Investment, s.r.o., Sládkovičova 11","ico":"43848222","obec":"Bratislava - Jarovce","stav":"Akcia je ukončená v procese EIA","urad":"Mestská časť Bratislava - Jarovce","skupina":"","zhluk":"sladkovicova 11","presnost":"približná","zmena":"2011-11-29","faza":"posúdené","dok":25,"plany":[{"p":"Katastralna mapa","u":"https://www.enviroportal.sk/eia/dokument/127043","v":3484754,"t":"JPG"},{"p":"C1_Situacia_sirsich_vztahov","u":"https://www.enviroportal.sk/eia/dokument/127045","v":931786,"t":"PDF"},{"p":"C2_Celkova_situacia_stavby","u":"https://www.enviroportal.sk/eia/dokument/127046","v":9820935,"t":"PDF"},{"p":"Mapa","u":"https://www.enviroportal.sk/eia/dokument/127024","v":183967,"t":"PDF"},{"p":"Koordinacna_situacia_Jarovce","u":"https://www.enviroportal.sk/eia/dokument/127054","v":2399756,"t":"PDF"}],"typ":"Bývanie"}},{"type":"Feature","geometry":{"type":"Point","coordinates":[17.109289,48.069085]},"properties":{"id":"obytny-subor-jarovce-dvor-juhozapad-2","nazov":"Obytný súbor Jarovce - Dvor - Juhozápad","firma":"Jarovce Investment, s.r.o., Ružová dolina 20","ico":"43848222","obec":"Bratislava - Jarovce","stav":"Akcia je ukončená v procese EIA","urad":"","skupina":"","zhluk":"sladkovicova 11","presnost":"približná","zmena":"2013-09-06","faza":"posúdené","dok":28,"plany":[{"p":"P6_DUR_06_1situacia sirsich vztahov","u":"https://www.enviroportal.sk/eia/dokument/184481","v":931579,"t":"PDF"},{"p":"P6_DUR_07_celkova situacia","u":"https://www.enviroportal.sk/eia/dokument/184483","v":2815346,"t":"PDF"},{"p":"P2_mapa_C1_situacia sirsich vztahov","u":"https://www.enviroportal.sk/eia/dokument/184491","v":931786,"t":"PDF"},{"p":"P2_mapa_C2_celkova situacia stavby","u":"https://www.enviroportal.sk/eia/dokument/184470","v":9820935,"t":"PDF"},{"p":"P2_mapa","u":"https://www.enviroportal.sk/eia/dokument/184471","v":183967,"t":"PDF"}],"typ":"Bývanie"}},{"type":"Feature","geometry":{"type":"Point","coordinates":[17.109141,48.070656]},"properties":{"id":"obytny-subor-jarovce-dvor-juhozapad","nazov":"Obytný súbor Jarovce - Dvor - juhozápad","firma":"CENPEX, s.r.o., Sládkovičova 11","ico":"36735981","obec":"Bratislava - Jarovce","stav":"Akcia je ukončená v procese EIA","urad":"Mestská časť Bratislava - Jarovce","skupina":"","zhluk":"sladkovicova 11","presnost":"približná","zmena":"2021-07-17","faza":"posúdené","dok":6,"plany":[{"p":"C_graficke prilohy.pdf","u":"https://www.enviroportal.sk/eia/dokument/332949","v":30162551,"t":"PDF"},{"p":"D_textove prilohy.pdf","u":"https://www.enviroportal.sk/eia/dokument/332951","v":28758588,"t":"PDF"}],"typ":"Bývanie"}},{"type":"Feature","geometry":{"type":"Point","coordinates":[17.136197,48.157317]},"properties":{"id":"obytny-subor-jegeho-alej-iii-iv-etapa-jegeho-ulica-bratislava-zmena-do","nazov":"Obytný súbor Jégého alej III. a IV. etapa Jégého ulica Bratislava Zmena dokumentácie pre územné rozhodnutie IV. etapy","firma":"FINEP Jégého alej a.s., Plynárenská 2/A","ico":"43866778","obec":"Bratislava - Ružinov","stav":"Akcia je ukončená v procese EIA","urad":"MČ Bratislava - Ružinov","skupina":"","zhluk":"plynarenska a","presnost":"presná","zmena":"2013-09-02","faza":"povolené","doklad":"Rozhodnutie","dok":29,"plany":[{"p":"Priloha 8_FJA IV_svetlo","u":"https://www.enviroportal.sk/eia/dokument/183821","v":2038275,"t":"PDF"},{"p":"Prilohy 6_FJAIV ZDUR","u":"https://www.enviroportal.sk/eia/dokument/183798","v":50120108,"t":"PDF"},{"p":"Prilohy 4 _UR-e-EIA","u":"https://www.enviroportal.sk/eia/dokument/183796","v":80842,"t":"PDF"},{"p":"Priloha 10_DIS_DIŠ","u":"https://www.enviroportal.sk/eia/dokument/183822","v":1642765,"t":"PDF"},{"p":"Priloha 10_DIS_situacia scenar A","u":"https://www.enviroportal.sk/eia/dokument/183823","v":465698,"t":"PDF"}],"typ":"Bývanie"}},{"type":"Feature","geometry":{"type":"Point","coordinates":[17.033861,48.179215]},"properties":{"id":"obytny-subor-krcace-dubravka","nazov":"Obytný súbor Krčace - Dúbravka","firma":"Dúbravka Rezidencia s.r.o., Vavrinecká 13","ico":"45575859","obec":"Bratislava - Dúbravka","stav":"Akcia je ukončená v procese EIA","urad":"1. OU BA, odbor starostlivosti o ž.p., oddelenie ochrany prírody a vybraných zložiek ž.p.,","skupina":"","zhluk":"","presnost":"približná","zmena":"2017-10-20","faza":"posúdené","dok":22,"plany":[{"p":"Tab_28_Priloha10.pdf","u":"https://www.enviroportal.sk/eia/dokument/252299","v":259123,"t":"PDF"},{"p":"prilohy_doprava.zip","u":"https://www.enviroportal.sk/eia/dokument/252324","v":763379,"t":"ZIP"},{"p":"Priloha_1.pdf","u":"https://www.enviroportal.sk/eia/dokument/252328","v":545521,"t":"PDF"}],"typ":"Bývanie"}},{"type":"Feature","geometry":{"type":"Point","coordinates":[17.050508,48.197656]},"properties":{"id":"obytny-subor-lamac","nazov":"Obytný súbor Lamač","firma":"Bory Home s.r.o., Digital Park II, Einsteinova 25","ico":"48099171","obec":"Bratislava - Lamač","stav":"Akcia je ukončená v procese EIA","urad":"Mestská časť Bratislava – Lamač, Malokarpatské námestie 6512/9, 841 03 Bratislava","skupina":"Penta Real Estate","zhluk":"einsteinova 25","presnost":"približná","zmena":"2021-01-08","faza":"posúdené","dok":6,"plany":[{"p":"prílohy.7z","u":"https://www.enviroportal.sk/eia/dokument/299102","v":20591227,"t":"ZIP"}],"typ":"Bývanie"}},{"type":"Feature","geometry":{"type":"Point","coordinates":[17.132581,48.220753]},"properties":{"id":"obytny-subor-male-krasnany-pod-vinohradom-bratislava","nazov":"Obytný súbor Malé Krasňany (Pod vinohradom), Bratislava","firma":"MACHAROVA s.r.o., Prievozská 4B","ico":"36692581","obec":"Bratislava - Rača","stav":"Akcia je ukončená v procese EIA","urad":"SÚ Bratislava Rača","skupina":"","zhluk":"","presnost":"približná","zmena":"2014-01-20","faza":"posúdené","dok":5,"typ":"Bývanie"}},{"type":"Feature","geometry":{"type":"Point","coordinates":[17.135385,48.226368]},"properties":{"id":"obytny-subor-male-krasnany-racianska-ul-bratislava-raca","nazov":"Obytný súbor Malé Krasňany, Račianska ul., Bratislava - Rača","firma":"Malé Krasňany Land Development, s.r.o., Mlynské Nivy 49","ico":"47999721","obec":"Bratislava - Rača","stav":"Akcia je ukončená v procese EIA","urad":"MČ Bratislava – Rača, Kubačova 21, 831 06 Bratislava 35","skupina":"","zhluk":"mlynske nivy 49","presnost":"približná","zmena":"2015-09-08","faza":"posúdené","dok":3,"typ":"Bývanie"}},{"type":"Feature","geometry":{"type":"Point","coordinates":[17.137847,48.223465]},"properties":{"id":"obytny-subor-nad-surom","nazov":"Obytný súbor Nad Šúrom","firma":"Nad Šúrom Development s r. o.","ico":"53453751","obec":"Bratislava - Rača","stav":"Akcia je ukončená v procese EIA","urad":"1.Mestská časť Bratislava – Rača, 2.Okresný úrad Bratislava.","skupina":"","zhluk":"","presnost":"približná","zmena":"2023-09-13","faza":"posúdené","dok":6,"plany":[{"p":"Prilohy_Zamer_Nad Surom.zip","u":"https://www.enviroportal.sk/eia/dokument/361454","v":10145572,"t":"ZIP"}],"typ":"Bývanie"}},{"type":"Feature","geometry":{"type":"Point","coordinates":[17.053376,48.160013]},"properties":{"id":"obytny-subor-nove-grunty-","nazov":"Obytný súbor „Nové Grunty“","firma":"DELOIS, s. r. o., Štefanovičova 4","ico":"52357121","obec":"Bratislava - Karlova Ves","stav":"Akcia je ukončená v procese EIA","urad":"OÚ Bratislava MČ Bratislava - Karlova Ves","skupina":"","zhluk":"stefanovicova 4","presnost":"približná","zmena":"2025-04-29","faza":"posúdené","dok":6,"typ":"Bývanie"}},{"type":"Feature","geometry":{"type":"Point","coordinates":[17.102124,48.19941]},"properties":{"id":"obytny-subor-nove-slovany-racianska-ul-bratislava","nazov":"Obytný súbor Nové Slovany, Račianska ul., Bratislava","firma":"1. Račianska, s.r.o., Trenčianska 56/D","ico":"36292796","obec":"Bratislava - Nové Mesto","stav":"Akcia je ukončená v procese EIA","urad":"Mestská časť Bratislava – Nové Mesto, Junácka 1, 832 91 Bratislava","skupina":"","zhluk":"","presnost":"približná","zmena":"2015-07-31","faza":"posúdené","dok":3,"typ":"Bývanie"}},{"type":"Feature","geometry":{"type":"Point","coordinates":[17.134347,48.18318]},"properties":{"id":"obytny-subor-nove-slovany-racianska-ulica-bratislava","nazov":"Obytný súbor Nové Slovany, Račianska ulica, Bratislava","firma":"šujan_stassel s.r.o., Karloveské rameno 6","ico":"36681407","obec":"Bratislava - Nové Mesto","stav":"Akcia je ukončená v procese EIA","urad":"MČ Bratislava Nové Mesto","skupina":"","zhluk":"","presnost":"presná","zmena":"2013-07-03","faza":"posúdené","dok":5,"plany":[{"p":"prílohy","u":"https://www.enviroportal.sk/eia/dokument/41126","v":36905916,"t":"PDF"}],"typ":"Bývanie"}},{"type":"Feature","geometry":{"type":"Point","coordinates":[17.066266,48.234682]},"properties":{"id":"obytny-subor-oresianky-zahorska-bystrica","nazov":"OBYTNÝ SÚBOR OREŠIANKY - ZÁHORSKÁ BYSTRICA","firma":"FM - Reality, s. r. o., Dvořákovo nábrežie 7529/4B","ico":"51881667","obec":"Bratislava - Záhorská Bystrica","stav":"Akcia je ukončená v procese EIA","urad":"OU BA, MC BA - ZB","skupina":"","zhluk":"","presnost":"približná","zmena":"2021-02-12","faza":"posúdené","dok":7,"plany":[{"p":"Prilohy.zip","u":"https://www.enviroportal.sk/eia/dokument/309396","v":46015564,"t":"ZIP"}],"typ":"Bývanie"}},{"type":"Feature","geometry":{"type":"Point","coordinates":[17.022774,48.173439]},"properties":{"id":"obytny-subor-rakyta-zapad-bratislava","nazov":"Obytný súbor Rakyta Západ, Bratislava","firma":"Rakyta Land Development, a. s., Legionárska 10","ico":"52595528","obec":"Bratislava - Devínska Nová Ves","stav":"Zámer","urad":"MČ DNV, OÚBA-OSŽP","skupina":"Lucron / Vydrica Development","zhluk":"legionarska 10","presnost":"približná","zmena":"2026-09-03","faza":"zámer","dok":20,"plany":[{"p":"B_Mapa_1_Sirsie_vztahy.pdf","u":"https://www.enviroportal.sk/eia/dokument/403663","v":2123108,"t":"PDF"},{"p":"C_Mapa_2_Ortofotomapa.pdf","u":"https://www.enviroportal.sk/eia/dokument/403664","v":3283820,"t":"PDF"},{"p":"D_Mapa_3_Zastavovacia_situacia.pdf","u":"https://www.enviroportal.sk/eia/dokument/403665","v":7343989,"t":"PDF"},{"p":"N_Vizualizacie.pdf","u":"https://www.enviroportal.sk/eia/dokument/403677","v":839899,"t":"PDF"}],"typ":"Bývanie"}},{"type":"Feature","geometry":{"type":"Point","coordinates":[17.022137,48.173446]},"properties":{"id":"obytny-subor-rakyta","nazov":"Obytný súbor Rakyta","firma":"Rakyta Land Development, a.s., Legionárska 10","ico":"52595528","obec":"Bratislava - Devínska Nová Ves","stav":"Akcia je ukončená v procese EIA","urad":"MČ Bratislava - Devínska Nová Ves Okresný úrad Bratislava","skupina":"Lucron / Vydrica Development","zhluk":"legionarska 10","presnost":"približná","zmena":"2022-05-27","faza":"posúdené","dok":9,"typ":"Bývanie"}},{"type":"Feature","geometry":{"type":"Point","coordinates":[17.132784,48.220706]},"properties":{"id":"obytny-subor-rinok-raca","nazov":"Obytný súbor Rínok Rača","firma":"2JTI, s. r. o., Vajnorská 100/A","ico":"44648928","obec":"Bratislava - Rača","stav":"Akcia je ukončená v procese EIA","urad":"Mestská časť Bratislava – Rača, Kubačova 21, 831 06 Bratislava","skupina":"","zhluk":"vajnorska a","presnost":"približná","zmena":"2022-10-17","faza":"posúdené","dok":5,"plany":[{"p":"príloha.zip","u":"https://www.enviroportal.sk/eia/dokument/341587","v":35865873,"t":"ZIP"}],"typ":"Bývanie"}},{"type":"Feature","geometry":{"type":"Point","coordinates":[17.101713,48.197178]},"properties":{"id":"obytny-subor-skultetyho-bratislava","nazov":"Obytný súbor Škultétyho, Bratislava","firma":"Bavint, s.r.o., Krátka 1","ico":"36725994","obec":"Bratislava - Nové Mesto","stav":"Akcia je ukončená v procese EIA","urad":"MČ Bratislava N. Mesto","skupina":"Penta Real Estate","zhluk":"einsteinova 25","presnost":"približná","zmena":"2013-10-25","faza":"posúdené","dok":6,"plany":[{"p":"prílohy","u":"https://www.enviroportal.sk/eia/dokument/164987","v":11845195,"t":"ZIP"}],"typ":"Bývanie"}},{"type":"Feature","geometry":{"type":"Point","coordinates":[17.211519,48.12288]},"properties":{"id":"obytny-subor-skultetyho-ulica-bratislava-zmena","nazov":"Obytný súbor Škultétyho ulica, Bratislava - zmena","firma":"Bavint, s.r.o., Digital Park II, Einsteinova 25","ico":"35725994","obec":"Bratislava - Nové Mesto","stav":"Akcia je ukončená v procese EIA","urad":"Mestská časť Bratislava – Nové Mesto, Miestny úrad, Junácka 1, 832 91 Bratislava Okresný ú","skupina":"Penta Real Estate","zhluk":"einsteinova 25","presnost":"presná","zmena":"2016-06-02","faza":"posúdené","dok":6,"plany":[{"p":"Prilohy.zip","u":"https://www.enviroportal.sk/eia/dokument/243588","v":25682921,"t":"ZIP"}],"typ":"Bývanie"}},{"type":"Feature","geometry":{"type":"Point","coordinates":[17.102599,48.199904]},"properties":{"id":"obytny-subor-skultetyho-ulica-bratislava","nazov":"OBYTNÝ SÚBOR ŠKULTÉTYHO ULICA, BRATISLAVA","firma":"Bavint, s.r.o., Digital Park II, Einsteinova 25","ico":"36725994","obec":"Bratislava - Nové Mesto","stav":"Akcia je ukončená v procese EIA","urad":"Mestská časť Bratislava – Nové Mesto, Junácka 3216/1, 831 04 Bratislava","skupina":"Penta Real Estate","zhluk":"einsteinova 25","presnost":"približná","zmena":"2020-02-25","faza":"posúdené","dok":5,"typ":"Bývanie"}},{"type":"Feature","geometry":{"type":"Point","coordinates":[17.048066,48.159624]},"properties":{"id":"obytny-subor-slnecnice-7-bytovych-apartmanovych-domov-s-obcianskou-vyb","nazov":"OBYTNÝ SÚBOR SLNEČNICE - 7 bytových a apartmánových domov s občianskou vybavenosťou","firma":"SG FM, s. r. o., Staré Grunty 24","ico":"36366838","obec":"Bratislava - Karlova Ves","stav":"Akcia je ukončená v procese EIA","urad":"","skupina":"","zhluk":"stare grunty 24","presnost":"približná","zmena":"2013-10-01","faza":"posúdené","dok":17,"plany":[{"p":"Priloha_KRPZ_stanovisko","u":"https://www.enviroportal.sk/eia/dokument/186696","v":3027167,"t":"PDF"},{"p":"Priloha_rozh. vyrub","u":"https://www.enviroportal.sk/eia/dokument/186697","v":10844676,"t":"PDF"},{"p":"Priloha_stanovisko MC- KV - ZSPD","u":"https://www.enviroportal.sk/eia/dokument/186698","v":216151,"t":"PDF"},{"p":"Priloha_stanovisko MC- KV - SP","u":"https://www.enviroportal.sk/eia/dokument/186699","v":374239,"t":"PDF"},{"p":"Priloha 1_Pôvod. rozhodnutie","u":"https://www.enviroportal.sk/eia/dokument/186674","v":33853,"t":"PDF"}],"typ":"Bývanie"}},{"type":"Feature","geometry":{"type":"Point","coordinates":[17.054426,48.162202]},"properties":{"id":"obytny-subor-slnecnice-lokalita-stare-grunty-v-bratislave","nazov":"Obytný súbor Slnečnice-lokalita Staré Grunty v Bratislave","firma":"ARCHITEKTONICKÁ KANCELÁRIA G&D, Devín 4283","ico":"22640584","obec":"Bratislava - Karlova Ves","stav":"Akcia je ukončená v procese EIA","urad":"MČ BA-Karlova Ves","skupina":"","zhluk":"","presnost":"približná","zmena":"2013-05-22","faza":"posúdené","dok":5,"plany":[{"p":"Príloha","u":"https://www.enviroportal.sk/eia/dokument/33903","v":95809684,"t":"PDF"}],"typ":"Bývanie"}},{"type":"Feature","geometry":{"type":"Point","coordinates":[17.020271,48.172991]},"properties":{"id":"obytny-subor-slnecny-vrch-i-bratislava-devinska-nova-ves","nazov":"OBYTNÝ SÚBOR SLNEČNÝ VRCH I, BRATISLAVA – DEVÍNSKA NOVÁ VES","firma":"Slnečný vrch, s.r.o., Račianska 69","ico":"48232980","obec":"Bratislava - Devínska Nová Ves","stav":"Akcia je ukončená v procese EIA","urad":"Mestská časť Bratislava – Devínska Nová Ves, Novoveská 17/A, 843 10 Bratislava 49 Okresný ","skupina":"","zhluk":"racianska 69","presnost":"približná","zmena":"2022-09-19","faza":"posúdené","dok":11,"plany":[{"p":"Prílohy.zip","u":"https://www.enviroportal.sk/eia/dokument/288061","v":133307609,"t":"ZIP"}],"typ":"Bývanie"}},{"type":"Feature","geometry":{"type":"Point","coordinates":[17.01958,48.172578]},"properties":{"id":"obytny-subor-susedske-dvory","nazov":"Obytný súbor Susedské dvory","firma":"Bory Home II s. r. o., Digital park II., Einsteinova 25","ico":"51035073","obec":"Bratislava - Devínska Nová Ves","stav":"Akcia je ukončená v procese EIA","urad":"Mestská časť Bratislava – Devínska Nová Ves, Novoveská 5401/17, 841 07 Bratislava Okresný ","skupina":"Penta Real Estate","zhluk":"einsteinova 25","presnost":"približná","zmena":"2021-03-16","faza":"posúdené","dok":5,"plany":[{"p":"prílohy.zip","u":"https://www.enviroportal.sk/eia/dokument/316733","v":79166169,"t":"ZIP"}],"typ":"Bývanie"}},{"type":"Feature","geometry":{"type":"Point","coordinates":[18.643886,48.589415]},"properties":{"id":"obytny-subor-teslova","nazov":"Obytný súbor Teslova","firma":"MTS SVK Development 10, s.r.o., Mlynské Nivy 68","ico":"54643881","obec":"Bratislava - Ružinov","stav":"Zámer","urad":"MČ BA-Ružinov, OU BA OSZP","skupina":"Metrostav Estate","zhluk":"mlynske nivy 68","presnost":"presná","zmena":"2026-03-02","ulica":"Prešovská","faza":"zámer","dok":22,"plany":[{"p":"Textové prílohy Prílohy č. 10.zip","u":"https://www.enviroportal.sk/eia/dokument/394772","v":18607661,"t":"ZIP"},{"p":"Priloha_c4_Dopravno-kapacitne posudenie.pdf","u":"https://www.enviroportal.sk/eia/dokument/394761","v":3559301,"t":"PDF"},{"p":"Priloha_c5_Dendrologicke posudenie -1.pdf","u":"https://www.enviroportal.sk/eia/dokument/394762","v":1485945,"t":"PDF"},{"p":"Priloha_c6_Dendrologicke posudenie - 2.pdf","u":"https://www.enviroportal.sk/eia/dokument/394763","v":1096972,"t":"PDF"},{"p":"Priloha_c7_Svetelnotechnicke posudenie.pdf","u":"https://www.enviroportal.sk/eia/dokument/394764","v":9811871,"t":"PDF"}],"typ":"Bývanie"}},{"type":"Feature","geometry":{"type":"Point","coordinates":[17.212549,48.11111]},"properties":{"id":"obytny-subor-viliana-rodinny-dom-typ-c","nazov":"Obytný súbor Viliana, rodinný dom – typ C","firma":"fyzická osoba","ico":"","obec":"Bratislava - Podunajské Biskupice","stav":"Podnet","urad":"Mestskú časť Bratislava – Podunajské Biskupice","skupina":"","zhluk":"","presnost":"približná","zmena":"2019-11-28","faza":"zámer","dok":2,"typ":"Bývanie"}},{"type":"Feature","geometry":{"type":"Point","coordinates":[17.065773,48.236473]},"properties":{"id":"obytny-subor-vlkovka-5-mc-zahorska-bystrica","nazov":"Obytný súbor Vlkovka 5, MČ Záhorská Bystrica","firma":"IMMOFIN s.r.o., Kupeckého 5","ico":"","obec":"Bratislava - Záhorská Bystrica","stav":"Akcia je ukončená v procese EIA","urad":"MČ BA - Devínska Nová Ves","skupina":"","zhluk":"","presnost":"približná","zmena":"2013-05-09","faza":"posúdené","dok":4,"typ":"Bývanie"}},{"type":"Feature","geometry":{"type":"Point","coordinates":[17.061602,48.232044]},"properties":{"id":"obytny-subor-zahorska","nazov":"Obytný súbor Záhorská","firma":"RV Development 9, s. r. o., Krížna 47","ico":"51158752","obec":"Bratislava - Záhorská Bystrica","stav":"Iný dôvod ukončenia posudzovania","urad":"OU BA, MC BA - Petrzalka","skupina":"Grafobal Group","zhluk":"krizna 47","presnost":"približná","zmena":"2021-02-17","faza":"zámer","dok":5,"plany":[{"p":"Obytny subor Zahorska - prilohy.zip","u":"https://www.enviroportal.sk/eia/dokument/287652","v":28511417,"t":"ZIP"}],"typ":"Plány a koncepcie"}},{"type":"Feature","geometry":{"type":"Point","coordinates":[17.018438,48.170849]},"properties":{"id":"oc-devinska-nova-ves","nazov":"OC Devínska Nová Ves","firma":"White house s. r. o.","ico":"47321474","obec":"Bratislava - Devínska Nová Ves","stav":"Akcia je ukončená v procese EIA","urad":"MČ Devínska Nová Ves Okresný úrad Bratislava, odbor starostlivosti o životné prostredie","skupina":"","zhluk":"","presnost":"približná","zmena":"2022-11-15","faza":"posúdené","dok":6,"typ":"Bývanie"}},{"type":"Feature","geometry":{"type":"Point","coordinates":[17.212888,48.156847]},"properties":{"id":"odkanalizovanie-obci-most-pri-bratislave-malinovo-do-ucov-bratislava-v","nazov":"Odkanalizovanie obcí Most pri Bratislave a Malinovo do ÚČOV Bratislava – Vrakuňa; Výtlačné potrubie ČS Most pri Bratislave – ÚČOV Bratislava - Vrakuňa","firma":"Obec Most pri Bratislave, Bratislavská 96","ico":"00304964","obec":"Bratislava - Vrakuňa","stav":"Akcia je ukončená v procese EIA","urad":"Okresný úrad Bratislava, odbor starostlivosti o životné prostredie, oddelenie štátnej sprá","skupina":"","zhluk":"bratislavska 96","presnost":"približná","zmena":"2016-03-01","faza":"posúdené","dok":4,"plany":[{"p":"prílohy","u":"https://www.enviroportal.sk/eia/dokument/238945","v":7283111,"t":"ZIP"}],"typ":"Obchod a služby"}},{"type":"Feature","geometry":{"type":"Point","coordinates":[17.172681,48.144661]},"properties":{"id":"odkanalizovanie-podunajskej-casti-bratislavskeho-regionu","nazov":"Odkanalizovanie podunajskej časti Bratislavského regiónu","firma":"Bratislavská vodárenská spoločnosť, a.s., Prešovská 48 Bratislava","ico":"35850370","obec":"Bratislava - Ružinov","stav":"Akcia je ukončená v procese EIA","urad":"MČ Bratislava Petržalka, Ružinov, Vrakuňa, Podunajské Biskupice","skupina":"","zhluk":"presovska 48","presnost":"približná","zmena":"2013-02-18","faza":"posúdené","dok":14,"plany":[{"p":"príloha 4","u":"https://www.enviroportal.sk/eia/dokument/23635","v":574875,"t":"PDF"},{"p":"príloha 2","u":"https://www.enviroportal.sk/eia/dokument/23633","v":7773912,"t":"PDF"},{"p":"príloha 1","u":"https://www.enviroportal.sk/eia/dokument/23632","v":485573,"t":"PDF"},{"p":"príloha 5","u":"https://www.enviroportal.sk/eia/dokument/23636","v":254418,"t":"PDF"},{"p":"príloha č. 2","u":"https://www.enviroportal.sk/eia/dokument/30712","v":7773912,"t":"PDF"}],"typ":"Technická infraštruktúra"}},{"type":"Feature","geometry":{"type":"Point","coordinates":[17.177366,48.145995]},"properties":{"id":"odstranenie-uzkych-miest-vyrobnej-jednotky-avd6","nazov":"Odstránenie úzkych miest výrobnej jednotky AVD6","firma":"SLOVNAFT, .a.s, Vlčie hrdlo 1","ico":"31322832","obec":"Bratislava - Ružinov","stav":"Akcia je ukončená v procese EIA","urad":"Slovenská inšpekcia životného prostredia, Inšpektorát životného prostredia Bratislava, Jes","skupina":"","zhluk":"vlcie hrdlo 1","presnost":"približná","zmena":"2024-07-22","faza":"posúdené","dok":4,"typ":"Výroba a sklady"}},{"type":"Feature","geometry":{"type":"Point","coordinates":[17.177132,48.145729]},"properties":{"id":"odstranenie-vyrobnej-jednotky-etylbenzen-kumen","nazov":"Odstránenie výrobnej jednotky Etylbenzén a Kumén","firma":"SLOVNAFT, a. s., BRATISLAVA, Vlčie hrdlo 1","ico":"35823542","obec":"Bratislava - Ružinov","stav":"Akcia je ukončená v procese EIA","urad":"Slovenská inšpekcia životného prostredia, Inšpektorát životného prostredia Bratislava, Odb","skupina":"","zhluk":"vlcie hrdlo 1","presnost":"približná","zmena":"2015-09-24","faza":"posúdené","dok":3,"typ":"Výroba a sklady"}},{"type":"Feature","geometry":{"type":"Point","coordinates":[17.17222,48.150231]},"properties":{"id":"odstranenie-vyrobnej-jednotky-etylenoxid-","nazov":"Odstránenie výrobnej jednotky Etylénoxid","firma":"SLOVNAFT, a. s., BRATISLAVA, Vlčie hrdlo 1","ico":"35823542","obec":"Bratislava - Ružinov","stav":"Akcia je ukončená v procese EIA","urad":"SIŽP Bratislava","skupina":"","zhluk":"vlcie hrdlo 1","presnost":"približná","zmena":"2015-09-25","faza":"posúdené","dok":3,"typ":"Výroba a sklady"}},{"type":"Feature","geometry":{"type":"Point","coordinates":[17.173125,48.144573]},"properties":{"id":"odstranenie-vyrobnej-jednotky-fenol","nazov":"Odstránenie výrobnej jednotky Fenol","firma":"SLOVNAFT, a. s., BRATISLAVA, Vlčie hrdlo 1","ico":"35823542","obec":"Bratislava - Ružinov","stav":"Akcia je ukončená v procese EIA","urad":"Slovenská inšpekcia životného prostredia, Inšpektorát životného prostredia Bratislava, Jes","skupina":"","zhluk":"vlcie hrdlo 1","presnost":"približná","zmena":"2015-09-25","faza":"posúdené","dok":3,"typ":"Výroba a sklady"}},{"type":"Feature","geometry":{"type":"Point","coordinates":[17.177089,48.145687]},"properties":{"id":"odstranenie-vyrobnej-jednotky-vyroba-expedicia-asfaltov-vaea-","nazov":"Odstránenie výrobnej jednotky Výroba a expedícia asfaltov (VaEA)","firma":"SLOVNAFT, a. s., Vlčie hrdlo 1","ico":"31322832","obec":"Bratislava - Ružinov","stav":"Akcia je ukončená v procese EIA","urad":"Slovenská inšpekcia životného prostredia, Inšpektorát životného prostredia Bratislava, Odb","skupina":"","zhluk":"vlcie hrdlo 1","presnost":"približná","zmena":"2017-08-30","faza":"posúdené","dok":4,"typ":"Výroba a sklady"}},{"type":"Feature","geometry":{"type":"Point","coordinates":[17.172782,48.150391]},"properties":{"id":"odstranenie-vyrobnych-jednotiek-dimetyltereftalat-polofukane-asfalty-o","nazov":"Odstránenie výrobných jednotiek Dimetyltereftalát, Polofúkané asfalty, Oxidované asfalty a výroba aromatických rozpúšťadiel","firma":"SLOVNAFT, a. s., Vlčie hrdlo 1","ico":"35825286","obec":"Bratislava - Ružinov","stav":"Akcia je ukončená v procese EIA","urad":"Slovenská inšpekcia životného prostredia, Inšpektorát životného prostredia Bratislava, Odb","skupina":"","zhluk":"vlcie hrdlo 1","presnost":"približná","zmena":"2017-08-30","faza":"posúdené","dok":4,"typ":"Výroba a sklady"}},{"type":"Feature","geometry":{"type":"Point","coordinates":[17.049815,48.19776]},"properties":{"id":"office-space-bory","nazov":"Office Space Bory","firma":"Bory a.s., Digital Park II, Einsteinova 25","ico":"36740896","obec":"Bratislava - Lamač","stav":"Akcia je ukončená v procese EIA","urad":"Okresný úrad Bratislava, odbor starostlivosti o životné prostredie, Tomášikova 46, 832 05 ","skupina":"Penta Real Estate","zhluk":"einsteinova 25","presnost":"približná","zmena":"2019-08-27","faza":"posúdené","dok":8,"plany":[{"p":"Prilohy.zip","u":"https://www.enviroportal.sk/eia/dokument/281845","v":30608396,"t":"ZIP"}],"typ":"Polyfunkcia"}},{"type":"Feature","geometry":{"type":"Point","coordinates":[17.177904,48.147275]},"properties":{"id":"omnia-business-center-bratislava","nazov":"OMNIA BUSINESS CENTER, Bratislava","firma":"OMNIAINVEST, s.r.o., Tomášikova 30","ico":"45301271","obec":"Bratislava - Ružinov","stav":"Akcia je ukončená v procese EIA","urad":"MČ Bratislava Ružinov","skupina":"","zhluk":"tomasikova 30","presnost":"približná","zmena":"2012-10-22","faza":"posúdené","dok":3,"typ":"Administratíva"}},{"type":"Feature","geometry":{"type":"Point","coordinates":[17.177726,48.148428]},"properties":{"id":"omnia-business-center-zmena-2016","nazov":"OMNIA BUSINESS CENTER ZMENA 2016","firma":"OMNIA INVEST, s.r.o., Tomášikova 30","ico":"45301649","obec":"Bratislava - Ružinov","stav":"Rozhodnutie o zmene navrhovanej činnosti- neposudzovať","urad":"Mestská časť Bratislava – Ružinov, Mierová 21, 827 05 Bratislava","skupina":"","zhluk":"tomasikova 30","presnost":"približná","zmena":"2017-09-29","faza":"zámer","dok":6,"typ":"Administratíva"}},{"type":"Feature","geometry":{"type":"Point","coordinates":[17.099559,48.158877]},"properties":{"id":"onkologicky-ustav-sv-alzbety-heydukova-ul-bratislava-pristavba-nadstav","nazov":"Onkologický ústav sv. Alžbety, Heydukova ul., Bratislava - Prístavba a nadstavba bloku B, prístavba bloku C","firma":"Onkologický ústav sv. Alžbety, s.r.o., Heydukova 10","ico":"35681462","obec":"Bratislava - Staré Mesto","stav":"Akcia je ukončená v procese EIA","urad":"1.Mestská časť Bratislava – Staré Mesto , Vajanského nábrežie 3, 814 21 Bratislava 2.Okres","skupina":"","zhluk":"","presnost":"približná","zmena":"2016-02-24","faza":"posúdené","dok":12,"plany":[{"p":"Príloha č. 6 - Situácia areálu OÚSA s vyznačením zmeny.jpg","u":"https://www.enviroportal.sk/eia/dokument/238392","v":713022,"t":"JPG"},{"p":"Príloha č. 2 - Mapa širších vzťahov.pdf","u":"https://www.enviroportal.sk/eia/dokument/238388","v":214256,"t":"PDF"},{"p":"Príloha č. 8 - Fotodokumentácia.pdf","u":"https://www.enviroportal.sk/eia/dokument/238414","v":1462276,"t":"PDF"},{"p":"Príloha č. 1 - Informácia o posudzovaní vplyvov.pdf","u":"https://www.enviroportal.sk/eia/dokument/238387","v":26323,"t":"PDF"},{"p":"Príloha č. 3 - Výpisy z KN.pdf","u":"https://www.enviroportal.sk/eia/dokument/238389","v":185409,"t":"PDF"}],"typ":"Vybavenosť"}},{"type":"Feature","geometry":{"type":"Point","coordinates":[17.103433,48.155985]},"properties":{"id":"onkologicky-ustav-sv-alzbety-heydukova-ul-bratislava-rekonstrukcia-nad","nazov":"Onkologický ústav sv. Alžbety, Heydukova ul. Bratislava – Rekonštrukcia a nadstavba bloku C","firma":"Onkologický ústav sv. Alžbety, s.r.o., Heydukova 10","ico":"35681462","obec":"Bratislava - Staré Mesto","stav":"Akcia je ukončená v procese EIA","urad":"1.M.Č Bratislava – Staré Mesto, Vajanského nábrežie 3, 814 21 BA 2.OUBA, odbor starostlivo","skupina":"","zhluk":"","presnost":"približná","zmena":"2016-08-26","faza":"posúdené","dok":12,"plany":[{"p":"Príloha č. 2 - Mapa širších vzťahov.pdf","u":"https://www.enviroportal.sk/eia/dokument/247156","v":176651,"t":"PDF"},{"p":"Prílloha č. 7 - Koordinačná situácia.pdf","u":"https://www.enviroportal.sk/eia/dokument/247161","v":879865,"t":"PDF"},{"p":"Príloha č. 8 - Fotodokumentácia.pdf","u":"https://www.enviroportal.sk/eia/dokument/247162","v":171265,"t":"PDF"},{"p":"Príloha č. 1 - Informácia o posudzovaní vplyvov.pdf","u":"https://www.enviroportal.sk/eia/dokument/247155","v":32465,"t":"PDF"},{"p":"Príloha č. 3 - Výpisy z KN.pdf","u":"https://www.enviroportal.sk/eia/dokument/247157","v":185409,"t":"PDF"}],"typ":"Vybavenosť"}},{"type":"Feature","geometry":{"type":"Point","coordinates":[17.087119,48.122988]},"properties":{"id":"oprava-spalovne-nemocnicnych-odpadov-ekologizacia-spalovacieho-procesu","nazov":"Oprava spaľovne nemocničných odpadov - ekologizácia spaľovacieho procesu a rekonštrukcia čistenia spalín za účelom dosiahnutia podmienok pre najlepšiu","firma":"UNIVERZITNÁ NEMOCNICA BRATISLAVA, Pažítková 4","ico":"31813861","obec":"Bratislava - Petržalka","stav":"Akcia je ukončená v procese EIA","urad":"","skupina":"","zhluk":"","presnost":"približná","zmena":"2013-06-28","faza":"posúdené","dok":2,"typ":"Vybavenosť"}},{"type":"Feature","geometry":{"type":"Point","coordinates":[17.062483,48.237996]},"properties":{"id":"oresianky-2-0","nazov":"Orešianky 2.0","firma":"FM – Reality, s.r.o., Hodonínska 25","ico":"51881667","obec":"Bratislava - Záhorská Bystrica","stav":"Akcia je ukončená v procese EIA","urad":"Mestská časť Bratislava - Záhorská Bystrica Okresný úrad Bratislava","skupina":"","zhluk":"","presnost":"približná","zmena":"2023-05-25","faza":"posúdené","dok":6,"typ":"Plány a koncepcie"}},{"type":"Feature","geometry":{"type":"Point","coordinates":[17.102331,48.157947]},"properties":{"id":"panorama-city-i-etapa","nazov":"Panorama City – I. etapa","firma":"Panorama byty, s.r.o., Dvořákovo nábrežie 10","ico":"46627596","obec":"Bratislava - Staré Mesto","stav":"Akcia je ukončená v procese EIA","urad":"Mestská časť Bratislava – Staré mesto, OÚ Bratislava","skupina":"J&T Real Estate","zhluk":"dvorakovo nabrezie 10","presnost":"približná","zmena":"2022-03-29","faza":"posúdené","dok":3,"typ":"Polyfunkcia"}},{"type":"Feature","geometry":{"type":"Point","coordinates":[17.129807,48.148503]},"properties":{"id":"parickova-ul-c-22-24-rekonstrukcia","nazov":"PÁRIČKOVA ul. č. 22 a 24 - REKONŠTRUKCIA","firma":"SEG Residential I, s.r.o, Staré Grunty 24","ico":"35916559","obec":"Bratislava - Ružinov","stav":"Akcia je ukončená v procese EIA","urad":"Mestská časť Bratislava - Ružinov","skupina":"","zhluk":"stare grunty 24","presnost":"presná","zmena":"2012-01-31","ulica":"Páričkova","faza":"povolené","doklad":"Rozhodnutie","dok":18,"plany":[{"p":"Obr.3 koordinačná situácia","u":"https://www.enviroportal.sk/eia/dokument/132844","v":2388216,"t":"PDF"},{"p":"Vizualizácia","u":"https://www.enviroportal.sk/eia/dokument/132839","v":556328,"t":"PDF"},{"p":"textová príloha MÚ Ružinov","u":"https://www.enviroportal.sk/eia/dokument/132840","v":172730,"t":"PDF"},{"p":"text príloha upustenie","u":"https://www.enviroportal.sk/eia/dokument/132841","v":49975,"t":"PDF"},{"p":"textová príloha 1 rozptylová štúdia","u":"https://www.enviroportal.sk/eia/dokument/132842","v":351408,"t":"PDF"}],"typ":"Bývanie"}},{"type":"Feature","geometry":{"type":"Point","coordinates":[17.086254,48.120602]},"properties":{"id":"parkovaci-dom-dp-iii","nazov":"Parkovací dom DP III","firma":"Digital Park Einsteinova, a.s., Einsteinova 25","ico":"36292338","obec":"Bratislava - Petržalka","stav":"Akcia je ukončená v procese EIA","urad":"MČ BA – Petržalka, OÚ BA, odbor starostlivosti o životné prostredie, oddelenie ochrany prí","skupina":"Penta Real Estate","zhluk":"einsteinova 25","presnost":"približná","zmena":"2015-11-12","faza":"posúdené","dok":13,"typ":"Zeleň a verejný priestor"}},{"type":"Feature","geometry":{"type":"Point","coordinates":[17.10959,48.197834]},"properties":{"id":"parkovaci-dom-na-podnikovej-ul-","nazov":"Parkovací dom na Podnikovej ul.","firma":"NOBELOVA INVEST, s.r.o., Jozefská 2979/1","ico":"46822631","obec":"Bratislava - Nové Mesto","stav":"Akcia je ukončená v procese EIA","urad":"Mestská časť Bratislava - Nové Mesto, Okresný úrad BA, OSŽP, Odd OPa VZ ŽP","skupina":"","zhluk":"","presnost":"približná","zmena":"2014-11-19","faza":"posúdené","dok":3,"typ":"Doprava"}},{"type":"Feature","geometry":{"type":"Point","coordinates":[17.043044,48.155784]},"properties":{"id":"parkovaci-dom-na-veternicovej-ulici-v-bratislave","nazov":"Parkovací dom na Veternicovej ulici v Bratislave","firma":"Mestská časť Bratislava – Karlova Ves, Námestie sv. Františka 8","ico":"00603520","obec":"Bratislava - Karlova Ves","stav":"Akcia je ukončená v procese EIA","urad":"1. Okresný úrad BA, odbor starostlivosti o ž.p., odd. ochrany prírody a vybraných zložiek ","skupina":"","zhluk":"","presnost":"presná","zmena":"2018-02-16","faza":"posúdené","dok":5,"typ":"Výroba a sklady"}},{"type":"Feature","geometry":{"type":"Point","coordinates":[17.047416,48.160072]},"properties":{"id":"parkovaci-dom-p-r-zoo-bratislava-","nazov":"Parkovací dom - P+R ZOO Bratislava","firma":"Hlavné mesto Slovenskej republiky Bratislava","ico":"00603481","obec":"Bratislava - Karlova Ves","stav":"Akcia je ukončená v procese EIA","urad":"OÚ BA OSZP, MČ KV","skupina":"","zhluk":"primacialne namestie 1","presnost":"približná","zmena":"2025-04-01","faza":"posúdené","dok":7,"plany":[{"p":"Prílohy 2-7.pdf","u":"https://www.enviroportal.sk/eia/dokument/383634","v":105095646,"t":"PDF"}],"typ":"Doprava"}},{"type":"Feature","geometry":{"type":"Point","coordinates":[17.102661,48.127123]},"properties":{"id":"parkovaci-dom-rontgenova-ulica-bratislava","nazov":"Parkovací dom Röntgenova ulica, Bratislava","firma":"Digital Park Einsteinova, a.s., Einsteinova 25","ico":"36292338","obec":"Bratislava - Petržalka","stav":"Akcia je ukončená v procese EIA","urad":"MČ Bratislava Petržalka, OkÚ BA, OSZP3- ŠVS","skupina":"Penta Real Estate","zhluk":"einsteinova 25","presnost":"presná","zmena":"2014-05-16","faza":"posúdené","dok":27,"plany":[{"p":"Prilohy_P3_akustika","u":"https://www.enviroportal.sk/eia/dokument/211583","v":2481358,"t":"ZIP"},{"p":"Prilohy_P4_rozptyl","u":"https://www.enviroportal.sk/eia/dokument/211584","v":1213863,"t":"PDF"},{"p":"Prilohy_P5_svetlo","u":"https://www.enviroportal.sk/eia/dokument/211585","v":4329765,"t":"PDF"},{"p":"Prilohy_P1_grafika_01 mapa","u":"https://www.enviroportal.sk/eia/dokument/211545","v":834993,"t":"PDF"},{"p":"Prilohy_P1_grafika_02 foto","u":"https://www.enviroportal.sk/eia/dokument/211546","v":1448940,"t":"PDF"}],"typ":"Doprava"}},{"type":"Feature","geometry":{"type":"Point","coordinates":[17.034413,48.185048]},"properties":{"id":"parkovaci-dom-saratovska-bratislava","nazov":"Parkovací dom- Saratovská Bratislava","firma":"Hlavné mesto Slovenskej republiky Bratislava, Primaciálne námestie 1","ico":"00603481","obec":"Bratislava - Dúbravka","stav":"Akcia je ukončená v procese EIA","urad":"Mestská časť Bratislava - Dúbravka","skupina":"","zhluk":"primacialne namestie 1","presnost":"približná","zmena":"2024-06-14","faza":"posúdené","dok":10,"plany":[{"p":"graf_prilohy.pdf","u":"https://www.enviroportal.sk/eia/dokument/369678","v":6476619,"t":"PDF"}],"typ":"Doprava"}},{"type":"Feature","geometry":{"type":"Point","coordinates":[17.107383,48.200596]},"properties":{"id":"parkovaci-dom-so-101-","nazov":"Parkovací dom (SO - 101)","firma":"EURO INVEST II. spol. s r.o., Tomášikova 50/E","ico":"51136252","obec":"Bratislava - Nové Mesto","stav":"Akcia je ukončená v procese EIA","urad":"Okresný úrad Bratislava, odbor starostlivosti o životné prostredie, Tomášikova 46, 832 05 ","skupina":"","zhluk":"tomasikova e","presnost":"približná","zmena":"2024-01-22","faza":"posúdené","dok":5,"plany":[{"p":"Prílohy.zip","u":"https://www.enviroportal.sk/eia/dokument/361336","v":83117639,"t":"ZIP"}],"typ":"Zeleň a verejný priestor"}},{"type":"Feature","geometry":{"type":"Point","coordinates":[17.052503,48.16461]},"properties":{"id":"parkovaci-dom-spevnene-plochy","nazov":"Parkovací dom a spevnené plochy","firma":"Vodohospodárska výstavba š.p., Karloveská č. 2","ico":"00156752","obec":"Bratislava - Karlova Ves","stav":"Akcia je ukončená v procese EIA","urad":"MČ BA - Karlova Ves; OkÚ BA OSŽP","skupina":"","zhluk":"karloveska 2","presnost":"približná","zmena":"2015-08-05","faza":"posúdené","dok":5,"plany":[{"p":"Prílohy.zip","u":"https://www.enviroportal.sk/eia/dokument/228528","v":12223036,"t":"ZIP"}],"typ":"Administratíva"}},{"type":"Feature","geometry":{"type":"Point","coordinates":[17.170924,48.149505]},"properties":{"id":"parkovaci-dom-u-deda","nazov":"Parkovací dom u Deda","firma":"Mestská časť Bratislava-Ružinov","ico":"00603155","obec":"Bratislava - Ružinov","stav":"Zámer","urad":"MČ Bratislava Ružinov - stavebný úrad, OUBA","skupina":"","zhluk":"mierova 21","presnost":"približná","zmena":"2023-06-22","faza":"zámer","dok":9,"plany":[{"p":"Príloha_1 - Upustenie od požiadavky variantného riešenia.pdf","u":"https://www.enviroportal.sk/eia/dokument/365519","v":84932,"t":"PDF"},{"p":"Príloha_2 - Koordinačná situácia.pdf","u":"https://www.enviroportal.sk/eia/dokument/365520","v":867019,"t":"PDF"},{"p":"Príloha_7 - Akustická štúdia.pdf","u":"https://www.enviroportal.sk/eia/dokument/365523","v":2865861,"t":"PDF"},{"p":"Príloha_5 - POHĽADY.pdf","u":"https://www.enviroportal.sk/eia/dokument/365522","v":570084,"t":"PDF"},{"p":"Príloha_6 - Fotodokumentácia NČ.pdf","u":"https://www.enviroportal.sk/eia/dokument/365544","v":721493,"t":"PDF"}],"typ":"Doprava"}},{"type":"Feature","geometry":{"type":"Point","coordinates":[17.094153,48.120602]},"properties":{"id":"parkovaci-dom-wolkrova-bratislava","nazov":"Parkovací dom Wolkrova, Bratislava","firma":"Hlavné mesto Slovenskej republiky Bratislava, Primaciálne námestie 1","ico":"00603481","obec":"Bratislava - Petržalka","stav":"Akcia je ukončená v procese EIA","urad":"Mestská časť Bratislava - Petržalka","skupina":"","zhluk":"primacialne namestie 1","presnost":"približná","zmena":"2024-06-14","faza":"posúdené","dok":10,"plany":[{"p":"graf_prilohy.pdf","u":"https://www.enviroportal.sk/eia/dokument/369686","v":5088817,"t":"PDF"}],"typ":"Doprava"}},{"type":"Feature","geometry":{"type":"Point","coordinates":[17.185269,48.217723]},"properties":{"id":"parkovisko-mercedes-benz-tuhovska-ul-bratislava","nazov":"Parkovisko Mercedes Benz, Tuhovská ul., Bratislava","firma":"Motor car Immo, s.r.o., Pod Bôrikom 8","ico":"35751002","obec":"Bratislava - Vajnory","stav":"Akcia je ukončená v procese EIA","urad":"MČ BA-Vajnory","skupina":"","zhluk":"","presnost":"približná","zmena":"2013-05-22","faza":"posúdené","dok":9,"plany":[{"p":"SO 08 Situácia č.002.pdf","u":"https://www.enviroportal.sk/eia/dokument/34648","v":1304400,"t":"PDF"}],"typ":"Obchod a služby"}},{"type":"Feature","geometry":{"type":"Point","coordinates":[17.142551,48.14492]},"properties":{"id":"parkovisko-mlynske-nivy","nazov":"Parkovisko Mlynské nivy","firma":"ENG2 Facility Managment, s.r.o., Karpatská 23","ico":"44469993","obec":"Bratislava - Ružinov","stav":"Akcia je ukončená v procese EIA","urad":"1.OUBA, 2.MČ BA – Ružinov 3.Hl.m. SR BA","skupina":"","zhluk":"","presnost":"presná","zmena":"2018-01-31","ulica":"Mlynské nivy","faza":"povolené","doklad":"Rozhodnutie","dok":7,"plany":[{"p":"Príloha c. 1 Širšie vztahy.pdf","u":"https://www.enviroportal.sk/eia/dokument/258541","v":317444,"t":"PDF"},{"p":"Príloha č. 2 Celková situácia stavby.pdf","u":"https://www.enviroportal.sk/eia/dokument/258542","v":708290,"t":"PDF"},{"p":"Príloha č. 3 Mapa KN1.pdf","u":"https://www.enviroportal.sk/eia/dokument/258543","v":21370,"t":"PDF"}],"typ":"Doprava"}},{"type":"Feature","geometry":{"type":"Point","coordinates":[18.243068,48.312469]},"properties":{"id":"parkovisko-nemocnica-antolska","nazov":"Parkovisko Nemocnica Antolska","firma":"Univerzitná nemocnica Bratislava, Pažítková 4","ico":"31813861","obec":"Bratislava - Petržalka","stav":"Iný dôvod ukončenia posudzovania","urad":"OÚ BA, MČ BA - Petržalka","skupina":"","zhluk":"","presnost":"presná","zmena":"2024-08-23","faza":"zámer","dok":7,"plany":[{"p":"Prilohy - Parkovisko Nemocnica Antolska.zip","u":"https://www.enviroportal.sk/eia/dokument/285287","v":17880328,"t":"ZIP"}],"typ":"Vybavenosť"}},{"type":"Feature","geometry":{"type":"Point","coordinates":[17.207702,48.107585]},"properties":{"id":"parkovisko-pre-vozidla-v-ochrannom-pasme-potrubia","nazov":"Parkovisko pre vozidlá v ochrannom pásme potrubia","firma":"Rastislav Smolej, Starinská 2201/79","ico":"42269695","obec":"Bratislava - Podunajské Biskupice","stav":"Podnet","urad":"Mestská časť Bratislava - Podunajské Biskupice, oddelenie územného plánu, stavebného poria","skupina":"","zhluk":"","presnost":"približná","zmena":"2025-09-26","faza":"zámer","dok":3,"typ":"Výroba a sklady"}},{"type":"Feature","geometry":{"type":"Point","coordinates":[17.109175,48.196581]},"properties":{"id":"parkovisko-szu-kramare","nazov":"Parkovisko SZU Kramáre","firma":"ProPark GROUP a.s., Krížna 47","ico":"44120435","obec":"Bratislava - Nové Mesto","stav":"Akcia je ukončená v procese EIA","urad":"OUBA, odbor starostlivosti o ž.p., odd. ochrany prírody a vybraných zložiek ž.p, Tomášikov","skupina":"Grafobal Group","zhluk":"krizna 47","presnost":"približná","zmena":"2017-08-11","faza":"posúdené","dok":8,"plany":[{"p":"C_Prilohy.pdf","u":"https://www.enviroportal.sk/eia/dokument/254787","v":18922980,"t":"PDF"}],"typ":"Doprava"}},{"type":"Feature","geometry":{"type":"Point","coordinates":[17.160211,48.145368]},"properties":{"id":"patio_hranicna_polyfunkcny-objekt-zmena-","nazov":"PATIO_Hraničná_polyfunkčný objekt - zmena","firma":"GRAFOBAL GROUP development, a. s., Sasinková 5","ico":"44269340","obec":"Bratislava - Ružinov","stav":"Oznámenie o zmene","urad":"MČ BA-RUžinov","skupina":"","zhluk":"sasinkova 5","presnost":"presná","zmena":"2026-04-28","ulica":"Hraničná","faza":"zámer","dok":2,"typ":"Bývanie"}},{"type":"Feature","geometry":{"type":"Point","coordinates":[17.160211,48.145368]},"properties":{"id":"patio_hranicna_polyfunkcny-objekt","nazov":"PATIO_Hraničná_polyfunkčný objekt","firma":"GRAFOBAL GROUP development, a.s., Sasinková 5","ico":"44269340","obec":"Bratislava - Ružinov","stav":"Akcia je ukončená v procese EIA","urad":"MČ Bratislava-Ružinov - stavebný úrad OÚ BA OSŽP","skupina":"","zhluk":"sasinkova 5","presnost":"presná","zmena":"2024-10-24","ulica":"Hraničná","faza":"posúdené","dok":5,"typ":"Polyfunkcia"}},{"type":"Feature","geometry":{"type":"Point","coordinates":[17.04971,48.164994]},"properties":{"id":"pavilon-lekarskych-vied-sav","nazov":"Pavilón lekárskych vied SAV","firma":"Slovenská akadémia vied , Štefánikova 49","ico":"00037869","obec":"Bratislava - Karlova Ves","stav":"Akcia je ukončená v procese EIA","urad":"Mestská časť Bratislava - Karlova Ves, OÚŽP v BA, odbor ŠVS","skupina":"","zhluk":"","presnost":"približná","zmena":"2012-04-18","faza":"posúdené","dok":69,"plany":[{"p":"Vyjadrenie_kopia z katastra","u":"https://www.enviroportal.sk/eia/dokument/139064","v":645166,"t":"JPG"},{"p":"Podorysy_1pp","u":"https://www.enviroportal.sk/eia/dokument/139034","v":220060,"t":"PDF"},{"p":"Podorysy_2np","u":"https://www.enviroportal.sk/eia/dokument/139035","v":279037,"t":"PDF"},{"p":"Podorysy_2np pre svtl","u":"https://www.enviroportal.sk/eia/dokument/139036","v":188635,"t":"PDF"},{"p":"Podorysy_2pp","u":"https://www.enviroportal.sk/eia/dokument/139037","v":192234,"t":"PDF"}],"typ":"Bývanie"}},{"type":"Feature","geometry":{"type":"Point","coordinates":[17.088636,48.123838]},"properties":{"id":"petrzalka-city-i-etapa","nazov":"PETRŽALKA CITY - I. ETAPA","firma":"PETRŽALKA CITY, a. s., Panenská 6","ico":"35933372","obec":"Bratislava - Petržalka","stav":"Akcia je ukončená v procese EIA","urad":"MČ Bratislava - Petržalka, OUBA","skupina":"","zhluk":"panenska 6","presnost":"približná","zmena":"2021-12-08","faza":"posúdené","dok":6,"plany":[{"p":"Prílohy_final.pdf","u":"https://www.enviroportal.sk/eia/dokument/327474","v":48921902,"t":"PDF"}],"typ":"Bývanie"}},{"type":"Feature","geometry":{"type":"Point","coordinates":[17.093397,48.122884]},"properties":{"id":"petrzalka-city-lokalita-2-etapa-subor-stavieb-bratislava-petrzalka-cas","nazov":"PETRŽALKA CITY – LOKALITA A, 2. etapa – súbor stavieb, Bratislava – Petržalka, ČASŤ STAVBY: PETRŽALKA CITY, etapa 2 A SO 03.1 Polyfunkčný dom B","firma":"FORESPO PETRŽALKA CITY a. s., Karloveská 34","ico":"46006184","obec":"Bratislava - Petržalka","stav":"Akcia je ukončená v procese EIA","urad":"Mestská časť Bratislava – Petržalka, Kutlíkova 17, 852 12 Bratislava 5","skupina":"Forespo / 365.invest","zhluk":"karloveska 34","presnost":"približná","zmena":"2015-12-31","faza":"posúdené","dok":6,"typ":"Polyfunkcia"}},{"type":"Feature","geometry":{"type":"Point","coordinates":[17.087009,48.122884]},"properties":{"id":"petrzalka-city-lokalita-bratislava","nazov":"Petržalka CITY- lokalita A, Bratislava","firma":"Petržalka CITY, a.s., Nám. SNP 25","ico":"35933372","obec":"Bratislava - Petržalka","stav":"Akcia je ukončená v procese EIA","urad":"MČ Bratislava - Petržalka","skupina":"","zhluk":"panenska 6","presnost":"približná","zmena":"2013-05-09","faza":"posúdené","dok":10,"plany":[{"p":"prílohy","u":"https://www.enviroportal.sk/eia/dokument/29975","v":40175673,"t":"PDF"},{"p":"textové prílohy","u":"https://www.enviroportal.sk/eia/dokument/59893","v":38961822,"t":"PDF"},{"p":"grafické prílohy","u":"https://www.enviroportal.sk/eia/dokument/59892","v":20872350,"t":"PDF"}],"typ":"Vybavenosť"}},{"type":"Feature","geometry":{"type":"Point","coordinates":[17.094237,48.127869]},"properties":{"id":"petrzalka-city-lokalita-chorvatske-rameno-halova-rusovska-cesta-2-etap","nazov":"PETRŽALKA CITY - lokalita A (Chorvátske rameno - Hálova - Rusovská cesta), 2. etapa - súbor stavieb Bratislava - Petržalka - SO 03 Objekt „B” - hromad","firma":"SIAG Multipurpose Center, s.r.o., Galvaniho 17/C","ico":"43869645","obec":"Bratislava - Petržalka","stav":"Akcia je ukončená v procese EIA","urad":"Okresný úrad Bratislava, odbor starostlivosti o životné prostredie, Tomášikova 46, 832 05 ","skupina":"","zhluk":"galvaniho c","presnost":"presná","zmena":"2025-10-23","faza":"posúdené","dok":8,"plany":[{"p":"prílohy..zip","u":"https://www.enviroportal.sk/eia/dokument/360157","v":75048800,"t":"ZIP"}],"typ":"Administratíva"}},{"type":"Feature","geometry":{"type":"Point","coordinates":[17.093354,48.122926]},"properties":{"id":"petrzalka-juh-juzna-rozvojova-os","nazov":"Petržalka - juh, južná rozvojová os","firma":"POPPER development spol.s.r.o.,Štúrova 11","ico":"35697873","obec":"Bratislava - Petržalka","stav":"Akcia je ukončená v procese EIA","urad":"Mestská časť Bratislava-Petržalka, MČ Bratislava - Jarovce","skupina":"","zhluk":"sturova 11","presnost":"približná","zmena":"2014-02-13","faza":"posúdené","dok":1,"typ":"Doprava"}},{"type":"Feature","geometry":{"type":"Point","coordinates":[17.17203,48.144868]},"properties":{"id":"pharos-bratislava-sektor-c-d-e-i-k-l-m","nazov":"PHAROS BRATISLAVA - sektor C, D, E, I, K, L, a M","firma":"DEVELOPMENT 4, s.r.o., Kominárska 2,4","ico":"36688223","obec":"Bratislava - Ružinov","stav":"Akcia je ukončená v procese EIA","urad":"MČ Bratislava Ružinov, Vrakuňa","skupina":"","zhluk":"","presnost":"približná","zmena":"2014-06-17","faza":"posúdené","dok":5,"typ":"Administratíva"}},{"type":"Feature","geometry":{"type":"Point","coordinates":[17.177681,48.146499]},"properties":{"id":"pivovar-1","nazov":"Pivovar","firma":"Heineken Slovensko, a. s, Novozámocká 2","ico":"36528391","obec":"Bratislava - Ružinov","stav":"Akcia je ukončená v procese EIA","urad":"OU BA, MC BA Ruzinov","skupina":"","zhluk":"","presnost":"približná","zmena":"2020-05-26","faza":"posúdené","dok":7,"plany":[{"p":"Prilohy.zip","u":"https://www.enviroportal.sk/eia/dokument/302180","v":10566984,"t":"ZIP"}],"typ":"Výroba a sklady"}},{"type":"Feature","geometry":{"type":"Point","coordinates":[17.018493,48.16982]},"properties":{"id":"pivovar-devin","nazov":"Pivovar Devín","firma":"DEWAR s.r.o., Kremeľská 862/5","ico":"50712047","obec":"Bratislava - Devín","stav":"Akcia je ukončená v procese EIA","urad":"Mestská časť Bratislava - Devín","skupina":"","zhluk":"","presnost":"približná","zmena":"2023-03-22","faza":"posúdené","dok":6,"typ":"Vybavenosť"}},{"type":"Feature","geometry":{"type":"Point","coordinates":[17.177001,48.145604]},"properties":{"id":"plan-vyuzivania-loziska-nevyhradenych-nerastov-strkopieskov-1","nazov":"Plán využívania ložiska nevyhradených nerastov - štrkopieskov","firma":"D4R7 Construction s.r.o., Odborárska 21","ico":"","obec":"Bratislava - Ružinov","stav":"Podnet","urad":"Obvodný banský úrad Bratislava Okresný úrad Bratislava, odbor starostlivosti o životné pro","skupina":"","zhluk":"","presnost":"približná","zmena":"2019-01-22","faza":"zámer","dok":2,"typ":"Plány a koncepcie"}},{"type":"Feature","geometry":{"type":"Point","coordinates":[17.102848,48.154314]},"properties":{"id":"planovana-prioritna-zeleznicna-trat-vieden-rakuska-hranica","nazov":"Plánovaná prioritná železničná trať Viedeň – Rakúska hranica","firma":"ÖBB-Infrastruktur AG","ico":"0","obec":"Bratislava - Staré Mesto","stav":"Správa o hodnotení","urad":"","skupina":"","zhluk":"j rasu 534","presnost":"približná","zmena":"2016-11-09","faza":"zámer","dok":5,"typ":"Doprava"}},{"type":"Feature","geometry":{"type":"Point","coordinates":[17.019066,48.172106]},"properties":{"id":"plniaca-stanica-cng-bonett-metro-bratislava-devinska-nova-ves-","nazov":"Plniaca stanica CNG Bonett - METRO Bratislava, Devínska Nová Ves","firma":"Bonett EUROGAS CNG Slovakia, s. r. o. Košice, Opatovská 3","ico":"51338840","obec":"Bratislava - Devínska Nová Ves","stav":"Akcia je ukončená v procese EIA","urad":"Mestská časť Bratislava – Devínska Nová Ves, Novoveská 5401/17, 841 07 Bratislava","skupina":"","zhluk":"","presnost":"približná","zmena":"2020-08-05","faza":"posúdené","dok":5,"plany":[{"p":"príloha.zip","u":"https://www.enviroportal.sk/eia/dokument/307014","v":52271593,"t":"ZIP"}],"typ":"Výroba a sklady"}},{"type":"Feature","geometry":{"type":"Point","coordinates":[17.171119,48.145369]},"properties":{"id":"plynofikacia-hk1-vo-vyhrevni-juh","nazov":"Plynofikácia HK1 vo Výhrevni juh","firma":"Bratislavská teplárenská, a.s., Bajkalská 21/A","ico":"35832542","obec":"Bratislava - Ružinov","stav":"Akcia je ukončená v procese EIA","urad":"SIŽP, Inšpektorát ŽP, OÚŽP v BA odbor ochrany ovzdušia, MČ Bratislava Ružinov","skupina":"","zhluk":"bajkalska a","presnost":"približná","zmena":"2012-10-25","faza":"posúdené","dok":7,"plany":[{"p":"mapa širších vzťahov","u":"https://www.enviroportal.sk/eia/dokument/148891","v":1568232,"t":"PDF"}],"typ":"Výroba a sklady"}},{"type":"Feature","geometry":{"type":"Point","coordinates":[17.062975,48.237955]},"properties":{"id":"podkerepusky","nazov":"Podkerepušky","firma":"ALCECH, spol. s r.o., Kupeckého 5","ico":"35930454","obec":"Bratislava - Záhorská Bystrica","stav":"Zámer","urad":"MČ BA Záhorská Bystrica, OU BA OSZP","skupina":"","zhluk":"","presnost":"približná","zmena":"2015-01-16","faza":"zámer","dok":3,"plany":[{"p":"Prílohy.zip","u":"https://www.enviroportal.sk/eia/dokument/222091","v":39309475,"t":"ZIP"}],"typ":"Výroba a sklady"}},{"type":"Feature","geometry":{"type":"Point","coordinates":[17.77826,48.434735]},"properties":{"id":"podzemny-parkovaci-dom-mestsky-park-kollarovo-namestie-bratislava","nazov":"Podzemný parkovací dom a mestský park, Kollárovo námestie, Bratislava","firma":"Parking House a.s., Kollárovo námestie 20","ico":"35833459","obec":"Bratislava - Staré Mesto","stav":"Akcia je ukončená v procese EIA","urad":"MČ Bratislava -Staré Mesto, OÚŽP v BA - odbor ŠVS","skupina":"","zhluk":"","presnost":"presná","zmena":"2012-09-28","faza":"posúdené","dok":6,"plany":[{"p":"prílohy 2","u":"https://www.enviroportal.sk/eia/dokument/145849","v":15835239,"t":"PDF"},{"p":"prílohy 1","u":"https://www.enviroportal.sk/eia/dokument/145848","v":8844306,"t":"PDF"}],"typ":"Zeleň a verejný priestor"}},{"type":"Feature","geometry":{"type":"Point","coordinates":[17.091964,48.123772]},"properties":{"id":"poh-dunaja-bratislava-wolfsthal-uprava-tesnenia-hradze","nazov":"POH Dunaja Bratislava - Wolfsthal úprava tesnenia hrádze","firma":"SLOVENSKÝ VODOHOSPODÁRSKY PODNIK, š.p. Odštepný závod Bratislava Karlo","ico":"3602204701","obec":"Bratislava - Petržalka","stav":"Akcia je ukončená v procese EIA","urad":"KÚŽP v BA, odbor ŠVS (OÚŽP v BA), MČ Bratislava - Petržalka","skupina":"","zhluk":"","presnost":"približná","zmena":"2012-01-20","faza":"povolené","doklad":"Rozhodnutie","dok":12,"plany":[{"p":"VI prílohy krycí list","u":"https://www.enviroportal.sk/eia/dokument/132061","v":4457,"t":"DOC"},{"p":"prílohy vzorový priečny profil","u":"https://www.enviroportal.sk/eia/dokument/132009","v":355705,"t":"PDF"},{"p":"prílohy sprievodná správa","u":"https://www.enviroportal.sk/eia/dokument/132005","v":1033328,"t":"PDF"},{"p":"prílohy súhrnná technická správa","u":"https://www.enviroportal.sk/eia/dokument/132006","v":2928634,"t":"PDF"},{"p":"prílohy technická správa","u":"https://www.enviroportal.sk/eia/dokument/132007","v":1312887,"t":"PDF"}],"typ":"Technická infraštruktúra"}},{"type":"Feature","geometry":{"type":"Point","coordinates":[17.029693,48.180799]},"properties":{"id":"polianky-studios","nazov":"POLIANKY STUDIOS","firma":"Polianky Studios, s. r. o., Suché Mýto 1","ico":"52589552","obec":"Bratislava - Dúbravka","stav":"Zámer","urad":"MČ Dúbravka- stavebný úrad","skupina":"","zhluk":"suche myto 1","presnost":"približná","zmena":"2026-08-25","faza":"zámer","dok":3,"plany":[{"p":"prílohy_POLIANKY STUDIOS.pdf","u":"https://www.enviroportal.sk/eia/dokument/406006","v":53915125,"t":"PDF"}],"typ":"Polyfunkcia"}},{"type":"Feature","geometry":{"type":"Point","coordinates":[17.10267,48.199963]},"properties":{"id":"polus-tower-3--bratislava-administrativna-budova-millennium-tower-iii","nazov":"Polus Tower 3, a.s. Bratislava, Administratívna budova Millennium Tower III","firma":"Polus Tower 3, a.s., Vajnorská 100/B","ico":"35852127","obec":"Bratislava - Nové Mesto","stav":"Akcia je ukončená v procese EIA","urad":"HM SR Bratislava, MČ Bratislava - Nové Mesto","skupina":"","zhluk":"","presnost":"približná","zmena":"2013-05-06","faza":"posúdené","dok":3,"typ":"Administratíva"}},{"type":"Feature","geometry":{"type":"Point","coordinates":[17.171196,48.145314]},"properties":{"id":"polyfuncny-subor-bct-1-bytove-domy","nazov":"Polyfunčný súbor BCT 1, Bytové domy","firma":"YIT SLOVAKIA a.s., Račianska 153/A","ico":"35718625","obec":"Bratislava - Ružinov","stav":"Akcia je ukončená v procese EIA","urad":"Okresný úrad Bratislava, odbor starostlivosti o životné prostredie, oddelenie ochrany prír","skupina":"","zhluk":"racianska a","presnost":"približná","zmena":"2018-11-02","faza":"posúdené","dok":5,"plany":[{"p":"Doplňujúce informácie Prílohy.zip","u":"https://www.enviroportal.sk/eia/dokument/277759","v":11543449,"t":"ZIP"}],"typ":"Bývanie"}},{"type":"Feature","geometry":{"type":"Point","coordinates":[17.177418,48.148964]},"properties":{"id":"polyfunkcna-budova-na-jegeho-ul-v-bratislave-residence-tower","nazov":"Polyfunkčná budova na Jégeho ul. v Bratislave - Residence Tower","firma":"Residence, s.r.o., Šamorínska 10","ico":"35861312","obec":"Bratislava - Ružinov","stav":"Akcia je ukončená v procese EIA","urad":"MČ Ba- Ružinov","skupina":"","zhluk":"","presnost":"približná","zmena":"2013-07-01","faza":"posúdené","dok":7,"plany":[{"p":"Prílohy","u":"https://www.enviroportal.sk/eia/dokument/38764","v":309041,"t":"PDF"},{"p":"Pôdorys V1","u":"https://www.enviroportal.sk/eia/dokument/38765","v":654213,"t":"PDF"},{"p":"Prílohy","u":"https://www.enviroportal.sk/eia/dokument/38769","v":309041,"t":"PDF"}],"typ":"Polyfunkcia"}},{"type":"Feature","geometry":{"type":"Point","coordinates":[17.102089,48.199364]},"properties":{"id":"polyfunkcna-budova-parkovaci-dom-kaufland","nazov":"Polyfunkčná budova a parkovací dom Kaufland","firma":"Kaufland Slovenská republika v.o.s., Trnavská cesta 41/A","ico":"35790164","obec":"Bratislava - Nové Mesto","stav":"Akcia je ukončená v procese EIA","urad":"MČ Bratislava - Nové Mesto, OÚ BA OSŽP","skupina":"","zhluk":"trnavska cesta a","presnost":"približná","zmena":"2020-01-16","faza":"posúdené","dok":5,"typ":"Polyfunkcia"}},{"type":"Feature","geometry":{"type":"Point","coordinates":[17.046983,48.160524]},"properties":{"id":"polyfunkcna-budova-westend-square-bratislava","nazov":"Polyfunkčná budova WESTEND SQUARE, Bratislava","firma":"Lamačská 1, spol. s r.o., Lamačská cesta 3","ico":"35769394","obec":"Bratislava - Karlova Ves","stav":"Akcia je ukončená v procese EIA","urad":"MČ Bratislava - Karlova Ves","skupina":"Forespo / 365.invest","zhluk":"lamacska cesta 3","presnost":"približná","zmena":"2013-05-03","faza":"posúdené","dok":3,"typ":"Polyfunkcia"}},{"type":"Feature","geometry":{"type":"Point","coordinates":[17.177906,48.147726]},"properties":{"id":"polyfunkcna-budova","nazov":"Polyfunkčná budova","firma":"KAPPA TRADE, spol. s r.o.","ico":"31367577","obec":"Bratislava - Ružinov","stav":"Akcia je ukončená v procese EIA","urad":"Okresný úrad Bratislava Mestská časť Bratislava - Ružinov","skupina":"","zhluk":"","presnost":"približná","zmena":"2022-06-30","faza":"posúdené","dok":6,"plany":[{"p":"Prílohy dopl. info.pdf","u":"https://www.enviroportal.sk/eia/dokument/336798","v":7745496,"t":"PDF"}],"typ":"Polyfunkcia"}},{"type":"Feature","geometry":{"type":"Point","coordinates":[17.095475,48.155455]},"properties":{"id":"polyfunkcna-stavba-chalupkova-residence","nazov":"Polyfunkčná stavba Chalupkova Residence","firma":"Virtual Residence, s. r. o., Špitálska 57","ico":"52332543","obec":"Bratislava - Staré Mesto","stav":"Akcia je ukončená v procese EIA","urad":"MČ Bratislava - Staré Mesto Okresný úrad Bratislava, odbor starostlivosti o životné prostr","skupina":"","zhluk":"","presnost":"približná","zmena":"2022-12-08","faza":"posúdené","dok":5,"typ":"Bývanie"}},{"type":"Feature","geometry":{"type":"Point","coordinates":[17.096664,48.158041]},"properties":{"id":"polyfunkcna-stavba-chalupkova","nazov":"Polyfunkčná stavba Chalupkova","firma":"INMATI s. r. o.","ico":"53638531","obec":"Bratislava - Staré Mesto","stav":"Akcia je ukončená v procese EIA","urad":"MČ Bratislava - Staré Mesto Okresný úrad Bratislava, odbor starostlivosti o životné prostr","skupina":"","zhluk":"","presnost":"približná","zmena":"2023-02-15","faza":"posúdené","dok":6,"plany":[{"p":"ZÁMER a PRÍLOHY.zip","u":"https://www.enviroportal.sk/eia/dokument/339524","v":22772805,"t":"ZIP"}],"typ":"Polyfunkcia"}},{"type":"Feature","geometry":{"type":"Point","coordinates":[17.097041,48.158282]},"properties":{"id":"polyfunkcna-stavba-nova-bottova-1","nazov":"Polyfunkčná stavba Nová Bottova","firma":"Smart City Office VIII, s. r. o.","ico":"50733907","obec":"Bratislava - Staré Mesto","stav":"Oznámenie o zmene","urad":"OÚ Bratislava, MČ Bratislava - Staré Mesto","skupina":"","zhluk":"","presnost":"približná","zmena":"2025-06-19","faza":"zámer","dok":6,"plany":[{"p":"prílohy k oznámeniu o zmene navrhovanej činnosti PS Nová Bot","u":"https://www.enviroportal.sk/eia/dokument/388007","v":26602786,"t":"PDF"}],"typ":"Bývanie"}},{"type":"Feature","geometry":{"type":"Point","coordinates":[17.099064,48.152891]},"properties":{"id":"polyfunkcna-stavba-nova-bottova","nazov":"Polyfunkčná stavba Nová Bottova","firma":"Smart City Parking s.r.o., Mlynské nivy 16","ico":"50733788","obec":"Bratislava - Staré Mesto","stav":"Akcia je ukončená v procese EIA","urad":"Miestny úrad MČ Bratislava - Staré Mesto - stavebný úrad Okresný úrad Bratislava, odbor st","skupina":"","zhluk":"mlynske nivy 16","presnost":"približná","zmena":"2021-11-23","faza":"posúdené","dok":6,"plany":[{"p":"Prílohy_komplet.pdf","u":"https://www.enviroportal.sk/eia/dokument/322923","v":11654208,"t":"PDF"},{"p":"Doplňujúce informácie final+prílohy Nova Bottova.pdf","u":"https://www.enviroportal.sk/eia/dokument/328440","v":12197280,"t":"PDF"}],"typ":"Polyfunkcia"}},{"type":"Feature","geometry":{"type":"Point","coordinates":[17.095454,48.155587]},"properties":{"id":"polyfunkcna-stavba-twin-city-bratislava-objekty-c0-c2-c34","nazov":"Polyfunkčná stavba TWIN CITY, Bratislava, objekty C0, C2, C34","firma":"Smart City Office s. r. o., Mlynské Nivy 16","ico":"50738429","obec":"Bratislava - Staré Mesto","stav":"Akcia je ukončená v procese EIA","urad":"Mestská časť Bratislava – Staré Mesto, Vajanského nábrežie 3, 814 21 Bratislava","skupina":"","zhluk":"mlynske nivy 16","presnost":"približná","zmena":"2020-11-24","faza":"posúdené","dok":4,"typ":"Polyfunkcia"}},{"type":"Feature","geometry":{"type":"Point","coordinates":[17.098471,48.152967]},"properties":{"id":"polyfunkcna-stavba-twin-city-objekt-a1","nazov":"Polyfunkčná stavba TWIN CITY - objekt A1","firma":"TC Tower A1 s.r.o., Karadžičova12","ico":"44675712","obec":"Bratislava - Staré Mesto","stav":"Akcia je ukončená v procese EIA","urad":"MČ BA Staré Mesto, OkÚ BA, OSZP3","skupina":"","zhluk":"","presnost":"približná","zmena":"2014-04-03","faza":"posúdené","dok":11,"plany":[{"p":"C_prilohy","u":"https://www.enviroportal.sk/eia/dokument/205629","v":4631399,"t":"PDF"},{"p":"f dopravná štúdia-výkres","u":"https://www.enviroportal.sk/eia/dokument/205667","v":1244770,"t":"PDF"}],"typ":"Polyfunkcia"}},{"type":"Feature","geometry":{"type":"Point","coordinates":[17.102629,48.154072]},"properties":{"id":"polyfunkcna-stavba-twin-city-zmena-stavebnych-objektov","nazov":"Polyfunkčná stavba TWIN CITY – zmena stavebných objektov","firma":"Twin City a.s., Karadžičova 12","ico":"35872217","obec":"Bratislava - Staré Mesto","stav":"Akcia je ukončená v procese EIA","urad":"MČ Bratislava Staré Mesto","skupina":"HB Reavis","zhluk":"karadzicova 12","presnost":"približná","zmena":"2014-11-10","faza":"dokončené","doklad":"Oznámenie o začatí kolaudačného konania.","dok":6,"plany":[{"p":"prílohy","u":"https://www.enviroportal.sk/eia/dokument/219307","v":7460197,"t":"PDF"}],"typ":"Polyfunkcia"}},{"type":"Feature","geometry":{"type":"Point","coordinates":[17.036874,48.183439]},"properties":{"id":"polyfunkcna-zastavba-dubravcice-sever-1","nazov":"Polyfunkčná zástavba Dúbravčice - Sever","firma":"KERVEK Slovakia, s.r.o., Laurinská 18","ico":"36366188","obec":"Bratislava - Dúbravka","stav":"Akcia je ukončená v procese EIA","urad":"Mestská časť Bratislava - Dúbravka, OÚŽP BA, odbor ŠVS","skupina":"","zhluk":"laurinska 18","presnost":"približná","zmena":"2014-05-16","faza":"dokončené","doklad":"Oznámenie o začatí kolaudačného konania","dok":42,"plany":[{"p":"Prilohy-svetlotech.posudok","u":"https://www.enviroportal.sk/eia/dokument/179202","v":199192,"t":"RTF"},{"p":"Map. a ina obr. dok_ Vizualizacia","u":"https://www.enviroportal.sk/eia/dokument/179142","v":721266,"t":"JPG"},{"p":"Map. a ina obr. dok_ mapa 1_50000","u":"https://www.enviroportal.sk/eia/dokument/179173","v":771634,"t":"JPG"},{"p":"Prilohy_4. Akusticka studia","u":"https://www.enviroportal.sk/eia/dokument/179134","v":1498281,"t":"PDF"},{"p":"Map. a ina obr. dok_ sirsie vztahy","u":"https://www.enviroportal.sk/eia/dokument/179139","v":1578150,"t":"PDF"}],"typ":"Bývanie"}},{"type":"Feature","geometry":{"type":"Point","coordinates":[17.142551,48.14492]},"properties":{"id":"polyfunkcna-zona-mlynarka-mlynske-nivy-bratislava-ruzinov-1-etapa-","nazov":"Polyfunkčná zóna MLYNÁRKA, Mlynské nivy, Bratislava–Ružinov, 1.etapa","firma":"YIT Slovakia a.s., Svätoplukova 2A","ico":"35718625","obec":"Bratislava - Ružinov","stav":"Akcia je ukončená v procese EIA","urad":"Mestská časť Bratislava – Ružinov, Mierová 21, 827 05 Bratislava Okresný úrad Bratislava, ","skupina":"","zhluk":"racianska a","presnost":"presná","zmena":"2025-02-25","ulica":"Mlynské nivy","faza":"povolené","doklad":"Rozhodnutie","dok":9,"plany":[{"p":"prílohy.zip","u":"https://www.enviroportal.sk/eia/dokument/356687","v":43567125,"t":"ZIP"},{"p":"príloha.zip","u":"https://www.enviroportal.sk/eia/dokument/377337","v":82572350,"t":"ZIP"}],"typ":"Plány a koncepcie"}},{"type":"Feature","geometry":{"type":"Point","coordinates":[16.972788,48.21001]},"properties":{"id":"polyfunkcne-centrum-2-bytove-domy-c1-c2-1-etapa-istrijska-ulica-devins","nazov":"Polyfunkčné centrum - 2 bytové domy C1 a C2, 1 etapa - Istrijská ulica, Devínska Nová Ves - Bratislava - premiestnenie parkovacích státí","firma":"KOPOS - BV, spol. s r.o., Belehradská ul. č. 1","ico":"35691671","obec":"Bratislava - Devínska Nová Ves","stav":"Akcia je ukončená v procese EIA","urad":"MČ DNV, OÚŽP odbor ŠVS","skupina":"","zhluk":"","presnost":"presná","zmena":"2012-06-12","faza":"posúdené","dok":23,"plany":[{"p":"Priloha 5_C_01","u":"https://www.enviroportal.sk/eia/dokument/142185","v":295039,"t":"JPG"},{"p":"Priloha 5_C_02","u":"https://www.enviroportal.sk/eia/dokument/142206","v":106269,"t":"JPG"},{"p":"Priloha 1_01","u":"https://www.enviroportal.sk/eia/dokument/142167","v":297725,"t":"JPG"},{"p":"Priloha 1_02","u":"https://www.enviroportal.sk/eia/dokument/142168","v":392867,"t":"JPG"},{"p":"Priloha 1_03","u":"https://www.enviroportal.sk/eia/dokument/142169","v":448080,"t":"JPG"}],"typ":"Bývanie"}},{"type":"Feature","geometry":{"type":"Point","coordinates":[17.094168,48.121475]},"properties":{"id":"polyfunkcne-centrum-einsteinova-objekt-polyfunkcny-dom","nazov":"Polyfunkčné centrum Einsteinova, objekt Polyfunkčný dom","firma":"IPD - International Property Development, s.r.o., Tomášikova 48","ico":"35874775","obec":"Bratislava - Petržalka","stav":"Akcia je ukončená v procese EIA","urad":"Mestská časť Bratislava – Petržalka, Kutlíkova 17, 852 12 Bratislava 5","skupina":"","zhluk":"","presnost":"približná","zmena":"2016-08-11","faza":"posúdené","dok":3,"typ":"Polyfunkcia"}},{"type":"Feature","geometry":{"type":"Point","coordinates":[17.087406,48.118933]},"properties":{"id":"polyfunkcne-centrum-einsteinova-ul-bratislava-objekt-polyfunkcny-dom-h","nazov":"Polyfunkčné centrum Einsteinova ul. Bratislava, objekt Polyfunkčný dom a hotel","firma":"IPD - International Property Development, s.r.o., Tomášikova 48","ico":"35874775","obec":"Bratislava - Petržalka","stav":"Akcia je ukončená v procese EIA","urad":"MČ Bratislava Petržalka","skupina":"","zhluk":"","presnost":"približná","zmena":"2013-10-25","faza":"posúdené","dok":2,"typ":"Polyfunkcia"}},{"type":"Feature","geometry":{"type":"Point","coordinates":[17.092482,48.118613]},"properties":{"id":"polyfunkcne-centrum-einsteinova","nazov":"Polyfunkčné centrum - Einsteinova","firma":"SPV74, a.s., Štefanovičová 12","ico":"45897271","obec":"Bratislava - Petržalka","stav":"Akcia je ukončená v procese EIA","urad":"Mestská časť Bratislava - Petržalka, OÚ BA - ŠVS","skupina":"","zhluk":"","presnost":"približná","zmena":"2014-05-20","faza":"posúdené","dok":54,"plany":[{"p":"Prilohy_P5_svetlo_variant1_insolt","u":"https://www.enviroportal.sk/eia/dokument/211844","v":225810,"t":"PDF"},{"p":"Prilohy_P6_dendrologia","u":"https://www.enviroportal.sk/eia/dokument/211835","v":415944,"t":"PDF"},{"p":"Prilohy_P5_svetlo_variant1_rez","u":"https://www.enviroportal.sk/eia/dokument/211839","v":180503,"t":"PDF"},{"p":"Prilohy_P1_grafika_variant 2_pohlad juzny","u":"https://www.enviroportal.sk/eia/dokument/211898","v":247898,"t":"PDF"},{"p":"Prilohy_P1_grafika_variant 2_pohlad vychodny","u":"https://www.enviroportal.sk/eia/dokument/211899","v":230964,"t":"PDF"}],"typ":"Bývanie"}},{"type":"Feature","geometry":{"type":"Point","coordinates":[16.972788,48.21001]},"properties":{"id":"polyfunkcne-centrum-istrijska-ulica-mc-bratislava-devinska-nova-ves","nazov":"Polyfunkčné centrum - Istrijská ulica - MČ Bratislava - Devínska Nová Ves","firma":"Kopos - BV, spol. s r.o.","ico":"35691671","obec":"Bratislava - Devínska Nová Ves","stav":"Akcia je ukončená v procese EIA","urad":"MČ Bratislava - Devínska Nová Ves","skupina":"","zhluk":"","presnost":"presná","zmena":"2013-02-18","faza":"posúdené","dok":3,"typ":"Polyfunkcia"}},{"type":"Feature","geometry":{"type":"Point","coordinates":[17.175299,48.148002]},"properties":{"id":"polyfunkcne-centrum-mierova-bratislava","nazov":"Polyfunkčné centrum Mierová, Bratislava","firma":"M-Invest Slovakia Mierová spol. s r.o., Miletičova 23","ico":"35515558","obec":"Bratislava - Ružinov","stav":"Akcia je ukončená v procese EIA","urad":"MČ Ba-Ružinov","skupina":"","zhluk":"","presnost":"presná","zmena":"2013-05-22","ulica":"Mierová","faza":"posúdené","dok":17,"plany":[{"p":"vizualizácie.pdf","u":"https://www.enviroportal.sk/eia/dokument/34657","v":88558,"t":"PDF"}],"typ":"Polyfunkcia"}},{"type":"Feature","geometry":{"type":"Point","coordinates":[17.175299,48.148002]},"properties":{"id":"polyfunkcne-centrum-mierova-ii-etapa","nazov":"Polyfunkčné centrum Mierová, II.etapa","firma":"M-Invest Slovakia Mierova, spol. s r.o.","ico":"36515558","obec":"Bratislava - Ružinov","stav":"Akcia je ukončená v procese EIA","urad":"Mestská časť Bratislava- Ružinov","skupina":"","zhluk":"","presnost":"presná","zmena":"2013-07-03","ulica":"Mierová","faza":"posúdené","dok":20,"plany":[{"p":"Polyf.centrum Mierova2_pasport_situácia","u":"https://www.enviroportal.sk/eia/dokument/40728","v":350192,"t":"PDF"},{"p":"Situácia","u":"https://www.enviroportal.sk/eia/dokument/40729","v":123600,"t":"PDF"},{"p":"Mierová vizualizácie","u":"https://www.enviroportal.sk/eia/dokument/40725","v":89865,"t":"PDF"}],"typ":"Polyfunkcia"}},{"type":"Feature","geometry":{"type":"Point","coordinates":[17.213002,48.271557]},"properties":{"id":"polyfunkcne-centrum-nova-mytna-bratislava","nazov":"Polyfunkčné centrum - Nová Mýtna, Bratislava","firma":"Team Nový Dom, s.r.o., Vysoká 9","ico":"35880503","obec":"Bratislava - Staré Mesto","stav":"Akcia je ukončená v procese EIA","urad":"MČ Bratislava - Staré Mesto","skupina":"","zhluk":"","presnost":"presná","zmena":"2013-02-13","ulica":"Radlinského","faza":"posúdené","dok":3,"typ":"Polyfunkcia"}},{"type":"Feature","geometry":{"type":"Point","coordinates":[17.185699,48.168556]},"properties":{"id":"polyfunkcne-centrum","nazov":"Polyfunkčné centrum","firma":"VI GROUP Development s.r.o., Roľnícka 157","ico":"52358992","obec":"Bratislava - Ružinov","stav":"Akcia je ukončená v procese EIA","urad":"OÚBA, MČ BA-Ružinov- stavebný úrad","skupina":"VI Group","zhluk":"rolnicka 157","presnost":"presná","zmena":"2024-10-25","faza":"posúdené","dok":5,"plany":[{"p":"Prílohy k zámeru.pdf","u":"https://www.enviroportal.sk/eia/dokument/380207","v":17375159,"t":"PDF"}],"typ":"Bývanie"}},{"type":"Feature","geometry":{"type":"Point","coordinates":[17.091673,48.118288]},"properties":{"id":"polyfunkcne-centrum_einsteinova","nazov":"POLYFUNKČNÉ CENTRUM_EINSTEINOVA","firma":"SPV74, a. s., Štefanovičova 12","ico":"45897271","obec":"Bratislava - Petržalka","stav":"Akcia je ukončená v procese EIA","urad":"MČ BA - Petržalka, OÚ BA - OSZP3 ŠVS","skupina":"","zhluk":"","presnost":"približná","zmena":"2014-10-23","faza":"posúdené","dok":52,"plany":[{"p":"Príloha 29 var. 1 01 NP","u":"https://www.enviroportal.sk/eia/dokument/217016","v":611733,"t":"PDF"},{"p":"Príloha 34 var, 1 Širšie vzťahy","u":"https://www.enviroportal.sk/eia/dokument/216998","v":370654,"t":"PDF"},{"p":"Príloha 35 VARIANT 2 pohľad západný","u":"https://www.enviroportal.sk/eia/dokument/217021","v":297287,"t":"PDF"},{"p":"Príloha 36 var. 2 pohľad východný","u":"https://www.enviroportal.sk/eia/dokument/217022","v":230964,"t":"PDF"},{"p":"Príloha 38 var. 2 pohľad južný","u":"https://www.enviroportal.sk/eia/dokument/217023","v":247898,"t":"PDF"}],"typ":"Bývanie"}},{"type":"Feature","geometry":{"type":"Point","coordinates":[17.214957,48.106538]},"properties":{"id":"polyfunkcne-domy-podunajska-ul-bratislava","nazov":"Polyfunkčné domy Podunajská ul., Bratislava","firma":"Apollo Group a. s., Votrubova 28","ico":"35954914","obec":"Bratislava - Podunajské Biskupice","stav":"Akcia je ukončená v procese EIA","urad":"MČ Bratislava - Podunajské Biskupice, HM SR Bratislava","skupina":"","zhluk":"votrubova 28","presnost":"približná","zmena":"2013-02-08","faza":"posúdené","dok":13,"plany":[{"p":"H_vizualizacie.pdf","u":"https://www.enviroportal.sk/eia/dokument/20024","v":2724513,"t":"PDF"},{"p":"F_mapa4.pdf","u":"https://www.enviroportal.sk/eia/dokument/20022","v":108783,"t":"PDF"},{"p":"E_mapa3.pdf","u":"https://www.enviroportal.sk/eia/dokument/20021","v":97974,"t":"PDF"},{"p":"D_mapa2.pdf","u":"https://www.enviroportal.sk/eia/dokument/20020","v":173217,"t":"PDF"},{"p":"C_mapa1.pdf","u":"https://www.enviroportal.sk/eia/dokument/20019","v":18718147,"t":"PDF"}],"typ":"Polyfunkcia"}},{"type":"Feature","geometry":{"type":"Point","coordinates":[19.645317,48.48546]},"properties":{"id":"polyfunkcne-mestske-centrum-zuckermandel-celok-zizkova-nabrezie-arm-ge-1","nazov":"Polyfunkčné mestské centrum Zuckermandel, celok Žižkova, Nábrežie arm. gen. L. Svobodu, Bratislava","firma":"Bratislavské podhradie, s.r.o., Dvořákovo nábrežie 10","ico":"35835672","obec":"Bratislava - Staré Mesto","stav":"Akcia je ukončená v procese EIA","urad":"MČ Bratislava Staré Mesto","skupina":"J&T Real Estate","zhluk":"dvorakovo nabrezie 10","presnost":"presná","zmena":"2012-07-13","ulica":"Žižkova","faza":"posúdené","dok":4,"plany":[{"p":"Text oznámenia o zmene -prílohy","u":"https://www.enviroportal.sk/eia/dokument/143990","v":25318322,"t":"ZIP"}],"typ":"Polyfunkcia"}},{"type":"Feature","geometry":{"type":"Point","coordinates":[19.645317,48.48546]},"properties":{"id":"polyfunkcne-mestske-centrum-zuckermandel-celok-zizkova-nabrezie-arm-ge-2","nazov":"Polyfunkčné mestské centrum Zuckermandel, celok Žižkova, Nábrežie arm. gen. L. Svobodu, Bratislava","firma":"Bratislavské podhradie, s. r.o., Dvořákovo nábrežie 10","ico":"35835672","obec":"Bratislava - Staré Mesto","stav":"Akcia je ukončená v procese EIA","urad":"MČ Bratislava Staré Mesto","skupina":"J&T Real Estate","zhluk":"dvorakovo nabrezie 10","presnost":"presná","zmena":"2014-02-10","ulica":"Žižkova","faza":"posúdené","dok":3,"typ":"Polyfunkcia"}},{"type":"Feature","geometry":{"type":"Point","coordinates":[19.645317,48.48546]},"properties":{"id":"polyfunkcne-mestske-centrum-zuckermandel-celok-zizkova-nabrezie-arm-ge-3","nazov":"Polyfunkčné mestské centrum Zuckermandel, celok Žižkova, Nábrežie arm. gen. L. Svobodu, Bratislava","firma":"Bratislavské podhradie, s. r.o., Dvořákovo nábrežie 10","ico":"35835672","obec":"Bratislava - Staré Mesto","stav":"Akcia je ukončená v procese EIA","urad":"MČ Bratislava Staré Mesto","skupina":"J&T Real Estate","zhluk":"dvorakovo nabrezie 10","presnost":"presná","zmena":"2015-02-09","ulica":"Žižkova","faza":"posúdené","dok":4,"plany":[{"p":"Text oznámenia o zmene prilohy","u":"https://www.enviroportal.sk/eia/dokument/218263","v":30891588,"t":"ZIP"}],"typ":"Polyfunkcia"}},{"type":"Feature","geometry":{"type":"Point","coordinates":[19.645317,48.48546]},"properties":{"id":"polyfunkcne-mestske-centrum-zuckermandel-celok-zizkova-nabrezie-arm-ge-4","nazov":"Polyfunkčné mestské centrum Zuckermandel, celok Žižkova, Nábrežie arm. gen. L. Svobodu, Bratislava","firma":"Bratislavské podhradie, s.r.o., Dvořákovo nábrežie 10","ico":"35835672","obec":"Bratislava - Staré Mesto","stav":"Akcia je ukončená v procese EIA","urad":"MČ Bratislava - Staré Mesto","skupina":"J&T Real Estate","zhluk":"dvorakovo nabrezie 10","presnost":"presná","zmena":"2014-12-18","ulica":"Žižkova","faza":"posúdené","dok":3,"typ":"Polyfunkcia"}},{"type":"Feature","geometry":{"type":"Point","coordinates":[19.645317,48.48546]},"properties":{"id":"polyfunkcne-mestske-centrum-zuckermandel-celok-zizkova-nabrezie-arm-ge","nazov":"Polyfunkčné mestské centrum Zuckermandel, celok Žižkova, Nábrežie arm. gen. L. Svobodu, Bratislava","firma":"Bratislavské podhradie, spol. s r.o., Lamačská cesta 3","ico":"35790385","obec":"Bratislava - Staré Mesto","stav":"Akcia je ukončená v procese EIA","urad":"MČ Bratislava - Staré Mesto","skupina":"Forespo / 365.invest","zhluk":"lamacska cesta 3","presnost":"presná","zmena":"2013-05-23","ulica":"Žižkova","faza":"posúdené","dok":53,"plany":[{"p":"príloha č. 1","u":"https://www.enviroportal.sk/eia/dokument/36723","v":1664649,"t":"PDF"},{"p":"príloha č. 2","u":"https://www.enviroportal.sk/eia/dokument/36724","v":353767,"t":"PDF"},{"p":"príloha č. 5","u":"https://www.enviroportal.sk/eia/dokument/36727","v":86805,"t":"PDF"},{"p":"príloha č. 4","u":"https://www.enviroportal.sk/eia/dokument/36726","v":86001,"t":"PDF"},{"p":"príloha č. 3","u":"https://www.enviroportal.sk/eia/dokument/36725","v":328644,"t":"PDF"}],"typ":"Polyfunkcia"}},{"type":"Feature","geometry":{"type":"Point","coordinates":[17.086604,48.122387]},"properties":{"id":"polyfunkcne-objekty-domino-jasovskeho-ul-bratislava-petrzalka","nazov":"Polyfunkčné objekty \"DOMINO\" Jasovského ul., Bratislava - Petržalka","firma":"Farch, s.r.o., Veternicová 24","ico":"35896248","obec":"Bratislava - Petržalka","stav":"Akcia je ukončená v procese EIA","urad":"MČ BA - Petržalka","skupina":"","zhluk":"","presnost":"približná","zmena":"2013-07-01","faza":"posúdené","dok":6,"plany":[{"p":"Situácia","u":"https://www.enviroportal.sk/eia/dokument/38279","v":186095,"t":"PDF"},{"p":"Text Zámeru -prílohy","u":"https://www.enviroportal.sk/eia/dokument/38280","v":2285577,"t":"PDF"},{"p":"Mapa","u":"https://www.enviroportal.sk/eia/dokument/38278","v":465497,"t":"PDF"}],"typ":"Polyfunkcia"}},{"type":"Feature","geometry":{"type":"Point","coordinates":[17.171637,48.149979]},"properties":{"id":"polyfunkcne-objekty-vlcie-maky-budovy-obchodu-vyroby-sluzieb","nazov":"Polyfunkčné objekty VLČIE MAKY a budovy obchodu, výroby a služieb","firma":"ELITE HOLDING, a. s., Ružinovská 42","ico":"35712902","obec":"Bratislava - Ružinov","stav":"Akcia je ukončená v procese EIA","urad":"OU BA, MC BA - Ruzinov","skupina":"","zhluk":"ruzinovska 42","presnost":"približná","zmena":"2020-04-27","faza":"posúdené","dok":7,"plany":[{"p":"Vlcie maky - prilohy.zip","u":"https://www.enviroportal.sk/eia/dokument/286618","v":56890696,"t":"ZIP"}],"typ":"Bývanie"}},{"type":"Feature","geometry":{"type":"Point","coordinates":[17.025938,48.169049]},"properties":{"id":"polyfunkcne-uzemie-lamacska-brana-bratislava-metro-bratislava-2-cerpac","nazov":"Polyfunkčné územie Lamačská brána Bratislava, METRO Bratislava 2, čerpacia stanica pohonných hmôt","firma":"forING s.r.o., Osuského 46","ico":"45951594","obec":"Bratislava - Devínska Nová Ves","stav":"Akcia je ukončená v procese EIA","urad":"MČ Bratislava - D.N.Ves","skupina":"","zhluk":"","presnost":"približná","zmena":"2011-12-23","faza":"posúdené","dok":3,"plany":[{"p":"Text oznámenia o zmene - prílohy","u":"https://www.enviroportal.sk/eia/dokument/129570","v":24427546,"t":"ZIP"}],"typ":"Polyfunkcia"}},{"type":"Feature","geometry":{"type":"Point","coordinates":[17.054714,48.199622]},"properties":{"id":"polyfunkcne-uzemie-lamacska-brana-bratislava","nazov":"Polyfunkčné územie Lamačská brána, Bratislava","firma":"ENTO, spol.. s r.o., Košice, Jesenského 6","ico":"31656552","obec":"Bratislava - Lamač","stav":"Akcia je ukončená v procese EIA","urad":"Magistrát HM Bratislavy, MČ Bratislava Lamač, Devínska Nová Ves, Záhorská Bystrica, Dúbrav","skupina":"","zhluk":"","presnost":"približná","zmena":"2013-05-13","faza":"posúdené","dok":106,"plany":[{"p":"grafika prílohy","u":"https://www.enviroportal.sk/eia/dokument/48410","v":34120,"t":"PDF"},{"p":"príloha 01","u":"https://www.enviroportal.sk/eia/dokument/48438","v":3764914,"t":"PDF"},{"p":"príloha 02-1","u":"https://www.enviroportal.sk/eia/dokument/48439","v":1810478,"t":"PDF"},{"p":"príloha 02-2","u":"https://www.enviroportal.sk/eia/dokument/48440","v":427854,"t":"PDF"},{"p":"príloha 03","u":"https://www.enviroportal.sk/eia/dokument/48441","v":329971,"t":"PDF"}],"typ":"Polyfunkcia"}},{"type":"Feature","geometry":{"type":"Point","coordinates":[17.034774,48.193173]},"properties":{"id":"polyfunkcne-uzemie-lamacska-brana-predlzenie-saratovskej","nazov":"Polyfunkčné územie Lamačská brána - Predĺženie Saratovskej","firma":"Bory, a.s., Digital Park II., Einsteinova 25","ico":"36740896","obec":"Bratislava - Devínska Nová Ves","stav":"Akcia je ukončená v procese EIA","urad":"MČ Bratislava D.N.Ves","skupina":"Penta Real Estate","zhluk":"einsteinova 25","presnost":"presná","zmena":"2014-05-26","faza":"posúdené","dok":3,"plany":[{"p":"prílohy","u":"https://www.enviroportal.sk/eia/dokument/213556","v":55187296,"t":"ZIP"}],"typ":"Polyfunkcia"}},{"type":"Feature","geometry":{"type":"Point","coordinates":[17.142551,48.14492]},"properties":{"id":"polyfunkcny-areal-bergamon-bratislava","nazov":"Polyfunkčný areál BERGAMON, Bratislava","firma":"Ing. arch. Ivan Kubík, Bratislava","ico":"5607086529","obec":"Bratislava - Ružinov","stav":"Akcia je ukončená v procese EIA","urad":"Magistrát HM SR Bratislavy, MČ Bratislava - Ružinov","skupina":"","zhluk":"","presnost":"presná","zmena":"2013-02-04","ulica":"Mlynské nivy","faza":"posúdené","dok":0,"typ":"Polyfunkcia"}},{"type":"Feature","geometry":{"type":"Point","coordinates":[17.142551,48.14492]},"properties":{"id":"polyfunkcny-areal-blok-10b-mlynske-nivy-zapad-bratislava","nazov":"Polyfunkčný areál – blok 10b – Mlynské nivy západ, Bratislava","firma":"SPV Development, s.r.o., Galandova 1","ico":"36711128","obec":"Bratislava - Ružinov","stav":"Akcia je ukončená v procese EIA","urad":"MČ Bratislava Ružinov","skupina":"","zhluk":"","presnost":"presná","zmena":"2014-12-10","ulica":"Mlynské nivy","faza":"povolené","doklad":"Rozhodnutie","dok":2,"typ":"Polyfunkcia"}},{"type":"Feature","geometry":{"type":"Point","coordinates":[17.034446,48.18504]},"properties":{"id":"polyfunkcny-areal-dubravka-centrum-bratislava","nazov":"Polyfunkčný areál Dúbravka - centrum, Bratislava","firma":"INTERFINANCE INVEST, a.s., Tomášikova 17","ico":"35895900","obec":"Bratislava - Dúbravka","stav":"Akcia je ukončená v procese EIA","urad":"HM Bratislava, MČ Bratislava - Dúbravka","skupina":"","zhluk":"","presnost":"približná","zmena":"2015-05-11","faza":"posúdené","dok":3,"typ":"Polyfunkcia"}},{"type":"Feature","geometry":{"type":"Point","coordinates":[17.09089,48.124034]},"properties":{"id":"polyfunkcny-areal-fc-artmedia-petrzalka-bratislava","nazov":"Polyfunkčný areál FC Artmedia Petržalka - Bratislava","firma":"FC ARTMEDIA a.s., Sasinkova 5","ico":"35752157","obec":"Bratislava - Petržalka","stav":"Akcia je ukončená v procese EIA","urad":"Bratislava, MČ Petržalka","skupina":"","zhluk":"sasinkova 5","presnost":"približná","zmena":"2013-09-11","faza":"posúdené","dok":54,"plany":[{"p":"3_situacia.pdf","u":"https://www.enviroportal.sk/eia/dokument/47480","v":310317,"t":"PDF"},{"p":"3_situacia_legenda.pdf","u":"https://www.enviroportal.sk/eia/dokument/47481","v":56229,"t":"PDF"},{"p":"17_vizualizacie_legenda.pdf","u":"https://www.enviroportal.sk/eia/dokument/47509","v":54263,"t":"PDF"},{"p":"vizualizácia 1","u":"https://www.enviroportal.sk/eia/dokument/47513","v":2876126,"t":"PDF"},{"p":"vizualizácia 2","u":"https://www.enviroportal.sk/eia/dokument/47514","v":3474474,"t":"PDF"}],"typ":"Polyfunkcia"}},{"type":"Feature","geometry":{"type":"Point","coordinates":[17.053028,48.183567]},"properties":{"id":"polyfunkcny-areal-lamacska-cesta-bratislava","nazov":"Polyfunkčný areál Lamačská cesta - Bratislava","firma":"BRATISLAVA WEST GATE, s.r.o., Rusovská cesta 15","ico":"46686801","obec":"Bratislava - Staré Mesto","stav":"Akcia je ukončená v procese EIA","urad":"Mestská časť Bratislava - Staré Mesto OÚ BA Bratislava, OSZP, oddelenie OP a VZ ŽP","skupina":"","zhluk":"rusovska cesta 15","presnost":"presná","zmena":"2014-07-31","faza":"posúdené","dok":11,"plany":[{"p":"Výkresy - ulica","u":"https://www.enviroportal.sk/eia/dokument/214014","v":335748,"t":"PDF"},{"p":"Príloha - kataster","u":"https://www.enviroportal.sk/eia/dokument/213989","v":26997376,"t":"JPG"},{"p":"Koordinačná situácia","u":"https://www.enviroportal.sk/eia/dokument/213992","v":1762744,"t":"PDF"},{"p":"Príloha - výkresy","u":"https://www.enviroportal.sk/eia/dokument/213993","v":5298268,"t":"PDF"},{"p":"Výkresy rezy","u":"https://www.enviroportal.sk/eia/dokument/214015","v":413505,"t":"PDF"}],"typ":"Bývanie"}},{"type":"Feature","geometry":{"type":"Point","coordinates":[17.731457,48.188489]},"properties":{"id":"polyfunkcny-areal-prievozska-nove-apollo-uprava-poctu-parkovacich-mies","nazov":"Polyfunkčný areál Prievozská - Nové Apollo - úprava počtu parkovacích miest","firma":"Smart City Centre, s. r. o., Mlynské Nivy 16","ico":"50295365","obec":"Bratislava - Ružinov","stav":"Akcia je ukončená v procese EIA","urad":"OU BA, MC BA - Ruzinov","skupina":"","zhluk":"mlynske nivy 16","presnost":"presná","zmena":"2021-06-08","ulica":"Prievozská","faza":"povolené","doklad":"Rozhodnutie","dok":5,"typ":"Polyfunkcia"}},{"type":"Feature","geometry":{"type":"Point","coordinates":[17.141952,48.147163]},"properties":{"id":"polyfunkcny-areal-prievozska-nove-apollo","nazov":"Polyfunkčný areál Prievozská - Nové Apollo","firma":"Smart City Centre s.r.o., Karadžičova 12","ico":"50295365","obec":"Bratislava - Ružinov","stav":"Akcia je ukončená v procese EIA","urad":"Mestská časť Bratislava – Ružinov, Mierová 21, 827 05 Bratislava","skupina":"","zhluk":"mlynske nivy 16","presnost":"presná","zmena":"2019-02-21","faza":"posúdené","dok":5,"typ":"Polyfunkcia"}},{"type":"Feature","geometry":{"type":"Point","coordinates":[17.09861,48.152943]},"properties":{"id":"polyfunkcny-blok-cpr-bratislava","nazov":"Polyfunkčný blok CPR-A, Bratislava","firma":"WOAL, s.r.o., Hodžovo námestie 2","ico":"35910755","obec":"Bratislava - Staré Mesto","stav":"Akcia je ukončená v procese EIA","urad":"Mestská časť Bratislava – Staré Mesto, Vajanského nábrežie 3, 814 21 Bratislava 1 Okresný ","skupina":"","zhluk":"","presnost":"približná","zmena":"2020-05-14","faza":"posúdené","dok":10,"plany":[{"p":"PRILOHY.zip","u":"https://www.enviroportal.sk/eia/dokument/282186","v":64282787,"t":"ZIP"}],"typ":"Polyfunkcia"}},{"type":"Feature","geometry":{"type":"Point","coordinates":[17.101622,48.198284]},"properties":{"id":"polyfunkcny-blok-vlarska","nazov":"Polyfunkčný blok Vlárska","firma":"SEDUS Group a.s.","ico":"46709754","obec":"Bratislava - Nové Mesto","stav":"Zámer","urad":"Stavebný úrad MČ Bratislavy - Nové Mesto, Okresný úrad Bratislava, Odbor starostlivosti o ","skupina":"","zhluk":"","presnost":"približná","zmena":"2026-05-04","faza":"zámer","dok":14,"plany":[{"p":"E_Priloha_c3_Akusticka_studia_PB_Vlarska_022026.pdf","u":"https://www.enviroportal.sk/eia/dokument/401010","v":2890620,"t":"PDF"},{"p":"B1_mapa_c1_Sirsie_vztahy.pdf","u":"https://www.enviroportal.sk/eia/dokument/401004","v":3431286,"t":"PDF"},{"p":"B2_mapac2_Ortofotomapa.pdf","u":"https://www.enviroportal.sk/eia/dokument/401005","v":6966774,"t":"PDF"},{"p":"C_priloha_c1a_Rez_polyfunkcny_objekt.pdf","u":"https://www.enviroportal.sk/eia/dokument/401007","v":252836,"t":"PDF"},{"p":"C_priloha_c1b_ Rez_bytovy_dom.pdf","u":"https://www.enviroportal.sk/eia/dokument/401008","v":186270,"t":"PDF"}],"typ":"Polyfunkcia"}},{"type":"Feature","geometry":{"type":"Point","coordinates":[17.051668,48.15919]},"properties":{"id":"polyfunkcny-bytovy-dom-janotova-ul-karlova-ves-bratislava","nazov":"Polyfunkčný bytový dom Janotova ul., Karlova Ves, Bratislava","firma":"President FT, s.r.o., Lazaretská 4","ico":"36710261","obec":"Bratislava - Karlova Ves","stav":"Akcia je ukončená v procese EIA","urad":"Mestská časť Bratislava ? Karlova Ves","skupina":"","zhluk":"","presnost":"približná","zmena":"2008-08-07","faza":"posúdené","dok":7,"plany":[{"p":"prílohy 3","u":"https://www.enviroportal.sk/eia/dokument/55194","v":9690417,"t":"PDF"},{"p":"prílohy 2","u":"https://www.enviroportal.sk/eia/dokument/55193","v":12954653,"t":"PDF"},{"p":"prílohy 1","u":"https://www.enviroportal.sk/eia/dokument/55192","v":26566929,"t":"PDF"}],"typ":"Bývanie"}},{"type":"Feature","geometry":{"type":"Point","coordinates":[17.035494,48.179698]},"properties":{"id":"polyfunkcny-bytovy-dom-pod-zahradami-bratislava-dubravka","nazov":"Polyfunkčný bytový dom, Pod záhradami, Bratislava - Dúbravka","firma":"ZIPP BRATISLAVA spol. s. r. o., Mlynské nivy 61/A","ico":"31355161","obec":"Bratislava - Dúbravka","stav":"Akcia je ukončená v procese EIA","urad":"Mestská časť Bratislava - Dúbravka Okresný úrad Bratislava, odbor starostlivosti o ŽP","skupina":"","zhluk":"mlynske nivy a","presnost":"približná","zmena":"2014-10-30","faza":"posúdené","dok":28,"plany":[{"p":"Mapa A","u":"https://www.enviroportal.sk/eia/dokument/216749","v":742699,"t":"PDF"},{"p":"Mapa B","u":"https://www.enviroportal.sk/eia/dokument/216750","v":199828,"t":"PDF"},{"p":"Mapa Ca","u":"https://www.enviroportal.sk/eia/dokument/216751","v":239868,"t":"PDF"},{"p":"Mapa Cb","u":"https://www.enviroportal.sk/eia/dokument/216752","v":2324725,"t":"PDF"},{"p":"Mapa D","u":"https://www.enviroportal.sk/eia/dokument/216753","v":112734,"t":"PDF"}],"typ":"Bývanie"}},{"type":"Feature","geometry":{"type":"Point","coordinates":[17.105679,48.200913]},"properties":{"id":"polyfunkcny-bytovy-dom-racianska-bratislava","nazov":"Polyfunkčný bytový dom RAČIANSKA, Bratislava","firma":"M S arch, s.r.o., Bartókova 1","ico":"36812919","obec":"Bratislava - Nové Mesto","stav":"Akcia je ukončená v procese EIA","urad":"Mestská časť Bratislava - Nové Mesto OÚŽP Bratislava, oddelenie OP a vybraných zložiek ŽP ","skupina":"","zhluk":"","presnost":"približná","zmena":"2014-01-27","faza":"posúdené","dok":7,"plany":[{"p":"prílohy 3","u":"https://www.enviroportal.sk/eia/dokument/179072","v":25344925,"t":"PDF"},{"p":"prílohy 1","u":"https://www.enviroportal.sk/eia/dokument/179070","v":12514324,"t":"PDF"},{"p":"prílohy 2","u":"https://www.enviroportal.sk/eia/dokument/179071","v":6440323,"t":"PDF"}],"typ":"Bývanie"}},{"type":"Feature","geometry":{"type":"Point","coordinates":[17.101827,48.196898]},"properties":{"id":"polyfunkcny-bytovy-dom-racianska","nazov":"Polyfunkčný bytový dom Račianska","firma":"M S arch, s.r.o., Bartókova 1","ico":"36812919","obec":"Bratislava - Nové Mesto","stav":"Akcia je ukončená v procese EIA","urad":"Mestská časť Bratislava - Nové Mesto OÚ BA Bratislava, OSZP, oddelenie OP a VZ ŽP","skupina":"","zhluk":"","presnost":"približná","zmena":"2014-05-07","faza":"posúdené","dok":8,"plany":[{"p":"príloha 1","u":"https://www.enviroportal.sk/eia/dokument/208969","v":18582136,"t":"PDF"},{"p":"mapa","u":"https://www.enviroportal.sk/eia/dokument/208987","v":20689271,"t":"PDF"},{"p":"príloha 2","u":"https://www.enviroportal.sk/eia/dokument/208970","v":12206730,"t":"PDF"},{"p":"grafická príloha k rozhodnutiu Obrázok 1","u":"https://www.enviroportal.sk/eia/dokument/213076","v":766351,"t":"PDF"}],"typ":"Bývanie"}},{"type":"Feature","geometry":{"type":"Point","coordinates":[17.100122,48.152923]},"properties":{"id":"polyfunkcny-bytovy-dom-rezidencia-medzi-hviezdami","nazov":"Polyfunkčný bytový dom REZIDENCIA MEDZI HVIEZDAMI","firma":"Rezidencia medzi hviezdami a.s., Mlynské nivy 42","ico":"35700459","obec":"Bratislava - Staré Mesto","stav":"Zámer","urad":"MČ BA- Staré Mesto, stavebný úrad; OU BA- odbor starostlivosti o ŽP","skupina":"","zhluk":"","presnost":"približná","zmena":"2017-11-02","faza":"zámer","dok":18,"plany":[{"p":"Príloha č. 1 - Ortofotomapa.pdf","u":"https://www.enviroportal.sk/eia/dokument/260494","v":323165,"t":"PDF"},{"p":"Príloha č. 2 - Situácia 1-500.pdf","u":"https://www.enviroportal.sk/eia/dokument/260495","v":156079,"t":"PDF"},{"p":"Príloha č. 3 - Vizualizácia, pohľady, rezy, pôdorysy.pdf","u":"https://www.enviroportal.sk/eia/dokument/260496","v":1540236,"t":"PDF"},{"p":"Príloha č 4 - Vegetačné plochy.pdf","u":"https://www.enviroportal.sk/eia/dokument/260497","v":302424,"t":"PDF"},{"p":"Príloha č. 5 - Fotodokumentácia.pdf","u":"https://www.enviroportal.sk/eia/dokument/260498","v":398288,"t":"PDF"}],"typ":"Bývanie"}},{"type":"Feature","geometry":{"type":"Point","coordinates":[17.134504,48.160025]},"properties":{"id":"polyfunkcny-bytovy-dom-saida-bratislava","nazov":"Polyfunkčný bytový dom SAIDA, Bratislava","firma":"SAIDA s.r.o., Prešovská 39 A","ico":"31400795","obec":"Bratislava - Ružinov","stav":"Akcia je ukončená v procese EIA","urad":"MČ Bratislava - Ružinov","skupina":"","zhluk":"","presnost":"presná","zmena":"2013-05-23","faza":"posúdené","dok":12,"plany":[{"p":"vizualizácia","u":"https://www.enviroportal.sk/eia/dokument/35795","v":88789,"t":"PDF"},{"p":"situácia","u":"https://www.enviroportal.sk/eia/dokument/35801","v":778843,"t":"PDF"}],"typ":"Bývanie"}},{"type":"Feature","geometry":{"type":"Point","coordinates":[17.092597,48.118675]},"properties":{"id":"polyfunkcny-bytovy-dom-udernicka-ul-bratislava","nazov":"Polyfunkčný bytový dom - Údernícka ul., Bratislava","firma":"Vienna gate 3, a.s. Bratislava","ico":"35884479","obec":"Bratislava - Petržalka","stav":"Akcia je ukončená v procese EIA","urad":"MĆ Bratislava - Petržálka","skupina":"","zhluk":"","presnost":"približná","zmena":"2013-02-11","faza":"posúdené","dok":23,"plany":[{"p":"06_PODORYS 1np.pdf","u":"https://www.enviroportal.sk/eia/dokument/20112","v":349493,"t":"PDF"},{"p":"udernicka_vykres.pdf","u":"https://www.enviroportal.sk/eia/dokument/20129","v":1050426,"t":"PDF"},{"p":"02_SITUACNY VYKRES NA KATASTRY.pdf","u":"https://www.enviroportal.sk/eia/dokument/20107","v":1383609,"t":"PDF"},{"p":"03_SITUACIA STAVBY.pdf","u":"https://www.enviroportal.sk/eia/dokument/20109","v":1380439,"t":"PDF"},{"p":"04_PODORYS 2pp.pdf","u":"https://www.enviroportal.sk/eia/dokument/20110","v":114195,"t":"PDF"}],"typ":"Bývanie"}},{"type":"Feature","geometry":{"type":"Point","coordinates":[17.09348,48.119358]},"properties":{"id":"polyfunkcny-bytovy-dom-vranovska-ul-v-bratislave","nazov":"Polyfunkčný bytový dom Vranovská ul. v Bratislave","firma":"Vienna gate 2, a. s., Sabinovská ul. č. 14","ico":"35884258","obec":"Bratislava - Petržalka","stav":"Akcia je ukončená v procese EIA","urad":"MČ Bratislava - Petržalka","skupina":"","zhluk":"","presnost":"približná","zmena":"2013-02-19","faza":"posúdené","dok":3,"typ":"Bývanie"}},{"type":"Feature","geometry":{"type":"Point","coordinates":[17.128165,48.15384]},"properties":{"id":"polyfunkcny-bytovy-dom-zahradnicka-ul-bratislava-ruzinov","nazov":"Polyfunkčný bytový dom Záhradnícka ul., Bratislava - Ružinov","firma":"ZELENKA a.s., Pribylinská 12","ico":"44134339","obec":"Bratislava - Ružinov","stav":"Akcia je ukončená v procese EIA","urad":"MČ Bratislava - Ružinov, stavebný úrad Okresný úrad Bratislava, štátna vodná správa","skupina":"","zhluk":"","presnost":"presná","zmena":"2024-02-06","ulica":"Záhradnícka","faza":"posúdené","dok":11,"typ":"Bývanie"}},{"type":"Feature","geometry":{"type":"Point","coordinates":[17.09331,48.122968]},"properties":{"id":"polyfunkcny-bytovy-objekt-kreal-bratislava-petrzalka-","nazov":"Polyfunkčný bytový objekt KREAL, Bratislava - Petržalka","firma":"KREAL, s.r.o., Údernícka 5","ico":"35711507","obec":"Bratislava - Petržalka","stav":"Akcia je ukončená v procese EIA","urad":"Mestská časť Bratislava – Petržalka, Kutlíkova 17, 852 12 Bratislava 5","skupina":"","zhluk":"","presnost":"približná","zmena":"2016-04-20","faza":"posúdené","dok":3,"typ":"Polyfunkcia"}},{"type":"Feature","geometry":{"type":"Point","coordinates":[17.212167,48.10522]},"properties":{"id":"polyfunkcny-dom-biskupice","nazov":"Polyfunkčný dom Biskupice","firma":"DomBytDevelopment, s.r.o., Záborského 42","ico":"36831026","obec":"Bratislava - Podunajské Biskupice","stav":"Akcia je ukončená v procese EIA","urad":"Okresný úrad Bratislava Mestská časť Bratislava - Podunajské Biskupice","skupina":"","zhluk":"zaborskeho 42","presnost":"približná","zmena":"2022-05-26","faza":"posúdené","dok":5,"typ":"Plány a koncepcie"}},{"type":"Feature","geometry":{"type":"Point","coordinates":[17.095557,48.156614]},"properties":{"id":"polyfunkcny-dom-cintorinska-klemensova-bratislava","nazov":"Polyfunkčný dom Cintorínska - Klemensova, Bratislava","firma":"DIXIA SOLLARIS, s.r.o., NámSNP 25","ico":"36281212","obec":"Bratislava - Staré Mesto","stav":"Akcia je ukončená v procese EIA","urad":"MČ BA- Staré Mesto","skupina":"","zhluk":"","presnost":"približná","zmena":"2013-05-07","faza":"posúdené","dok":8,"plany":[{"p":"mapa 1","u":"https://www.enviroportal.sk/eia/dokument/28614","v":9156428,"t":"PDF"},{"p":"mapa 2","u":"https://www.enviroportal.sk/eia/dokument/28615","v":7038110,"t":"PDF"},{"p":"grafické prílohy","u":"https://www.enviroportal.sk/eia/dokument/28613","v":53347074,"t":"PDF"},{"p":"prílohy","u":"https://www.enviroportal.sk/eia/dokument/28612","v":18167289,"t":"PDF"}],"typ":"Polyfunkcia"}},{"type":"Feature","geometry":{"type":"Point","coordinates":[17.188264,48.219769]},"properties":{"id":"polyfunkcny-dom-diamant-bratislava-vajnory","nazov":"Polyfunkčný dom DIAMANT Bratislava-Vajnory","firma":"DIAMANT Vajnory, s.r.o., Miletičova 1","ico":"50255479","obec":"Bratislava - Vajnory","stav":"Akcia je ukončená v procese EIA","urad":"Okresný úrad Bratislava, Tomášikova 46, 832 05 Bratislava 3 MČ Bratislava – Vajnory, Roľní","skupina":"","zhluk":"mileticova 1","presnost":"približná","zmena":"2018-09-12","faza":"povolené","doklad":"Rozhodnutie – stavebné povolenie","dok":4,"typ":"Polyfunkcia"}},{"type":"Feature","geometry":{"type":"Point","coordinates":[17.177757,48.148352]},"properties":{"id":"polyfunkcny-dom-galvaniho","nazov":"Polyfunkcny dom Galvaniho","firma":"Bones, a. s., Dunajská 25","ico":"44105291","obec":"Bratislava - Ružinov","stav":"Akcia je ukončená v procese EIA","urad":"OÚ BA OSŽP, MČ BA - Ružinov","skupina":"","zhluk":"dunajska 25","presnost":"približná","zmena":"2019-09-13","faza":"posúdené","dok":11,"plany":[{"p":"Prilohy Galvaniho.zip","u":"https://www.enviroportal.sk/eia/dokument/283554","v":32111286,"t":"ZIP"}],"typ":"Polyfunkcia"}},{"type":"Feature","geometry":{"type":"Point","coordinates":[17.11079,48.14769]},"properties":{"id":"polyfunkcny-dom-luzna","nazov":"Polyfunkčný dom Lužná","firma":"VODOTIKA MG, spol. s r.o., Bosákova 7","ico":"35761806","obec":"Bratislava - Petržalka","stav":"Akcia je ukončená v procese EIA","urad":"Mestská časť Bratislava Petržalka","skupina":"","zhluk":"","presnost":"presná","zmena":"2012-11-13","ulica":"Obchodná","faza":"posúdené","dok":31,"plany":[{"p":"príloha 7","u":"https://www.enviroportal.sk/eia/dokument/147980","v":1905723,"t":"PDF"},{"p":"príloha 21 hygienik","u":"https://www.enviroportal.sk/eia/dokument/147988","v":634138,"t":"PDF"},{"p":"Príloha hygienik 2","u":"https://www.enviroportal.sk/eia/dokument/147989","v":499380,"t":"PDF"},{"p":"príloha 23-policajti","u":"https://www.enviroportal.sk/eia/dokument/147969","v":420752,"t":"PDF"},{"p":"príloha 22 - variantné riešenie","u":"https://www.enviroportal.sk/eia/dokument/147970","v":313228,"t":"PDF"}],"typ":"Bývanie"}},{"type":"Feature","geometry":{"type":"Point","coordinates":[17.053768,48.163698]},"properties":{"id":"polyfunkcny-dom-na-janotovej-ulici-janotka","nazov":"Polyfunkčný dom na Janotovej ulici - Janotka","firma":"Ing. Martin Linkeš, Pod lesom 11/C","ico":"","obec":"Bratislava - Karlova Ves","stav":"Akcia je ukončená v procese EIA","urad":"MČ Bratislava - Karlova Ves Okresný úrad Bratislava","skupina":"","zhluk":"","presnost":"približná","zmena":"2021-03-11","faza":"posúdené","dok":6,"plany":[{"p":"Oznámenie o zmene navrhovanej činnosti text + prílohy.zip","u":"https://www.enviroportal.sk/eia/dokument/312097","v":69815718,"t":"ZIP"}],"typ":"Polyfunkcia"}},{"type":"Feature","geometry":{"type":"Point","coordinates":[17.037175,48.182733]},"properties":{"id":"polyfunkcny-dom-na-luke","nazov":"Polyfunkčný dom Na lúke","firma":"ATS plus a.s., Plynárenská 2/A","ico":"36801372","obec":"Bratislava - Dúbravka","stav":"Akcia je ukončená v procese EIA","urad":"MČ BA - Dúbravka, OÚBA","skupina":"","zhluk":"plynarenska a","presnost":"približná","zmena":"2018-05-23","faza":"posúdené","dok":25,"plany":[{"p":"Priloha_9b_Dendrologický posudok Na lúke situácia.pdf","u":"https://www.enviroportal.sk/eia/dokument/263589","v":92720,"t":"PDF"},{"p":"Priloha_9a_Dendrologický posudok Na lúke.pdf","u":"https://www.enviroportal.sk/eia/dokument/263588","v":473213,"t":"PDF"},{"p":"Priloha_8_2017-0815-dubravka-text-010a-KON-ODI.pdf","u":"https://www.enviroportal.sk/eia/dokument/263585","v":4479482,"t":"PDF"},{"p":"Priloha_7d_obr10.pdf","u":"https://www.enviroportal.sk/eia/dokument/263584","v":154216,"t":"PDF"},{"p":"Priloha_7c_obr9.pdf","u":"https://www.enviroportal.sk/eia/dokument/263582","v":187604,"t":"PDF"}],"typ":"Polyfunkcia"}},{"type":"Feature","geometry":{"type":"Point","coordinates":[20.27442,48.973226]},"properties":{"id":"polyfunkcny-dom-pavlovicova-ul-trnavka-bratislava","nazov":"Polyfunkčný dom, Pavlovičova ul. - Trnávka, Bratislava","firma":"TT REAL s.r.o., Koceľova 17","ico":"35806117","obec":"Bratislava - Ružinov","stav":"Akcia je ukončená v procese EIA","urad":"MČ Bratislava - Ružinov","skupina":"","zhluk":"kocelova 17","presnost":"presná","zmena":"2013-05-22","ulica":"Pavlovičova","faza":"povolené","doklad":"Informácia","dok":34,"plany":[{"p":"Trnávka výkresy exp.55","u":"https://www.enviroportal.sk/eia/dokument/34791","v":50462,"t":"PDF"},{"p":"Trnávka výkresy exp.53","u":"https://www.enviroportal.sk/eia/dokument/34786","v":91272,"t":"PDF"},{"p":"výkresy Trnávka exp. 38","u":"https://www.enviroportal.sk/eia/dokument/34771","v":280467,"t":"PDF"},{"p":"výkresy Trnávka exp. 39","u":"https://www.enviroportal.sk/eia/dokument/34772","v":153165,"t":"PDF"},{"p":"výkresy Trnávka exp. 40","u":"https://www.enviroportal.sk/eia/dokument/34773","v":129447,"t":"PDF"}],"typ":"Polyfunkcia"}},{"type":"Feature","geometry":{"type":"Point","coordinates":[17.163581,48.15737]},"properties":{"id":"polyfunkcny-dom-ruzinovska-1","nazov":"Polyfunkčný dom Ružinovská 1","firma":"Ružinovská 1 s.r.o., Ružinovská 1","ico":"44139136","obec":"Bratislava - Ružinov","stav":"Akcia je ukončená v procese EIA","urad":"Mestská časť Bratislava - Ružinov, Okresný úrad Bratislava, OSZP","skupina":"","zhluk":"","presnost":"presná","zmena":"2014-02-21","ulica":"Ružinovská","faza":"posúdené","dok":19,"plany":[{"p":"sirsie vztahy 5000","u":"https://www.enviroportal.sk/eia/dokument/198350","v":2661321,"t":"PDF"},{"p":"sirsie vztahy 2000","u":"https://www.enviroportal.sk/eia/dokument/198351","v":1301625,"t":"PDF"},{"p":"situacia skutkovy stav","u":"https://www.enviroportal.sk/eia/dokument/198352","v":998341,"t":"PDF"},{"p":"situacia navrhovany stav","u":"https://www.enviroportal.sk/eia/dokument/198353","v":1586421,"t":"PDF"},{"p":"priloha c.1","u":"https://www.enviroportal.sk/eia/dokument/198357","v":452878,"t":"PDF"}],"typ":"Polyfunkcia"}},{"type":"Feature","geometry":{"type":"Point","coordinates":[17.116161,48.156936]},"properties":{"id":"polyfunkcny-dom-sancova","nazov":"Polyfunkčný dom Šancová","firma":"ACS 2, s. r. o., Plynárenská 7/A","ico":"50058924","obec":"Bratislava - Staré Mesto","stav":"Akcia je ukončená v procese EIA","urad":"OÚ BA OSŽP, MČ BA - Staré Mesto","skupina":"","zhluk":"plynarenska a","presnost":"presná","zmena":"2019-12-09","ulica":"Šancová","faza":"posúdené","dok":10,"plany":[{"p":"PRILOHY SANCOVA.zip","u":"https://www.enviroportal.sk/eia/dokument/277796","v":25709256,"t":"ZIP"}],"typ":"Polyfunkcia"}},{"type":"Feature","geometry":{"type":"Point","coordinates":[17.111142,48.155504]},"properties":{"id":"polyfunkcny-dom-zilinska-kycerskeho-ulica-bratislava-stare-mesto-1","nazov":"POLYFUNKČNÝ DOM – Žilinská/Kýčerského ulica, Bratislava – Staré Mesto","firma":"Park – Dom Žilinská s.r.o., Šulekova 19","ico":"45302472","obec":"Bratislava - Staré Mesto","stav":"Akcia je ukončená v procese EIA","urad":"Mestská časť Bratislava - Staré Mesto, Vajanského nábrežie 3, 814 21 Bratislava 1","skupina":"","zhluk":"","presnost":"presná","zmena":"2016-06-13","faza":"posúdené","dok":5,"typ":"Polyfunkcia"}},{"type":"Feature","geometry":{"type":"Point","coordinates":[17.142551,48.14492]},"properties":{"id":"polyfunkcny-komplex-aura-mlynske-nivy-bratislava","nazov":"Polyfunkčný komplex AURA, Mlynské nivy, Bratislava","firma":"Immocap Boulevard s.r.o., Mlynské Nivy 55","ico":"56560150","obec":"Bratislava - Ružinov","stav":"Zámer","urad":"MČ BA-Ružinov, OU BA odbor starostlivosti o životné prostredie","skupina":"","zhluk":"","presnost":"presná","zmena":"2026-09-01","ulica":"Mlynské nivy","faza":"povolené","doklad":"Rozhodnutie","dok":8,"plany":[{"p":"Prilohy_Zamer_Polyfunkcny_komplex_AURA_Mlynske_nivy_Bratisla","u":"https://www.enviroportal.sk/eia/dokument/400875","v":39335289,"t":"PDF"}],"typ":"Polyfunkcia"}},{"type":"Feature","geometry":{"type":"Point","coordinates":[17.185699,48.168556]},"properties":{"id":"polyfunkcny-komplex-baurea-ivanska-cesta-1","nazov":"Polyfunkčný komplex Baurea - Ivanská cesta","firma":"VI GROUP Development s.r.o., Roľnícka 157","ico":"52358992","obec":"Bratislava - Ružinov","stav":"Zámer","urad":"MČ BA Ružinov, OUBA OSZP","skupina":"VI Group","zhluk":"rolnicka 157","presnost":"presná","zmena":"2025-09-05","faza":"zámer","dok":8,"plany":[{"p":"Prílohy Zámeru.pdf","u":"https://www.enviroportal.sk/eia/dokument/387790","v":17328569,"t":"PDF"}],"typ":"Polyfunkcia"}},{"type":"Feature","geometry":{"type":"Point","coordinates":[17.185699,48.168556]},"properties":{"id":"polyfunkcny-komplex-baurea-ivanska-cesta","nazov":"Polyfunkčný komplex Baurea - Ivanská cesta","firma":"VI GROUP Development s.r.o., Roľnícka 157","ico":"52358992","obec":"Bratislava - Ružinov","stav":"Iný dôvod ukončenia posudzovania","urad":"MČ Bratislava-Ružinov (stavebný úrad), OÚ BA OSZP","skupina":"VI Group","zhluk":"rolnicka 157","presnost":"presná","zmena":"2025-01-10","faza":"zámer","dok":4,"plany":[{"p":"Prílohy k zámeru.pdf","u":"https://www.enviroportal.sk/eia/dokument/386829","v":18204077,"t":"PDF"}],"typ":"Polyfunkcia"}},{"type":"Feature","geometry":{"type":"Point","coordinates":[17.213475,48.11085]},"properties":{"id":"polyfunkcny-komplex-centrum-podunajske-biskupice","nazov":"Polyfunkčný komplex - Centrum, Podunajské Biskupice","firma":"SLOVBYT - M, s.r.o., 1. Mája 88","ico":"44593830","obec":"Bratislava - Podunajské Biskupice","stav":"Akcia je ukončená v procese EIA","urad":"Mestská časť Bratislava - Podunajské Biskupice, OÚ BA Bratislava, OSZP, oddelenie OPa VZ Ž","skupina":"","zhluk":"","presnost":"približná","zmena":"2014-05-16","faza":"posúdené","dok":24,"plany":[{"p":"podorysy 302","u":"https://www.enviroportal.sk/eia/dokument/209022","v":562726,"t":"PDF"},{"p":"grafika mapa","u":"https://www.enviroportal.sk/eia/dokument/209015","v":841363,"t":"PDF"},{"p":"širšie vzťahy","u":"https://www.enviroportal.sk/eia/dokument/209016","v":3026890,"t":"PDF"},{"p":"situácia V1","u":"https://www.enviroportal.sk/eia/dokument/209018","v":1748816,"t":"PDF"},{"p":"situácia V2","u":"https://www.enviroportal.sk/eia/dokument/209019","v":1722802,"t":"PDF"}],"typ":"Polyfunkcia"}},{"type":"Feature","geometry":{"type":"Point","coordinates":[17.036917,48.183367]},"properties":{"id":"polyfunkcny-komplex-ceresne-2","nazov":"Polyfunkčný komplex Čerešne 2","firma":"ITIS, s.r.o., Mickiewiczova 9","ico":"50506323","obec":"Bratislava - Dúbravka","stav":"Zámer","urad":"1. Okresný úrad Bratislava, odbor starostlivosti o životné prostredie, oddelenie ochrany p","skupina":"ITB Development","zhluk":"mickiewiczova 9","presnost":"približná","zmena":"2017-09-06","faza":"zámer","dok":9,"plany":[{"p":"príloha č. 1.  Vodohospodárska mapa.pdf","u":"https://www.enviroportal.sk/eia/dokument/256193","v":721505,"t":"PDF"},{"p":"príloha č. 2. Situácia umiestnenia, mapa širších vzťahov.pdf","u":"https://www.enviroportal.sk/eia/dokument/256194","v":704871,"t":"PDF"},{"p":"príloha č. 3. Hlukova studia_Čerešne 2.pdf","u":"https://www.enviroportal.sk/eia/dokument/256195","v":16424260,"t":"PDF"},{"p":"príloha č. 4. Rozptylová Štúdia Čerešne 2.pdf","u":"https://www.enviroportal.sk/eia/dokument/256196","v":983716,"t":"PDF"},{"p":"príloha č. 5.  Svetlotechnický posudok.pdf","u":"https://www.enviroportal.sk/eia/dokument/256197","v":588676,"t":"PDF"}],"typ":"Polyfunkcia"}},{"type":"Feature","geometry":{"type":"Point","coordinates":[17.030524,48.184378]},"properties":{"id":"polyfunkcny-komplex-ceresne-5","nazov":"Polyfunkčný komplex Čerešne 5","firma":"J&P, s.r.o., Šoltésovej 12","ico":"35841109","obec":"Bratislava - Dúbravka","stav":"Akcia je ukončená v procese EIA","urad":"Okresný úrad Bratislava, odbor starostlivosti o životné prostredie, Tomášikova 46, 832 05 ","skupina":"","zhluk":"","presnost":"približná","zmena":"2024-08-20","faza":"posúdené","dok":9,"plany":[{"p":"prílohy.zip","u":"https://www.enviroportal.sk/eia/dokument/351286","v":9754271,"t":"PDF"},{"p":"prílohy.zip","u":"https://www.enviroportal.sk/eia/dokument/367433","v":41809347,"t":"ZIP"}],"typ":"Plány a koncepcie"}},{"type":"Feature","geometry":{"type":"Point","coordinates":[17.089338,48.141495]},"properties":{"id":"polyfunkcny-komplex-cpr-blok-cpr-b-polyfunkcny-blok-cpr-c-","nazov":"Polyfunkčný komplex CPR, blok CPR-B a polyfunkčný blok CPR-C","firma":"WOAL, s.r.o., Hodžovo námestie 2","ico":"35910755","obec":"Bratislava - Staré Mesto","stav":"Akcia je ukončená v procese EIA","urad":"Mestská časť Bratislava – Staré Mesto, Vajanského nábrežie 3, 814 21 Bratislava 1 Okresný ","skupina":"","zhluk":"","presnost":"presná","zmena":"2020-05-18","faza":"posúdené","dok":9,"typ":"Polyfunkcia"}},{"type":"Feature","geometry":{"type":"Point","coordinates":[17.053933,48.163493]},"properties":{"id":"polyfunkcny-komplex-dlhe-diely-bratislava","nazov":"Polyfunkčný komplex Dlhé Diely, Bratislava","firma":"TINAMA, s.r.o., Bošániho 9","ico":"35889969","obec":"Bratislava - Karlova Ves","stav":"Akcia je ukončená v procese EIA","urad":"MČ BA-Karlova Ves","skupina":"","zhluk":"","presnost":"približná","zmena":"2013-07-01","faza":"posúdené","dok":8,"plany":[{"p":"Príloha 2","u":"https://www.enviroportal.sk/eia/dokument/38296","v":4335240,"t":"PDF"},{"p":"prílohy","u":"https://www.enviroportal.sk/eia/dokument/38295","v":558147,"t":"PDF"},{"p":"Príloha 3","u":"https://www.enviroportal.sk/eia/dokument/38297","v":693968,"t":"PDF"}],"typ":"Polyfunkcia"}},{"type":"Feature","geometry":{"type":"Point","coordinates":[17.046633,48.161103]},"properties":{"id":"polyfunkcny-komplex-dlhe-diely","nazov":"Polyfunkčný komplex Dlhé Diely","firma":"SPV Dlhé Diely s.r.o., Bellova 3","ico":"36697184","obec":"Bratislava - Karlova Ves","stav":"Akcia je ukončená v procese EIA","urad":"Okresný úrad Bratislava, odbor starostlivosti o životné prostredie, Tomášikova 46, 832 05 ","skupina":"","zhluk":"","presnost":"približná","zmena":"2020-04-28","faza":"posúdené","dok":7,"typ":"Bývanie"}},{"type":"Feature","geometry":{"type":"Point","coordinates":[17.096613,48.158004]},"properties":{"id":"polyfunkcny-komplex-ehq","nazov":"Polyfunkčný komplex EHQ","firma":"EHQ s.r.o., Plynárenská 7/C","ico":"54736773","obec":"Bratislava - Staré Mesto","stav":"Akcia je ukončená v procese EIA","urad":"MČ Bratislava – Staré Mesto Okresný úrad Bratislava","skupina":"","zhluk":"plynarenska c","presnost":"približná","zmena":"2024-05-27","faza":"posúdené","dok":7,"plany":[{"p":"Prílohy.pdf","u":"https://www.enviroportal.sk/eia/dokument/373493","v":43852211,"t":"PDF"},{"p":"Prílohy k Doplnujucim inf EHQ.pdf","u":"https://www.enviroportal.sk/eia/dokument/375904","v":5232675,"t":"PDF"}],"typ":"Bývanie"}},{"type":"Feature","geometry":{"type":"Point","coordinates":[17.109551,48.198337]},"properties":{"id":"polyfunkcny-komplex-fenix-park-bratislava","nazov":"POLYFUNKČNÝ KOMPLEX FENIX PARK, BRATISLAVA","firma":"WIGRO TRADE CENTER a.s, Jašíkova 2","ico":"35850281","obec":"Bratislava - Nové Mesto","stav":"Akcia je ukončená v procese EIA","urad":"Mestská časť Bratislava – Nové Mesto, stavebný úrad Okresný úrad Bratislava, odbor starost","skupina":"","zhluk":"","presnost":"približná","zmena":"2019-06-06","faza":"posúdené","dok":26,"plany":[{"p":"Príloha 6 - dendrologický posudok.zip","u":"https://www.enviroportal.sk/eia/dokument/248611","v":3886630,"t":"ZIP"},{"p":"Príloha 7b - svetlo","u":"https://www.enviroportal.sk/eia/dokument/248613","v":344661,"t":"PDF"},{"p":"Príloha 7a- svetlo","u":"https://www.enviroportal.sk/eia/dokument/248612","v":596313,"t":"PDF"},{"p":"Príloha 4 - dopravné posúdenie","u":"https://www.enviroportal.sk/eia/dokument/248682","v":4526431,"t":"PDF"},{"p":"Príloha 5 - rozptylová štúdia","u":"https://www.enviroportal.sk/eia/dokument/248610","v":2786278,"t":"PDF"}],"typ":"Polyfunkcia"}},{"type":"Feature","geometry":{"type":"Point","coordinates":[17.177715,48.148454]},"properties":{"id":"polyfunkcny-komplex-green-atrium","nazov":"Polyfunkčný komplex GREEN ATRIUM","firma":"JAGR, spol. s.r.o., Trnavská 70","ico":"31369928","obec":"Bratislava - Ružinov","stav":"Akcia je ukončená v procese EIA","urad":"1.Okresný úrad BA, 2.MČ BA – Ružinov","skupina":"","zhluk":"trnavska 70","presnost":"približná","zmena":"2018-01-31","faza":"posúdené","dok":6,"typ":"Polyfunkcia"}},{"type":"Feature","geometry":{"type":"Point","coordinates":[17.136197,48.157317]},"properties":{"id":"polyfunkcny-komplex-greenfields-jegeho-ulica-bratislava","nazov":"Polyfunkčný komplex - GREENFIELDS, Jégého ulica, Bratislava","firma":"Greendfields družstvo, Mierová 67, Bratislava","ico":"35942754","obec":"Bratislava - Ružinov","stav":"Akcia je ukončená v procese EIA","urad":"MČ Bratislava - Ruťžinov, Magistrát HM SR Bratislavy","skupina":"","zhluk":"","presnost":"presná","zmena":"2013-02-05","faza":"posúdené","dok":1,"typ":"Bývanie"}},{"type":"Feature","geometry":{"type":"Point","coordinates":[17.033616,48.179192]},"properties":{"id":"polyfunkcny-komplex-harmincova-","nazov":"Polyfunkčný komplex Harmincova","firma":"Wayden, s. r. o.","ico":"46075453","obec":"Bratislava - Dúbravka","stav":"Akcia je ukončená v procese EIA","urad":"MČ Dúbravka (stavebný úrad), OÚ BA OSŽP","skupina":"J&T Real Estate","zhluk":"dvorakovo nabrezie 10","presnost":"približná","zmena":"2025-08-01","faza":"posúdené","dok":18,"plany":[{"p":"L_priloha_8_zapis_stretnutie_ZDS.pdf","u":"https://www.enviroportal.sk/eia/dokument/385371","v":592226,"t":"PDF"},{"p":"K_príloha_7_Svetlotechnický posudok.pdf","u":"https://www.enviroportal.sk/eia/dokument/385370","v":3275843,"t":"PDF"},{"p":"J_príloha_6_inžinierskogeologická_štúdia.pdf","u":"https://www.enviroportal.sk/eia/dokument/385369","v":4952141,"t":"PDF"},{"p":"B_mapa_1_sirsie_vztahy.pdf","u":"https://www.enviroportal.sk/eia/dokument/385361","v":4348339,"t":"PDF"},{"p":"C_mapa_2_ortofotomapa.pdf","u":"https://www.enviroportal.sk/eia/dokument/385362","v":5795808,"t":"PDF"}],"typ":"Bývanie"}},{"type":"Feature","geometry":{"type":"Point","coordinates":[17.033262,48.185179]},"properties":{"id":"polyfunkcny-komplex-harmincova-pri-suchej-vydrici-","nazov":"Polyfunkčný komplex Harmincova - Pri Suchej Vydrici","firma":"Wayden, s. r. o., Dvořákovo nábrežie 10","ico":"46075453","obec":"Bratislava - Dúbravka","stav":"Zámer","urad":"OÚBA OSŽP, MČ Dúbravka","skupina":"J&T Real Estate","zhluk":"dvorakovo nabrezie 10","presnost":"približná","zmena":"2025-12-11","faza":"zámer","dok":15,"plany":[{"p":"C_mapa_2_ortofotomapa.pdf","u":"https://www.enviroportal.sk/eia/dokument/395656","v":24907017,"t":"PDF"},{"p":"D_mapa_3_zastavovacia_situacia.pdf","u":"https://www.enviroportal.sk/eia/dokument/395658","v":9514977,"t":"PDF"},{"p":"E_priloha_1_rezove_schemy.pdf","u":"https://www.enviroportal.sk/eia/dokument/395659","v":6261048,"t":"PDF"},{"p":"G_priloha_3_akusticka_studia.pdf","u":"https://www.enviroportal.sk/eia/dokument/395661","v":8172763,"t":"PDF"},{"p":"H_priloha_4_Rozptyl.pdf","u":"https://www.enviroportal.sk/eia/dokument/395662","v":5148422,"t":"PDF"}],"typ":"Plány a koncepcie"}},{"type":"Feature","geometry":{"type":"Point","coordinates":[17.171846,48.144947]},"properties":{"id":"polyfunkcny-komplex-hinohara-park-1-etapa","nazov":"Polyfunkčný komplex HINOHARA PARK – 1. etapa","firma":"ISI realestate, s.r.o., Fándlyho 1910/8","ico":"53966538","obec":"Bratislava - Ružinov","stav":"Zámer","urad":"MČ BA-Ružinov - stavebný úrad, OU BA OSŽP","skupina":"","zhluk":"","presnost":"približná","zmena":"2026-09-04","faza":"zámer","dok":18,"plany":[{"p":"B3_Mapa_c3_Zastavovacia_situacia_stavby.pdf","u":"https://www.enviroportal.sk/eia/dokument/401719","v":867500,"t":"PDF"},{"p":"B2_Mapa_c2_Ortofotomapa.pdf","u":"https://www.enviroportal.sk/eia/dokument/401718","v":1601455,"t":"PDF"},{"p":"B4_Mapa_c4_Koordinacna_situacia_stavby.pdf","u":"https://www.enviroportal.sk/eia/dokument/401720","v":1908415,"t":"PDF"},{"p":"B1_Mapa_c1_Sirsie_vztahy.pdf","u":"https://www.enviroportal.sk/eia/dokument/401717","v":2279276,"t":"PDF"}],"typ":"Bývanie"}},{"type":"Feature","geometry":{"type":"Point","coordinates":[17.096118,48.154202]},"properties":{"id":"polyfunkcny-komplex-ister-tower","nazov":"Polyfunkčný komplex ISTER TOWER","firma":"The Galata Group s.r.o. Pribinova 26","ico":"50206192","obec":"Bratislava - Staré Mesto","stav":"Akcia je ukončená v procese EIA","urad":"Mestská časť Bratislava – Staré Mesto, Vajanského nábrežie 3, 814 21 Bratislava 1","skupina":"","zhluk":"","presnost":"približná","zmena":"2019-12-12","faza":"dokončené","doklad":"Oznámenie o začatí kolaudačného konania","dok":10,"typ":"Plány a koncepcie"}},{"type":"Feature","geometry":{"type":"Point","coordinates":[17.177253,48.149168]},"properties":{"id":"polyfunkcny-komplex-klingerka-bratislava","nazov":"Polyfunkčný komplex Klingerka - Bratislava","firma":"KORUNA Reality a.s., Mlynské nivy 56","ico":"35756969","obec":"Bratislava - Ružinov","stav":"Akcia je ukončená v procese EIA","urad":"Mestská časť Bratislava - Ružinov","skupina":"","zhluk":"mlynske nivy 56","presnost":"približná","zmena":"2014-11-28","faza":"posúdené","dok":5,"typ":"Polyfunkcia"}},{"type":"Feature","geometry":{"type":"Point","coordinates":[17.090433,48.118083]},"properties":{"id":"polyfunkcny-komplex-matador-bratislava-petrzalka","nazov":"Polyfunkčný komplex Matador, Bratislava -Petržalka","firma":"Neo –Real, spol .s.r.o, Kopčianska 16","ico":"43847315","obec":"Bratislava - Petržalka","stav":"Akcia je ukončená v procese EIA","urad":"MČ Bratislava – Petržalka, Kutlíkova 17, 852 12, Bratislava Okresný úrad Bratislava, odbor","skupina":"","zhluk":"","presnost":"približná","zmena":"2015-09-02","faza":"posúdené","dok":37,"plany":[{"p":"01_mapa.pdf","u":"https://www.enviroportal.sk/eia/dokument/229673","v":976458,"t":"PDF"},{"p":"04_D.1_SITU_SIRSIE VZTAHY.PDF","u":"https://www.enviroportal.sk/eia/dokument/229697","v":457999,"t":"PDF"}],"typ":"Polyfunkcia"}},{"type":"Feature","geometry":{"type":"Point","coordinates":[17.114943,48.129294]},"properties":{"id":"polyfunkcny-komplex-muchovo-namestie","nazov":"Polyfunkčný komplex Muchovo námestie","firma":"METRO Bratislava, a. s., Primaciálne námestie č. 1","ico":"35732881","obec":"Bratislava - Petržalka","stav":"Akcia je ukončená v procese EIA","urad":"OU BA, MC BA - Petrzalka","skupina":"","zhluk":"primacialne nam 1","presnost":"presná","zmena":"2021-05-06","faza":"posúdené","dok":6,"plany":[{"p":"Prilohy.zip","u":"https://www.enviroportal.sk/eia/dokument/317716","v":24512492,"t":"ZIP"}],"typ":"Polyfunkcia"}},{"type":"Feature","geometry":{"type":"Point","coordinates":[17.177916,48.147514]},"properties":{"id":"polyfunkcny-komplex-nova-cvernovka-century-residence-bratislava","nazov":"Polyfunkčný komplex Nová Cvernovka - Century Residence, Bratislava","firma":"IMMOEAST Slovakia, spol. s r.o., Jelenia 4","ico":"35946539","obec":"Bratislava - Ružinov","stav":"Akcia je ukončená v procese EIA","urad":"MČ Bratislava - Ružinov","skupina":"","zhluk":"","presnost":"približná","zmena":"2007-06-07","faza":"posúdené","dok":15,"plany":[{"p":"hluková štúdia - príloha","u":"https://www.enviroportal.sk/eia/dokument/37220","v":328577,"t":"PDF"},{"p":"mapa","u":"https://www.enviroportal.sk/eia/dokument/37222","v":845247,"t":"PDF"}],"typ":"Polyfunkcia"}},{"type":"Feature","geometry":{"type":"Point","coordinates":[17.177897,48.147223]},"properties":{"id":"polyfunkcny-komplex-nova-cvernovka-century-residence-ii-etapa-cast-d-e","nazov":"Polyfunkčný komplex NOVÁ CVERNOVKA CENTURY RESIDENCE II. Etapa, časť D,E","firma":"FINEP Jégeho Alej a.s.","ico":"43866778","obec":"Bratislava - Ružinov","stav":"Akcia je ukončená v procese EIA","urad":"Mestská časť Bratislava - Ružinov, Mierová 21, 827 05 Bratislava","skupina":"","zhluk":"plynarenska a","presnost":"približná","zmena":"2020-05-21","faza":"posúdené","dok":13,"plany":[{"p":"Príloha 5 - CVE_objekty D_E  hluková štúdia.pdf","u":"https://www.enviroportal.sk/eia/dokument/298739","v":4742570,"t":"PDF"},{"p":"Príloha 9 - CVE_podiel bytov.pdf","u":"https://www.enviroportal.sk/eia/dokument/298745","v":846087,"t":"PDF"},{"p":"Príloha 1 - info o EIA.pdf","u":"https://www.enviroportal.sk/eia/dokument/298737","v":67487,"t":"PDF"},{"p":"Príloha 2 - CVE_situacia sirsich vztahov.pdf","u":"https://www.enviroportal.sk/eia/dokument/298738","v":569174,"t":"PDF"},{"p":"Príloha 3 - CVE_DSP_výber.zip","u":"https://www.enviroportal.sk/eia/dokument/298746","v":96823987,"t":"ZIP"}],"typ":"Bývanie"}},{"type":"Feature","geometry":{"type":"Point","coordinates":[17.171383,48.149835]},"properties":{"id":"polyfunkcny-komplex-nova-cvernovka-century-residence","nazov":"Polyfunkčný komplex „Nová Cvernovka“ Century Residence","firma":"FINEP Jégého alej a.s., Plynárenská 2/A","ico":"43866778","obec":"Bratislava - Ružinov","stav":"Akcia je ukončená v procese EIA","urad":"Mestská časť Bratislava - Ružinov, Mierová 21, 827 05 Bratislava","skupina":"","zhluk":"plynarenska a","presnost":"približná","zmena":"2019-08-28","faza":"posúdené","dok":7,"plany":[{"p":"prílohy k Oznámeniu o zmene činsnoti Nivá Cvernovka  CR.zip","u":"https://www.enviroportal.sk/eia/dokument/276578","v":103136499,"t":"ZIP"}],"typ":"Bývanie"}},{"type":"Feature","geometry":{"type":"Point","coordinates":[17.026289,48.169742]},"properties":{"id":"polyfunkcny-komplex-nova-devinska","nazov":"Polyfunkčný komplex Nová Devínska","firma":"Jannis s.r.o., Mickiewiczova 9","ico":"46395482","obec":"Bratislava - Devínska Nová Ves","stav":"Akcia je ukončená v procese EIA","urad":"Mestská časť Bratislava – Devínska Nová Ves, Novoveská 17/A, 843 10 Bratislava 49 Okresný ","skupina":"ITB Development","zhluk":"mickiewiczova 9","presnost":"približná","zmena":"2025-08-13","faza":"posúdené","dok":12,"plany":[{"p":"prílohy.zip","u":"https://www.enviroportal.sk/eia/dokument/363088","v":87354882,"t":"ZIP"},{"p":"príloha.zip","u":"https://www.enviroportal.sk/eia/dokument/380348","v":202583483,"t":"ZIP"}],"typ":"Plány a koncepcie"}},{"type":"Feature","geometry":{"type":"Point","coordinates":[17.209225,48.153805]},"properties":{"id":"polyfunkcny-komplex-novy-majerhof","nazov":"Polyfunkčný komplex Nový Majerhof","firma":"Malý Dunaj Development, j.s.a.","ico":"50852230","obec":"Bratislava - Vrakuňa","stav":"Iný dôvod ukončenia posudzovania","urad":"Stavebný úrad MČ Bratislava - Vrakuňa","skupina":"","zhluk":"mlynske nivy 16","presnost":"približná","zmena":"2023-10-30","faza":"zámer","dok":10,"typ":"Bývanie"}},{"type":"Feature","geometry":{"type":"Point","coordinates":[17.174428,48.150489]},"properties":{"id":"polyfunkcny-komplex-novy-trh","nazov":"Polyfunkčný komplex Nový trh","firma":"INTRADE Financial Investment, s.r.o.","ico":"51676842","obec":"Bratislava - Ružinov","stav":"Akcia je ukončená v procese EIA","urad":"OuBA, MC Ružinov","skupina":"","zhluk":"","presnost":"približná","zmena":"2023-06-28","faza":"posúdené","dok":14,"typ":"Plány a koncepcie"}},{"type":"Feature","geometry":{"type":"Point","coordinates":[17.170203,48.1464]},"properties":{"id":"polyfunkcny-komplex-olympia-bratislava-ruzinov","nazov":"Polyfunkčný komplex Olympia, Bratislava, Ružinov","firma":"ATLAS REAL, s.r.o., Ružinovská 42","ico":"35868716","obec":"Bratislava - Ružinov","stav":"Akcia je ukončená v procese EIA","urad":"Magistrát HM SR Bratislavy, MČ Bratislava - Ružinov","skupina":"","zhluk":"ruzinovska 42","presnost":"približná","zmena":"2013-02-06","faza":"posúdené","dok":13,"plany":[{"p":"mapa2b","u":"https://www.enviroportal.sk/eia/dokument/20660","v":216129,"t":"PDF"},{"p":"mapa3","u":"https://www.enviroportal.sk/eia/dokument/20661","v":2923940,"t":"PDF"},{"p":"mapa2a","u":"https://www.enviroportal.sk/eia/dokument/20659","v":408276,"t":"PDF"}],"typ":"Bývanie"}},{"type":"Feature","geometry":{"type":"Point","coordinates":[17.029414,48.181315]},"properties":{"id":"polyfunkcny-komplex-polianky-1","nazov":"Polyfunkčný komplex Polianky","firma":"Jannis s.r.o., Mickiewiczova 9","ico":"46395482","obec":"Bratislava - Dúbravka","stav":"Akcia je ukončená v procese EIA","urad":"MČ Bratislava - Dúbravka, Žatevná 2, 844 02 Bratislava Okresný úrad Bratislava, oddelenie ","skupina":"ITB Development","zhluk":"mickiewiczova 9","presnost":"približná","zmena":"2015-05-25","faza":"posúdené","dok":180,"plany":[{"p":"017_DD_PR_12_1_ZT_JON_F001_++_A_Situacia.pdf","u":"https://www.enviroportal.sk/eia/dokument/225858","v":992458,"t":"PDF"},{"p":"017_DD_PR_12_2_ZT_JON_F001_++_A_Situacia.pdf","u":"https://www.enviroportal.sk/eia/dokument/225865","v":992503,"t":"PDF"},{"p":"017_DD_PR_12_3_ZT_JON_F001_++_A_Situacia.pdf","u":"https://www.enviroportal.sk/eia/dokument/225872","v":1229581,"t":"PDF"},{"p":"017_DD_PR_12_4_ZT_JON_F001_++_A_Situacia.pdf","u":"https://www.enviroportal.sk/eia/dokument/225879","v":877107,"t":"PDF"},{"p":"017_DD_PR_10_A+_ASL_C001_++_A_HTU_SITUÁCIA SO.10.pdf","u":"https://www.enviroportal.sk/eia/dokument/225837","v":1541106,"t":"PDF"}],"typ":"Polyfunkcia"}},{"type":"Feature","geometry":{"type":"Point","coordinates":[17.035885,48.184432]},"properties":{"id":"polyfunkcny-komplex-polianky","nazov":"Polyfunkčný komplex Polianky","firma":"Jannis, s.r.o., Mickiewiczova 9","ico":"46395482","obec":"Bratislava - Dúbravka","stav":"Akcia je ukončená v procese EIA","urad":"MČ Bratislava - Dúbravka","skupina":"ITB Development","zhluk":"mickiewiczova 9","presnost":"približná","zmena":"2014-11-21","faza":"posúdené","dok":13,"plany":[{"p":"Príloha 1 upustenie od variantneho riesenia","u":"https://www.enviroportal.sk/eia/dokument/218051","v":790285,"t":"PDF"},{"p":"vodohospodárska mapa","u":"https://www.enviroportal.sk/eia/dokument/218052","v":712988,"t":"PDF"},{"p":"výkresy","u":"https://www.enviroportal.sk/eia/dokument/218053","v":1127042,"t":"PDF"},{"p":"Katastrálna mapa 1","u":"https://www.enviroportal.sk/eia/dokument/218047","v":4242737,"t":"PDF"},{"p":"Katastrálna mapa","u":"https://www.enviroportal.sk/eia/dokument/218048","v":729820,"t":"PDF"}],"typ":"Polyfunkcia"}},{"type":"Feature","geometry":{"type":"Point","coordinates":[17.103108,48.157066]},"properties":{"id":"polyfunkcny-komplex-portum-bratislava","nazov":"Polyfunkčný komplex PORTUM, Bratislava","firma":"TK ESTATE s.r.o., Ivanská cesta 30/B","ico":"44376308","obec":"Bratislava - Staré Mesto","stav":"Akcia je ukončená v procese EIA","urad":"Mestská časť Bratislava – Staré Mesto, Vajanského nábrežie 3, 814 21 Bratislava 1","skupina":"","zhluk":"ivanska cesta b","presnost":"približná","zmena":"2019-01-24","faza":"posúdené","dok":29,"plany":[{"p":"prílohy","u":"https://www.enviroportal.sk/eia/dokument/265563","v":31495755,"t":"ZIP"},{"p":"Príloha č. 20 -  DKP.pdf","u":"https://www.enviroportal.sk/eia/dokument/278668","v":14208762,"t":"PDF"},{"p":"Príloha č. 19a - Svetlotechnický posudok - doplnok.pdf","u":"https://www.enviroportal.sk/eia/dokument/278667","v":360434,"t":"PDF"},{"p":"Príloha č. 15 - Vyhodnotenie požiadaviek Rozsahu hodnotenia.","u":"https://www.enviroportal.sk/eia/dokument/278662","v":195655,"t":"PDF"},{"p":"Príloha č. 1 - Prehľadná situácia (1 - 50 000).pdf","u":"https://www.enviroportal.sk/eia/dokument/278648","v":892051,"t":"PDF"}],"typ":"Polyfunkcia"}},{"type":"Feature","geometry":{"type":"Point","coordinates":[17.131841,48.221004]},"properties":{"id":"polyfunkcny-komplex-quattro","nazov":"Polyfunkčný komplex - QUATTRO","firma":"INTERCOM Agentúra s.r.o., Paulínyho 8","ico":"35866110","obec":"Bratislava - Rača","stav":"Akcia je ukončená v procese EIA","urad":"Mestská časť Bratislava ? Rača","skupina":"","zhluk":"","presnost":"približná","zmena":"2013-07-29","faza":"posúdené","dok":5,"plany":[{"p":"priloha","u":"https://www.enviroportal.sk/eia/dokument/42119","v":48523369,"t":"PDF"}],"typ":"Polyfunkcia"}},{"type":"Feature","geometry":{"type":"Point","coordinates":[17.130075,48.224587]},"properties":{"id":"polyfunkcny-komplex-rendez-vous","nazov":"Polyfunkčný komplex, Rendez Vous","firma":"B. D. Rača, s.r.o., Drieňová 1H","ico":"48061093","obec":"Bratislava - Rača","stav":"Akcia je ukončená v procese EIA","urad":"1. Okresný úrad Bratislava, odbor starostlivosti o životné prostredie, oddelenie ochrany p","skupina":"","zhluk":"drienova 1h","presnost":"približná","zmena":"2018-03-13","faza":"posúdené","dok":5,"plany":[{"p":"PRILOHA_1_4_POLYFUNKCYNY_KOMPLEX_RENDEZ_VOUS.pdf","u":"https://www.enviroportal.sk/eia/dokument/256227","v":42327310,"t":"PDF"},{"p":"PRILOHA_5_POLYFUNKCYNY_KOMPLEX_RENDEZ_VOUS.pdf","u":"https://www.enviroportal.sk/eia/dokument/256228","v":43210937,"t":"PDF"}],"typ":"Polyfunkcia"}},{"type":"Feature","geometry":{"type":"Point","coordinates":[17.130366,48.222124]},"properties":{"id":"polyfunkcny-komplex-triangel-pri-sajbach-mc-ba-raca","nazov":"Polyfunkčný komplex TRIANGEL, Pri Šajbách, MČ Ba-Rača","firma":"SLOVAK SOL, s.r.o., Opavská 26","ico":"35909480","obec":"Bratislava - Rača","stav":"Akcia je ukončená v procese EIA","urad":"MČ Ba-Rača","skupina":"","zhluk":"","presnost":"približná","zmena":"2013-05-22","faza":"posúdené","dok":3,"typ":"Polyfunkcia"}},{"type":"Feature","geometry":{"type":"Point","coordinates":[17.128165,48.15384]},"properties":{"id":"polyfunkcny-komplex-zahradnicka-bajkalska","nazov":"Polyfunkčný komplex Záhradnícka-Bajkalská","firma":"Záhradnícka Property s.r.o., Gajova 4","ico":"52326501","obec":"Bratislava - Ružinov","stav":"Akcia je ukončená v procese EIA","urad":"Okresný úrad Bratislava - štátny orgán vodného hospodárstva Mestská časť Bratislava - Ruži","skupina":"Raiffeisen Property","zhluk":"gajova 4","presnost":"presná","zmena":"2022-12-08","ulica":"Záhradnícka","faza":"posúdené","dok":16,"plany":[{"p":"36803-A-000-Pn-00-Situacia_001-C001.01_Zakres-KN_1050x720.pd","u":"https://www.enviroportal.sk/eia/dokument/340291","v":630192,"t":"PDF"},{"p":"36803-A-000-Pn-00-Situacia_001-C004.01_Majetkovopravne vztah","u":"https://www.enviroportal.sk/eia/dokument/340312","v":179667,"t":"PDF"},{"p":"VYKRES SADOVE UPRAVY.pdf","u":"https://www.enviroportal.sk/eia/dokument/340318","v":487638,"t":"PDF"}],"typ":"Polyfunkcia"}},{"type":"Feature","geometry":{"type":"Point","coordinates":[17.104904,48.200869]},"properties":{"id":"polyfunkcny-komplex-zatisie","nazov":"Polyfunkčný komplex Zátišie","firma":"ATRIOS real estate s.r.o.","ico":"50337238","obec":"Bratislava - Nové Mesto","stav":"Akcia je ukončená v procese EIA","urad":"Miestny úrad MČ Bratislava – Nové Mesto Okresný úrad Bratislava, odbor starostlivosti o ži","skupina":"","zhluk":"","presnost":"približná","zmena":"2021-04-21","faza":"posúdené","dok":7,"typ":"Polyfunkcia"}},{"type":"Feature","geometry":{"type":"Point","coordinates":[17.095883,48.154499]},"properties":{"id":"polyfunkcny-komplex-zelezna-studienka","nazov":"Polyfunkčný komplex Železná Studienka","firma":"PŽS A, s r. o., Čulenova 5","ico":"54273676","obec":"Bratislava - Staré Mesto","stav":"Akcia je ukončená v procese EIA","urad":"Stavebný úrad Mestskej časti Bratislava – Staré Mesto, Okresný úrad Bratislava, Odbor star","skupina":"","zhluk":"","presnost":"približná","zmena":"2024-02-23","faza":"posúdené","dok":9,"plany":[{"p":"Prílohy_PKZS.zip","u":"https://www.enviroportal.sk/eia/dokument/368016","v":41275415,"t":"ZIP"}],"typ":"Bývanie"}},{"type":"Feature","geometry":{"type":"Point","coordinates":[17.142551,48.14492]},"properties":{"id":"polyfunkcny-objekt-autobusova-stanica-mlynske-nivy","nazov":"Polyfunkčný objekt Autobusová stanica Mlynské Nivy","firma":"Twin City a.s., Karadžičova 12","ico":"35872217","obec":"Bratislava - Staré Mesto","stav":"Akcia je ukončená v procese EIA","urad":"Mestská časť Bratislava Ružinov","skupina":"HB Reavis","zhluk":"karadzicova 12","presnost":"presná","zmena":"2014-10-23","ulica":"Mlynské nivy","faza":"povolené","doklad":"Rozhodnutie","dok":6,"plany":[{"p":"Prílohy.zip","u":"https://www.enviroportal.sk/eia/dokument/225430","v":58189535,"t":"ZIP"}],"typ":"Polyfunkcia"}},{"type":"Feature","geometry":{"type":"Point","coordinates":[17.171466,48.145143]},"properties":{"id":"polyfunkcny-objekt-avion-rekonstrukcia-dostavba-nadstavba-pristavba","nazov":"POLYFUNKČNÝ OBJEKT AVION - rekonštrukcia-dostavba nadstavba, prístavba","firma":"IMOBA FIN, a.s., Lichnerova 92","ico":"35769173","obec":"Bratislava - Ružinov","stav":"Akcia je ukončená v procese EIA","urad":"OÚBA, MČ Ružinov- stavebný úrad","skupina":"","zhluk":"","presnost":"približná","zmena":"2024-02-21","faza":"posúdené","dok":12,"plany":[{"p":"prilohy_1_3-8-11.pdf","u":"https://www.enviroportal.sk/eia/dokument/365314","v":15336177,"t":"PDF"},{"p":"prilohy_3_3-18-23.pdf","u":"https://www.enviroportal.sk/eia/dokument/365319","v":12326412,"t":"PDF"},{"p":"prilohy_3_3-10-17.pdf","u":"https://www.enviroportal.sk/eia/dokument/365318","v":16618903,"t":"PDF"},{"p":"prilohy_1_3-1-7.pdf","u":"https://www.enviroportal.sk/eia/dokument/365313","v":14223903,"t":"PDF"},{"p":"prilohy_2_3-1-12.pdf","u":"https://www.enviroportal.sk/eia/dokument/365315","v":23661798,"t":"PDF"}],"typ":"Polyfunkcia"}},{"type":"Feature","geometry":{"type":"Point","coordinates":[17.174846,48.144596]},"properties":{"id":"polyfunkcny-objekt-avion","nazov":"Polyfunkčný objekt AVION","firma":"IMOBA FIN, a.s. Lichnerova 92","ico":"35769173","obec":"Bratislava - Ružinov","stav":"Iný dôvod ukončenia posudzovania","urad":"Okresný úrad Bratislava Mestská časť Bratislava - Ružinov","skupina":"","zhluk":"","presnost":"približná","zmena":"2022-11-04","faza":"zámer","dok":4,"typ":"Polyfunkcia"}},{"type":"Feature","geometry":{"type":"Point","coordinates":[17.115517,48.13238]},"properties":{"id":"polyfunkcny-objekt-bajo-krasovskeho-ulica-bratislava-petrzalka","nazov":"Polyfunkčný objekt BAJO - Krasovského ulica, Bratislava - Petržalka","firma":"F arch, s.r.o., Veternicová 24","ico":"35896248","obec":"Bratislava - Petržalka","stav":"Akcia je ukončená v procese EIA","urad":"Mestská časť Bratislava ? Petržalka","skupina":"","zhluk":"","presnost":"presná","zmena":"2014-09-02","faza":"posúdené","dok":3,"typ":"Polyfunkcia"}},{"type":"Feature","geometry":{"type":"Point","coordinates":[17.092424,48.118583]},"properties":{"id":"polyfunkcny-objekt-brany-","nazov":"Polyfunkčný objekt \"Brány\"","firma":"VI GROUP, spol. s.r.o.","ico":"35972131","obec":"Bratislava - Petržalka","stav":"Akcia je ukončená v procese EIA","urad":"OÚ BA, MČ BA - Petržalka","skupina":"","zhluk":"dorastenecka 46","presnost":"približná","zmena":"2022-03-24","faza":"posúdené","dok":7,"typ":"Polyfunkcia"}},{"type":"Feature","geometry":{"type":"Point","coordinates":[17.099746,48.104636]},"properties":{"id":"polyfunkcny-objekt-budatinska-ulica-bratislava-petrzalka","nazov":"Polyfunkčný objekt - Budatínska ulica, Bratislava - Petržalka","firma":"IMPA Bratislava, a.s., Panónska cesta 23","ico":"35731851","obec":"Bratislava - Petržalka","stav":"Akcia je ukončená v procese EIA","urad":"Mestská časť Bratislava ? Petržalka","skupina":"","zhluk":"","presnost":"presná","zmena":"2013-08-15","faza":"posúdené","dok":6,"plany":[{"p":"C_prilohy.pdf","u":"https://www.enviroportal.sk/eia/dokument/44420","v":52144365,"t":"PDF"}],"typ":"Polyfunkcia"}},{"type":"Feature","geometry":{"type":"Point","coordinates":[17.111856,48.131244]},"properties":{"id":"polyfunkcny-objekt-budov-einsteinova-ulica-bratislava-petrzalka","nazov":"Polyfunkčný objekt budov, Einsteinova ulica, Bratislava - Petržalka","firma":"MICROTECH, spol. s r.o.","ico":"17318602","obec":"Bratislava - Petržalka","stav":"Akcia je ukončená v procese EIA","urad":"MČ Bratislava - Petržalka","skupina":"","zhluk":"","presnost":"presná","zmena":"2013-05-09","faza":"posúdené","dok":16,"plany":[{"p":"Situácia návrh","u":"https://www.enviroportal.sk/eia/dokument/29978","v":257627,"t":"PDF"},{"p":"Situácia súčasný stav","u":"https://www.enviroportal.sk/eia/dokument/29979","v":211911,"t":"PDF"}],"typ":"Polyfunkcia"}},{"type":"Feature","geometry":{"type":"Point","coordinates":[17.087356,48.123185]},"properties":{"id":"polyfunkcny-objekt-cernysevskeho-ii-bratislava","nazov":"Polyfunkčný objekt Černyševského II, Bratislava","firma":"Architektonická kancelária Ing. arch. Ľubomír Závodný, Svoradova 7-9","ico":"11844002","obec":"Bratislava - Petržalka","stav":"Akcia je ukončená v procese EIA","urad":"MČ Bratislava - Petržalka","skupina":"","zhluk":"","presnost":"približná","zmena":"2013-02-05","faza":"posúdené","dok":12,"plany":[{"p":"mapa3.pdf","u":"https://www.enviroportal.sk/eia/dokument/21381","v":105101,"t":"PDF"},{"p":"vizualizacie.pdf","u":"https://www.enviroportal.sk/eia/dokument/21393","v":6166333,"t":"PDF"},{"p":"mapa4.pdf","u":"https://www.enviroportal.sk/eia/dokument/21382","v":121334,"t":"PDF"},{"p":"mapa2.pdf","u":"https://www.enviroportal.sk/eia/dokument/21380","v":207131,"t":"PDF"},{"p":"mapa1.pdf","u":"https://www.enviroportal.sk/eia/dokument/21379","v":3530837,"t":"PDF"}],"typ":"Polyfunkcia"}},{"type":"Feature","geometry":{"type":"Point","coordinates":[17.102607,48.157706]},"properties":{"id":"polyfunkcny-objekt-chalupkova-bratislava","nazov":"Polyfunkčný objekt Chalupkova, Bratislava","firma":"Pressburg Finance Group, spol s r.o., Michalská 5","ico":"35815728","obec":"Bratislava - Staré Mesto","stav":"Akcia je ukončená v procese EIA","urad":"MČ BA Staré Mesto","skupina":"","zhluk":"michalska 5","presnost":"približná","zmena":"2013-05-07","faza":"posúdené","dok":10,"plany":[{"p":"chalupkova podorysy rezy","u":"https://www.enviroportal.sk/eia/dokument/27738","v":11350988,"t":"PDF"}],"typ":"Polyfunkcia"}},{"type":"Feature","geometry":{"type":"Point","coordinates":[17.100805,48.158697]},"properties":{"id":"polyfunkcny-objekt-chalupkova-r1","nazov":"Polyfunkčný objekt Chalupkova R1","firma":"Smart City Office I s. r. o., Digital Park II, Einsteinova 25","ico":"50847414","obec":"Bratislava - Staré Mesto","stav":"Akcia je ukončená v procese EIA","urad":"MČ Staré Mesto, OÚ BA OSŽP","skupina":"Penta Real Estate","zhluk":"einsteinova 25","presnost":"približná","zmena":"2025-07-30","faza":"posúdené","dok":8,"plany":[{"p":"Prílohy.pdf","u":"https://www.enviroportal.sk/eia/dokument/387234","v":48347208,"t":"PDF"}],"typ":"Polyfunkcia"}},{"type":"Feature","geometry":{"type":"Point","coordinates":[17.565233,48.00571]},"properties":{"id":"polyfunkcny-objekt-doas-kosicka-ul-c-49-bratislava","nazov":"Polyfunkčný objekt DOAS, Košická ul. č. 49, Bratislava","firma":"DOAS, a. s., Košická ul. 5590/56","ico":"31373917","obec":"Bratislava - Ružinov","stav":"Akcia je ukončená v procese EIA","urad":"MČ Bratislava - Ružinov","skupina":"","zhluk":"","presnost":"presná","zmena":"2013-02-13","ulica":"Košická","faza":"povolené","doklad":"Rozhodnutie","dok":3,"typ":"Polyfunkcia"}},{"type":"Feature","geometry":{"type":"Point","coordinates":[17.034242,48.185084]},"properties":{"id":"polyfunkcny-objekt-dubravka-bratislava","nazov":"Polyfunkčný objekt Dúbravka, Bratislava","firma":"HRIVIS engineering, s.r.o., Tomášikova 30A","ico":"35782501","obec":"Bratislava - Dúbravka","stav":"Akcia je ukončená v procese EIA","urad":"MČ Bratislava - Dúbravka","skupina":"","zhluk":"","presnost":"približná","zmena":"2015-05-11","faza":"posúdené","dok":38,"plany":[{"p":"príloha č. 2","u":"https://www.enviroportal.sk/eia/dokument/31421","v":298280,"t":"JPG"},{"p":"príloha č. 4","u":"https://www.enviroportal.sk/eia/dokument/31423","v":2724948,"t":"JPG"},{"p":"príloha č. 5","u":"https://www.enviroportal.sk/eia/dokument/31424","v":1978750,"t":"JPG"},{"p":"príloha č. 1","u":"https://www.enviroportal.sk/eia/dokument/31420","v":2023657,"t":"PDF"},{"p":"príloha č. 3","u":"https://www.enviroportal.sk/eia/dokument/31422","v":302488,"t":"PDF"}],"typ":"Polyfunkcia"}},{"type":"Feature","geometry":{"type":"Point","coordinates":[17.11624,48.157024]},"properties":{"id":"polyfunkcny-objekt-endlicher-house-sancova-ulica-bratislava","nazov":"Polyfunkčný objekt ENDLICHER HOUSE, Šancová ulica, Bratislava","firma":"FINEP Premiére, s.r.o., Trnavská cesta 6/A","ico":"36488941","obec":"Bratislava - Staré Mesto","stav":"Akcia je ukončená v procese EIA","urad":"MČ BA - Staré Mesto, OÚBA","skupina":"","zhluk":"trnavska cesta a","presnost":"presná","zmena":"2018-08-08","faza":"posúdené","dok":52,"plany":[{"p":"obr1 situacia.pdf","u":"https://www.enviroportal.sk/eia/dokument/263554","v":113826,"t":"PDF"},{"p":"1_Príloha_Endicher_Informácia.pdf","u":"https://www.enviroportal.sk/eia/dokument/263526","v":66212,"t":"PDF"},{"p":"2_Mapa-Situácia_širších_vzťahov_B01.pdf","u":"https://www.enviroportal.sk/eia/dokument/263529","v":12413156,"t":"PDF"},{"p":"SANC_ZDUR_B01-Sirsie vzťahy-REV01-160309.pdf","u":"https://www.enviroportal.sk/eia/dokument/263546","v":12413156,"t":"PDF"},{"p":"SANC_ZDUR_B02-Zakres do geometrickeho planu.pdf","u":"https://www.enviroportal.sk/eia/dokument/263547","v":247413,"t":"PDF"}],"typ":"Polyfunkcia"}},{"type":"Feature","geometry":{"type":"Point","coordinates":[17.109568,48.198232]},"properties":{"id":"polyfunkcny-objekt-garden-park-stavebne-upravy-zmena-ucelu-vyuzitia-ob","nazov":"Polyfunkčný objekt Garden Park – stavebné úpravy a zmena účelu využitia objektu","firma":"Zipp Resident s.r.o.","ico":"50296744","obec":"Bratislava - Nové Mesto","stav":"Akcia je ukončená v procese EIA","urad":"Mestská časť Bratislava – Nové Mesto Okresný úrad Bratislava","skupina":"","zhluk":"drienova 1h","presnost":"približná","zmena":"2024-10-02","faza":"povolené","doklad":"Rozhodnutie","dok":6,"typ":"Polyfunkcia"}},{"type":"Feature","geometry":{"type":"Point","coordinates":[17.184937,48.168657]},"properties":{"id":"polyfunkcny-objekt-ivanska-cesta-4-trnavka-bratislava-","nazov":"Polyfunkčný objekt - Ivánska cesta 4, Trnávka, Bratislava","firma":"PROFINAL. a.s., Ivánska cesta 4","ico":"35789352","obec":"Bratislava - Ružinov","stav":"Akcia je ukončená v procese EIA","urad":"MČ Bratislava - Ružinov, Mierová 21, 827 05 Bratislava","skupina":"","zhluk":"panenska 7","presnost":"presná","zmena":"2015-02-06","ulica":"Ivanská cesta","faza":"povolené","doklad":"Informácia","dok":9,"plany":[{"p":"Príloha č. 1 - Informácia o posudzovaní vplyvov.pdf","u":"https://www.enviroportal.sk/eia/dokument/222676","v":61666,"t":"PDF"},{"p":"Príloha č. 2 situácia - navrhovany stav.pdf","u":"https://www.enviroportal.sk/eia/dokument/222677","v":1020701,"t":"PDF"},{"p":"Príloha č. 3 - Ortofotomapa.pdf","u":"https://www.enviroportal.sk/eia/dokument/222678","v":687452,"t":"PDF"},{"p":"Príloha č. 4 - Výpisy z katastra nahnuteľnosti.pdf","u":"https://www.enviroportal.sk/eia/dokument/222679","v":344754,"t":"PDF"},{"p":"Príloha č. 5 - Fotodokumentácia.pdf","u":"https://www.enviroportal.sk/eia/dokument/222680","v":1255392,"t":"PDF"}],"typ":"Polyfunkcia"}},{"type":"Feature","geometry":{"type":"Point","coordinates":[17.184937,48.168657]},"properties":{"id":"polyfunkcny-objekt-ivanska-cesta-4-trnavka-bratislava","nazov":"Polyfunkčný objekt Ivánska cesta 4, Trnávka, Bratislava","firma":"PROFINAL, a.s., Ivánska cesta 4","ico":"35789352","obec":"Bratislava - Ružinov","stav":"Akcia je ukončená v procese EIA","urad":"Mestská časť Bratislava - Ružinov, OÚŽP BA, odbor ŠVS","skupina":"","zhluk":"panenska 7","presnost":"presná","zmena":"2013-10-15","ulica":"Ivanská cesta","faza":"povolené","doklad":"Informácia","dok":10,"plany":[{"p":"Priloha č. 1_ortofotomapa","u":"https://www.enviroportal.sk/eia/dokument/183791","v":272316,"t":"PDF"},{"p":"Priloha č. 2_Situacia lokality","u":"https://www.enviroportal.sk/eia/dokument/183792","v":3495441,"t":"RTF"},{"p":"Priloha č. 3_Dopravne riesenie","u":"https://www.enviroportal.sk/eia/dokument/183793","v":3151512,"t":"RTF"},{"p":"Priloha č. 6_fotodokumentacia","u":"https://www.enviroportal.sk/eia/dokument/183812","v":1236951,"t":"PDF"},{"p":"Priloha č. 7_vyjadrenie OUZP UVR","u":"https://www.enviroportal.sk/eia/dokument/183813","v":67516,"t":"PDF"}],"typ":"Polyfunkcia"}},{"type":"Feature","geometry":{"type":"Point","coordinates":[17.184937,48.168657]},"properties":{"id":"polyfunkcny-objekt-ivanska-cesta-bratislava","nazov":"Polyfunkčný objekt Ivánska cesta, Bratislava","firma":"TATRA REAL, a.s., Dunajská 25","ico":"31396437","obec":"Bratislava - Ružinov","stav":"Akcia je ukončená v procese EIA","urad":"MČ Bratislava- Ružinov","skupina":"","zhluk":"dunajska 25","presnost":"presná","zmena":"2013-07-03","ulica":"Ivanská cesta","faza":"posúdené","dok":16,"plany":[{"p":"priloha č.1","u":"https://www.enviroportal.sk/eia/dokument/40499","v":8279537,"t":"PDF"},{"p":"priloha č.2","u":"https://www.enviroportal.sk/eia/dokument/40487","v":80184,"t":"PDF"},{"p":"08_dopravný výkres","u":"https://www.enviroportal.sk/eia/dokument/40489","v":141476,"t":"PDF"},{"p":"09_výkres zelene","u":"https://www.enviroportal.sk/eia/dokument/40490","v":185350,"t":"PDF"},{"p":"10_situacia","u":"https://www.enviroportal.sk/eia/dokument/40497","v":576375,"t":"PDF"}],"typ":"Polyfunkcia"}},{"type":"Feature","geometry":{"type":"Point","coordinates":[17.170599,48.145837]},"properties":{"id":"polyfunkcny-objekt-jegeho-ul-","nazov":"Polyfunkčný objekt Jégeho ul.","firma":"EGIL, a.s., Grösslingova 45","ico":"35916184","obec":"Bratislava - Ružinov","stav":"Akcia je ukončená v procese EIA","urad":"MČ Ba-Ružinov","skupina":"","zhluk":"grosslingova 45","presnost":"približná","zmena":"2013-05-13","faza":"posúdené","dok":5,"plany":[{"p":"Text Zámeru -mapa","u":"https://www.enviroportal.sk/eia/dokument/31966","v":14153853,"t":"PDF"},{"p":"Príloha 1","u":"https://www.enviroportal.sk/eia/dokument/31957","v":36053340,"t":"PDF"}],"typ":"Polyfunkcia"}},{"type":"Feature","geometry":{"type":"Point","coordinates":[17.10303,48.195609]},"properties":{"id":"polyfunkcny-objekt-kominarca","nazov":"Polyfunkčný objekt KOMINARCA","firma":"ACS Kominárska, s.r.o.","ico":"50061674","obec":"Bratislava - Nové Mesto","stav":"Akcia je ukončená v procese EIA","urad":"MČ BA - Nové Mesto, OÚ BA OSŽP","skupina":"","zhluk":"","presnost":"približná","zmena":"2019-12-16","faza":"posúdené","dok":5,"typ":"Bývanie"}},{"type":"Feature","geometry":{"type":"Point","coordinates":[17.565233,48.00571]},"properties":{"id":"polyfunkcny-objekt-kosicka-chalupkova-bratislava","nazov":"Polyfunkčný objekt Košická - Chalúpkova, Bratislava","firma":"Euro Active Group, spol. s r.o., Michalská 5","ico":"35815710","obec":"Bratislava - Staré Mesto","stav":"Akcia je ukončená v procese EIA","urad":"MČ Bratislava - Staré Mesto, Magistrát HM Bratislavy","skupina":"","zhluk":"michalska 5","presnost":"presná","zmena":"2013-02-08","ulica":"Košická","faza":"povolené","doklad":"Rozhodnutie","dok":21,"plany":[{"p":"1  str situacia.pdf","u":"https://www.enviroportal.sk/eia/dokument/20424","v":2519735,"t":"PDF"},{"p":"vizualizacia 9.pdf","u":"https://www.enviroportal.sk/eia/dokument/20433","v":242176,"t":"PDF"},{"p":"vizualizacie 10.pdf","u":"https://www.enviroportal.sk/eia/dokument/20434","v":253929,"t":"PDF"},{"p":"vizualizacie11.pdf","u":"https://www.enviroportal.sk/eia/dokument/20435","v":192850,"t":"PDF"},{"p":"situacia.pdf","u":"https://www.enviroportal.sk/eia/dokument/20443","v":1903040,"t":"PDF"}],"typ":"Polyfunkcia"}},{"type":"Feature","geometry":{"type":"Point","coordinates":[17.565233,48.00571]},"properties":{"id":"polyfunkcny-objekt-kosicka","nazov":"Polyfunkčný objekt Košická","firma":"Smart City Office V s.r.o., Mlynské Nivy 16","ico":"50738429","obec":"Bratislava - Staré Mesto","stav":"Rozhodnutie zo zisťovacieho konania","urad":"MČ Bratislava - Staré Mesto OÚ Bratislava","skupina":"","zhluk":"mlynske nivy 16","presnost":"presná","zmena":"2024-05-20","ulica":"Košická","faza":"povolené","doklad":"Rozhodnutie","dok":7,"plany":[{"p":"Prílohy.pdf","u":"https://www.enviroportal.sk/eia/dokument/359943","v":20885022,"t":"PDF"}],"typ":"Bývanie"}},{"type":"Feature","geometry":{"type":"Point","coordinates":[17.091606,48.123888]},"properties":{"id":"polyfunkcny-objekt-krasovskeho","nazov":"Polyfunkčný objekt Krasovského","firma":"Krasovského, s.r.o., Námestie Slobody 28","ico":"35896248","obec":"Bratislava - Petržalka","stav":"Akcia je ukončená v procese EIA","urad":"MČ Bratislava - Petržalka, OÚ BA, orgán štátnej vodnej správy","skupina":"","zhluk":"","presnost":"približná","zmena":"2015-01-16","faza":"posúdené","dok":22,"plany":[{"p":"Architektonicka situacia.pdf","u":"https://www.enviroportal.sk/eia/dokument/221915","v":1726024,"t":"PDF"},{"p":"Koordinacna situacia.pdf","u":"https://www.enviroportal.sk/eia/dokument/221916","v":628730,"t":"PDF"},{"p":"Vypis z katastra.pdf","u":"https://www.enviroportal.sk/eia/dokument/221926","v":91068,"t":"PDF"},{"p":"Zakres do fotomapy.pdf","u":"https://www.enviroportal.sk/eia/dokument/221927","v":260828,"t":"PDF"}],"typ":"Polyfunkcia"}},{"type":"Feature","geometry":{"type":"Point","coordinates":[17.086416,48.122043]},"properties":{"id":"polyfunkcny-objekt-kreal-bratislava-petrzalka","nazov":"Polyfunkčný objekt KREAL, Bratislava - Petržalka","firma":"KREAL s.r.o., Údernícka 5","ico":"35711507","obec":"Bratislava - Petržalka","stav":"Akcia je ukončená v procese EIA","urad":"Mestská časť Bratislava - Petržalka","skupina":"","zhluk":"","presnost":"približná","zmena":"2013-09-11","faza":"posúdené","dok":5,"plany":[{"p":"C_prilohy.pdf","u":"https://www.enviroportal.sk/eia/dokument/47990","v":43739678,"t":"PDF"}],"typ":"Polyfunkcia"}},{"type":"Feature","geometry":{"type":"Point","coordinates":[17.170014,48.146855]},"properties":{"id":"polyfunkcny-objekt-lidl-","nazov":"Polyfunkčný objekt Lidl","firma":"Lidl Slovenská republiky, v.o.s., Ružinovská 1E","ico":"35793783","obec":"Bratislava - Ružinov","stav":"Akcia je ukončená v procese EIA","urad":"MČ Bratislava - Ružinov, OÚ BA, orgán štátnej vodnej správy","skupina":"","zhluk":"","presnost":"približná","zmena":"2015-01-16","faza":"posúdené","dok":21,"plany":[{"p":"P1_B01_Sirsie vztahy-rev01.pdf","u":"https://www.enviroportal.sk/eia/dokument/221903","v":608992,"t":"PDF"},{"p":"P2_B02-Sit-KatasMapa-rev02.pdf","u":"https://www.enviroportal.sk/eia/dokument/221904","v":1809768,"t":"PDF"},{"p":"P3_B04-KoordinacnaSituacia-rev02-DUR.pdf","u":"https://www.enviroportal.sk/eia/dokument/221905","v":1044149,"t":"PDF"},{"p":"P6 Kopia katastralnej mapy.pdf","u":"https://www.enviroportal.sk/eia/dokument/221908","v":67879,"t":"PDF"}],"typ":"Polyfunkcia"}},{"type":"Feature","geometry":{"type":"Point","coordinates":[17.103435,48.155905]},"properties":{"id":"polyfunkcny-objekt-metropolitan-star-bratislava","nazov":"POLYFUNKČNÝ OBJEKT METROPOLITAN STAR, BRATISLAVA","firma":"Architektonická kancelária Ing. arch. Ľubomír Závodný AA, Svoradova 7-","ico":"11884002","obec":"Bratislava - Staré Mesto","stav":"Akcia je ukončená v procese EIA","urad":"Mestská časť Bratislava ? Staré Mesto","skupina":"","zhluk":"","presnost":"približná","zmena":"2014-09-02","faza":"posúdené","dok":5,"plany":[{"p":"C_prilohy","u":"https://www.enviroportal.sk/eia/dokument/50398","v":131167524,"t":"PDF"}],"typ":"Polyfunkcia"}},{"type":"Feature","geometry":{"type":"Point","coordinates":[17.640649,48.510443]},"properties":{"id":"polyfunkcny-objekt-mierova","nazov":"Polyfunkčný objekt MIEROVÁ","firma":"RETEP Slovakia, s.r.o., Záborského 42","ico":"35786281","obec":"Bratislava - Ružinov","stav":"Rozhodnutie zo zisťovacieho konania","urad":"OÚ BA OSZP, MČ BA Ružinov","skupina":"","zhluk":"zaborskeho 42","presnost":"presná","zmena":"2025-08-12","ulica":"Gagarinova","faza":"posúdené","dok":26,"plany":[{"p":"L_priloha_6_Magistrat_zaväzne_stanovisko.pdf","u":"https://www.enviroportal.sk/eia/dokument/378624","v":4306185,"t":"PDF"},{"p":"K_priloha_5_svetlotechnicke_posudenie.pdf","u":"https://www.enviroportal.sk/eia/dokument/378623","v":4995582,"t":"PDF"},{"p":"J_priloha_4_DKP.pdf","u":"https://www.enviroportal.sk/eia/dokument/378622","v":20428713,"t":"PDF"},{"p":"I_priloha_3_Hlukova_studia.pdf","u":"https://www.enviroportal.sk/eia/dokument/378621","v":28742571,"t":"PDF"},{"p":"H_priloha_2_pohlad_severny.pdf","u":"https://www.enviroportal.sk/eia/dokument/378620","v":2412120,"t":"PDF"}],"typ":"Plány a koncepcie"}},{"type":"Feature","geometry":{"type":"Point","coordinates":[17.137046,48.15243]},"properties":{"id":"polyfunkcny-objekt-mileticova","nazov":"Polyfunkčný objekt Miletičova","firma":"BDcompany, s.r.o., Drotárska cesta 102","ico":"47239557","obec":"Bratislava - Ružinov","stav":"Akcia je ukončená v procese EIA","urad":"MČ Bratislava - Ružinov","skupina":"","zhluk":"","presnost":"presná","zmena":"2014-11-13","ulica":"Miletičova","faza":"posúdené","dok":11,"plany":[{"p":"Príloha č. 3","u":"https://www.enviroportal.sk/eia/dokument/219391","v":59970,"t":"PDF"},{"p":"Príloha č. 1","u":"https://www.enviroportal.sk/eia/dokument/219389","v":46318,"t":"PDF"},{"p":"Príloha č. 2","u":"https://www.enviroportal.sk/eia/dokument/219390","v":172873,"t":"PDF"},{"p":"Príloha č. 7","u":"https://www.enviroportal.sk/eia/dokument/219444","v":2525339,"t":"PDF"},{"p":"Príloha č. 5","u":"https://www.enviroportal.sk/eia/dokument/219392","v":158021,"t":"PDF"}],"typ":"Bývanie"}},{"type":"Feature","geometry":{"type":"Point","coordinates":[17.142551,48.14492]},"properties":{"id":"polyfunkcny-objekt-mlynske-nivy","nazov":"Polyfunkčný objekt Mlynské Nivy","firma":"Nuppu Housing s.r.o.","ico":"51084520","obec":"Bratislava - Ružinov","stav":"Akcia je ukončená v procese EIA","urad":"Mestská časť Bratislava - Ružinov","skupina":"","zhluk":"","presnost":"presná","zmena":"2023-02-15","ulica":"Mlynské nivy","faza":"povolené","doklad":"Rozhodnutie","dok":15,"plany":[{"p":"01_Situacia.pdf","u":"https://www.enviroportal.sk/eia/dokument/325979","v":315462,"t":"PDF"},{"p":"02_sirsie vztahy-1_2000.pdf","u":"https://www.enviroportal.sk/eia/dokument/325980","v":1631187,"t":"PDF"}],"typ":"Polyfunkcia"}},{"type":"Feature","geometry":{"type":"Point","coordinates":[17.075958,48.216762]},"properties":{"id":"polyfunkcny-objekt-pajstunska-ulica-bratislava","nazov":"Polyfunkčný objekt Pajštúnska ulica, Bratislava","firma":"Realcorp Development, s. r. o., Bojnická 18","ico":"36666670","obec":"Bratislava - Petržalka","stav":"Akcia je ukončená v procese EIA","urad":"MČ Bratislava- Petržalka","skupina":"","zhluk":"","presnost":"presná","zmena":"2013-07-01","faza":"posúdené","dok":11,"plany":[{"p":"pôdorys 1 pp","u":"https://www.enviroportal.sk/eia/dokument/39601","v":283725,"t":"PDF"},{"p":"pôdorys 1 np","u":"https://www.enviroportal.sk/eia/dokument/39600","v":271156,"t":"PDF"}],"typ":"Polyfunkcia"}},{"type":"Feature","geometry":{"type":"Point","coordinates":[17.750038,48.388226]},"properties":{"id":"polyfunkcny-objekt-park-project-smrecianska-mikoviniho-bratislava","nazov":"Polyfunkčný objekt PARK Project, Smrečianska - Mikovíniho, Bratislava","firma":"GTC Real Estate Park, s.r.o., Panenská 33","ico":"36656861","obec":"Bratislava - Nové Mesto","stav":"Akcia je ukončená v procese EIA","urad":"MČ Ba- Nové Mesto","skupina":"","zhluk":"","presnost":"presná","zmena":"2013-07-01","ulica":"Smrečianska","faza":"posúdené","dok":8,"plany":[{"p":"Príloha, 1.np","u":"https://www.enviroportal.sk/eia/dokument/37859","v":941016,"t":"PDF"},{"p":"Príloha, rez pohľad JZ","u":"https://www.enviroportal.sk/eia/dokument/37858","v":526179,"t":"PDF"},{"p":"Príloha, 2.pp","u":"https://www.enviroportal.sk/eia/dokument/37861","v":618255,"t":"PDF"},{"p":"Príloha, 18.np","u":"https://www.enviroportal.sk/eia/dokument/37856","v":326874,"t":"PDF"},{"p":"Príloha, pohľad","u":"https://www.enviroportal.sk/eia/dokument/37857","v":312814,"t":"PDF"}],"typ":"Polyfunkcia"}},{"type":"Feature","geometry":{"type":"Point","coordinates":[17.10904,48.196395]},"properties":{"id":"polyfunkcny-objekt-racianska-pionierska-bratislava","nazov":"Polyfunkčný objekt Račianska – Pionierska, Bratislava","firma":"JUNIS Development, s.r.o, Račianska 69","ico":"36764566","obec":"Bratislava - Nové Mesto","stav":"Zámer","urad":"MČ Bratislava - Nové Mesto; OÚ BA OSŽP","skupina":"","zhluk":"racianska 69","presnost":"približná","zmena":"2015-01-07","faza":"zámer","dok":3,"plany":[{"p":"prílohy.zip","u":"https://www.enviroportal.sk/eia/dokument/221761","v":24772918,"t":"ZIP"}],"typ":"Polyfunkcia"}},{"type":"Feature","geometry":{"type":"Point","coordinates":[17.158202,48.152345]},"properties":{"id":"polyfunkcny-objekt-retro-bratislava","nazov":"Polyfunkčný objekt RETRO, Bratislava","firma":"Centaurea a.s., Nevädzová 6","ico":"35967811","obec":"Bratislava - Ružinov","stav":"Akcia je ukončená v procese EIA","urad":"Magistrát HM SR Bratislavy, MČ Bratislava - Ružinov","skupina":"","zhluk":"","presnost":"presná","zmena":"2013-05-07","faza":"posúdené","dok":10,"plany":[{"p":"vizualizácie","u":"https://www.enviroportal.sk/eia/dokument/28094","v":44225,"t":"PDF"},{"p":"situácia","u":"https://www.enviroportal.sk/eia/dokument/28100","v":655469,"t":"PDF"}],"typ":"Polyfunkcia"}},{"type":"Feature","geometry":{"type":"Point","coordinates":[17.171906,48.150107]},"properties":{"id":"polyfunkcny-objekt-ruzinov-bratislava-1","nazov":"Polyfunkčný objekt Ružinov, Bratislava","firma":"SUNSIZE, a.s., Digital Park II, Einsteinova 25","ico":"36799041","obec":"Bratislava - Ružinov","stav":"Akcia je ukončená v procese EIA","urad":"MÚ Bratislava Ružinov","skupina":"Penta Real Estate","zhluk":"einsteinova 25","presnost":"približná","zmena":"2013-09-23","faza":"posúdené","dok":2,"typ":"Polyfunkcia"}},{"type":"Feature","geometry":{"type":"Point","coordinates":[17.170332,48.148846]},"properties":{"id":"polyfunkcny-objekt-showroom-milosov-dvor","nazov":"Polyfunkčný objekt a showroom Milošov dvor","firma":"MILOŠ TURAC, spol. s r. o., Klatovská 1408/21","ico":"35827114","obec":"Bratislava - Ružinov","stav":"Akcia je ukončená v procese EIA","urad":"OU BA, MC BA Nove mesto, MC BA Ruzinov","skupina":"","zhluk":"","presnost":"približná","zmena":"2020-04-27","faza":"posúdené","dok":7,"plany":[{"p":"2 BA Milošov dvor EIA prílohy.pdf","u":"https://www.enviroportal.sk/eia/dokument/290262","v":9388242,"t":"PDF"}],"typ":"Polyfunkcia"}},{"type":"Feature","geometry":{"type":"Point","coordinates":[17.086684,48.119652]},"properties":{"id":"polyfunkcny-objekt-solar-bratislava","nazov":"Polyfunkčný objekt Solar, Bratislava","firma":"REINVEST spol. s r.o., Nevädzová","ico":"31354637","obec":"Bratislava - Petržalka","stav":"Akcia je ukončená v procese EIA","urad":"MČ Ba- Petržalka","skupina":"","zhluk":"","presnost":"približná","zmena":"2013-05-03","faza":"posúdené","dok":6,"plany":[{"p":"Príloha","u":"https://www.enviroportal.sk/eia/dokument/26258","v":4333286,"t":"PDF"}],"typ":"Polyfunkcia"}},{"type":"Feature","geometry":{"type":"Point","coordinates":[17.108868,48.196194]},"properties":{"id":"polyfunkcny-objekt-stara-vajnorska-bratislava","nazov":"Polyfunkčný objekt - Stará Vajnorská, Bratislava","firma":"J.P. s.r.o. a Best All spol. s r.o.","ico":"358311673595919","obec":"Bratislava - Nové Mesto","stav":"Akcia je ukončená v procese EIA","urad":"Mestská časť Bratislava ? Nové Mesto","skupina":"","zhluk":"","presnost":"približná","zmena":"2013-08-15","faza":"posúdené","dok":9,"plany":[{"p":"Priloha č. 3b","u":"https://www.enviroportal.sk/eia/dokument/44602","v":689569,"t":"PDF"},{"p":"Priloha č.4","u":"https://www.enviroportal.sk/eia/dokument/44603","v":1234285,"t":"PDF"},{"p":"Priloha 5","u":"https://www.enviroportal.sk/eia/dokument/44604","v":589563,"t":"JPG"},{"p":"Priloha č. 3a","u":"https://www.enviroportal.sk/eia/dokument/44600","v":2789986,"t":"PDF"},{"p":"Priloha 2","u":"https://www.enviroportal.sk/eia/dokument/44599","v":3604520,"t":"PDF"}],"typ":"Polyfunkcia"}},{"type":"Feature","geometry":{"type":"Point","coordinates":[17.052938,48.159705]},"properties":{"id":"polyfunkcny-objekt-stare-grunty-bratislava","nazov":"Polyfunkčný objekt Staré grunty, Bratislava","firma":"SG Residential II, s.r.o., Zámocká 18","ico":"35949929","obec":"Bratislava - Karlova Ves","stav":"Akcia je ukončená v procese EIA","urad":"MČ Bratislava - Karlova Ves, Magistrát HM SR Bratislavy, OÚ ŽP Bratislava","skupina":"","zhluk":"","presnost":"približná","zmena":"2013-02-08","faza":"posúdené","dok":30,"plany":[{"p":"Priloha3.pdf","u":"https://www.enviroportal.sk/eia/dokument/20161","v":6290175,"t":"ZIP"},{"p":"Priloha4.pdf","u":"https://www.enviroportal.sk/eia/dokument/20162","v":363169,"t":"PDF"},{"p":"katastralka.PDF","u":"https://www.enviroportal.sk/eia/dokument/20153","v":527789,"t":"PDF"},{"p":"mapa.pdf","u":"https://www.enviroportal.sk/eia/dokument/20155","v":3578080,"t":"PDF"},{"p":"vizualizacia.JPG","u":"https://www.enviroportal.sk/eia/dokument/20156","v":702408,"t":"JPG"}],"typ":"Polyfunkcia"}},{"type":"Feature","geometry":{"type":"Point","coordinates":[17.049433,48.164948]},"properties":{"id":"polyfunkcny-objekt-stare-grunty","nazov":"Polyfunkčný objekt STARÉ GRUNTY","firma":"OTYK Invest, s.r.o., Nám. Sv. Františka 18B","ico":"18046428","obec":"Bratislava - Karlova Ves","stav":"Akcia je ukončená v procese EIA","urad":"OU BA-Oodbor starostlivosti o ŽP, oddelenie ochrany prírody a vybraných zložiek ŽP, MČ BA ","skupina":"","zhluk":"","presnost":"približná","zmena":"2019-09-13","faza":"posúdené","dok":8,"typ":"Polyfunkcia"}},{"type":"Feature","geometry":{"type":"Point","coordinates":[17.099877,48.152897]},"properties":{"id":"polyfunkcny-objekt-staromestska-office","nazov":"Polyfunkčný objekt - Staromestská office","firma":"VACHEL SK, s.r.o., Poštová 3","ico":"36355348","obec":"Bratislava - Staré Mesto","stav":"Akcia je ukončená v procese EIA","urad":"Mestská časť Bratislava - Staré Mesto, Okresný úrad Bratislava, OSŽP, Odd. OPa vybraných z","skupina":"Cresco Real Estate","zhluk":"postova 3","presnost":"približná","zmena":"2014-05-15","faza":"posúdené","dok":3,"plany":[{"p":"prílohy","u":"https://www.enviroportal.sk/eia/dokument/213270","v":10850053,"t":"PDF"}],"typ":"Polyfunkcia"}},{"type":"Feature","geometry":{"type":"Point","coordinates":[17.620796,48.278444]},"properties":{"id":"polyfunkcny-objekt-tomasikova-bratislava-nove-mesto","nazov":"POLYFUNKČNÝ OBJEKT TOMÁŠIKOVA, Bratislava – Nové Mesto","firma":"MERIUS, a. s., Štefánikova 6/A","ico":"35767189","obec":"Bratislava - Nové Mesto","stav":"Akcia je ukončená v procese EIA","urad":"Okresný úrad Bratislava, odbor starostlivosti o životné prostredie, MČ Bratislava – Nové M","skupina":"","zhluk":"","presnost":"presná","zmena":"2019-02-21","ulica":"Tomášikova","faza":"posúdené","dok":15,"plany":[{"p":"Grafické príohy architektonická časť navrhovanej činnosti, N","u":"https://www.enviroportal.sk/eia/dokument/268803","v":4081850,"t":"PDF"}],"typ":"Polyfunkcia"}},{"type":"Feature","geometry":{"type":"Point","coordinates":[17.640649,48.510443]},"properties":{"id":"polyfunkcny-objekt-treenium-gagarinova-mierova-hranicna-bratislava-ruz","nazov":"Polyfunkčný objekt TREENIUM, Gagarinova, Mierová, Hraničná, Bratislava - Ružinov","firma":"GREEFIN group, a.s., Dúbravská cesta 2","ico":"47233192","obec":"Bratislava - Ružinov","stav":"Podlieha ďalšiemu posudzovaniu","urad":"1. Okresný úrad Bratislava, odbor starostlivosti o žp, odd. ochrany prírody a vybraných zl","skupina":"","zhluk":"","presnost":"presná","zmena":"2017-11-21","ulica":"Gagarinova","faza":"zámer","dok":11,"plany":[{"p":"C_prilohy1_vyhodnotenie_ukazovatelov_intenzity_územia_funkcn","u":"https://www.enviroportal.sk/eia/dokument/255260","v":1638389,"t":"PDF"},{"p":"E_prilohy3_svetlotechnicka_dopravna_studia.pdf","u":"https://www.enviroportal.sk/eia/dokument/255262","v":15998730,"t":"PDF"},{"p":"D_prilohy2_rozptyl_akustika.pdf","u":"https://www.enviroportal.sk/eia/dokument/255261","v":8697315,"t":"PDF"},{"p":"B_mapove_prilohy.pdf","u":"https://www.enviroportal.sk/eia/dokument/255259","v":14338698,"t":"PDF"}],"typ":"Polyfunkcia"}},{"type":"Feature","geometry":{"type":"Point","coordinates":[17.103433,48.155984]},"properties":{"id":"polyfunkcny-objekt-triangel","nazov":"Polyfunkčný objekt Triangel","firma":"Epoque, s.r.o., Dořákovo nábrežie 10","ico":"46967745","obec":"Bratislava - Staré Mesto","stav":"Akcia je ukončená v procese EIA","urad":"1.MČ BA – Staré Mesto, Vajanského nábrežie 3, 814 21 Bratislava 2.Hlavné mesto SR BA, Prim","skupina":"","zhluk":"","presnost":"približná","zmena":"2016-08-02","faza":"posúdené","dok":13,"plany":[{"p":"Tab_33_Priloha10.pdf","u":"https://www.enviroportal.sk/eia/dokument/246024","v":29616,"t":"PDF"}],"typ":"Polyfunkcia"}},{"type":"Feature","geometry":{"type":"Point","coordinates":[17.103531,48.097041]},"properties":{"id":"polyfunkcny-objekt-vysehradska-ulica-bratislava-ii-etapa-mc-bratislava","nazov":"Polyfunkčný objekt Vyšehradská ulica Bratislava - II.etapa, MČ Bratislava - Petržalka","firma":"BALAT a.s. Bratislava","ico":"35741791","obec":"Bratislava - Petržalka","stav":"Akcia je ukončená v procese EIA","urad":"Mestská časť Bratislava - Petržalka","skupina":"","zhluk":"","presnost":"presná","zmena":"2013-02-19","faza":"posúdené","dok":3,"typ":"Polyfunkcia"}},{"type":"Feature","geometry":{"type":"Point","coordinates":[17.033368,48.185177]},"properties":{"id":"polyfunkcny-obytny-subor-dubravcice-vychod-i-etapa-bratislava-dubravka","nazov":"Polyfunkčný obytný súbor Dúbravčice – východ I. etapa, Bratislava – Dúbravka a Polyfunkčný obytný súbor Dúbravčice – východ II. etapa, Bratislava – Dú","firma":"YIT Slovakia a.s., Račianska 153/A","ico":"35718625","obec":"Bratislava - Dúbravka","stav":"Akcia je ukončená v procese EIA","urad":"Mestská časť Bratislava – Dúbravka, Žatevná 2, 844 02 Bratislava","skupina":"","zhluk":"racianska a","presnost":"približná","zmena":"2016-05-03","faza":"posúdené","dok":3,"typ":"Bývanie"}},{"type":"Feature","geometry":{"type":"Point","coordinates":[17.030072,48.184006]},"properties":{"id":"polyfunkcny-obytny-subor-dubravcice-vychod","nazov":"Polyfunkčný obytný súbor Dúbravčice - východ","firma":"IUSA, a.s, Prešenova 4","ico":"35687622","obec":"Bratislava - Dúbravka","stav":"Akcia je ukončená v procese EIA","urad":"MČ Bratislava - Dúbravka","skupina":"","zhluk":"panenska 24","presnost":"približná","zmena":"2013-07-29","faza":"posúdené","dok":5,"plany":[{"p":"prílohy","u":"https://www.enviroportal.sk/eia/dokument/43408","v":73145636,"t":"PDF"}],"typ":"Bývanie"}},{"type":"Feature","geometry":{"type":"Point","coordinates":[17.095492,48.155376]},"properties":{"id":"polyfunkcny-obytny-subor-lipovy-park-bratislava","nazov":"Polyfunkčný obytný súbor Lipový Park Bratislava","firma":"Lipový Park s.r.o., Riazanská 33","ico":"35934441","obec":"Bratislava - Staré Mesto","stav":"Akcia je ukončená v procese EIA","urad":"MČ Bratislava - Staré Mesto","skupina":"","zhluk":"riazanska 33","presnost":"približná","zmena":"2013-05-06","faza":"posúdené","dok":6,"typ":"Bývanie"}},{"type":"Feature","geometry":{"type":"Point","coordinates":[17.097835,48.158628]},"properties":{"id":"polyfunkcny-obytny-subor-lipovy-park-ii-bratislava-stare-mesto","nazov":"Polyfunkčný obytný súbor Lipový Park II, Bratislava - Staré Mesto","firma":"PK develompent, a.s., Továrenská 14","ico":"35927143","obec":"Bratislava - Staré Mesto","stav":"Akcia je ukončená v procese EIA","urad":"Bratislava - Staré Mesto","skupina":"","zhluk":"tovarenska 14","presnost":"približná","zmena":"2014-08-27","faza":"posúdené","dok":3,"typ":"Bývanie"}},{"type":"Feature","geometry":{"type":"Point","coordinates":[17.105009,48.200882]},"properties":{"id":"polyfunkcny-obytny-subor-slovany-bratislava-i-etapa-mc-bratislava-nove","nazov":"Polyfunkčný obytný súbor SLOVANY Bratislava - I. etapa, MČ Bratislava - Nové Mesto","firma":"SLOVANY s.r.o., Riazanská 33","ico":"35934620","obec":"Bratislava - Nové Mesto","stav":"Akcia je ukončená v procese EIA","urad":"MČ Bratislava Nové Mesto","skupina":"","zhluk":"riazanska 33","presnost":"približná","zmena":"2013-02-19","faza":"posúdené","dok":10,"typ":"Bývanie"}},{"type":"Feature","geometry":{"type":"Point","coordinates":[17.094147,48.12158]},"properties":{"id":"polyfunkcny-subor-acord-matador","nazov":"Polyfunkčný súbor ACORD - MATADOR","firma":"ACORD s. r. o., Údernícka 11","ico":"35825952","obec":"Bratislava - Petržalka","stav":"Akcia je ukončená v procese EIA","urad":"OUBA, MC Bratislava - Petržalka","skupina":"","zhluk":"udernicka 11","presnost":"približná","zmena":"2023-01-12","faza":"posúdené","dok":7,"plany":[{"p":"Prílohy.pdf","u":"https://www.enviroportal.sk/eia/dokument/339303","v":12011027,"t":"PDF"},{"p":"Prílohy.pdf","u":"https://www.enviroportal.sk/eia/dokument/339302","v":12011027,"t":"PDF"}],"typ":"Polyfunkcia"}},{"type":"Feature","geometry":{"type":"Point","coordinates":[17.036329,48.180269]},"properties":{"id":"polyfunkcny-subor-agatova-","nazov":"Polyfunkčný súbor Agátová","firma":"STRABAG Real Estate, s. r. o., Mlynské nivy 61/A","ico":"54388961","obec":"Bratislava - Dúbravka","stav":"Akcia je ukončená v procese EIA","urad":"MČ Dúbravka, OÚ BA OSZP","skupina":"","zhluk":"mlynske nivy a","presnost":"približná","zmena":"2025-03-20","faza":"posúdené","dok":19,"plany":[{"p":"B_mapa_1_sirsie_vztahy.pdf","u":"https://www.enviroportal.sk/eia/dokument/383313","v":3744778,"t":"PDF"},{"p":"C_mapa_2_ortofoto_Agátová_8a.pdf","u":"https://www.enviroportal.sk/eia/dokument/383314","v":2362126,"t":"PDF"},{"p":"D_mapa_3_celkova situacia zmeny.pdf","u":"https://www.enviroportal.sk/eia/dokument/383315","v":1324889,"t":"PDF"},{"p":"E_mapa_4_pôvodne navrhovaná činnosť_variant2.pdf","u":"https://www.enviroportal.sk/eia/dokument/383316","v":3755077,"t":"PDF"},{"p":"Doplňujúce informácie_Koordinačná situácia.pdf","u":"https://www.enviroportal.sk/eia/dokument/385832","v":1429913,"t":"PDF"}],"typ":"Polyfunkcia"}},{"type":"Feature","geometry":{"type":"Point","coordinates":[17.029267,48.181861]},"properties":{"id":"polyfunkcny-subor-agatova","nazov":"Polyfunkčný súbor Agátová","firma":"STRABAG Pozemné a inžinierske staviteľstvo s.r.o., Mlynské Nivy 61/A","ico":"31355161","obec":"Bratislava - Dúbravka","stav":"Akcia je ukončená v procese EIA","urad":"Stavebný úrad, Miestny úrad MČ Bratislava – Dúbravka Okresný úrad Bratislava, odbor staros","skupina":"","zhluk":"mlynske nivy a","presnost":"približná","zmena":"2022-08-15","faza":"posúdené","dok":5,"typ":"Polyfunkcia"}},{"type":"Feature","geometry":{"type":"Point","coordinates":[17.76121,48.303622]},"properties":{"id":"polyfunkcny-subor-bajkalska","nazov":"Polyfunkčný súbor BAJKALSKÁ","firma":"FUXTON, s.r.o., Dvořákovo nábrežie 10","ico":"35833513","obec":"Bratislava - Ružinov","stav":"Zámer","urad":"OUBA OSZP, MČ BA-Ružinov","skupina":"J&T Real Estate","zhluk":"dvorakovo nabrezie 10","presnost":"presná","zmena":"2025-10-16","ulica":"Bajkalská","faza":"zámer","dok":21,"plany":[{"p":"C_mapa_1_sirsie_vztahy.pdf","u":"https://www.enviroportal.sk/eia/dokument/392148","v":6273380,"t":"PDF"},{"p":"D_mapa_2_ortofoto.pdf","u":"https://www.enviroportal.sk/eia/dokument/392149","v":1599899,"t":"PDF"},{"p":"E_mapa_3_koordinacna_situacia.pdf","u":"https://www.enviroportal.sk/eia/dokument/392150","v":54992956,"t":"PDF"},{"p":"F_príloha 1a_pohlad_východny.pdf","u":"https://www.enviroportal.sk/eia/dokument/392151","v":2785882,"t":"PDF"},{"p":"G_príloha 1b_pohlad_zapadny.pdf","u":"https://www.enviroportal.sk/eia/dokument/392152","v":1811242,"t":"PDF"}],"typ":"Polyfunkcia"}},{"type":"Feature","geometry":{"type":"Point","coordinates":[17.170243,48.146326]},"properties":{"id":"polyfunkcny-subor-bct-1-bytove-domy","nazov":"Polyfunkčný súbor BCT 1, Bytové domy","firma":"YIT SLOVAKIA a.s., Račianska 153/A","ico":"35718625","obec":"Bratislava - Ružinov","stav":"Iný dôvod ukončenia posudzovania","urad":"OUBA-oddelenie ochrany prírody a vybraných zložiek ŽP, MČ Bratislava- Ružinov,stavebný úra","skupina":"","zhluk":"racianska a","presnost":"približná","zmena":"2018-06-25","faza":"zámer","dok":3,"typ":"Bývanie"}},{"type":"Feature","geometry":{"type":"Point","coordinates":[17.170203,48.146399]},"properties":{"id":"polyfunkcny-subor-bct-2-bytove-domy-","nazov":"Polyfunkčný súbor BCT 2, bytové domy","firma":"ZWIRN area s.r.o, Račianska 153","ico":"51811391","obec":"Bratislava - Ružinov","stav":"Akcia je ukončená v procese EIA","urad":"Mestská časť Bratislava - Ružinov Okresný úrad - Bratislava","skupina":"","zhluk":"racianska a","presnost":"približná","zmena":"2021-09-03","faza":"posúdené","dok":24,"plany":[{"p":"príloha 2","u":"https://www.enviroportal.sk/eia/dokument/307791","v":4074269,"t":"PDF"},{"p":"príloha 3","u":"https://www.enviroportal.sk/eia/dokument/307813","v":13397105,"t":"ZIP"},{"p":"príloha 3","u":"https://www.enviroportal.sk/eia/dokument/307812","v":2319445,"t":"PDF"},{"p":"Príloha 1 ","u":"https://www.enviroportal.sk/eia/dokument/307800","v":772230,"t":"PDF"},{"p":"P2 - Zavazne stanovisko MAG BCT 2 graf priloha.pdf","u":"https://www.enviroportal.sk/eia/dokument/317381","v":4074269,"t":"PDF"}],"typ":"Bývanie"}},{"type":"Feature","geometry":{"type":"Point","coordinates":[17.171667,48.145033]},"properties":{"id":"polyfunkcny-subor-bct-3-administrativa-bytove-domy-","nazov":"Polyfunkčný súbor BCT 3, administratíva a bytové domy","firma":"ZWIRN area s.r.o., Račianska 153/A","ico":"51811391","obec":"Bratislava - Ružinov","stav":"Akcia je ukončená v procese EIA","urad":"Mestská časť Bratislava – Ružinov, Mierová 21, 827 05 Bratislava 212 Okresný úrad Bratisla","skupina":"","zhluk":"racianska a","presnost":"približná","zmena":"2020-05-05","faza":"posúdené","dok":7,"plany":[{"p":"Prílohy k SoH.7z","u":"https://www.enviroportal.sk/eia/dokument/290120","v":132177594,"t":"ZIP"}],"typ":"Bývanie"}},{"type":"Feature","geometry":{"type":"Point","coordinates":[17.172647,48.150359]},"properties":{"id":"polyfunkcny-subor-dunajske-predmestie-iv-etapa-so-01-b-6-male-ubytovac","nazov":"Polyfunkčný súbor Dunajské predmestie IV. Etapa, SO-01-B-6 Malé ubytovacie zariadenie cestovného ruchu","firma":"TRAJEKT PLUS, a.s., Dvořákovo nábrežie 8/A","ico":"36865877","obec":"Bratislava - Ružinov","stav":"Akcia je ukončená v procese EIA","urad":"Mestská časť Bratislava – Ružinov Okresný úrad Bratislava, Odbor starostlivosti o životné ","skupina":"","zhluk":"","presnost":"približná","zmena":"2016-12-05","faza":"posúdené","dok":7,"plany":[{"p":"C_Výpisy z katastra.zip","u":"https://www.enviroportal.sk/eia/dokument/251538","v":672634,"t":"ZIP"}],"typ":"Polyfunkcia"}},{"type":"Feature","geometry":{"type":"Point","coordinates":[17.095458,48.15556]},"properties":{"id":"polyfunkcny-subor-eurovea-2","nazov":"Polyfunkčný súbor Eurovea 2","firma":"PROPERTY Danube, s.r.o., Pribinova 10","ico":"36282821","obec":"Bratislava - Staré Mesto","stav":"Akcia je ukončená v procese EIA","urad":"Mestská časť Bratislava – Staré Mesto, Vajanského nábrežie 3, 814 21 Bratislava 1 Okresný ","skupina":"","zhluk":"","presnost":"približná","zmena":"2018-03-22","faza":"posúdené","dok":10,"typ":"Polyfunkcia"}},{"type":"Feature","geometry":{"type":"Point","coordinates":[17.156147,48.165611]},"properties":{"id":"polyfunkcny-subor-green-house-dostavba-pristavba-jestvujuceho-arealu-t","nazov":"Polyfunkčný súbor GREEN HOUSE - dostavba a prístavba jestvujúceho areálu, Trenčianska ulica, Bratislava","firma":"GREEN HOUSE SK, s.r.o., Trenčianska 47","ico":"36692921","obec":"Bratislava - Ružinov","stav":"Akcia je ukončená v procese EIA","urad":"Mestská časť Bratislava ? Ružinov","skupina":"","zhluk":"trencianska 47","presnost":"presná","zmena":"2013-08-15","ulica":"Trenčianska","faza":"posúdené","dok":9,"plany":[{"p":"C_prilohy.pdf","u":"https://www.enviroportal.sk/eia/dokument/43050","v":32827505,"t":"PDF"}],"typ":"Polyfunkcia"}},{"type":"Feature","geometry":{"type":"Point","coordinates":[17.159611,48.146256]},"properties":{"id":"polyfunkcny-subor-hranicna-ulica-bratislava-ruzinov-1","nazov":"Polyfunkčný súbor Hraničná ulica, Bratislava Ružinov","firma":"YIT Slovakia a.s.","ico":"35718625","obec":"Bratislava - Ružinov","stav":"Akcia je ukončená v procese EIA","urad":"OÚ BA MČ BA RUŽINOV","skupina":"","zhluk":"racianska a","presnost":"presná","zmena":"2024-01-26","faza":"posúdené","dok":6,"typ":"Polyfunkcia"}},{"type":"Feature","geometry":{"type":"Point","coordinates":[17.159611,48.146256]},"properties":{"id":"polyfunkcny-subor-hranicna-ulica-bratislava-ruzinov","nazov":"Polyfunkčný súbor Hraničná Ulica, Bratislava - Ružinov","firma":"YIT Slovakia a.s. Svätoplukova 2A","ico":"35718625","obec":"Bratislava - Ružinov","stav":"Iný dôvod ukončenia posudzovania","urad":"Mestská časť Bratislava - Ružinov Okresný úrad Bratislava","skupina":"","zhluk":"racianska a","presnost":"presná","zmena":"2023-03-07","faza":"zámer","dok":18,"plany":[{"p":"P1.7 Pôdorys typického podlažia.pdf","u":"https://www.enviroportal.sk/eia/dokument/351261","v":92164879,"t":"PDF"},{"p":"P1.1 Situacia sirsich vztahov 1_50000.pdf","u":"https://www.enviroportal.sk/eia/dokument/351255","v":1666746,"t":"PDF"},{"p":"P1.2 Situácia širších vzťahov.pdf","u":"https://www.enviroportal.sk/eia/dokument/351256","v":92194787,"t":"PDF"},{"p":"P1.3 Celkova situacia stavby Variant 1.pdf","u":"https://www.enviroportal.sk/eia/dokument/351257","v":298266,"t":"PDF"},{"p":"P1.4 Celkova situacia stavby Variant 2.pdf","u":"https://www.enviroportal.sk/eia/dokument/351258","v":151014,"t":"PDF"}],"typ":"Polyfunkcia"}},{"type":"Feature","geometry":{"type":"Point","coordinates":[17.031054,48.179669]},"properties":{"id":"polyfunkcny-subor-medze","nazov":"POLYFUNKČNÝ SÚBOR MEDZE","firma":"Dúbravka Development, s. r. o.","ico":"46968822","obec":"Bratislava - Dúbravka","stav":"Akcia je ukončená v procese EIA","urad":"Stavebný úrad mestskej časti BA - Dúbravka","skupina":"","zhluk":"","presnost":"približná","zmena":"2025-03-24","faza":"posúdené","dok":32,"plany":[{"p":"B1_mapa_c1_Sirsie_vztahy.pdf","u":"https://www.enviroportal.sk/eia/dokument/326340","v":7297384,"t":"PDF"},{"p":"B3_mapa_c3a_Celkova_situacia_stavby_VAR1.pdf","u":"https://www.enviroportal.sk/eia/dokument/326342","v":7044570,"t":"PDF"},{"p":"D_priloha_c2_Vizualizacie.pdf","u":"https://www.enviroportal.sk/eia/dokument/326344","v":5154851,"t":"PDF"},{"p":"B2_mapa_c2_Ortofotomapa.pdf","u":"https://www.enviroportal.sk/eia/dokument/326341","v":11937061,"t":"PDF"},{"p":"B4_mapa_c3b_Celkova_situacia_stavby_VAR2.pdf","u":"https://www.enviroportal.sk/eia/dokument/326323","v":7244761,"t":"PDF"}],"typ":"Plány a koncepcie"}},{"type":"Feature","geometry":{"type":"Point","coordinates":[17.114943,48.129294]},"properties":{"id":"polyfunkcny-subor-muchovo-namestie","nazov":"Polyfunkčný súbor - Muchovo námestie","firma":"AHOJ DEVELOPMENT, s.r.o., Račianska 71","ico":"35908378","obec":"Okres Bratislava IV","stav":"Iný dôvod ukončenia posudzovania","urad":"MČ BA Petržalka, OÚŽPBA","skupina":"","zhluk":"","presnost":"presná","zmena":"2020-05-07","faza":"zámer","dok":4,"typ":"Polyfunkcia"}},{"type":"Feature","geometry":{"type":"Point","coordinates":[17.102181,48.153697]},"properties":{"id":"polyfunkcny-subor-new-stein-bratislava","nazov":"Polyfunkčný súbor New Stein, Bratislava","firma":"YIT Reding a.s.","ico":"35718625","obec":"Bratislava - Staré Mesto","stav":"Akcia je ukončená v procese EIA","urad":"Mestská časť Bratislava – Staré Mesto","skupina":"","zhluk":"racianska a","presnost":"približná","zmena":"2015-09-21","faza":"posúdené","dok":3,"typ":"Polyfunkcia"}},{"type":"Feature","geometry":{"type":"Point","coordinates":[17.103149,48.154764]},"properties":{"id":"polyfunkcny-subor-new-stein-v-bratislave","nazov":"Polyfunkčný súbor NEW STEIN v Bratislave","firma":"Ateliér Ivan KUBÍK, Bezručova 6","ico":"47237899","obec":"Bratislava - Staré Mesto","stav":"Akcia je ukončená v procese EIA","urad":"MČ Bratislava Staré Mesto","skupina":"","zhluk":"bezrucova 6","presnost":"približná","zmena":"2014-02-05","faza":"posúdené","dok":6,"plany":[{"p":"prílohy","u":"https://www.enviroportal.sk/eia/dokument/187401","v":41596440,"t":"ZIP"}],"typ":"Bývanie"}},{"type":"Feature","geometry":{"type":"Point","coordinates":[17.177589,48.148702]},"properties":{"id":"polyfunkcny-subor-nivi","nazov":"Polyfunkčný súbor NIVI","firma":"NIVI s.r.o., Štúrova 884/24","ico":"52940501","obec":"Bratislava - Ružinov","stav":"Akcia je ukončená v procese EIA","urad":"Mestská časť Bratislava - Ružinov Okresný úrad Bratislava","skupina":"","zhluk":"","presnost":"približná","zmena":"2022-05-26","faza":"posúdené","dok":5,"typ":"Polyfunkcia"}},{"type":"Feature","geometry":{"type":"Point","coordinates":[17.095648,48.154913]},"properties":{"id":"polyfunkcny-subor-panorama-city-ii-etapa-administrativna-budova-panora","nazov":"Polyfunkčný súbor Panorama City – II. etapa, Administratívna budova Panorama City II Business Bratislava, Pribinova a Čulenova ul.","firma":"Wendel, s.r.o., Dvořákovo nábrežie 10","ico":"47243392","obec":"Bratislava - Staré Mesto","stav":"Akcia je ukončená v procese EIA","urad":"MČ Bratislava Staré Mesto","skupina":"J&T Real Estate","zhluk":"dvorakovo nabrezie 10","presnost":"približná","zmena":"2014-02-28","faza":"posúdené","dok":3,"plany":[{"p":"Text oznámenia o zmene - prílohy","u":"https://www.enviroportal.sk/eia/dokument/209928","v":57996976,"t":"ZIP"}],"typ":"Polyfunkcia"}},{"type":"Feature","geometry":{"type":"Point","coordinates":[17.107415,48.195244]},"properties":{"id":"polyfunkcny-subor-r66-racianska-bratislava","nazov":"Polyfunkčný súbor R66 - Račianska, Bratislava","firma":"CC Pi s.r.o., Mýtna 48","ico":"53764285","obec":"Bratislava - Nové Mesto","stav":"Verejné prerokovanie","urad":"Okresný úrad Bratislava, odbor starostlivosti o životné prostredie, Tomášikova 46, 832 05 ","skupina":"Corwin","zhluk":"mytna 48","presnost":"približná","zmena":"2025-05-22","faza":"zámer","dok":9,"plany":[{"p":"prílohy.pdf","u":"https://www.enviroportal.sk/eia/dokument/370787","v":57370629,"t":"PDF"},{"p":"prílohy k správe o hodnotení navrhovanej činnosti.pdf","u":"https://www.enviroportal.sk/eia/dokument/378944","v":101531736,"t":"PDF"}],"typ":"Polyfunkcia"}},{"type":"Feature","geometry":{"type":"Point","coordinates":[17.199557,48.207838]},"properties":{"id":"polyfunkcny-subor-rybnicna-","nazov":"Polyfunkčný súbor Rybničná","firma":"VI GROUP, spol. s.r.o., Roľnícka 157","ico":"35972131","obec":"Bratislava - Vajnory","stav":"Akcia je ukončená v procese EIA","urad":"MČ Bratislava – Vajnory Okresný úrad Bratislava, odbor starostlivosti o životné prostredie","skupina":"","zhluk":"dorastenecka 46","presnost":"presná","zmena":"2024-04-05","ulica":"Rybničná","faza":"posúdené","dok":7,"plany":[{"p":"Prilohy_Zamer_Polyfunkcny_subor_Rybnicna.pdf","u":"https://www.enviroportal.sk/eia/dokument/370578","v":11713401,"t":"PDF"},{"p":"Príloha - Hydrogeologický posudok.pdf","u":"https://www.enviroportal.sk/eia/dokument/373762","v":6121059,"t":"PDF"}],"typ":"Polyfunkcia"}},{"type":"Feature","geometry":{"type":"Point","coordinates":[17.02935,48.182863]},"properties":{"id":"polyfunkcny-subor-saratovska-","nazov":"Polyfunkčný súbor Saratovská","firma":"Grisan, s. r. o.","ico":"46545433","obec":"Bratislava - Dúbravka","stav":"Zámer","urad":"OÚBA, MČ Dúbravka","skupina":"","zhluk":"","presnost":"približná","zmena":"2025-10-20","faza":"zámer","dok":15,"plany":[{"p":"B_mapa_1_sirsie_vztahy.pdf","u":"https://www.enviroportal.sk/eia/dokument/393232","v":4348258,"t":"PDF"},{"p":"C_mapa_2_ortofoto.pdf","u":"https://www.enviroportal.sk/eia/dokument/393233","v":39516616,"t":"PDF"},{"p":"D_mapa_3_zastavovacia_situacia.pdf","u":"https://www.enviroportal.sk/eia/dokument/393234","v":4330275,"t":"PDF"},{"p":"E_priloha_1_pohlady.pdf","u":"https://www.enviroportal.sk/eia/dokument/393235","v":1982572,"t":"PDF"},{"p":"F_priloha_2_rezy.pdf","u":"https://www.enviroportal.sk/eia/dokument/393236","v":2117297,"t":"PDF"}],"typ":"Plány a koncepcie"}},{"type":"Feature","geometry":{"type":"Point","coordinates":[17.103122,48.157042]},"properties":{"id":"polyfunkcny-subor-stavieb-klingerka-2-polyfunkcny-subor-stavieb-klinge","nazov":"Polyfunkčný súbor stavieb Klingerka 2 a Polyfunkčný súbor stavieb Klingerka 3","firma":"Kalos, s. r. o., Dvořákovo nábrežie 10","ico":"36392966","obec":"Bratislava - Staré Mesto","stav":"Akcia je ukončená v procese EIA","urad":"Mestská časť Bratislava – Staré Mesto, Vajanského nábrežie 3, 811 02 Bratislava Mestská ča","skupina":"J&T Real Estate","zhluk":"dvorakovo nabrezie 10","presnost":"približná","zmena":"2022-02-23","faza":"posúdené","dok":8,"plany":[{"p":"prílohy.zip","u":"https://www.enviroportal.sk/eia/dokument/315256","v":18740059,"t":"ZIP"},{"p":"prílohy.zip","u":"https://www.enviroportal.sk/eia/dokument/327135","v":157037429,"t":"ZIP"}],"typ":"Polyfunkcia"}},{"type":"Feature","geometry":{"type":"Point","coordinates":[17.101705,48.197203]},"properties":{"id":"polyfunkcny-subor-vajnorska","nazov":"Polyfunkčný súbor Vajnorská","firma":"UNL, s.r.o., Digital Park II, Einsteinova 25","ico":"46181202","obec":"Bratislava - Nové Mesto","stav":"Verejné prerokovanie","urad":"Okresný úrad Bratislava, odbor životného prostredia, Tomášikova 46, 832 05 Bratislava Stav","skupina":"Penta Real Estate","zhluk":"einsteinova 25","presnost":"približná","zmena":"2025-07-22","faza":"zámer","dok":10,"plany":[{"p":"prílohy.pdf","u":"https://www.enviroportal.sk/eia/dokument/374440","v":92697422,"t":"PDF"},{"p":"prílohy k správe o hodnotení navrhovanej činnosti - časť 1.p","u":"https://www.enviroportal.sk/eia/dokument/385984","v":184691316,"t":"PDF"},{"p":"prílohy k správe o hodnotení navrhovanej činnosti - časť 2.p","u":"https://www.enviroportal.sk/eia/dokument/385991","v":48867019,"t":"PDF"}],"typ":"Polyfunkcia"}},{"type":"Feature","geometry":{"type":"Point","coordinates":[17.097966,48.153088]},"properties":{"id":"polyfunkcy-subor-stavieb-klingerka-2-stavba-c-5-objekt-so-206-polyfunk","nazov":"POLYFUNKČÝ SÚBOR STAVIEB KLINGERKA 2 (stavba č. 5 objekt SO 206) a POLYFUNKČNÝ SÚBOR STAVIEB KLINGERKA 3 (stavba č. 5 objekty SO 301 a SO 302)","firma":"Averta, s.r.o. Dvořákovo nábrežie 10","ico":"50982800","obec":"Bratislava - Staré Mesto","stav":"Oznámenie o zmene","urad":"MC BA-Ružinov, MČ BA-Staré mesto, OUBA OSZP","skupina":"J&T Real Estate","zhluk":"s r o dvorakovo nabrezie 10","presnost":"približná","zmena":"2025-11-26","faza":"zámer","dok":16,"plany":[{"p":"Príloha 3 (VI.1) Informácia o posudzovaní MČ.zip","u":"https://www.enviroportal.sk/eia/dokument/390673","v":1160013,"t":"ZIP"},{"p":"Príloha 6 (dokumentácia k zmene) PS KLG2 stavba 5 SO 206 str","u":"https://www.enviroportal.sk/eia/dokument/390681","v":4648212,"t":"PDF"},{"p":"Príloha 6 (dokumentácia k zmene) Situácie.zip","u":"https://www.enviroportal.sk/eia/dokument/390682","v":3022533,"t":"ZIP"},{"p":"Príloha 6 (dokumentácia k zmene)  Sprievodná technická správ","u":"https://www.enviroportal.sk/eia/dokument/390683","v":279855,"t":"PDF"},{"p":"Príloha 6 (dokumentácia k zmene) Súhrnná technická správa.PD","u":"https://www.enviroportal.sk/eia/dokument/390684","v":1823432,"t":"PDF"}],"typ":"Polyfunkcia"}},{"type":"Feature","geometry":{"type":"Point","coordinates":[17.185373,48.223576]},"properties":{"id":"potraviny-predajna-bratislava-vajnory-","nazov":"Potraviny, predajňa Bratislava-Vajnory","firma":"Aruba Business Center s.r.o., Galvaniho 7/D","ico":"","obec":"Bratislava - Vajnory","stav":"Akcia je ukončená v procese EIA","urad":"","skupina":"","zhluk":"","presnost":"približná","zmena":"2019-08-27","faza":"povolené","doklad":"Rozhodnutie – stavebné povolenie","dok":5,"typ":"Bývanie"}},{"type":"Feature","geometry":{"type":"Point","coordinates":[17.175352,48.150314]},"properties":{"id":"povrchova-uprava-lietadiel-letisko-m-r-stefanika-bratislava","nazov":"Povrchová úprava lietadiel, Letisko M. R. Štefánika, Bratislava","firma":"VIP HANDLING, a.s., Ivánska cesta 30/B","ico":"44275269","obec":"Bratislava - Ružinov","stav":"Akcia je ukončená v procese EIA","urad":"Letecký úrad Slovenskej republiky","skupina":"","zhluk":"ivanska cesta b","presnost":"približná","zmena":"2012-03-30","faza":"povolené","doklad":"Rozhodnutie","dok":8,"plany":[{"p":"Priloha_č. 3.Z01","u":"https://www.enviroportal.sk/eia/dokument/137711","v":27000000,"t":""},{"p":"Priloha_č.1","u":"https://www.enviroportal.sk/eia/dokument/137708","v":1421340,"t":"PDF"},{"p":"Priloha_č.2","u":"https://www.enviroportal.sk/eia/dokument/137709","v":861125,"t":"PDF"},{"p":"Priloha_č. 3.zip","u":"https://www.enviroportal.sk/eia/dokument/137710","v":1538884,"t":""}],"typ":"Výroba a sklady"}},{"type":"Feature","geometry":{"type":"Point","coordinates":[17.224537,48.253861]},"properties":{"id":"pozdlzne-parkovisko-13-svaty-jur-kacacnice-pannonska-ulica","nazov":"Pozdĺžne parkovisko 13 - Svätý Jur, Kačačnice , Pannónska ulica","firma":"Jurský obytný park s.r.o., Astrová 2/A","ico":"36654191","obec":"Svätý Jur","stav":"Akcia je ukončená v procese EIA","urad":"Stavebný úrad, Mestský úrad Svätý Jur, Prostredná 29, 90021 Svätý Jur","skupina":"","zhluk":"","presnost":"presná","zmena":"2012-06-12","faza":"posúdené","dok":2,"typ":"Doprava"}},{"type":"Feature","geometry":{"type":"Point","coordinates":[17.17502,48.168669]},"properties":{"id":"predajna-potravin-lidl-ba-galvaniho-ulica-pristavba-pekarne","nazov":"Predajňa potravín LIDL BA, Galvaniho ulica – prístavba pekárne","firma":"LIDL Slovenská republika, v.o.s., Ružinovská 1/E","ico":"35793783","obec":"Bratislava - Ružinov","stav":"Akcia je ukončená v procese EIA","urad":"Mestská časť Bratislava - Ružinov, Mierová 21, 827 05 Bratislava 2","skupina":"","zhluk":"","presnost":"presná","zmena":"2016-05-16","faza":"posúdené","dok":16,"plany":[{"p":"VI Prílohová časť_Lidl_Galvaniho.pdf","u":"https://www.enviroportal.sk/eia/dokument/242631","v":576780,"t":"PDF"},{"p":"C - Situácia - osadenie stavby.pdf","u":"https://www.enviroportal.sk/eia/dokument/242633","v":10669925,"t":"PDF"},{"p":"D - Koordinačný výkres inžineirskych sietí.pdf","u":"https://www.enviroportal.sk/eia/dokument/242634","v":15056489,"t":"PDF"},{"p":"E1.01 - Pôdorys 1NP - Pôvodný stav.pdf","u":"https://www.enviroportal.sk/eia/dokument/242635","v":694888,"t":"PDF"},{"p":"E1.03 - Pôdorys 1NP - Nový stav.pdf","u":"https://www.enviroportal.sk/eia/dokument/242637","v":545995,"t":"PDF"}],"typ":"Obchod a služby"}},{"type":"Feature","geometry":{"type":"Point","coordinates":[17.640649,48.510443]},"properties":{"id":"predajna-potravin-lidl-bratislava-gagarinova-pristavba-pekarne","nazov":"Predajňa potravín Lidl Bratislava, Gagarinova - Prístavba pekárne","firma":"LIDL Slovenská republika, v.o.s., Ružinovská 1/E","ico":"35793783","obec":"Bratislava - Ružinov","stav":"Akcia je ukončená v procese EIA","urad":"MČ BA - Ružinov, Mierová 21,827 05 Bratislava","skupina":"","zhluk":"","presnost":"presná","zmena":"2016-05-16","ulica":"Gagarinova","faza":"posúdené","dok":8,"plany":[{"p":"VI Prílohová časť_Lidl_Gagarinova.pdf","u":"https://www.enviroportal.sk/eia/dokument/242652","v":425102,"t":"PDF"},{"p":"PROJEKT_C_Vsadenie do KM, D_koordinačná situácia_DUR Koordin","u":"https://www.enviroportal.sk/eia/dokument/242656","v":940682,"t":"PDF"}],"typ":"Obchod a služby"}},{"type":"Feature","geometry":{"type":"Point","coordinates":[17.053644,48.19842]},"properties":{"id":"predajna-potravin-lidl-bratislava-hodoninska-rozsirenie-parkoviska-1","nazov":"Predajňa potravín Lidl Bratislava - Hodonínska, Rozšírenie parkoviska","firma":"Lidl Slovenská republika, v.o.s., Ružinovská 1E","ico":"35793783","obec":"Bratislava - Lamač","stav":"Akcia je ukončená v procese EIA","urad":"Miestny úrad MČ Bratislava - Lamač Okresný úrad Bratislava","skupina":"","zhluk":"","presnost":"približná","zmena":"2022-01-21","faza":"dokončené","doklad":"Oznámenie.","dok":6,"typ":"Obchod a služby"}},{"type":"Feature","geometry":{"type":"Point","coordinates":[17.052646,48.203354]},"properties":{"id":"predajna-potravin-lidl-bratislava-hodoninska-rozsirenie-parkoviska","nazov":"Predajňa potravín Lidl Bratislava - Hodonínska, Rozšírenie parkoviska","firma":"Lidl, Slovenská republika","ico":"35793783","obec":"Bratislava - Lamač","stav":"Iný dôvod ukončenia posudzovania","urad":"MČ BA LAMAč OÚŽPBA","skupina":"","zhluk":"","presnost":"približná","zmena":"2021-06-09","faza":"dokončené","doklad":"Oznámenie.","dok":3,"typ":"Obchod a služby"}},{"type":"Feature","geometry":{"type":"Point","coordinates":[17.129743,48.123368]},"properties":{"id":"predajna-potravin-lidl-bratislava-mamateyova-ulica-novostavba-nfk14","nazov":"Predajňa potravín Lidl Bratislava, Mamateyova ulica - Novostavba NFK14","firma":"LIDL Slovenská republika, v.o.s., Ružinovská 1/E","ico":"35793783","obec":"Bratislava - Petržalka","stav":"Akcia je ukončená v procese EIA","urad":"1. Stavebný úrad MČ BA – Petržalka, Kutlíkova 17, 852 12 BA; 2. Okresný úrad Bratislava, o","skupina":"","zhluk":"","presnost":"presná","zmena":"2017-01-04","faza":"posúdené","dok":5,"plany":[{"p":"PRILOHOVA_CAST_BA_MAMATEYOVA NFK14.pdf","u":"https://www.enviroportal.sk/eia/dokument/252703","v":26389306,"t":"PDF"}],"typ":"Obchod a služby"}},{"type":"Feature","geometry":{"type":"Point","coordinates":[17.129743,48.123368]},"properties":{"id":"predajna-potravin-lidl-bratislava-mamateyova-ulica-novostavba","nazov":"Predajňa potravín Lidl Bratislava, Mamateyova ulica – Novostavba","firma":"LIDL Slovenská republika, v.o.s., Ružinovská 1/E","ico":"35793783","obec":"Bratislava - Petržalka","stav":"Akcia je ukončená v procese EIA","urad":"Stavebný úrad MČ Bratislava – Petržalka; Okresný úrad Bratislava, odbor starostlivosti o ž","skupina":"","zhluk":"","presnost":"presná","zmena":"2016-05-26","faza":"posúdené","dok":5,"plany":[{"p":"Zamer_Lidl_Mamateyova_Novostavba_Prilohova_cast.pdf","u":"https://www.enviroportal.sk/eia/dokument/243247","v":14643899,"t":"PDF"}],"typ":"Obchod a služby"}},{"type":"Feature","geometry":{"type":"Point","coordinates":[17.176366,48.149885]},"properties":{"id":"predajna-sklad-sconto-bratislava-slovensko-1","nazov":"Predajňa a sklad SCONTO Bratislava, Slovensko","firma":"SCONTO Developement, s.r.o., Oblačná 40","ico":"44343477","obec":"Bratislava - Ružinov","stav":"Akcia je ukončená v procese EIA","urad":"MČ Bratislava - Ružinov, MČ Bratislava - Vrakuňa","skupina":"","zhluk":"","presnost":"približná","zmena":"2015-03-25","faza":"posúdené","dok":8,"plany":[{"p":"C_Priloha_Vypisy_z_katastra.pdf","u":"https://www.enviroportal.sk/eia/dokument/223880","v":2349619,"t":"PDF"},{"p":"B_Prilohy_MAPY.pdf","u":"https://www.enviroportal.sk/eia/dokument/223879","v":5617047,"t":"PDF"},{"p":"C. Sprievodná správa + Celkova situacia stavby.zip","u":"https://www.enviroportal.sk/eia/dokument/223881","v":19516621,"t":"ZIP"}],"typ":"Obchod a služby"}},{"type":"Feature","geometry":{"type":"Point","coordinates":[17.175927,48.14492]},"properties":{"id":"predajna-sklad-sconto-bratislava-slovensko","nazov":"PREDAJŇA A SKLAD SCONTO Bratislava, Slovensko","firma":"SCONTO Development, Oblačná 40","ico":"44343477","obec":"Bratislava - Ružinov","stav":"Akcia je ukončená v procese EIA","urad":"Mestská časť Bratislava - Ružinov, OÚŽP v BA, odbor ŠVS","skupina":"","zhluk":"","presnost":"približná","zmena":"2012-04-03","faza":"posúdené","dok":8,"plany":[{"p":"E_prilohy _3","u":"https://www.enviroportal.sk/eia/dokument/137949","v":11514216,"t":"PDF"},{"p":"C_prilohy _1","u":"https://www.enviroportal.sk/eia/dokument/137929","v":4023431,"t":"PDF"},{"p":"D_prilohy _2","u":"https://www.enviroportal.sk/eia/dokument/137930","v":19819357,"t":"PDF"}],"typ":"Obchod a služby"}},{"type":"Feature","geometry":{"type":"Point","coordinates":[17.174252,48.144524]},"properties":{"id":"predajne-centrum-pre-dom-zahradu-ul-pri-letisku-bratislava","nazov":"Predajné centrum pre dom a záhradu ul. Pri letisku, Bratislava","firma":"DEKINVEST SR a.s., Kamenná 6","ico":"51672405","obec":"Bratislava - Ružinov","stav":"Oznámenie o zmene","urad":"Mestská časť Bratislava – Ružinov, miestny úrad, Mierová 21, 827 05 Bratislava Okresný úra","skupina":"","zhluk":"maly trh a","presnost":"približná","zmena":"2021-12-29","faza":"zámer","dok":4,"typ":"Obchod a služby"}},{"type":"Feature","geometry":{"type":"Point","coordinates":[17.176504,48.149802]},"properties":{"id":"predajne-skladovacie-priestory-sconto-bratislava-trnavka","nazov":"PREDAJNÉ A SKLADOVACIE PRIESTORY SCONTO, BRATISLAVA - TRNÁVKA","firma":"SCONTO Development, Oblačná 40","ico":"44343477","obec":"Bratislava - Ružinov","stav":"Akcia je ukončená v procese EIA","urad":"Mestská časť Bratislava - Ružinov OÚŽP v BA, odbor ŠVS","skupina":"","zhluk":"","presnost":"približná","zmena":"2011-11-10","faza":"povolené","doklad":"Informácia","dok":24,"plany":[{"p":"Koordinačna_situacia_TEN-T","u":"https://www.enviroportal.sk/eia/dokument/125021","v":2308157,"t":"PDF"},{"p":"Situacia_stavby","u":"https://www.enviroportal.sk/eia/dokument/124981","v":6145210,"t":"PDF"},{"p":"Podorysy_1.NP_a_2.NP","u":"https://www.enviroportal.sk/eia/dokument/125001","v":389788,"t":"PDF"}],"typ":"Obchod a služby"}},{"type":"Feature","geometry":{"type":"Point","coordinates":[17.051531,48.203605]},"properties":{"id":"predlzenie-dubravsko-karloveskej-radialy-cez-tiop-lamacska-brana-po-bo","nazov":"Predĺženie Dúbravsko-Karloveskej radiály cez TIOP Lamačská brána po BORY","firma":"Bory, a. s., Digital Park II, Einsteinova 25","ico":"36740896","obec":"Bratislava - Lamač","stav":"Informácia o navrhovanej činnosti alebo jej zmene","urad":"Úrad Bratislavského samosprávneho kraja, Sabinovská 16, 820 05 Bratislava","skupina":"Penta Real Estate","zhluk":"einsteinova 25","presnost":"približná","zmena":"2026-07-14","faza":"zámer","dok":3,"plany":[{"p":"príloha.zip","u":"https://www.enviroportal.sk/eia/dokument/404828","v":122800950,"t":"ZIP"}],"typ":"Vybavenosť"}},{"type":"Feature","geometry":{"type":"Point","coordinates":[17.162699,48.157178]},"properties":{"id":"predlzenie-ruzinovskej-elektrickovej-radialy","nazov":"Predĺženie Ružinovskej električkovej radiály","firma":"Hlavné mesto Slovenskej republiky Bratislava, Primaciálne nám. 1","ico":"00603481","obec":"Bratislava - Ružinov","stav":"Zámer","urad":"MČ Bratislava-Ružinov, Okresný úrad Bratislava, odbor starostlivosti o životné prostredie,","skupina":"","zhluk":"primacialne namestie 1","presnost":"presná","zmena":"2025-12-19","faza":"zámer","dok":8,"plany":[{"p":"P1 Grafická príloha.zip","u":"https://www.enviroportal.sk/eia/dokument/390209","v":30350760,"t":"ZIP"}],"typ":"Výroba a sklady"}},{"type":"Feature","geometry":{"type":"Point","coordinates":[17.060097,48.237509]},"properties":{"id":"predmestske-obchodne-centrum-bean-zahorska-bystrica","nazov":"Predmestské obchodné centrum BEAN, Záhorská Bystrica","firma":"BEAN, s.r.o., Trnavská cesta 5","ico":"36810118","obec":"Bratislava - Záhorská Bystrica","stav":"Akcia je ukončená v procese EIA","urad":"Mestská časť Bratislava - Záhorská Bystrica, OÚŽP v BA, odbor ŠVS","skupina":"","zhluk":"trnavska cesta 5","presnost":"približná","zmena":"2012-02-29","faza":"posúdené","dok":21,"plany":[{"p":"P1_grafika_01_mapa","u":"https://www.enviroportal.sk/eia/dokument/135273","v":297374,"t":"PDF"},{"p":"P1_grafika_06_Sit Koordinacna","u":"https://www.enviroportal.sk/eia/dokument/135277","v":853370,"t":"PDF"},{"p":"P1_grafika_04_Sirsie vztahy","u":"https://www.enviroportal.sk/eia/dokument/135290","v":1859872,"t":"PDF"}],"typ":"Obchod a služby"}},{"type":"Feature","geometry":{"type":"Point","coordinates":[17.062483,48.237996]},"properties":{"id":"predmestske-obchodne-centrum-zahorska-bystrica","nazov":"Predmestské obchodné centrum, Záhorská Bystrica","firma":"BEAN, s.r.o., Trnavská cesta 5","ico":"36810118","obec":"Bratislava - Záhorská Bystrica","stav":"Akcia je ukončená v procese EIA","urad":"Mestská časť Bratislava - Záhorská Bystrica, OÚŽP v BA, odbor ŠVS","skupina":"","zhluk":"trnavska cesta 5","presnost":"približná","zmena":"2012-08-17","faza":"posúdené","dok":28,"plany":[{"p":"01 A4F mapa","u":"https://www.enviroportal.sk/eia/dokument/145877","v":297374,"t":"PDF"},{"p":"04 A3F širšie vzťahy","u":"https://www.enviroportal.sk/eia/dokument/145880","v":433818,"t":"PDF"},{"p":"05 A3F širšie vzťahy 2","u":"https://www.enviroportal.sk/eia/dokument/145881","v":352358,"t":"PDF"},{"p":"06 celk situácia","u":"https://www.enviroportal.sk/eia/dokument/145882","v":331724,"t":"PDF"},{"p":"07 koordinačná situácia","u":"https://www.enviroportal.sk/eia/dokument/145883","v":544896,"t":"PDF"}],"typ":"Obchod a služby"}},{"type":"Feature","geometry":{"type":"Point","coordinates":[17.07732,48.157882]},"properties":{"id":"prekladka-horucovodu-mlynska-dolina","nazov":"Prekládka horúcovodu Mlynská dolina","firma":"MH Teplárenský holding, a.s., Turbínová 3","ico":"36211541","obec":"Bratislava - Karlova Ves","stav":"Oznámenie o zmene","urad":"OUBA OSZP, MČ BA-Karlova Ves - stavebný úrad","skupina":"","zhluk":"","presnost":"presná","zmena":"2025-04-24","ulica":"Mlynská dolina","faza":"dokončené","doklad":"Oznámenie.","dok":6,"plany":[{"p":"Príloha 1 - Širšie vzťahy.pdf","u":"https://www.enviroportal.sk/eia/dokument/387914","v":211350,"t":"PDF"},{"p":"Príloha 2 - Trasovanie prekládky horúcovodu.pdf","u":"https://www.enviroportal.sk/eia/dokument/387915","v":128444,"t":"PDF"}],"typ":"Výroba a sklady"}},{"type":"Feature","geometry":{"type":"Point","coordinates":[17.572269,48.416206]},"properties":{"id":"prelozka-murika-protipovodnovej-ochrany-pristavna-ulica","nazov":"Preložka múrika protipovodňovej ochrany Prístavná ulica","firma":"Eurovea , a.s., Karloveská 34","ico":"50957279","obec":"Bratislavský Kraj","stav":"Akcia je ukončená v procese EIA","urad":"OUBA, MC Ružinov","skupina":"Forespo / 365.invest","zhluk":"karloveska 34","presnost":"presná","zmena":"2020-05-14","faza":"dokončené","doklad":"Oznámenie o začatí kolaudačného konania","dok":8,"plany":[{"p":"Prilohy.zip","u":"https://www.enviroportal.sk/eia/dokument/299550","v":13128160,"t":"ZIP"},{"p":"Prilohy.zip","u":"https://www.enviroportal.sk/eia/dokument/299551","v":13128160,"t":"ZIP"}],"typ":"Technická infraštruktúra"}},{"type":"Feature","geometry":{"type":"Point","coordinates":[17.171356,48.149819]},"properties":{"id":"premiestnenie-rekonstrukcia-ccip","nazov":"Premiestnenie a rekonštrukcia CCIP","firma":"Rajo a. s., Studená 35, Bratislava","ico":"31329519","obec":"Bratislava - Ružinov","stav":"Akcia je ukončená v procese EIA","urad":"Slovenská inšpekcia životného prostredia, Inšpektorát životného prostredia Bratislava, Jes","skupina":"","zhluk":"","presnost":"približná","zmena":"2021-11-25","faza":"posúdené","dok":6,"plany":[{"p":"príloha č.1","u":"https://www.enviroportal.sk/eia/dokument/326939","v":3870035,"t":"PDF"},{"p":"príloha č.3","u":"https://www.enviroportal.sk/eia/dokument/326920","v":12267193,"t":"ZIP"}],"typ":"Výroba a sklady"}},{"type":"Feature","geometry":{"type":"Point","coordinates":[17.097304,48.158417]},"properties":{"id":"prestavba-arealu-stu-s-nazvom-univerzitne-centrum-stu","nazov":"Prestavba areálu STU s názvom Univerzitné centrum STU","firma":"Slovenská technická univerzita v Bratislave, Vazovova 5","ico":"00397687","obec":"Bratislava - Staré Mesto","stav":"Akcia je ukončená v procese EIA","urad":"Mestská časť Bratislava – Staré Mesto","skupina":"","zhluk":"","presnost":"približná","zmena":"2017-01-02","faza":"posúdené","dok":7,"plany":[{"p":"Príloha 4_Investicný zámer STU Univerzitné centrum-EIA.pdf","u":"https://www.enviroportal.sk/eia/dokument/252587","v":983887,"t":"PDF"},{"p":"EIA_prilohy.pdf","u":"https://www.enviroportal.sk/eia/dokument/252586","v":3705914,"t":"PDF"}],"typ":"Vybavenosť"}},{"type":"Feature","geometry":{"type":"Point","coordinates":[17.180549,48.219974]},"properties":{"id":"prestavba-existujuceho-objektu-na-administrativno-prevadzkovy-objekt-v","nazov":"Prestavba existujúceho objektu na administratívno-prevádzkový objekt VULM","firma":"IPE - CONSULT, s.r.o., Roľnícka 116","ico":"36863327","obec":"Bratislava - Vajnory","stav":"Akcia je ukončená v procese EIA","urad":"Mestská časť Bratislava - Vajnory","skupina":"","zhluk":"rolnicka 116","presnost":"približná","zmena":"2013-02-21","faza":"posúdené","dok":8,"plany":[{"p":"Textova priloha _Rozptylova studia","u":"https://www.enviroportal.sk/eia/dokument/158487","v":347423,"t":"PDF"},{"p":"Obr. 2 Podorys 3. NP a strecha","u":"https://www.enviroportal.sk/eia/dokument/158486","v":416490,"t":"PDF"}],"typ":"Administratíva"}},{"type":"Feature","geometry":{"type":"Point","coordinates":[17.154353,48.164479]},"properties":{"id":"prestavba-objektu-tomasikova-ul-c-46-sup-c-3349-bratislava-nove-mesto","nazov":"PRESTAVBA OBJEKTU, Tomášikova ul. č. 46, súp. č. 3349 – Bratislava – Nové Mesto","firma":"VIENNA INVEST, spol. s.r.o., Tomášikova 50/E","ico":"31346715","obec":"Bratislava - Nové Mesto","stav":"Akcia je ukončená v procese EIA","urad":"Mestská časť Bratislava – Nové Mesto, Junácka 1, 832 91 Bratislava","skupina":"","zhluk":"tomasikova e","presnost":"presná","zmena":"2015-09-21","faza":"posúdené","dok":3,"typ":"Administratíva"}},{"type":"Feature","geometry":{"type":"Point","coordinates":[17.086204,48.121131]},"properties":{"id":"prevadzka-kp-eh-pri-cov-petrzalka-rekonstrukcia-budovy-linky-odvodneni","nazov":"Prevádzka KP a EH pri ČOV Petržalka, Rekonštrukcia budovy a linky odvodnenia kalu","firma":"BIONERGY, a. s., Prešovská 48","ico":"45322317","obec":"Bratislava - Petržalka","stav":"Rozhodnutie o zmene navrhovanej činnosti- neposudzovať","urad":"Mestská časť Bratislava – Petržalka, Oddelenie územného konania a stavebného poriadku, Kut","skupina":"","zhluk":"presovska 48","presnost":"približná","zmena":"2019-09-30","faza":"zámer","dok":6,"typ":"Výroba a sklady"}},{"type":"Feature","geometry":{"type":"Point","coordinates":[17.174146,48.144519]},"properties":{"id":"prevadzka-na-zhodnocovanie-odpadov-drviacim-zariadenim","nazov":"Prevádzka na zhodnocovanie odpadov drviacim zariadením","firma":"Odvoz a likvidácia odpadu a.s., Ivanská cesta 22","ico":"00681300","obec":"Bratislava - Ružinov","stav":"Akcia je ukončená v procese EIA","urad":"SIŽP OÚ BA MČ BA - RUŽINOV","skupina":"","zhluk":"","presnost":"približná","zmena":"2023-05-29","faza":"posúdené","dok":6,"typ":"Výroba a sklady"}},{"type":"Feature","geometry":{"type":"Point","coordinates":[17.172156,48.14482]},"properties":{"id":"prevadzka-rychleho-obcerstvenia-mcdonald-s-bratislava-shopping-palace","nazov":"Prevádzka rýchleho občerstvenia McDonald´s, Bratislava Shopping Palace","firma":"McDonald´s Slovakia spol. s.r.o., Einsteinova 33","ico":"31392229","obec":"Bratislava - Ružinov","stav":"Akcia je ukončená v procese EIA","urad":"Mestská časť Bratislava – Ružinov, Mierová 21, 827 05 Bratislava Okresný úrad Bratislava, ","skupina":"","zhluk":"","presnost":"približná","zmena":"2024-02-12","faza":"posúdené","dok":5,"plany":[{"p":"prílohy.zip","u":"https://www.enviroportal.sk/eia/dokument/363296","v":10781181,"t":"ZIP"}],"typ":"Výroba a sklady"}},{"type":"Feature","geometry":{"type":"Point","coordinates":[17.025122,48.172652]},"properties":{"id":"prevadzka-rychleho-obcerstvenia-mcdonald-s","nazov":"Prevádzka rýchleho občerstvenia McDonald´s","firma":"McDonald´s Slovakia spol. s. r. o., Einsteinova 33","ico":"31392229","obec":"Bratislava - Devínska Nová Ves","stav":"Akcia je ukončená v procese EIA","urad":"Mestská časť Bratislava – Devínska Nová Ves, Novoveská 5401/17, 841 07 Bratislava","skupina":"","zhluk":"","presnost":"približná","zmena":"2021-11-15","faza":"posúdené","dok":5,"plany":[{"p":"príloha.zip","u":"https://www.enviroportal.sk/eia/dokument/326714","v":11210333,"t":"ZIP"}],"typ":"Výroba a sklady"}},{"type":"Feature","geometry":{"type":"Point","coordinates":[17.136518,48.225833]},"properties":{"id":"prevadzkovanie-zariadenia-na-zber-odpadov-remas-servis-s-r-o-bojnicka-","nazov":"Prevádzkovanie zariadenia na zber odpadov REMAS Servis s.r.o., Bojnická ul. – rozšírenie zoznamu druhov odpadov","firma":"REMAS Servis, s.r.o., Ľudovíta Fullu 7","ico":"35760303","obec":"Bratislava - Rača","stav":"Akcia je ukončená v procese EIA","urad":"1.MČ Bratislava – Rača, Kubačova 21, 831 06 BA 2.Regionálny úrad verejného zdravotníctva B","skupina":"","zhluk":"","presnost":"približná","zmena":"2016-11-29","faza":"dokončené","doklad":"Oznámenie.","dok":7,"plany":[{"p":"priloha-2.pdf","u":"https://www.enviroportal.sk/eia/dokument/251321","v":226095,"t":"PDF"},{"p":"priloha-3.pdf","u":"https://www.enviroportal.sk/eia/dokument/251258","v":1738925,"t":"PDF"},{"p":"priloha-1 scan zo zisťovacieho konania - EIA.pdf","u":"https://www.enviroportal.sk/eia/dokument/251257","v":4040590,"t":"PDF"}],"typ":"Výroba a sklady"}},{"type":"Feature","geometry":{"type":"Point","coordinates":[17.13512,48.226442]},"properties":{"id":"prevadzkovanie-zariadenia-na-zber-odpadov-rozsirenie-zoznamu-druhov-od","nazov":"Prevádzkovanie zariadenia na zber odpadov - rozšírenie zoznamu druhov odpadov","firma":"REMAS SERVIS spol. s r.o., Ľudovíta Fullu 7","ico":"35760303","obec":"Bratislava - Rača","stav":"Rozhodnutie o zmene navrhovanej činnosti- posudzovať","urad":"Okresný úrad Bratislava, odbor starostlivosti o životné prostredie, oddelenie ochrany prír","skupina":"","zhluk":"","presnost":"približná","zmena":"2015-01-07","faza":"dokončené","doklad":"Oznámenie.","dok":19,"plany":[{"p":"Výpis z katastra + kópia kat. mapy.pdf","u":"https://www.enviroportal.sk/eia/dokument/220885","v":577739,"t":"PDF"},{"p":"Mapa širších vzťahov.JPG","u":"https://www.enviroportal.sk/eia/dokument/220878","v":3865450,"t":"JPG"},{"p":"Situácia umiestnenia.pdf","u":"https://www.enviroportal.sk/eia/dokument/220881","v":918695,"t":"PDF"},{"p":"Vodohospodárska mapa.pdf","u":"https://www.enviroportal.sk/eia/dokument/220884","v":850242,"t":"PDF"}],"typ":"Výroba a sklady"}},{"type":"Feature","geometry":{"type":"Point","coordinates":[17.129851,48.223571]},"properties":{"id":"prevadzkovanie-zariadenia-na-zber-odpadov","nazov":"Prevádzkovanie zariadenia na zber odpadov","firma":"DATALAN a.s., Galvaniho 17/A","ico":"35810734","obec":"Bratislava - Rača","stav":"Akcia je ukončená v procese EIA","urad":"OÚŽP v BA, odbor OH","skupina":"","zhluk":"","presnost":"približná","zmena":"2012-01-12","faza":"posúdené","dok":3,"typ":"Výroba a sklady"}},{"type":"Feature","geometry":{"type":"Point","coordinates":[17.088474,48.123784]},"properties":{"id":"prevadzkove-objekty-b-panonska-ulica-bratislava-5","nazov":"Prevádzkové objekty A+B, Panónska ulica, Bratislava 5","firma":"Lotus design, s.r.o., Schengenská 46/B","ico":"46770950","obec":"Bratislava - Petržalka","stav":"Akcia je ukončená v procese EIA","urad":"OUBA, MČ BA - Petržalka","skupina":"","zhluk":"","presnost":"približná","zmena":"2018-05-22","faza":"posúdené","dok":6,"typ":"Bývanie"}},{"type":"Feature","geometry":{"type":"Point","coordinates":[17.018552,48.169639]},"properties":{"id":"pri-rybniku","nazov":"Pri rybníku","firma":"RETEP Slovakia, s.r.o.","ico":"35786281","obec":"Bratislava - Devínska Nová Ves","stav":"Iný dôvod ukončenia posudzovania","urad":"MČ BA - Devínska Nová Ves, OÚ BA OSŽP","skupina":"","zhluk":"zaborskeho 42","presnost":"približná","zmena":"2019-03-29","faza":"zámer","dok":3,"typ":"Bývanie"}},{"type":"Feature","geometry":{"type":"Point","coordinates":[17.025618,48.172237]},"properties":{"id":"priemyselny-park-devinska-nova-ves-iii-etapa","nazov":"Priemyselný park Devínska Nová Ves - III. etapa","firma":"DNV park, s.r.o., Lamačská cesta 3","ico":"36621994","obec":"Bratislava - Devínska Nová Ves","stav":"Akcia je ukončená v procese EIA","urad":"MČ Bratislava - Devínska Nová Ves, Magistrát HM SR Bratislavy","skupina":"Forespo / 365.invest","zhluk":"lamacska cesta 3","presnost":"približná","zmena":"2013-02-05","faza":"posúdené","dok":10,"plany":[{"p":"C_Mapa c.1.pdf","u":"https://www.enviroportal.sk/eia/dokument/21396","v":17139286,"t":"PDF"},{"p":"D_Mapa c.2.pdf","u":"https://www.enviroportal.sk/eia/dokument/21397","v":374521,"t":"PDF"},{"p":"E_Mapa c.3.pdf","u":"https://www.enviroportal.sk/eia/dokument/21398","v":401548,"t":"PDF"},{"p":"F_Mapa c.4.pdf","u":"https://www.enviroportal.sk/eia/dokument/21399","v":312593,"t":"PDF"}],"typ":"Administratíva"}},{"type":"Feature","geometry":{"type":"Point","coordinates":[17.020423,48.167845]},"properties":{"id":"priemyselny-park-dnv-iii-etapa-so-01-6-montazno-skladova-hala-hqm-so-0","nazov":"Priemyselný park DNV - III. etapa, SO-01.6 MONTÁŽNO - SKLADOVÁ HALA HQM, SO-01.7 MONTÁŽNO - SKLADOVÁ HALA č.","firma":"Slovenský odpadový priemysel, a.s., Dvořákovo nábrežie 10","ico":"35713411","obec":"Bratislava - Devínska Nová Ves","stav":"Akcia je ukončená v procese EIA","urad":"Mestská časť Bratislava - Devínska Nová Ves","skupina":"J&T Real Estate","zhluk":"dvorakovo nabrezie 10","presnost":"približná","zmena":"2012-10-19","faza":"posúdené","dok":8,"plany":[{"p":"dokumentácia podorys SA 01 06","u":"https://www.enviroportal.sk/eia/dokument/148730","v":755217,"t":"PDF"},{"p":"dokumentácia podorys S 01 07","u":"https://www.enviroportal.sk/eia/dokument/148731","v":822350,"t":"PDF"},{"p":"prílohy","u":"https://www.enviroportal.sk/eia/dokument/148729","v":4843230,"t":"PDF"}],"typ":"Výroba a sklady"}},{"type":"Feature","geometry":{"type":"Point","coordinates":[17.024623,48.167957]},"properties":{"id":"priemyselny-park-dnv-skladovo-montazna-hala-schnellecke","nazov":"Priemyselný park DNV, SKLADOVO MONTÁŽNA HALA SCHNELLECKE","firma":"DNV 3 s.r.o., Dvořákovo nábrežie 10","ico":"47849711","obec":"Bratislava - Devínska Nová Ves","stav":"Akcia je ukončená v procese EIA","urad":"Mestská časť Bratislava - Devínska Nová Ves","skupina":"J&T Real Estate","zhluk":"dvorakovo nabrezie 10","presnost":"približná","zmena":"2015-09-07","faza":"posúdené","dok":13,"plany":[{"p":"C_vypisy_z_katastra_nehnutelnosti.pdf","u":"https://www.enviroportal.sk/eia/dokument/220743","v":1207437,"t":"PDF"}],"typ":"Výroba a sklady"}},{"type":"Feature","geometry":{"type":"Point","coordinates":[17.166082,48.15601]},"properties":{"id":"prima-park-bytovy-dom-jasikova-ulica-bratislava-2-etapa-2016","nazov":"PRIMA PARK BYTOVÝ DOM Jašíkova ulica – Bratislava, 2. etapa, 2016","firma":"CRESCO Ružinov, s.r.o., Hviezdoslavovo nám. 14","ico":"47229641","obec":"Bratislava - Ružinov","stav":"Akcia je ukončená v procese EIA","urad":"MČ Bratislava – Ružinov, Okresný úrad Bratislava, odbor starostlivosti o životné prostredi","skupina":"","zhluk":"","presnost":"presná","zmena":"2018-01-17","faza":"posúdené","dok":39,"plany":[{"p":"Príloha 6.1. Svetlo.zip","u":"https://www.enviroportal.sk/eia/dokument/240277","v":2985554,"t":"ZIP"},{"p":"PRÍLOHA 1.1 Výkresy.zip","u":"https://www.enviroportal.sk/eia/dokument/240271","v":31020596,"t":"ZIP"},{"p":"Priloha_8_Vykaz plochy zelene.pdf","u":"https://www.enviroportal.sk/eia/dokument/240280","v":2232846,"t":"PDF"},{"p":"6.2 PRIMA PARK Odborny posudok svetlo DO_Primapark_II_stanov","u":"https://www.enviroportal.sk/eia/dokument/240278","v":616100,"t":"PDF"},{"p":"Priloha_5.2_PRIMA PARK_Variant B_kotolna.pdf","u":"https://www.enviroportal.sk/eia/dokument/240276","v":555528,"t":"PDF"}],"typ":"Bývanie"}},{"type":"Feature","geometry":{"type":"Point","coordinates":[17.166082,48.15601]},"properties":{"id":"prima-park-bytovy-dom-jasikova-ulica-bratislava-2-etapa","nazov":"PRIMA PARK BYTOVÝ DOM Jašíkova ulica - Bratislava, 2. etapa","firma":"CRESCO Ružinov, s.r.o., Hviezdoslavovo nám. 14","ico":"47229641","obec":"Bratislava - Ružinov","stav":"Akcia je ukončená v procese EIA","urad":"MČ Bratislava - Ružinov, Okresný úrad Bratislava, odbor starostlivosti o životné prostredi","skupina":"","zhluk":"","presnost":"presná","zmena":"2015-02-06","faza":"posúdené","dok":28,"plany":[{"p":"Príloha 6 stanovisko ovzdušie","u":"https://www.enviroportal.sk/eia/dokument/216064","v":502210,"t":"JPG"},{"p":"Príloha 6a","u":"https://www.enviroportal.sk/eia/dokument/216065","v":595794,"t":"JPG"},{"p":"Príloha 9a","u":"https://www.enviroportal.sk/eia/dokument/216095","v":120292,"t":"PDF"},{"p":"Príloha 9b","u":"https://www.enviroportal.sk/eia/dokument/216096","v":118174,"t":"PDF"},{"p":"Príloha 9c","u":"https://www.enviroportal.sk/eia/dokument/216097","v":331945,"t":"PDF"}],"typ":"Bývanie"}},{"type":"Feature","geometry":{"type":"Point","coordinates":[17.019924,48.172807]},"properties":{"id":"priprava-uzemia-devinska-n-ves-lamac-i-etapa-2-cast","nazov":"Príprava územia Devínska, N. Ves, Lamač – I. etapa – 2. časť","firma":"Bory Mall, a.s., Digital Park II, Einsteinova 25","ico":"36740896","obec":"Bratislava - Devínska Nová Ves","stav":"Akcia je ukončená v procese EIA","urad":"MĆ Bratislava D.N. Ves","skupina":"Penta Real Estate","zhluk":"einsteinova 25","presnost":"približná","zmena":"2014-05-09","faza":"posúdené","dok":3,"plany":[{"p":"prílohy","u":"https://www.enviroportal.sk/eia/dokument/213017","v":23868214,"t":"ZIP"}],"typ":"Doprava"}},{"type":"Feature","geometry":{"type":"Point","coordinates":[17.102106,48.196441]},"properties":{"id":"pristavba-diagnostickeho-centra-v-areali-nuscch-bratislava-1","nazov":"Prístavba diagnostického centra v areáli NÚSCCH a.s. Bratislava","firma":"Národný ústav srdcovo cievnych chorôb, a.s., Pod Krásnou Hôrkou č. 1","ico":"35971126","obec":"Bratislava - Nové Mesto","stav":"Akcia je ukončená v procese EIA","urad":"Letecký úrad SR, MĆ Nové Mesto","skupina":"","zhluk":"","presnost":"približná","zmena":"2012-05-14","faza":"posúdené","dok":11,"plany":[{"p":"Koordinacna situacia","u":"https://www.enviroportal.sk/eia/dokument/140574","v":1427995,"t":"PDF"}],"typ":"Doprava"}},{"type":"Feature","geometry":{"type":"Point","coordinates":[17.092791,48.123366]},"properties":{"id":"pristavba-nadstavba-obchodnych-priestorov-park-miest-v-garazi-aupark-b","nazov":"Prístavba a nadstavba obchodných priestorov a park.miest v garáži, AUPARK Bratislava","firma":"AUPARK, a. s., Prievozská 2/A","ico":"35781939","obec":"Bratislava - Petržalka","stav":"Akcia je ukončená v procese EIA","urad":"MČ Bratislava - petržalka","skupina":"","zhluk":"prievozska a","presnost":"približná","zmena":"2013-02-15","faza":"posúdené","dok":13,"plany":[{"p":"03podorys2NP.pdf","u":"https://www.enviroportal.sk/eia/dokument/23236","v":416595,"t":"PDF"},{"p":"05podorys4NP.pdf","u":"https://www.enviroportal.sk/eia/dokument/23238","v":732954,"t":"PDF"},{"p":"04podorys3NP.pdf","u":"https://www.enviroportal.sk/eia/dokument/23237","v":509043,"t":"PDF"},{"p":"01situacia.pdf","u":"https://www.enviroportal.sk/eia/dokument/23234","v":1282173,"t":"PDF"},{"p":"06podorys5NP.pdf","u":"https://www.enviroportal.sk/eia/dokument/23239","v":732607,"t":"PDF"}],"typ":"Zeleň a verejný priestor"}},{"type":"Feature","geometry":{"type":"Point","coordinates":[17.018867,48.169049]},"properties":{"id":"program-hospodarskeho-rozvoja-socialneho-rozvoja-mestskej-casti-bratis-1","nazov":"Program hospodárskeho rozvoja a sociálneho rozvoja mestskej časti Bratislava - Devínska Nová Ves 2015-2020","firma":"Mestská časť - Devínska Nová Ves","ico":"00529371","obec":"Bratislava - Devínska Nová Ves","stav":"Akcia je ukončená v procese SEA","urad":"","skupina":"","zhluk":"novoveska a","presnost":"približná","zmena":"2015-12-02","faza":"posúdené","dok":5,"typ":"Plány a koncepcie"}},{"type":"Feature","geometry":{"type":"Point","coordinates":[17.135536,48.041119]},"properties":{"id":"program-hospodarskeho-rozvoja-socialneho-rozvoja-mestskej-casti-bratis-11","nazov":"Program hospodárskeho rozvoja a sociálneho rozvoja mestskej časti Bratislava – Rusovce 2023 – 2032 (aktualizácia)","firma":"Mestská časť Bratislava – Rusovce, Vývojová 8","ico":"00304611","obec":"Bratislava - Rusovce","stav":"Akcia je ukončená v procese SEA","urad":"","skupina":"","zhluk":"","presnost":"približná","zmena":"2024-08-07","faza":"posúdené","dok":4,"typ":"Plány a koncepcie"}},{"type":"Feature","geometry":{"type":"Point","coordinates":[17.182525,48.223291]},"properties":{"id":"program-hospodarskeho-rozvoja-socialneho-rozvoja-mestskej-casti-bratis-12","nazov":"Program hospodárskeho rozvoja a sociálneho rozvoja mestskej časti Bratislava – Vajnory 2023 – 2032 (aktualizácia)","firma":"Mestská časť Bratislava – Vajnory, Roľnícka 9282/109","ico":"00304565","obec":"Bratislava - Vajnory","stav":"Akcia je ukončená v procese SEA","urad":"","skupina":"","zhluk":"","presnost":"približná","zmena":"2024-07-30","faza":"povolené","doklad":"Rozhodnutie – stavebné povolenie","dok":5,"typ":"Plány a koncepcie"}},{"type":"Feature","geometry":{"type":"Point","coordinates":[17.187111,48.218423]},"properties":{"id":"program-hospodarskeho-rozvoja-socialneho-rozvoja-mestskej-casti-bratis-2","nazov":"Program hospodárskeho rozvoja a sociálneho rozvoja mestskej časti Bratislava-Vajnory 2015 – 2024 (aktualizovaná a dopracovaná verzia pôvodného PHSR po","firma":"Mestská časť Bratislava - Vajnory","ico":"00304565","obec":"Bratislava - Vajnory","stav":"Akcia je ukončená v procese SEA","urad":"","skupina":"","zhluk":"","presnost":"približná","zmena":"2015-12-18","faza":"povolené","doklad":"Rozhodnutie – stavebné povolenie","dok":5,"typ":"Plány a koncepcie"}},{"type":"Feature","geometry":{"type":"Point","coordinates":[17.029435,48.181264]},"properties":{"id":"program-hospodarskeho-rozvoja-socialneho-rozvoja-mestskej-casti-bratis-3","nazov":"Program hospodárskeho rozvoja a sociálneho rozvoja mestskej časti Bratislava - Dúbravka 2015 - 2024 (aktualizovaná a dopracovaná verzia pôvodného PHSR","firma":"Mestská časť Bratislava - Dúbravka","ico":"00603406","obec":"Bratislava - Dúbravka","stav":"Akcia je ukončená v procese SEA","urad":"","skupina":"","zhluk":"","presnost":"približná","zmena":"2016-02-05","faza":"posúdené","dok":5,"typ":"Plány a koncepcie"}},{"type":"Feature","geometry":{"type":"Point","coordinates":[17.065961,48.233812]},"properties":{"id":"program-hospodarskeho-rozvoja-socialneho-rozvoja-mestskej-casti-bratis-4","nazov":"Program hospodárskeho rozvoja a sociálneho rozvoja mestskej časti Bratislava – Záhorská Bystrica 2016-2022","firma":"Mestská časť Bratislava - Záhorská Bystrica","ico":"00529371","obec":"Bratislava - Záhorská Bystrica","stav":"Akcia je ukončená v procese SEA","urad":"","skupina":"","zhluk":"novoveska a","presnost":"približná","zmena":"2016-07-28","faza":"posúdené","dok":5,"typ":"Plány a koncepcie"}},{"type":"Feature","geometry":{"type":"Point","coordinates":[17.135485,48.042872]},"properties":{"id":"program-hospodarskeho-rozvoja-socialneho-rozvoja-mestskej-casti-bratis-5","nazov":"Program hospodárskeho rozvoja a sociálneho rozvoja mestskej časti Bratislava – Rusovce 2015 – 2024; aktualizovaná a dopracovaná verzia pôvodného PHSR ","firma":"Mestská časť Bratislava – Rusovce, Vývojová 8","ico":"00304611","obec":"Bratislava - Rusovce","stav":"Akcia je ukončená v procese SEA","urad":"","skupina":"","zhluk":"","presnost":"približná","zmena":"2016-09-20","faza":"posúdené","dok":5,"typ":"Plány a koncepcie"}},{"type":"Feature","geometry":{"type":"Point","coordinates":[17.097835,48.158628]},"properties":{"id":"program-hospodarskeho-rozvoja-socialneho-rozvoja-mestskej-casti-bratis-6","nazov":"Program hospodárskeho rozvoja a sociálneho rozvoja mestskej časti Bratislava – Staré Mesto pre obdobie rokov 2016 – 2023, s výhľadom do roku 2040","firma":"Mestská časť Bratislava - Staré Mesto","ico":"00603147","obec":"Bratislava - Staré Mesto","stav":"Akcia je ukončená v procese SEA","urad":"","skupina":"","zhluk":"","presnost":"približná","zmena":"2016-12-06","faza":"posúdené","dok":5,"typ":"Plány a koncepcie"}},{"type":"Feature","geometry":{"type":"Point","coordinates":[17.018453,48.169976]},"properties":{"id":"program-hospodarskeho-rozvoja-socialneho-rozvoja-mestskej-casti-bratis-7","nazov":"Program hospodárskeho rozvoja a sociálneho rozvoja mestskej časti Bratislava - Devínska Nová Ves 2021 - 2027","firma":"Mestská časť Bratislava - Devínska Nová Ves","ico":"00603392","obec":"Bratislava - Devínska Nová Ves","stav":"Akcia je ukončená v procese SEA","urad":"","skupina":"","zhluk":"","presnost":"približná","zmena":"2023-01-19","faza":"posúdené","dok":3,"typ":"Plány a koncepcie"}},{"type":"Feature","geometry":{"type":"Point","coordinates":[17.095441,48.156037]},"properties":{"id":"program-hospodarskeho-rozvoja-socialneho-rozvoja-mestskej-casti-bratis-8","nazov":"Program hospodárskeho rozvoja a sociálneho rozvoja mestskej časti Bratislava - Staré Mesto na roky 2024-2030","firma":"Mestská časť Bratislava- Staré Mesto, Vajanského nábrežie 3","ico":"00603147","obec":"Bratislava - Staré Mesto","stav":"Akcia je ukončená v procese SEA","urad":"","skupina":"","zhluk":"","presnost":"približná","zmena":"2023-02-22","faza":"posúdené","dok":4,"typ":"Plány a koncepcie"}},{"type":"Feature","geometry":{"type":"Point","coordinates":[17.064682,48.232596]},"properties":{"id":"program-hospodarskeho-rozvoja-socialneho-rozvoja-mestskej-casti-bratis-9","nazov":"program hospodárskeho rozvoja a sociálneho rozvoja mestskej časti Bratislava - Záhorská Bystrica pre obdobie rokov 2023 - 2030","firma":"Mestská časť Bratislava - Záhorská Bystrica","ico":"529371","obec":"Bratislava - Záhorská Bystrica","stav":"Akcia je ukončená v procese SEA","urad":"","skupina":"","zhluk":"","presnost":"približná","zmena":"2023-04-03","faza":"posúdené","dok":4,"typ":"Plány a koncepcie"}},{"type":"Feature","geometry":{"type":"Point","coordinates":[17.019066,48.172106]},"properties":{"id":"program-hospodarskeho-rozvoja-socialneho-rozvoja-mestskej-casti-bratis","nazov":"Program hospodárskeho rozvoja a sociálneho rozvoja mestskej časti Bratislava - Devínska Nová Ves (r. 2014 - 2020)","firma":"Mestská časť Bratislava - Devínska Nová Ves","ico":"00529371","obec":"Bratislava - Devínska Nová Ves","stav":"Akcia je ukončená v procese SEA","urad":"","skupina":"","zhluk":"novoveska a","presnost":"približná","zmena":"2014-01-31","faza":"posúdené","dok":5,"typ":"Plány a koncepcie"}},{"type":"Feature","geometry":{"type":"Point","coordinates":[17.054392,48.16162]},"properties":{"id":"program-hospodarskeho-socialneho-rozvoja-mestskej-casti-bratislava-kar","nazov":"Program hospodárskeho a sociálneho rozvoja mestskej časti Bratislava - Karlova Ves na roky 2016-2023","firma":"Mestská časť Bratislava – Karlova Ves, Námestie sv. Františka 8","ico":"00603520","obec":"Bratislava - Karlova Ves","stav":"Akcia je ukončená v procese SEA","urad":"","skupina":"","zhluk":"","presnost":"približná","zmena":"2016-10-18","faza":"posúdené","dok":6,"plany":[{"p":"katastralna_mapa_Bratislava-KarlovaVes.pdf","u":"https://www.enviroportal.sk/eia/dokument/249238","v":1869928,"t":"PDF"}],"typ":"Plány a koncepcie"}},{"type":"Feature","geometry":{"type":"Point","coordinates":[17.101591,48.197887]},"properties":{"id":"program-rozvoja-mestskej-casti-bratislava-nove-mesto-2016-2020","nazov":"Program rozvoja mestskej časti Bratislava - Nové Mesto 2016 - 2020","firma":"Mestská časť Bratislava - Nové Mesto","ico":"00603317","obec":"Bratislava - Nové Mesto","stav":"Akcia je ukončená v procese SEA","urad":"","skupina":"","zhluk":"","presnost":"približná","zmena":"2018-02-01","faza":"posúdené","dok":6,"plany":[{"p":"03_Priloha 6_Komplexna analyza.pdf","u":"https://www.enviroportal.sk/eia/dokument/261565","v":8292354,"t":"PDF"},{"p":"02_Priloha_5_Akcny plan PRO BANM 2017-2019 pdf.pdf","u":"https://www.enviroportal.sk/eia/dokument/261563","v":202207,"t":"PDF"}],"typ":"Plány a koncepcie"}},{"type":"Feature","geometry":{"type":"Point","coordinates":[17.093397,48.119272]},"properties":{"id":"projekt-hajpark-kutlikova","nazov":"PROJEKT HÁJPARK KUTLÍKOVA","firma":"Imagine Development, s.r.o, Kutlíkova 13","ico":"36651231","obec":"Bratislava - Petržalka","stav":"Akcia je ukončená v procese EIA","urad":"MČ Bratislava Petržalka, OÚ BA oddelenie ochrany prírody a vybr. zložiek ŽP","skupina":"","zhluk":"","presnost":"približná","zmena":"2014-07-31","faza":"posúdené","dok":8,"plany":[{"p":"Príloha 2 rezy, foto","u":"https://www.enviroportal.sk/eia/dokument/214560","v":9679669,"t":"PDF"},{"p":"Príloha 5 dendrologicky posudok","u":"https://www.enviroportal.sk/eia/dokument/214563","v":2660235,"t":"PDF"},{"p":"Príloha 1 mapy","u":"https://www.enviroportal.sk/eia/dokument/214548","v":12257014,"t":"PDF"},{"p":"Príloha 3 rozptylova studia","u":"https://www.enviroportal.sk/eia/dokument/214561","v":503545,"t":"PDF"},{"p":"Príloha 4 akusticka studia","u":"https://www.enviroportal.sk/eia/dokument/214562","v":5057648,"t":"PDF"}],"typ":"Polyfunkcia"}},{"type":"Feature","geometry":{"type":"Point","coordinates":[17.174983,48.150405]},"properties":{"id":"promauto-spracovanie-starych-vozidiel","nazov":"Promauto – spracovanie starých vozidiel","firma":"PROMAUTO, s.r.o., Galvaniho 12b","ico":"31435599","obec":"Bratislava - Ružinov","stav":"Akcia je ukončená v procese EIA","urad":"Okresný úrad Bratislava, Odbor starostlivosti o životné prostredie, Tomášikova 46, 832 05 ","skupina":"","zhluk":"","presnost":"približná","zmena":"2017-05-30","faza":"posúdené","dok":5,"typ":"Bývanie"}},{"type":"Feature","geometry":{"type":"Point","coordinates":[17.066087,48.23406]},"properties":{"id":"radove-domy-v-obytnej-zone-zahorske-sady-zahorska-bystrica","nazov":"Radové domy v obytnej zóne \"Záhorské sady\", Záhorská Bystrica","firma":"Tirrellus, a.s., Digital park II, Einsteinova 25","ico":"36742601","obec":"Bratislava - Záhorská Bystrica","stav":"Akcia je ukončená v procese EIA","urad":"Mestská časť Bratislava - Záhorská Bystrica OÚŽP Bratislava, odd. OP a vybraných zložiek Ž","skupina":"Penta Real Estate","zhluk":"einsteinova 25","presnost":"približná","zmena":"2013-08-14","faza":"posúdené","dok":5,"plany":[{"p":"prílohy","u":"https://www.enviroportal.sk/eia/dokument/179055","v":2945452,"t":"PDF"}],"typ":"Bývanie"}},{"type":"Feature","geometry":{"type":"Point","coordinates":[17.05302,48.203204]},"properties":{"id":"razsochy-residence","nazov":"Rázsochy Residence","firma":"Rázsochy Residence a.s., Grösslingová 51","ico":"52333035","obec":"Bratislava - Lamač","stav":"Akcia je ukončená v procese EIA","urad":"MČ Bratislava – Lamač (stavebný úrad) Okresný úrad Bratislava","skupina":"","zhluk":"","presnost":"približná","zmena":"2023-12-18","faza":"posúdené","dok":6,"typ":"Bývanie"}},{"type":"Feature","geometry":{"type":"Point","coordinates":[17.054301,48.162805]},"properties":{"id":"rekonstrukcia-devinskej-cesty","nazov":"Rekonštrukcia Devínskej cesty","firma":"Hlavné mesto Slovenskej republiky Bratislava, Primaciálne nám. 1, P.O.","ico":"00603481","obec":"Bratislava - Karlova Ves","stav":"Akcia je ukončená v procese EIA","urad":"1.\\tMestská časť Bratislava – Devín, stavebný úrad, \\tMestská časť Bratislava – Karlova Ve","skupina":"","zhluk":"primacialne namestie 1","presnost":"približná","zmena":"2022-07-01","faza":"dokončené","doklad":"Oznámenie o začatí kolaudačného konania","dok":15,"plany":[{"p":"Text zameru s prilohami","u":"https://www.enviroportal.sk/eia/dokument/274560","v":51824407,"t":"ZIP"},{"p":"7_Priloha.pdf","u":"https://www.enviroportal.sk/eia/dokument/274580","v":196366,"t":"PDF"},{"p":"Prílohy 1_15.pdf","u":"https://www.enviroportal.sk/eia/dokument/284946","v":94755647,"t":"PDF"}],"typ":"Doprava"}},{"type":"Feature","geometry":{"type":"Point","coordinates":[17.104221,48.195095]},"properties":{"id":"rekonstrukcia-dostavba-nadstavba-objektu-polyfunkcny-objekt","nazov":"Rekonštrukcia, dostavba a nadstavba objektu – polyfunkčný objekt","firma":"IMC s.r.o., Tupého 25/A","ico":"45676542","obec":"Bratislava - Nové Mesto","stav":"Akcia je ukončená v procese EIA","urad":"MČ Bratislava - Nové Mesto, OU BA OSZP","skupina":"","zhluk":"tupeho a","presnost":"približná","zmena":"2015-03-23","faza":"posúdené","dok":10,"plany":[{"p":"Príloha č. 1b.pdf","u":"https://www.enviroportal.sk/eia/dokument/221551","v":52287,"t":"PDF"},{"p":"Príloha č. 1a.pdf","u":"https://www.enviroportal.sk/eia/dokument/221550","v":105273,"t":"PDF"},{"p":"Príloha č. 6.pdf","u":"https://www.enviroportal.sk/eia/dokument/221616","v":1178120,"t":"PDF"},{"p":"Príloha č. 2.pdf","u":"https://www.enviroportal.sk/eia/dokument/221552","v":248850,"t":"PDF"},{"p":"Príloha č. 3.pdf","u":"https://www.enviroportal.sk/eia/dokument/221553","v":210142,"t":"PDF"}],"typ":"Polyfunkcia"}},{"type":"Feature","geometry":{"type":"Point","coordinates":[17.137263,48.225162]},"properties":{"id":"rekonstrukcia-dostavba-objektov-polnohospodarskych-skladov-v-areali-ro","nazov":"Rekonštrukcia a dostavba objektov poľnohospodárskych skladov v areáli roľníckeho družstva Rača","firma":"UNISON, s.r.o., Laurinská 18","ico":"31329381","obec":"Bratislava - Rača","stav":"Akcia je ukončená v procese EIA","urad":"MČ Bratislava-Rača","skupina":"","zhluk":"laurinska 18","presnost":"približná","zmena":"2013-02-15","faza":"dokončené","doklad":"Oznámenie o začatí kolaudačného konania.","dok":22,"plany":[{"p":"Príloha 3","u":"https://www.enviroportal.sk/eia/dokument/23260","v":145078,"t":"PDF"},{"p":"Príloha 11.2","u":"https://www.enviroportal.sk/eia/dokument/23274","v":15404,"t":"PDF"},{"p":"Príloha 11.1","u":"https://www.enviroportal.sk/eia/dokument/23273","v":15404,"t":"PDF"},{"p":"Príloha 10","u":"https://www.enviroportal.sk/eia/dokument/23270","v":337712,"t":"JPG"},{"p":"Titulky k priloham","u":"https://www.enviroportal.sk/eia/dokument/23256","v":10457,"t":"PDF"}],"typ":"Výroba a sklady"}},{"type":"Feature","geometry":{"type":"Point","coordinates":[17.103338,48.156537]},"properties":{"id":"rekonstrukcia-dostavba-polyfunkcneho-objektu-na-bottovej-ulici-bratisl","nazov":"Rekonštrukcia a dostavba polyfunkčného objektu na Bottovej ulici Bratislava","firma":"VARA 7, spol. s.r.o., Bottova 7","ico":"35914971","obec":"Bratislava - Staré Mesto","stav":"Akcia je ukončená v procese EIA","urad":"MĆ Bratislava - Staré Mesto","skupina":"","zhluk":"bottova 7","presnost":"približná","zmena":"2013-07-01","faza":"posúdené","dok":3,"typ":"Polyfunkcia"}},{"type":"Feature","geometry":{"type":"Point","coordinates":[17.093025,48.123204]},"properties":{"id":"rekonstrukcia-dostavba-vyrobnych-hal-matador-i-etapa","nazov":"Rekonštrukcia a dostavba výrobných hál Matador - I. etapa","firma":"Matador development a.s.","ico":"51835801","obec":"Bratislava - Petržalka","stav":"Akcia je ukončená v procese EIA","urad":"MČ BA Petržalka, OÚŽPBA","skupina":"","zhluk":"","presnost":"približná","zmena":"2020-01-15","faza":"posúdené","dok":5,"typ":"Výroba a sklady"}},{"type":"Feature","geometry":{"type":"Point","coordinates":[17.09707,48.153459]},"properties":{"id":"rekonstrukcia-esterhazyho-palaca","nazov":"Rekonštrukcia Esterházyho paláca","firma":"Ing. Szabóová autorizovaný stavebný inžinier","ico":"515402372603","obec":"Bratislava - Staré Mesto","stav":"Akcia je ukončená v procese EIA","urad":"OU Bratislava I,","skupina":"","zhluk":"","presnost":"približná","zmena":"2004-05-11","faza":"posúdené","dok":1,"typ":"Bývanie"}},{"type":"Feature","geometry":{"type":"Point","coordinates":[17.104844,48.14342]},"properties":{"id":"rekonstrukcia-eszterhazyho-palaca-kapitulska-ulica-bratislava","nazov":"Rekonštrukcia Eszterházyho paláca, Kapitulská ulica Bratislava","firma":"Raiffeisen Property Estate s.r.o., Gajova 4","ico":"52559874","obec":"Bratislava - Staré Mesto","stav":"Akcia je ukončená v procese EIA","urad":"Mestská časť Bratislava - Staré Mesto (stavebný úrad) Okresný úrad Bratislava, odbor staro","skupina":"Raiffeisen Property","zhluk":"gajova 4","presnost":"presná","zmena":"2024-08-23","faza":"posúdené","dok":12,"plany":[{"p":"D_mapa_3_Predložená_zmena.pdf","u":"https://www.enviroportal.sk/eia/dokument/375064","v":5165937,"t":"PDF"},{"p":"B_mapa1_sirsie_vztahy.pdf","u":"https://www.enviroportal.sk/eia/dokument/375062","v":7380085,"t":"PDF"},{"p":"C_mapa_2_ortofotomapa.pdf","u":"https://www.enviroportal.sk/eia/dokument/375063","v":3807386,"t":"PDF"}],"typ":"Bývanie"}},{"type":"Feature","geometry":{"type":"Point","coordinates":[17.173651,48.150507]},"properties":{"id":"rekonstrukcia-etylenovej-jednotky-slovnaft-petrochemicals-s-r-o-bratis","nazov":"Rekonštrukcia etylénovej jednotky, Slovnaft Petrochemicals, s.r.o., Bratislava","firma":"Slovnaft Petrochemicals s.r.o., Vlčie hrdlo 4846","ico":"35953039","obec":"Bratislava - Ružinov","stav":"Akcia je ukončená v procese EIA","urad":"SIŽP Bratislava, dotknuté obce","skupina":"","zhluk":"","presnost":"približná","zmena":"2008-11-27","faza":"posúdené","dok":5,"plany":[{"p":"prílohy","u":"https://www.enviroportal.sk/eia/dokument/70583","v":2182924,"t":"ZIP"}],"typ":"Výroba a sklady"}},{"type":"Feature","geometry":{"type":"Point","coordinates":[17.097517,48.158511]},"properties":{"id":"rekonstrukcia-hradneho-palaca-objektov-v-areali-bratislavskeho-hradu-c","nazov":"Rekonštrukcia hradného paláca a objektov v areáli Bratislavského hradu, Časť L - Podzemná parkovacia garáž, Projekt pre zmenu stavby pred dokončením","firma":"Kancelária Národnej rady Slovenskej republiky, Alexandra Dubčeka 1","ico":"00151491","obec":"Bratislava - Staré Mesto","stav":"Akcia je ukončená v procese EIA","urad":"Mestská časť Bratislava - Staré Mesto","skupina":"","zhluk":"","presnost":"približná","zmena":"2014-07-25","faza":"dokončené","doklad":"Oznámenie o začatí kolaudačného konania.","dok":36,"plany":[{"p":"Príloha č. 6 Koordinačná situácia, mapa","u":"https://www.enviroportal.sk/eia/dokument/215999","v":1562924,"t":"PDF"},{"p":"Príloha č. 6 A_06_Podorys 1_PP","u":"https://www.enviroportal.sk/eia/dokument/216019","v":1449576,"t":"PDF"},{"p":"Príloha č. 6 PO_02_Podorys 4.PP","u":"https://www.enviroportal.sk/eia/dokument/216002","v":366705,"t":"PDF"},{"p":"Príloha č. 4 Vyjadrenie OUBA ZP 1","u":"https://www.enviroportal.sk/eia/dokument/215996","v":636853,"t":"PDF"},{"p":"Príloha č. 6 Celková situácia stavby, mapa","u":"https://www.enviroportal.sk/eia/dokument/216017","v":1701982,"t":"PDF"}],"typ":"Doprava"}},{"type":"Feature","geometry":{"type":"Point","coordinates":[17.174463,48.148061]},"properties":{"id":"rekonstrukcia-komplexu-budov-mh-sr-na-mierovej-ulici-v-bratislave","nazov":"Rekonštrukcia komplexu budov MH SR na Mierovej ulici v Bratislave","firma":"Ministerstvo hospodárstva Slovenskej republiky","ico":"00686832","obec":"Bratislava - Ružinov","stav":"Akcia je ukončená v procese EIA","urad":"MÚ MČ BA - Ružinov, OÚ BA OSŽP","skupina":"","zhluk":"","presnost":"presná","zmena":"2020-02-21","faza":"posúdené","dok":6,"typ":"Bývanie"}},{"type":"Feature","geometry":{"type":"Point","coordinates":[17.025834,48.171994]},"properties":{"id":"rekonstrukcia-kotolne-volkswagen-slovakia-","nazov":"Rekonštrukcia kotolne Volkswagen Slovakia, a.s.","firma":"VOLKSWAGEN SLOVAKIA, a.s., J. Jonáša 1","ico":"35757442","obec":"Bratislava - Devínska Nová Ves","stav":"Akcia je ukončená v procese EIA","urad":"SIŽP Bratislava","skupina":"","zhluk":"j jonasa 1","presnost":"približná","zmena":"2014-12-16","faza":"posúdené","dok":3,"typ":"Technická infraštruktúra"}},{"type":"Feature","geometry":{"type":"Point","coordinates":[17.177881,48.147117]},"properties":{"id":"rekonstrukcia-nadrze-n4605","nazov":"Rekonštrukcia nádrže N4605","firma":"Slovnaft a.s., Vlčie hrdlo 1","ico":"31322832","obec":"Bratislava - Ružinov","stav":"Akcia je ukončená v procese EIA","urad":"MČ Bratislava - Ružinov, OÚ BA OSZP3 (ŠVS)","skupina":"","zhluk":"vlcie hrdlo 1","presnost":"približná","zmena":"2014-06-17","faza":"posúdené","dok":10,"plany":[{"p":"Príloha č. 2 Mapa širších vzťahov","u":"https://www.enviroportal.sk/eia/dokument/214269","v":566217,"t":"PDF"},{"p":"Príloha č. 4 Katast. mapa","u":"https://www.enviroportal.sk/eia/dokument/214271","v":354489,"t":"PDF"},{"p":"Príloha č. 9 Plnomocenstvo2","u":"https://www.enviroportal.sk/eia/dokument/214296","v":266207,"t":"PDF"},{"p":"Príloha č. 5 Výpis z katastra","u":"https://www.enviroportal.sk/eia/dokument/214272","v":1324059,"t":"PDF"},{"p":"Príloha č. 6 Vyjadrenie OÚ BA ochrana prírody","u":"https://www.enviroportal.sk/eia/dokument/214273","v":863723,"t":"PDF"}],"typ":"Výroba a sklady"}},{"type":"Feature","geometry":{"type":"Point","coordinates":[17.095585,48.156691]},"properties":{"id":"rekonstrukcia-nadstavba-objektu-bezrucova-3-hotel-bezrucova-5-bratisla","nazov":"Rekonštrukcia a nadstavba objektu Bezručova 3\" a \"Hotel, Bezručova 5, Bratislava","firma":"Bezručová Invest, s.r.o., Kominárska 2,4","ico":"43870295","obec":"Bratislava - Staré Mesto","stav":"Akcia je ukončená v procese EIA","urad":"Mestská časť Bratislava - Staré Mesto","skupina":"","zhluk":"","presnost":"približná","zmena":"2013-04-10","faza":"posúdené","dok":7,"typ":"Plány a koncepcie"}},{"type":"Feature","geometry":{"type":"Point","coordinates":[17.095648,48.154913]},"properties":{"id":"rekonstrukcia-nadstavba-objektu-bezrucova-3","nazov":"Rekonštrukcia a nadstavba objektu Bezručova 3","firma":"Bezručová Invest, s.r.o., Bezručova 5","ico":"43870295","obec":"Bratislava - Staré Mesto","stav":"Akcia je ukončená v procese EIA","urad":"Mestská časť Bratislava – Staré Mesto Okresný úrad Bratislava, Odbor starostlivosti o živo","skupina":"","zhluk":"","presnost":"približná","zmena":"2016-08-23","faza":"posúdené","dok":13,"plany":[{"p":"B_mapove_prilohy.pdf","u":"https://www.enviroportal.sk/eia/dokument/246939","v":12611711,"t":"PDF"},{"p":"C_prilohy.pdf","u":"https://www.enviroportal.sk/eia/dokument/246940","v":3643421,"t":"PDF"},{"p":"Príloha 4 A. sprievodna sprava.zip","u":"https://www.enviroportal.sk/eia/dokument/246961","v":231566,"t":"ZIP"},{"p":"Príloha 4 F. projekt organizacie vystavby.zip","u":"https://www.enviroportal.sk/eia/dokument/246966","v":3061825,"t":"ZIP"},{"p":"Príloha 4 G. dokumentacia prevadzkovych suborov.zip","u":"https://www.enviroportal.sk/eia/dokument/246967","v":30526540,"t":"ZIP"}],"typ":"Doprava"}},{"type":"Feature","geometry":{"type":"Point","coordinates":[17.095916,48.154451]},"properties":{"id":"rekonstrukcia-objektu-bezrucova-5","nazov":"Rekonštrukcia objektu Bezručova 5","firma":"Bezručova Invest, s.r.o.","ico":"43870295","obec":"Bratislava - Staré Mesto","stav":"Akcia je ukončená v procese EIA","urad":"Mestská časť Bratislava - Staré Mesto","skupina":"","zhluk":"","presnost":"približná","zmena":"2018-07-17","faza":"posúdené","dok":9,"plany":[{"p":"výpis z katastra neh. ","u":"https://www.enviroportal.sk/eia/dokument/220650","v":2467646,"t":"PDF"}],"typ":"Bývanie"}},{"type":"Feature","geometry":{"type":"Point","coordinates":[17.102529,48.195983]},"properties":{"id":"rekonstrukcia-objektu-polyfunkcny-objekt-kominarska-ul-bratislava","nazov":"Rekonštrukcia objektu - polyfunkčný objekt, Kominárska ul., Bratislava","firma":"Lofty Kominárska, s.r.o., Tupého 25/A","ico":"46211373","obec":"Bratislava - Nové Mesto","stav":"Akcia je ukončená v procese EIA","urad":"Mestská časť Bratislava - Nové Mesto","skupina":"","zhluk":"tupeho a","presnost":"približná","zmena":"2014-01-13","faza":"posúdené","dok":14,"plany":[{"p":"Priloha_ c_3_Situacia navrh. cinnosti","u":"https://www.enviroportal.sk/eia/dokument/193930","v":682121,"t":"PDF"},{"p":"Priloha_ c_9_upustenie","u":"https://www.enviroportal.sk/eia/dokument/193950","v":753175,"t":"JPG"},{"p":"Priloha_ c_1_Prehladna situacia","u":"https://www.enviroportal.sk/eia/dokument/193928","v":2083645,"t":"PDF"},{"p":"Priloha_ c_2_ortofotomapa","u":"https://www.enviroportal.sk/eia/dokument/193929","v":1211819,"t":"PDF"},{"p":"Priloha_ c_11_Svetlotechnicke posudenie","u":"https://www.enviroportal.sk/eia/dokument/193952","v":2271886,"t":"PDF"}],"typ":"Polyfunkcia"}},{"type":"Feature","geometry":{"type":"Point","coordinates":[17.054608,48.20185]},"properties":{"id":"rekonstrukcia-od-lamac","nazov":"Rekonštrukcia OD Lamač","firma":"","ico":"","obec":"Bratislava - Lamač","stav":"Podnet","urad":"Mestská časť Bratislava – Lamač, Malokarpatské námestie č. 9, 841 03 Bratislava","skupina":"","zhluk":"","presnost":"približná","zmena":"2018-07-09","faza":"zámer","dok":2,"typ":"Iné"}},{"type":"Feature","geometry":{"type":"Point","coordinates":[17.17344,48.150492]},"properties":{"id":"rekonstrukcia-pece-f501a-na-spalovni-kalov","nazov":"Rekonštrukcia pece F501A na spaľovni kalov","firma":"SLOVNAFT, a. s., Vlčie hrdlo 1","ico":"31322832","obec":"Bratislava - Ružinov","stav":"Akcia je ukončená v procese EIA","urad":"Miestny úrad mestskej časti Bratislava-Ružinov, Stavebný úrad, Mierová 21, 827 05 Bratisla","skupina":"","zhluk":"vlcie hrdlo 1","presnost":"približná","zmena":"2018-02-22","faza":"posúdené","dok":4,"typ":"Výroba a sklady"}},{"type":"Feature","geometry":{"type":"Point","coordinates":[17.174777,48.150444]},"properties":{"id":"rekonstrukcia-pyrolyznych-peci-ba102-ba105","nazov":"Rekonštrukcia pyrolýznych pecí BA102 a BA105","firma":"SLOVNAFT, a.s., Vlčie hrdlo 1","ico":"31322832","obec":"Bratislava - Ružinov","stav":"Rozhodnutie o zmene navrhovanej činnosti- neposudzovať","urad":"Slovenská inšpekcia životného prostredia – Inšpektorát životného prostredia Bratislava, Je","skupina":"","zhluk":"vlcie hrdlo 1","presnost":"približná","zmena":"2019-01-11","faza":"zámer","dok":4,"typ":"Výroba a sklady"}},{"type":"Feature","geometry":{"type":"Point","coordinates":[17.169947,48.147884]},"properties":{"id":"rekonstrukcia-skladovacich-nadrzi-n4507-n4508-na-pyrooleje-na-bloku-45","nazov":"Rekonštrukcia skladovacích nádrží N4507 a N4508 na pyrooleje na bloku 45","firma":"SLOVNAFT, a. s., Vlčie hrdlo 1","ico":"31322832","obec":"Bratislava - Ružinov","stav":"Akcia je ukončená v procese EIA","urad":"Slovenská inšpekcia životného prostredia, Inšpektorát životného prostredia Bratislava, Odb","skupina":"","zhluk":"vlcie hrdlo 1","presnost":"približná","zmena":"2017-11-28","faza":"posúdené","dok":4,"typ":"Výroba a sklady"}},{"type":"Feature","geometry":{"type":"Point","coordinates":[17.101705,48.198623]},"properties":{"id":"rekonstrukcia-stacacieho-miesta-sirouhlika-cs2-","nazov":"Rekonštrukcia stáčacieho miesta sírouhlíka (CS2)","firma":"Duslo, a. s, Administratívna budova, ev. č. 1236","ico":"35826487","obec":"Bratislava - Nové Mesto","stav":"Akcia je ukončená v procese EIA","urad":"Slovenská inšpekcia životného prostredia, Inšpektorát životného prostredia Bratislava, Odb","skupina":"","zhluk":"","presnost":"približná","zmena":"2020-07-23","faza":"posúdené","dok":21,"plany":[{"p":"Areál Istrochem Reality, a.s. - mapa - príloha.pdf","u":"https://www.enviroportal.sk/eia/dokument/306181","v":654156,"t":"PDF"},{"p":"C_CELKOVA_SITUACIA_STAVBY.zip","u":"https://www.enviroportal.sk/eia/dokument/306190","v":7797829,"t":"ZIP"}],"typ":"Výroba a sklady"}},{"type":"Feature","geometry":{"type":"Point","coordinates":[17.174076,48.144516]},"properties":{"id":"rekonstrukcia-vakuotvorneho-systemu-na-prevadzke-hydrokrak-tazkych-zvy","nazov":"Rekonštrukcia vákuotvorného systému na prevádzke Hydrokrak ťažkých zvyškov (RHC)","firma":"SLOVNAFT, a.s., Vlčie hrdlo 1","ico":"31322832","obec":"Bratislava - Ružinov","stav":"Rozhodnutie o zmene navrhovanej činnosti- neposudzovať","urad":"Slovenská inšpekcia životného prostredia – Inšpektorát životného prostredia Bratislava, Je","skupina":"","zhluk":"vlcie hrdlo 1","presnost":"približná","zmena":"2019-06-20","faza":"zámer","dok":4,"typ":"Výroba a sklady"}},{"type":"Feature","geometry":{"type":"Point","coordinates":[17.099594,48.158876]},"properties":{"id":"rekonstrukcia-zakladnej-skoly-pristavba-polyfunkcneho-bytoveho-domu","nazov":"Rekonštrukcia základnej školy a prístavba polyfunkčného bytového domu","firma":"Noavista, s.r.o., Leškova 3","ico":"35858125","obec":"Bratislava - Staré Mesto","stav":"Akcia je ukončená v procese EIA","urad":"Mestská časť Bratislava - Staré Mesto","skupina":"","zhluk":"leskova 3","presnost":"približná","zmena":"2013-05-09","faza":"posúdené","dok":9,"typ":"Polyfunkcia"}},{"type":"Feature","geometry":{"type":"Point","coordinates":[17.135767,48.043415]},"properties":{"id":"rekreacny-areal-rusovce","nazov":"Rekreačný areál Rusovce","firma":"HOFFMAN a ALBRECHT, s.r.o., Obchodná 35","ico":"35720379","obec":"Bratislava - Rusovce","stav":"Iný dôvod ukončenia posudzovania","urad":"MČ BA - Rusovce, OÚ BA OSŽP","skupina":"","zhluk":"","presnost":"približná","zmena":"2024-08-23","faza":"zámer","dok":6,"typ":"Vybavenosť"}},{"type":"Feature","geometry":{"type":"Point","coordinates":[17.106555,48.195002]},"properties":{"id":"restauracia-snezienka-rekonstrukcia-objektu","nazov":"Reštaurácia Snežienka - rekonštrukcia objektu","firma":"Snežienka s.r.o., Ul. Svornosti 43","ico":"46366890","obec":"Bratislava - Nové Mesto","stav":"Akcia je ukončená v procese EIA","urad":"MČ BA- NM","skupina":"","zhluk":"","presnost":"približná","zmena":"2013-06-17","faza":"posúdené","dok":7,"plany":[{"p":"C_vypis z katastra. nehnutelnosti","u":"https://www.enviroportal.sk/eia/dokument/176510","v":103390,"t":"PDF"}],"typ":"Výroba a sklady"}},{"type":"Feature","geometry":{"type":"Point","coordinates":[17.018543,48.171239]},"properties":{"id":"retail-park-bory","nazov":"RETAIL PARK BORY","firma":"Bory, a.s., Digital Park II, Einsteinova 25","ico":"36740896","obec":"Bratislava - Devínska Nová Ves","stav":"Akcia je ukončená v procese EIA","urad":"MČ Ba D .N. Ves","skupina":"Penta Real Estate","zhluk":"einsteinova 25","presnost":"približná","zmena":"2012-12-20","faza":"povolené","doklad":"Informácia","dok":10,"plany":[{"p":"06_situacia_zmena.pdf","u":"https://www.enviroportal.sk/eia/dokument/152187","v":1067374,"t":"PDF"},{"p":"Kat.mapa1.pdf","u":"https://www.enviroportal.sk/eia/dokument/152188","v":156674,"t":"PDF"},{"p":"Kat.mapa2.pdf","u":"https://www.enviroportal.sk/eia/dokument/152189","v":138577,"t":"PDF"}],"typ":"Obchod a služby"}},{"type":"Feature","geometry":{"type":"Point","coordinates":[17.177827,48.146882]},"properties":{"id":"retail-park-pharos-bratislava-sektor-f-g","nazov":"Retail Park PHAROS BRATISLAVA - sektor F a G","firma":"DEVELOPMENT 4, a.s., Kominárska 2,4","ico":"36688223","obec":"Bratislava - Ružinov","stav":"Akcia je ukončená v procese EIA","urad":"Mestská časť Bratislava - Ružinov, OÚŽP v BA, odbor ŠVS","skupina":"","zhluk":"","presnost":"približná","zmena":"2012-10-25","faza":"povolené","doklad":"Informácia","dok":5,"plany":[{"p":"C_prilohy","u":"https://www.enviroportal.sk/eia/dokument/146830","v":14559693,"t":"PDF"}],"typ":"Obchod a služby"}},{"type":"Feature","geometry":{"type":"Point","coordinates":[17.214391,48.110355]},"properties":{"id":"retail-park-podunajska-brana-bratislava-m-c-podunajske-biskupice","nazov":"RETAIL PARK PODUNAJSKÁ BRÁNA BRATISLAVA, M.Č. PODUNAJSKÉ BISKUPICE","firma":"GROTTO, a.s., Dunajská 25","ico":"35719184","obec":"Bratislava - Podunajské Biskupice","stav":"Akcia je ukončená v procese EIA","urad":"MĆ BA Podunajské Biskupice, OUŽP BA","skupina":"","zhluk":"dunajska 25","presnost":"približná","zmena":"2020-10-21","faza":"povolené","doklad":"Informácia","dok":7,"typ":"Obchod a služby"}},{"type":"Feature","geometry":{"type":"Point","coordinates":[17.109528,48.197386]},"properties":{"id":"revitalizacia-architektonickej-parkovej-upravy-parku-racianske-myto","nazov":"Revitalizácia architektonickej a parkovej úpravy parku Račianske mýto","firma":"Mestská časť Bratislava - Nové Mesto, Junácka 1","ico":"00603317","obec":"Bratislava - Nové Mesto","stav":"Akcia je ukončená v procese EIA","urad":"Mestská časť Bratislava - Vajnory, Stavebný úrad, Roľnícka 109, 831 07 Bratislava 36","skupina":"","zhluk":"","presnost":"približná","zmena":"2015-08-18","faza":"dokončené","doklad":"Oznámenie o začatí kolaudačného konania","dok":32,"plany":[{"p":"16_Vizualizacia_park_Racianske_myto.pdf","u":"https://www.enviroportal.sk/eia/dokument/229187","v":747922,"t":"PDF"},{"p":"15_Vizualizacie_Perspektivy_Park_Racianske.pdf","u":"https://www.enviroportal.sk/eia/dokument/229186","v":4364067,"t":"PDF"},{"p":"10_2_Situacia_sirsie_vzt_park_Racianske_myto.pdf","u":"https://www.enviroportal.sk/eia/dokument/229161","v":1018437,"t":"PDF"},{"p":"08_1_Zakres_katast_park_Racianske_myto.pdf","u":"https://www.enviroportal.sk/eia/dokument/229162","v":272948,"t":"PDF"},{"p":"04_Priloha_1_Funkc_zony_park_Racianske_myto.pdf","u":"https://www.enviroportal.sk/eia/dokument/229175","v":104704,"t":"PDF"}],"typ":"Vybavenosť"}},{"type":"Feature","geometry":{"type":"Point","coordinates":[17.159611,48.146256]},"properties":{"id":"revitalizacia-arealu-brs-hranicna-ulica-c-18-bratislava-dobudovanie-pa","nazov":"REVITALIZÁCIA AREÁLU BRS, a.s., Hraničná ulica č. 18 Bratislava - dobudovanie parkovacích kapacít funkcie 201 - Parkovací dom so službami","firma":"BRS, a.s., Hraničná 18","ico":"35721243","obec":"Bratislava - Ružinov","stav":"Akcia je ukončená v procese EIA","urad":"Mestská časť Bratislava - Ružinov, Okresný úrad Bratislava, odbor starostlivosti o ŽP","skupina":"","zhluk":"","presnost":"presná","zmena":"2014-08-08","faza":"posúdené","dok":15,"plany":[{"p":"príloha č. 2 rozptylová štúdia","u":"https://www.enviroportal.sk/eia/dokument/214892","v":86294,"t":"PDF"},{"p":"príloha 3 stanovisko Magistrát","u":"https://www.enviroportal.sk/eia/dokument/214893","v":3173441,"t":"PDF"},{"p":"príloha 3 stanovisko Magistrát situácia","u":"https://www.enviroportal.sk/eia/dokument/214934","v":5760364,"t":"PDF"},{"p":"príloha 4 stanovisko MU Ružinov","u":"https://www.enviroportal.sk/eia/dokument/214935","v":988125,"t":"PDF"},{"p":"príloha č. 1 upustenie od VRZ","u":"https://www.enviroportal.sk/eia/dokument/214891","v":802950,"t":"PDF"}],"typ":"Polyfunkcia"}},{"type":"Feature","geometry":{"type":"Point","coordinates":[17.170118,48.146574]},"properties":{"id":"revitalizacia-arealu-p-13","nazov":"Revitalizácia areálu P 13","firma":"P 13, s.r.o., Pestovateľská 13","ico":"35883707","obec":"Bratislava - Ružinov","stav":"Akcia je ukončená v procese EIA","urad":"MČ Ba-Ružinov","skupina":"","zhluk":"pestovatelska 13","presnost":"približná","zmena":"2013-07-01","faza":"posúdené","dok":5,"plany":[{"p":"Prílohy","u":"https://www.enviroportal.sk/eia/dokument/38752","v":26912000,"t":"PDF"}],"typ":"Polyfunkcia"}},{"type":"Feature","geometry":{"type":"Point","coordinates":[16.980559,48.224773]},"properties":{"id":"revitalizacia-bystrickej-ulice","nazov":"Revitalizácia Bystrickej ulice","firma":"","ico":"46168907","obec":"Okres Malacky","stav":"Akcia je ukončená v procese EIA","urad":"Obecný úrad Marianka","skupina":"","zhluk":"","presnost":"presná","zmena":"2020-06-03","faza":"posúdené","dok":4,"typ":"Zeleň a verejný priestor"}},{"type":"Feature","geometry":{"type":"Point","coordinates":[17.033615,48.185166]},"properties":{"id":"revitalizacia-dostavba-arealu-spportoveho-centra-policie-v-mestskej-ca","nazov":"Revitalizácia a dostavba areálu Špportového centra polície v mestskej časti Bratislava - Dúbravka","firma":"Športové centrum polície, Romanova 37","ico":"00735353","obec":"Bratislava - Dúbravka","stav":"Akcia je ukončená v procese EIA","urad":"OÚ BA OSZP, Mestská časť Bratislava - Dúbravka stavebný úrad","skupina":"","zhluk":"","presnost":"približná","zmena":"2021-09-07","faza":"posúdené","dok":5,"typ":"Vybavenosť"}},{"type":"Feature","geometry":{"type":"Point","coordinates":[17.10176,48.19705]},"properties":{"id":"revitalizacia-kupaliska-zelezna-studnicka","nazov":"Revitalizácia kúpaliska Železná studnička","firma":"FIBINGER ARCHITECTS, s.r.o., Vajnorská 83","ico":"36773751","obec":"Bratislava - Nové Mesto","stav":"Akcia je ukončená v procese EIA","urad":"Mestská časť Bratislava - Nové Mesto, Okresný úrad Bratislava, OSŽP","skupina":"","zhluk":"","presnost":"približná","zmena":"2014-08-19","faza":"posúdené","dok":50,"plany":[{"p":"text priloha 4 dendrologický prieskum kupalisko Železna st","u":"https://www.enviroportal.sk/eia/dokument/122179","v":76786,"t":"PDF"},{"p":"text priloha 3 stanovisko KPU II","u":"https://www.enviroportal.sk/eia/dokument/122176","v":320876,"t":"JPG"},{"p":"mapa 3 prvky RUSES","u":"https://www.enviroportal.sk/eia/dokument/122159","v":98269,"t":"PDF"},{"p":"text priloha 2 prieskum  flory a biotopov tab2","u":"https://www.enviroportal.sk/eia/dokument/122173","v":33076,"t":"PDF"},{"p":"text priloha 1 rozptylova studia","u":"https://www.enviroportal.sk/eia/dokument/122182","v":82503,"t":"PDF"}],"typ":"Zeleň a verejný priestor"}},{"type":"Feature","geometry":{"type":"Point","coordinates":[17.17498,48.15595]},"properties":{"id":"revitalizacia-namestia-podzemne-garaze-na-ul-ivana-horvatha-v-bratisla","nazov":"Revitalizácia námestia a podzemné garáže na ul. Ivana Horvátha v Bratislave","firma":"ELITE HOLDING, a.s., Ružinovská 42","ico":"35721902","obec":"Bratislava - Ružinov","stav":"Zámer","urad":"MČ BA - Ružinov, stavebný úrad","skupina":"","zhluk":"ruzinovska 42","presnost":"presná","zmena":"2017-09-06","ulica":"Ivana Horvátha","faza":"zámer","dok":6,"plany":[{"p":"prílohy.zip","u":"https://www.enviroportal.sk/eia/dokument/254295","v":5931646,"t":"ZIP"}],"typ":"Vybavenosť"}},{"type":"Feature","geometry":{"type":"Point","coordinates":[17.18499,48.22363]},"properties":{"id":"revitalizacia-obnova-brownfieldu-v-sanovanom-uzemi-terminalu-bratislav","nazov":"Revitalizácia a obnova brownfieldu v sanovanom území terminálu, Bratislava – Rača","firma":"Alto RE SPV 6, s.r.o., Jurkovičova Tepláreň, Bottova 1/1","ico":"54899249","obec":"Bratislava - Vajnory","stav":"Akcia je ukončená v procese EIA","urad":"MČ Bratislava – Rača Okresný úrad Bratislava, odbor starostlivosti o životné prostredie","skupina":"Alto Real Estate","zhluk":"bottova 1","presnost":"približná","zmena":"2024-05-02","faza":"povolené","doklad":"Rozhodnutie","dok":9,"plany":[{"p":"Prílohy.pdf","u":"https://www.enviroportal.sk/eia/dokument/369098","v":8538438,"t":"PDF"}],"typ":"Administratíva"}},{"type":"Feature","geometry":{"type":"Point","coordinates":[17.109367,48.196924]},"properties":{"id":"revitalizacia-parku-na-racianskom-myte-v-bratislave","nazov":"Revitalizácia parku na Račianskom mýte v Bratislave","firma":"Mestská časť Bratislava – Nové Mesto, Junácka 1","ico":"00603317","obec":"Bratislava - Nové Mesto","stav":"Akcia je ukončená v procese EIA","urad":"MČ Bratislava - Nove MEsto, OUZP BA","skupina":"","zhluk":"","presnost":"približná","zmena":"2021-05-06","faza":"posúdené","dok":5,"typ":"Zeleň a verejný priestor"}},{"type":"Feature","geometry":{"type":"Point","coordinates":[17.164298,48.166567]},"properties":{"id":"revitalizacia-prestupneho-dopravneho-terminalu-v-bernolakove-stanicna-","nazov":"Revitalizácia prestupného dopravného terminálu v Bernolákove – Staničná ulica, Bernolákovo","firma":"Obec Bernolákovo, obecný úrad, Hlavná 111","ico":"304662","obec":"Bernolákovo","stav":"Podnet","urad":"Obec Ivanka pri Dunaji, Stavebný úrad, Štefánikova 12, 900 28 Ivanka pri Dunaji","skupina":"","zhluk":"hlavna 111","presnost":"presná","zmena":"2019-08-28","faza":"zámer","dok":4,"typ":"Zeleň a verejný priestor"}},{"type":"Feature","geometry":{"type":"Point","coordinates":[17.109126,48.199317]},"properties":{"id":"revitalizacia-sanatoria-zelezna-studnicka","nazov":"Revitalizácia Sanatória Železná studnička","firma":"Železná studnička, a.s., Plynárenská 7/A","ico":"36286826","obec":"Bratislava - Nové Mesto","stav":"Podlieha ďalšiemu posudzovaniu","urad":"MČ BA - Nové Mesto, OU BA OSZP","skupina":"","zhluk":"plynarenska a","presnost":"približná","zmena":"2014-12-12","faza":"zámer","dok":26,"plany":[{"p":"Príloha č. 15 - NARABANIE S ODPAD. VODAMI - schéma.jpg","u":"https://www.enviroportal.sk/eia/dokument/220814","v":813424,"t":"JPG"},{"p":"Príloha č. 22 - Protokol o vykonaní evidenčnej zmeny - OÚ BA","u":"https://www.enviroportal.sk/eia/dokument/220821","v":932971,"t":"PDF"},{"p":"Príloha č. 19 - Ziadost o nápravu vyňatia z CHKO.JPG","u":"https://www.enviroportal.sk/eia/dokument/220818","v":445638,"t":"JPG"},{"p":"Príloha č. 1 - Prehľadná situácia.pdf","u":"https://www.enviroportal.sk/eia/dokument/220780","v":192391,"t":"PDF"},{"p":"Príloha č. 2 - Ortofotomapa.pdf","u":"https://www.enviroportal.sk/eia/dokument/220781","v":425030,"t":"PDF"}],"typ":"Vybavenosť"}},{"type":"Feature","geometry":{"type":"Point","coordinates":[17.171937,48.144907]},"properties":{"id":"revitalizacia-sidliska-ruzinov-ostredky-bratislava","nazov":"Revitalizácia sídliska Ružinov Ostredky - Bratislava","firma":"RISTON, s.r.o., Trnavská 70","ico":"44715366","obec":"Bratislava - Ružinov","stav":"Akcia je ukončená v procese EIA","urad":"MČ Bratislava Ružinov","skupina":"","zhluk":"trnavska 70","presnost":"približná","zmena":"2013-12-04","faza":"posúdené","dok":3,"typ":"Polyfunkcia"}},{"type":"Feature","geometry":{"type":"Point","coordinates":[17.101792,48.198853]},"properties":{"id":"revitalizacia-transformacia-casti-brownfieldu-palma","nazov":"Revitalizácia a transformácia časti brownfieldu PALMA","firma":"CG SK SPV 1 s.r.o., Mýtna 48","ico":"54765447","obec":"Bratislava - Nové Mesto","stav":"Akcia je ukončená v procese EIA","urad":"Mestská časť Bratislava - Nové Mesto, Junácka 1, 832 91 Bratislava Okresný úrad Bratislava","skupina":"Corwin","zhluk":"mytna 48","presnost":"približná","zmena":"2026-02-27","faza":"posúdené","dok":8,"plany":[{"p":"prílohy zámeru navrhovanej činnosti.pdf","u":"https://www.enviroportal.sk/eia/dokument/376546","v":62245312,"t":"PDF"},{"p":"správa o hodnotení navrhovanej činnosti a prílohy.pdf","u":"https://www.enviroportal.sk/eia/dokument/389311","v":321637439,"t":"PDF"}],"typ":"Bývanie"}},{"type":"Feature","geometry":{"type":"Point","coordinates":[17.213994,48.123072]},"properties":{"id":"revitalizacia-verejneho-priestranstva-centralny-park-centralna-oddycho","nazov":"Revitalizácia verejného priestranstva - Centrálny Park \"Centrálna oddychová zóna Vesna/ Vetvár\", \"Centrálna oddychová zóna Padlých hrdinov","firma":"Mestskú časť Bratislava - Podunajské Biskupice, Trojičné námestie 11","ico":"00641383","obec":"Bratislava - Podunajské Biskupice","stav":"Akcia je ukončená v procese EIA","urad":"","skupina":"","zhluk":"","presnost":"presná","zmena":"2013-09-03","ulica":"Padlých hrdinov","faza":"posúdené","dok":10,"plany":[{"p":"Priloha 1_mapa","u":"https://www.enviroportal.sk/eia/dokument/184090","v":1264402,"t":"PDF"},{"p":"Priloha 3_stanovisko OPAK","u":"https://www.enviroportal.sk/eia/dokument/184095","v":1047435,"t":"PDF"},{"p":"Priloha 3_stanovisko OPAK 2009","u":"https://www.enviroportal.sk/eia/dokument/184093","v":373944,"t":"PDF"},{"p":"Priloha 4_vypis z katastra","u":"https://www.enviroportal.sk/eia/dokument/184094","v":6148052,"t":"PDF"},{"p":"Priloha 4_stanovisko Magistrat hl. m. SR BA","u":"https://www.enviroportal.sk/eia/dokument/184096","v":790790,"t":"PDF"}],"typ":"Zeleň a verejný priestor"}},{"type":"Feature","geometry":{"type":"Point","coordinates":[17.097675,48.153184]},"properties":{"id":"rezidencia-bottova","nazov":"REZIDENCIA BOTTOVA","firma":"Development 5, s.r.o., Eurovea Central 2, Pribinova 6","ico":"43837671","obec":"Bratislava - Staré Mesto","stav":"Akcia je ukončená v procese EIA","urad":"MÚ MČ BA - Staré Mesto, OÚBA","skupina":"","zhluk":"","presnost":"približná","zmena":"2018-06-12","faza":"posúdené","dok":5,"typ":"Bývanie"}},{"type":"Feature","geometry":{"type":"Point","coordinates":[17.034581,48.179351]},"properties":{"id":"rezidencia-dubravka-hanulova-bd-hanulova-5-d","nazov":"Rezidencia Dúbravka - Hanulova a BD Hanulova 5/D","firma":"Ing. Peter Králik, s. r. o., Rostovská 42","ico":"47550767","obec":"Bratislava - Dúbravka","stav":"Akcia je ukončená v procese EIA","urad":"MČ Bratislava - Dúbravka (stavebný úrad) Okresný úrad Bratislava, odbor starostlivosti o ž","skupina":"","zhluk":"","presnost":"približná","zmena":"2023-03-13","faza":"posúdené","dok":6,"typ":"Plány a koncepcie"}},{"type":"Feature","geometry":{"type":"Point","coordinates":[17.053729,48.163742]},"properties":{"id":"rezidencia-grunty-liscie-udolie-bratislava","nazov":"Rezidencia Grunty - Líščie údolie, Bratislava","firma":"KOBAX Reality, s. r. o., Palisády 1","ico":"35969911","obec":"Bratislava - Karlova Ves","stav":"Akcia je ukončená v procese EIA","urad":"MČ Bratislava - Karlova Ves","skupina":"","zhluk":"palisady 1","presnost":"približná","zmena":"2013-02-08","faza":"posúdené","dok":10,"plany":[{"p":"dreviny Grunty vykres.pdf","u":"https://www.enviroportal.sk/eia/dokument/20291","v":57049,"t":"PDF"}],"typ":"Bývanie"}},{"type":"Feature","geometry":{"type":"Point","coordinates":[17.037222,48.182497]},"properties":{"id":"rezidencia-harmincova-bytovy-dom-s-polyfunkciou","nazov":"REZIDENCIA HARMINCOVÁ – BYTOVÝ DOM S POLYFUNKCIOU","firma":"J&P, s.r.o., Ovsištské nám. 1","ico":"35841109","obec":"Bratislava - Dúbravka","stav":"Akcia je ukončená v procese EIA","urad":"Mestská časť Bratislava – Dúbravka, stavebný úrad, Žatevná 2, 844 02 Bratislava Okresný úr","skupina":"","zhluk":"","presnost":"približná","zmena":"2016-07-20","faza":"posúdené","dok":7,"typ":"Bývanie"}},{"type":"Feature","geometry":{"type":"Point","coordinates":[17.10956,48.198284]},"properties":{"id":"rezidencia-horizont-bratislava","nazov":"Rezidencia Horizont Bratislava","firma":"REBLOK, a.s., Jelačičova 8 Bratislava","ico":"35700700","obec":"Bratislava - Nové Mesto","stav":"Rozsah hodnotenia","urad":"MC NOVÉ MESTO, OUBA","skupina":"","zhluk":"","presnost":"približná","zmena":"2023-03-02","faza":"zámer","dok":12,"typ":"Bývanie"}},{"type":"Feature","geometry":{"type":"Point","coordinates":[17.10267,48.199963]},"properties":{"id":"rezidencia-horizont","nazov":"Rezidencia Horizont","firma":"METROPOL Slovakia, s.r.o.","ico":"36666882","obec":"Bratislava - Nové Mesto","stav":"Akcia je ukončená v procese EIA","urad":"Miestny úrad MČ Bratislava – Nové Mesto Okresný úrad Bratislava, odbor starostlivosti o ži","skupina":"","zhluk":"","presnost":"približná","zmena":"2020-09-04","faza":"posúdené","dok":3,"plany":[{"p":"Zámer text + prílohy.zip","u":"https://www.enviroportal.sk/eia/dokument/303054","v":27645104,"t":"ZIP"}],"typ":"Bývanie"}},{"type":"Feature","geometry":{"type":"Point","coordinates":[17.551883,48.28723]},"properties":{"id":"rezidencne-centrum-na-partizanskej-ulici-bratislava","nazov":"Rezidenčné centrum na Partizánskej ulici, Bratislava","firma":"KLC SLOVAKIA I. s.r.o., Zochova 5","ico":"35967595","obec":"Bratislava - Staré Mesto","stav":"Akcia je ukončená v procese EIA","urad":"MČ Bratislava - Staré mesto","skupina":"","zhluk":"","presnost":"presná","zmena":"2013-02-19","ulica":"Technická","faza":"posúdené","dok":19,"typ":"Bývanie"}},{"type":"Feature","geometry":{"type":"Point","coordinates":[17.177715,48.148454]},"properties":{"id":"rezidencny-komplex-na-konopnej-ul-bratislava-prievoz","nazov":"Rezidenčný komplex na Konopnej ul., Bratislava - Prievoz","firma":"Konopná Residence, Plynárenská 7/C","ico":"50266993","obec":"Bratislava - Ružinov","stav":"Iný dôvod ukončenia posudzovania","urad":"Miestnu úrad MČ Bratislava - Ružinov","skupina":"","zhluk":"plynarenska c","presnost":"približná","zmena":"2017-09-12","faza":"zámer","dok":14,"plany":[{"p":"Príloha č. 5 - Situácie riešenia navrhovanej činnosti.pdf","u":"https://www.enviroportal.sk/eia/dokument/261139","v":2490668,"t":"PDF"},{"p":"Príloha č. 1 - Mapa širších vzťahov.pdf","u":"https://www.enviroportal.sk/eia/dokument/261135","v":173283,"t":"PDF"},{"p":"Príloha č. 2 - Ortofotomapa.pdf","u":"https://www.enviroportal.sk/eia/dokument/261136","v":281755,"t":"PDF"},{"p":"Príloha č. 3 - Fotodokumentácia.pdf","u":"https://www.enviroportal.sk/eia/dokument/261137","v":650862,"t":"PDF"},{"p":"Príloha č. 4 - Upustenie od VR.pdf","u":"https://www.enviroportal.sk/eia/dokument/261138","v":733809,"t":"PDF"}],"typ":"Bývanie"}},{"type":"Feature","geometry":{"type":"Point","coordinates":[17.018425,48.17077]},"properties":{"id":"rodinne-domy-13-20-lomnicka","nazov":"Rodinné domy 13 - 20, Lomnická","firma":"Lomnická, s.r.o., Dvořákovo nábrežie 10","ico":"35837403","obec":"Bratislava - Devín","stav":"Akcia je ukončená v procese EIA","urad":"MČ Bratislava Devín","skupina":"J&T Real Estate","zhluk":"dvorakovo nabrezie 10","presnost":"približná","zmena":"2012-11-16","faza":"posúdené","dok":19,"plany":[{"p":"mapy_mapa 3a_kataster_6_2012","u":"https://www.enviroportal.sk/eia/dokument/150791","v":1146419,"t":"PDF"},{"p":"mapy_mapa 3b_kataster_9_2012","u":"https://www.enviroportal.sk/eia/dokument/150808","v":1051969,"t":"PDF"},{"p":"mapy_mapa 1_ortofotomapa","u":"https://www.enviroportal.sk/eia/dokument/150806","v":4243650,"t":"PDF"},{"p":"mapy_mapa 2_zakres","u":"https://www.enviroportal.sk/eia/dokument/150790","v":1217771,"t":"PDF"}],"typ":"Bývanie"}},{"type":"Feature","geometry":{"type":"Point","coordinates":[17.108585,48.169211]},"properties":{"id":"rodinne-domy-s-dvomi-bytovymi-jednotkami-rovinka-i-etapa","nazov":"Rodinné domy s dvomi bytovými jednotkami - Rovinka - I. etapa","firma":"Mgr. Juraj Kavacký, Segnerova 9","ico":"","obec":"Rovinka","stav":"Akcia je ukončená v procese EIA","urad":"Obec Rovinka, Okresný úrad Senec, odbor staristlivosti o životné prostredie","skupina":"","zhluk":"","presnost":"presná","zmena":"2016-05-02","faza":"posúdené","dok":17,"plany":[{"p":"C_celkova_situacia.pdf","u":"https://www.enviroportal.sk/eia/dokument/241884","v":1936889,"t":"PDF"},{"p":"D_koordinacna_situacia.pdf","u":"https://www.enviroportal.sk/eia/dokument/241886","v":2302371,"t":"PDF"}],"typ":"Bývanie"}},{"type":"Feature","geometry":{"type":"Point","coordinates":[17.171094,48.14964]},"properties":{"id":"ropovod-bratislava-schwechat","nazov":"Ropovod Bratislava-Schwechat","firma":"Terraprojekt, a.s., Šumavská 38","ico":"31341977","obec":"Bratislava - Ružinov","stav":"Akcia je ukončená v procese EIA","urad":"Stavebný úrad Bratislava V., Kutlíkova 17, Bratislava -Petržalka,","skupina":"","zhluk":"","presnost":"približná","zmena":"2013-12-02","faza":"posúdené","dok":1,"typ":"Výroba a sklady"}},{"type":"Feature","geometry":{"type":"Point","coordinates":[17.16898,48.128204]},"properties":{"id":"rozsirenie-bioenergetickeho-komplexu-bratislava-vlcie-hrdlo","nazov":"Rozšírenie Bioenergetického komplexu Bratislava - Vlčie hrdlo","firma":"Energo commerce, s.r.o., Šoltésovej 2","ico":"46557539","obec":"Bratislava - Ružinov","stav":"Podlieha ďalšiemu posudzovaniu","urad":"MČ Bratislava - Ružinov, OÚ BA, orgán odpadového hospodárstva, ochrana ovzdušia","skupina":"","zhluk":"","presnost":"presná","zmena":"2015-01-19","ulica":"Vlčie hrdlo","faza":"dokončené","doklad":"Oznámenie.","dok":10,"plany":[{"p":"Príloha č. 1.pdf","u":"https://www.enviroportal.sk/eia/dokument/222177","v":1847727,"t":"PDF"},{"p":"Príloha č. 2.pdf","u":"https://www.enviroportal.sk/eia/dokument/222178","v":520393,"t":"PDF"},{"p":"Príloha č. 3.pdf","u":"https://www.enviroportal.sk/eia/dokument/222179","v":182858,"t":"PDF"},{"p":"Príloha č. 6.pdf","u":"https://www.enviroportal.sk/eia/dokument/222182","v":174000,"t":"PDF"},{"p":"príloha č. 4.pdf","u":"https://www.enviroportal.sk/eia/dokument/222180","v":53264,"t":"PDF"}],"typ":"Výroba a sklady"}},{"type":"Feature","geometry":{"type":"Point","coordinates":[17.108013,48.195526]},"properties":{"id":"rozsirenie-cirkulacnej-chladiacej-stanice-ps-16","nazov":"Rozšírenie Cirkulačnej chladiacej stanice PS 16","firma":"Duslo, a. s., Administratívna budova, ev.č. 1236","ico":"35826487","obec":"Bratislava - Nové Mesto","stav":"Akcia je ukončená v procese EIA","urad":"Slovenská inšpekcia životného prostredia, Inšpektorát životného prostredia Bratislava, Jes","skupina":"","zhluk":"","presnost":"približná","zmena":"2016-03-04","faza":"dokončené","doklad":"Oznámenie.","dok":3,"typ":"Výroba a sklady"}},{"type":"Feature","geometry":{"type":"Point","coordinates":[17.184815,48.217671]},"properties":{"id":"rozsirenie-dialnice-d1-na-6-pruh-v-useku-bratislava-senec","nazov":"Rozšírenie diaľnice D1 na 6 pruh v úseku Bratislava - Senec","firma":"Národná diaľničná spoločnosť a.s., Mlynské Nivy 45","ico":"35919001","obec":"Bratislava - Vajnory","stav":"Akcia je ukončená v procese EIA","urad":"Bratislava, Senec, Ivanka pri Dunaji, Bernolákovo, Veľký Biel, Chorvátsky Grob","skupina":"","zhluk":"mlynske nivy 45","presnost":"približná","zmena":"2013-07-29","faza":"dokončené","doklad":"Oznámenie.","dok":18,"plany":[{"p":"situácia","u":"https://www.enviroportal.sk/eia/dokument/43008","v":1837146,"t":"PDF"},{"p":"príloha  1.2","u":"https://www.enviroportal.sk/eia/dokument/43009","v":728137,"t":"PDF"},{"p":"príloha  2","u":"https://www.enviroportal.sk/eia/dokument/43010","v":167193,"t":"PDF"},{"p":"príloha  3.1","u":"https://www.enviroportal.sk/eia/dokument/43011","v":759067,"t":"PDF"},{"p":"príloha  3.2","u":"https://www.enviroportal.sk/eia/dokument/43012","v":807588,"t":"PDF"}],"typ":"Doprava"}},{"type":"Feature","geometry":{"type":"Point","coordinates":[17.020362,48.167872]},"properties":{"id":"rozsirenie-haly-h7-o-vyrobne-logisticke-priestory","nazov":"Rozšírenie haly H7 o výrobné a logistické priestory","firma":"VOLKSWAGEN SLOVAKIA, a. s., J. Jonáša 1","ico":"35757442","obec":"Bratislava - Devínska Nová Ves","stav":"Akcia je ukončená v procese EIA","urad":"MČ Bratislava - Devínska Nová Ves Okresný úrad Bratislava","skupina":"","zhluk":"j jonasa 1","presnost":"približná","zmena":"2022-02-18","faza":"dokončené","doklad":"Oznámenie.","dok":5,"typ":"Výroba a sklady"}},{"type":"Feature","geometry":{"type":"Point","coordinates":[17.101371,48.069506]},"properties":{"id":"rozsirenie-hausbotovej-osady-na-jaroveckom-ramene-dunaja","nazov":"Rozšírenie hausbótovej osady na Jaroveckom ramene Dunaja","firma":"","ico":"","obec":"Bratislava - Jarovce","stav":"Akcia je ukončená v procese EIA","urad":"Dopravný úrad, Divízia vnútrozemskej plavby Bratislava, Prístavná 10, 821 09 Bratislava Ok","skupina":"","zhluk":"","presnost":"približná","zmena":"2021-01-11","faza":"dokončené","doklad":"Oznámenie.","dok":5,"typ":"Vybavenosť"}},{"type":"Feature","geometry":{"type":"Point","coordinates":[17.10787,48.195448]},"properties":{"id":"rozsirenie-hlbkotlacoveho-zavodu-burda-s-g-s-r-o-bratislava","nazov":"Rozšírenie hĺbkotlačového závodu BURDA S.G., s.r.o., Bratislava","firma":"Burda S.G., spol. s r.o., Stará Vajnorská 9","ico":"35754214","obec":"Bratislava - Nové Mesto","stav":"Akcia je ukončená v procese EIA","urad":"SIŽP Bratislava, MČ Bratislava - Nové Mesto, Magistrát HM SR Bratislavy","skupina":"","zhluk":"","presnost":"približná","zmena":"2013-05-06","faza":"dokončené","doklad":"Oznámenie.","dok":17,"plany":[{"p":"situácia","u":"https://www.enviroportal.sk/eia/dokument/27367","v":1436916,"t":"PDF"},{"p":"príloha","u":"https://www.enviroportal.sk/eia/dokument/27380","v":306497,"t":"PDF"},{"p":"mapa","u":"https://www.enviroportal.sk/eia/dokument/27379","v":176499,"t":"PDF"}],"typ":"Výroba a sklady"}},{"type":"Feature","geometry":{"type":"Point","coordinates":[17.152857,48.169445]},"properties":{"id":"rozsirenie-kanalizacie-slovensky-grob-ulica-pri-stadione-chorvatska-ul","nazov":"Rozšírenie kanalizácie Slovenský Grob, Ulica Pri štadióne a Chorvátska ulica","firma":"HYDROTEAM, Varšavská 3","ico":"305073","obec":"Slovenský Grob","stav":"Akcia je ukončená v procese EIA","urad":"Okresný úrad Pezinok, OSZP, štátna vodná správa Spoločný stavebný úrad, Obecný úrad Viničn","skupina":"","zhluk":"","presnost":"presná","zmena":"2014-09-18","faza":"dokončené","doklad":"Oznámenie.","dok":2,"typ":"Vybavenosť"}},{"type":"Feature","geometry":{"type":"Point","coordinates":[17.019869,48.172774]},"properties":{"id":"rozsirenie-kapacit-srotoveho-hospodarstva-hala-i11-volkswagen-slovakia","nazov":"Rozšírenie kapacít šrotového hospodárstva - Hala I11 VOLKSWAGEN SLOVAKIA, a.s.","firma":"VOLKSWAGEN SLOVAKIA, a.s., J. Jonáša 1","ico":"35757442","obec":"Bratislava - Devínska Nová Ves","stav":"Akcia je ukončená v procese EIA","urad":"Mestská časť Bratislava - Devínska Nová Ves, OÚŽB BA odbor OH","skupina":"","zhluk":"j jonasa 1","presnost":"približná","zmena":"2013-07-01","faza":"dokončené","doklad":"Oznámenie.","dok":3,"typ":"Výroba a sklady"}},{"type":"Feature","geometry":{"type":"Point","coordinates":[17.024797,48.168049]},"properties":{"id":"rozsirenie-kapacity-montaznej-linky-suv-v-hale-h3","nazov":"Rozšírenie kapacity montážnej linky SUV v hale H3","firma":"VOLKSWAGEN SLOVAKIA, a.s., J. Jonáša 1","ico":"","obec":"Bratislava - Devínska Nová Ves","stav":"Akcia je ukončená v procese EIA","urad":"MČ BA- Devínska Nová Ves","skupina":"","zhluk":"","presnost":"približná","zmena":"2012-02-01","faza":"dokončené","doklad":"Oznámenie.","dok":5,"plany":[{"p":"príloha 3 dokumentacia","u":"https://www.enviroportal.sk/eia/dokument/133027","v":498570,"t":"PDF"},{"p":"príloha 1 Rozhodnutie_Volkswagen H6 a H3","u":"https://www.enviroportal.sk/eia/dokument/133046","v":126467,"t":"PDF"},{"p":"príloha 2 vyjadrenie OPaK k oznameniu","u":"https://www.enviroportal.sk/eia/dokument/133047","v":544620,"t":"JPG"}],"typ":"Výroba a sklady"}},{"type":"Feature","geometry":{"type":"Point","coordinates":[17.177827,48.146882]},"properties":{"id":"rozsirenie-kapacity-nadzemnych-skladovacich-blendovacich-sil-na-vyrobn","nazov":"Rozšírenie kapacity nadzemných skladovacích a blendovacích síl na výrobnej jednotke Polypropylén (PP) 3 v areáli SLOVNAFT, a.s.","firma":"SLOVNAFT, a.s., Vlčie hrdlo 1","ico":"31322832","obec":"Bratislava - Ružinov","stav":"Akcia je ukončená v procese EIA","urad":"Slovenská inšpekcia životného prostredia – Inšpektorát životného prostredia Bratislava, Je","skupina":"","zhluk":"vlcie hrdlo 1","presnost":"približná","zmena":"2018-12-21","faza":"dokončené","doklad":"Oznámenie.","dok":4,"typ":"Výroba a sklady"}},{"type":"Feature","geometry":{"type":"Point","coordinates":[17.177915,48.147594]},"properties":{"id":"rozsirenie-kapacity-nadzemnych-skladovacich-sil-na-vyrobnej-jednotke-p","nazov":"Rozšírenie kapacity nadzemných skladovacích síl na výrobnej jednotke Polypropylén (PP) 3 v areáli SLOVNAFT, a.s.","firma":"SLOVNAFT, a.s., Vlčie hrdlo 1","ico":"31322832","obec":"Bratislava - Ružinov","stav":"Akcia je ukončená v procese EIA","urad":"Slovenská inšpekcia životného prostredia, Inšpektorát životného prostredia Bratislava, Jes","skupina":"","zhluk":"vlcie hrdlo 1","presnost":"približná","zmena":"2015-12-08","faza":"dokončené","doklad":"Oznámenie.","dok":3,"typ":"Výroba a sklady"}},{"type":"Feature","geometry":{"type":"Point","coordinates":[17.026401,48.170373]},"properties":{"id":"rozsirenie-logistickej-plochy-haly-h7-volkswagen-slovakia-","nazov":"Rozšírenie logistickej plochy haly H7, Volkswagen Slovakia, a.s.","firma":"Volkswagen Slovakia, a.s., Jána Jonáša 1","ico":"35757442","obec":"Bratislava - Devínska Nová Ves","stav":"Akcia je ukončená v procese EIA","urad":"MČ BA - Devínska Nová Ves","skupina":"","zhluk":"j jonasa 1","presnost":"približná","zmena":"2015-09-04","faza":"dokončené","doklad":"Oznámenie.","dok":8,"plany":[{"p":"Priloha_3_LV 1993.pdf","u":"https://www.enviroportal.sk/eia/dokument/229767","v":143550,"t":"PDF"},{"p":"Priloha_4_009-51508-157-003-A1_H07-KAT.pdf","u":"https://www.enviroportal.sk/eia/dokument/229810","v":215255,"t":"PDF"}],"typ":"Výroba a sklady"}},{"type":"Feature","geometry":{"type":"Point","coordinates":[17.020066,48.172887]},"properties":{"id":"rozsirenie-montaznej-haly-h3-cast-finis-nove-chladivo","nazov":"Rozšírenie montážnej haly H3 –časť Finiš a nové chladivo","firma":"Volkswagen Slovakia, a.s., Jána Jonáša 1","ico":"35757442","obec":"Bratislava - Devínska Nová Ves","stav":"Akcia je ukončená v procese EIA","urad":"1.Mestská časť Bratislava Devínska Nová Ves, Novoveská 17/A, 841 08, BA 2. Okresný úrad Br","skupina":"","zhluk":"j jonasa 1","presnost":"približná","zmena":"2015-07-30","faza":"dokončené","doklad":"Oznámenie.","dok":14,"plany":[{"p":"Priloha_5_1_IST_STAND.jpg","u":"https://www.enviroportal.sk/eia/dokument/228287","v":1509921,"t":"JPG"},{"p":"Priloha_6_2_WETTERFEST_ANBAU_H3.jpg","u":"https://www.enviroportal.sk/eia/dokument/228288","v":1427279,"t":"JPG"},{"p":"Priloha_3_Vypis z LV.pdf","u":"https://www.enviroportal.sk/eia/dokument/228285","v":143729,"t":"PDF"},{"p":"Priloha_4_Katastralna_D.3_VW_FIN_SITUACIA_KATASTRALNA.pdf","u":"https://www.enviroportal.sk/eia/dokument/228286","v":714887,"t":"PDF"},{"p":"Priloha_7_HFO_Tanklager Bratislava 2_Übersichtsplan.pdf","u":"https://www.enviroportal.sk/eia/dokument/228289","v":337195,"t":"PDF"}],"typ":"Výroba a sklady"}},{"type":"Feature","geometry":{"type":"Point","coordinates":[17.089274,48.123996]},"properties":{"id":"rozsirenie-nahradneho-zdroja-el-energie-kopcianska-ulica-bratislava","nazov":"Rozšírenie náhradného zdroja el. energie, Kopčianska ulica, Bratislava","firma":"DCBA, s. r. o., Kopčianska 92/D","ico":"45427585","obec":"Bratislava - Petržalka","stav":"Akcia je ukončená v procese EIA","urad":"MČ Bratislava - Petržalka","skupina":"","zhluk":"","presnost":"približná","zmena":"2014-11-13","faza":"dokončené","doklad":"Oznámenie.","dok":12,"plany":[{"p":"Situácia širšie vzťahy","u":"https://www.enviroportal.sk/eia/dokument/218628","v":209389,"t":"PDF"},{"p":"Situácia varianty","u":"https://www.enviroportal.sk/eia/dokument/218602","v":141056,"t":"PDF"},{"p":"Mapa","u":"https://www.enviroportal.sk/eia/dokument/218627","v":712982,"t":"PDF"}],"typ":"Výroba a sklady"}},{"type":"Feature","geometry":{"type":"Point","coordinates":[17.019631,48.172615]},"properties":{"id":"rozsirenie-parkovacich-kapacit-volkswagen-slovakia-pri-objekte-h3a-","nazov":"Rozšírenie parkovacích kapacít Volkswagen Slovakia, a.s., pri objekte H3a","firma":"VOLKSWAGEN SLOVAKIA, a.s., J. Jonáša 1","ico":"35757442","obec":"Bratislava - Devínska Nová Ves","stav":"Akcia je ukončená v procese EIA","urad":"Mestská časť Bratislava – Devínska Nová Ves, Istrijská 49, 843 10 Bratislava","skupina":"","zhluk":"j jonasa 1","presnost":"približná","zmena":"2015-12-21","faza":"dokončené","doklad":"Oznámenie.","dok":4,"plany":[{"p":"Priloha1234.pdf","u":"https://www.enviroportal.sk/eia/dokument/235015","v":16442143,"t":"PDF"}],"typ":"Bývanie"}},{"type":"Feature","geometry":{"type":"Point","coordinates":[17.024534,48.172991]},"properties":{"id":"rozsirenie-parkovacich-kapacit-volkswagen-slovakia-pri-objekte-h3a-ii-","nazov":"Rozšírenie parkovacích kapacít Volkswagen Slovakia, a.s., pri objekte H3a – II. etapa","firma":"VOLKSWAGEN SLOVAKIA, a. s. J. Jonáša 1","ico":"35757442","obec":"Bratislava - Devínska Nová Ves","stav":"Akcia je ukončená v procese EIA","urad":"Mesto Bratislava, mestský úrad, ref. špeciálneho stavebného úradu, Primaciálne námestie č.","skupina":"","zhluk":"j jonasa 1","presnost":"približná","zmena":"2018-03-01","faza":"dokončené","doklad":"Oznámenie.","dok":4,"typ":"Bývanie"}},{"type":"Feature","geometry":{"type":"Point","coordinates":[17.109515,48.197333]},"properties":{"id":"rozsirenie-prevadzky-na-vykup-spracovanie-zelezneho-srotu-farebnych-ko","nazov":"Rozšírenie prevádzky na výkup a spracovanie železného šrotu a farebných kovov v areáli závodu Istrochem, a.s. Bratislava - Nové Mesto","firma":"TSR Slovakia, s.r.o., Rontgenova 28","ico":"47258811","obec":"Bratislava - Nové Mesto","stav":"Akcia je ukončená v procese EIA","urad":"MČ BA - Nové Mesto","skupina":"","zhluk":"rontgenova 28","presnost":"približná","zmena":"2018-01-11","faza":"dokončené","doklad":"Oznámenie.","dok":9,"plany":[{"p":"Príloha_TSR BA_LV_parcela 13569-74.pdf","u":"https://www.enviroportal.sk/eia/dokument/262743","v":104011,"t":"PDF"},{"p":"Príloha_TSR BA_rozhodnutie zo zisťovacieho konania_2013.pdf","u":"https://www.enviroportal.sk/eia/dokument/262741","v":555393,"t":"PDF"},{"p":"Príloha_TSR BA_LV_Parcela 13569-48.pdf","u":"https://www.enviroportal.sk/eia/dokument/262742","v":104163,"t":"PDF"},{"p":"Príloha_TSR BA_umiestnenie navrhovanej činnosti.pdf","u":"https://www.enviroportal.sk/eia/dokument/262744","v":351409,"t":"PDF"},{"p":"Príloha_TSR_BA_geodetické zameranie.pdf","u":"https://www.enviroportal.sk/eia/dokument/262745","v":523811,"t":"PDF"}],"typ":"Výroba a sklady"}},{"type":"Feature","geometry":{"type":"Point","coordinates":[17.177561,48.14875]},"properties":{"id":"rozsirenie-skladovej-kapacity-logisticke-haly","nazov":"Rozšírenie skladovej kapacity – Logistické haly","firma":"Verejné prístavy, a.s., Prístavná 10","ico":"36856541","obec":"Bratislava - Ružinov","stav":"Oznámenie o zmene","urad":"Miestny úrad Bratislava-Ružinov","skupina":"","zhluk":"pristavna 10","presnost":"približná","zmena":"2026-08-12","faza":"dokončené","doklad":"Oznámenie.","dok":3,"plany":[{"p":"Prílohy","u":"https://www.enviroportal.sk/eia/dokument/405586","v":7166520,"t":"ZIP"}],"typ":"Výroba a sklady"}},{"type":"Feature","geometry":{"type":"Point","coordinates":[17.207676,48.10769]},"properties":{"id":"rozsirenie-tazby-strkopieskov-na-lozisku-podunajske-biskupice","nazov":"Rozšírenie ťažby štrkopieskov na ložisku Podunajské Biskupice","firma":"ASS SEHRING Bratislava, s.r.o., Hany Miličkovej 15A, Bratislava","ico":"35762021","obec":"Bratislava - Podunajské Biskupice","stav":"Akcia je ukončená v procese EIA","urad":"OU Bratislava I, OU Bratislava II,","skupina":"","zhluk":"","presnost":"približná","zmena":"2017-07-24","faza":"dokončené","doklad":"Oznámenie.","dok":3,"typ":"Výroba a sklady"}},{"type":"Feature","geometry":{"type":"Point","coordinates":[17.093287,48.122989]},"properties":{"id":"rozsirenie-veterneho-parku-v-obci-kittsee","nazov":"Rozšírenie veterného parku v obci Kittsee","firma":"Austrian Wind Power GmbH (v ďaľšom skrátene označovaná ako „AWP“), Kas","ico":"","obec":"Bratislava - Petržalka","stav":"Zámer","urad":"","skupina":"","zhluk":"","presnost":"približná","zmena":"2013-08-06","faza":"dokončené","doklad":"Oznámenie.","dok":2,"typ":"Zeleň a verejný priestor"}},{"type":"Feature","geometry":{"type":"Point","coordinates":[17.048471,48.202992]},"properties":{"id":"rozsirenie-vyrobnej-kapacity-v-podniku-volkswagen-slovakia--iii-etapa","nazov":"Rozšírenie výrobnej kapacity v podniku Volkswagen Slovakia, a.s. - III.etapa","firma":"Vilkswagen Slovakia a.s., J. Jonáša 1, Bratislava","ico":"35757442","obec":"Bratislava - Lamač","stav":"Akcia je ukončená v procese EIA","urad":"OU Bratislava I, OU Bratislava IV,","skupina":"","zhluk":"j jonasa 1","presnost":"približná","zmena":"2004-05-11","faza":"dokončené","doklad":"Oznámenie.","dok":2,"typ":"Výroba a sklady"}},{"type":"Feature","geometry":{"type":"Point","coordinates":[17.131964,48.220952]},"properties":{"id":"rozsirenie-vyrobnych-kapacit-spolocnosti-zapa","nazov":"Rozšírenie vyrobných kapacít spoločnosti ZAPA","firma":"ZAPA beton SK, s. r. o., Vajnorská 142","ico":"35814497","obec":"Bratislava - Rača","stav":"Akcia je ukončená v procese EIA","urad":"OÚBA- odbor starostlivosti o životné prostredie, MČ Bratislava - Rača - odd. územného plán","skupina":"","zhluk":"","presnost":"približná","zmena":"2018-11-08","faza":"dokončené","doklad":"Oznámenie.","dok":5,"typ":"Administratíva"}},{"type":"Feature","geometry":{"type":"Point","coordinates":[17.019187,48.172237]},"properties":{"id":"rozsirenie-vyrobnych-kapacit-volkswagen-slovakia--objekt-h3a","nazov":"Rozšírenie výrobných kapacít Volkswagen Slovakia, a.s. – objekt H3a","firma":"Volkswagen Slovakia, a.s., J. Jonáša 1","ico":"35757442","obec":"Bratislava - Devínska Nová Ves","stav":"Akcia je ukončená v procese EIA","urad":"Mestská časť Bratislava – Devínska Nová Ves, MDVaRR, sekcia železničnej dopravy a dráh, dr","skupina":"","zhluk":"j jonasa 1","presnost":"približná","zmena":"2015-09-07","faza":"dokončené","doklad":"Oznámenie.","dok":6,"typ":"Výroba a sklady"}},{"type":"Feature","geometry":{"type":"Point","coordinates":[17.021404,48.173357]},"properties":{"id":"rozsirenie-vyrobnych-kapacit-volkswagen-slovakia--zmena-vymery-lisovne","nazov":"Rozšírenie výrobných kapacít VOLKSWAGEN SLOVAKIA, a.s. - Zmena výmery lisovne H7","firma":"VOLKSWAGEN SLOVAKIA, a.s., J. Jonáša 1","ico":"","obec":"Bratislava - Devínska Nová Ves","stav":"Akcia je ukončená v procese EIA","urad":"MČ BA- DNV","skupina":"","zhluk":"","presnost":"približná","zmena":"2013-09-11","faza":"dokončené","doklad":"Oznámenie.","dok":4,"plany":[{"p":"Priloha _LV","u":"https://www.enviroportal.sk/eia/dokument/184929","v":103842,"t":"PDF"},{"p":"Vyjadrenie_priloha","u":"https://www.enviroportal.sk/eia/dokument/184931","v":6803215,"t":"RTF"}],"typ":"Výroba a sklady"}},{"type":"Feature","geometry":{"type":"Point","coordinates":[17.024825,48.17284]},"properties":{"id":"rozsirenie-vyrobnych-kapacit-volkswagen-slovakia-bratislava-zvarovna-h","nazov":"Rozšírenie výrobných kapacít Volkswagen Slovakia, a.s. Bratislava, Zvarovňa H4c","firma":"Volkswagen Slovakia, a.s., J. Jonáša 4","ico":"35757442","obec":"Bratislava - Devínska Nová Ves","stav":"Akcia je ukončená v procese EIA","urad":"Mestská časť Bratislava – Devínska Nová Ves, Novoveská 17/A, 843 10 Bratislava 49","skupina":"","zhluk":"j jonasa 1","presnost":"približná","zmena":"2015-02-16","faza":"dokončené","doklad":"Oznámenie.","dok":3,"typ":"Výroba a sklady"}},{"type":"Feature","geometry":{"type":"Point","coordinates":[17.022278,48.173451]},"properties":{"id":"rozsirenie-vyrobnych-kapacit-volkswagen-slovakia-objekt-h2","nazov":"Rozšírenie výrobných kapacít VOLKSWAGEN SLOVAKIA, a.s. objekt H2","firma":"VOLKSWAGEN SLOVAKIA, a.s., J. Jonáša 1","ico":"35757442","obec":"Bratislava - Devínska Nová Ves","stav":"Akcia je ukončená v procese EIA","urad":"Bratislava DNV, SIŽP Bratislava","skupina":"","zhluk":"j jonasa 1","presnost":"približná","zmena":"2009-08-10","faza":"dokončené","doklad":"Oznámenie.","dok":27,"plany":[{"p":"príloha 2.1","u":"https://www.enviroportal.sk/eia/dokument/79071","v":1820213,"t":"PDF"},{"p":"príloha 3","u":"https://www.enviroportal.sk/eia/dokument/79076","v":1563650,"t":"PDF"},{"p":"príloha 2.5","u":"https://www.enviroportal.sk/eia/dokument/79075","v":364131,"t":"PDF"},{"p":"príloha 2.4","u":"https://www.enviroportal.sk/eia/dokument/79074","v":36878,"t":"PDF"},{"p":"príloha 2.3","u":"https://www.enviroportal.sk/eia/dokument/79073","v":277823,"t":"PDF"}],"typ":"Výroba a sklady"}},{"type":"Feature","geometry":{"type":"Point","coordinates":[17.025299,48.172521]},"properties":{"id":"rozsirenie-vyrobnych-kapacit-volkswagen-slovakia-s--zmena-vymery-zvaro","nazov":"Rozšírenie výrobných kapacít VOLKSWAGEN SLOVAKIA, a. s. - Zmena výmery Zvarovne H4a","firma":"VOLKSWAGEN SLOVAKIA, a.s., J. Jonáša 1","ico":"35757442","obec":"Bratislava - Devínska Nová Ves","stav":"Akcia je ukončená v procese EIA","urad":"MČ Bratislava - Devínska Nová Ves","skupina":"","zhluk":"j jonasa 1","presnost":"približná","zmena":"2012-08-07","faza":"dokončené","doklad":"Oznámenie.","dok":7,"plany":[{"p":"príloha 1","u":"https://www.enviroportal.sk/eia/dokument/145329","v":411531,"t":"PDF"},{"p":"príloha 5","u":"https://www.enviroportal.sk/eia/dokument/145333","v":78284,"t":"PDF"},{"p":"príloha 3","u":"https://www.enviroportal.sk/eia/dokument/145331","v":256850,"t":"PDF"},{"p":"príloha 4","u":"https://www.enviroportal.sk/eia/dokument/145332","v":2553180,"t":"PDF"},{"p":"príloha 2","u":"https://www.enviroportal.sk/eia/dokument/145330","v":103817,"t":"PDF"}],"typ":"Výroba a sklady"}},{"type":"Feature","geometry":{"type":"Point","coordinates":[17.018884,48.169025]},"properties":{"id":"rozsirenie-vyrobnych-kapacit-volkswagen-slovakia-s-linka-brusenia-diel","nazov":"Rozšírenie výrobných kapacít Volkswagen Slovakia, a. s. - linka brúsenia dielov karosérie, vytvrdzovacia linka lepených dielov, zmena výmery výrobnej ","firma":"VOLKSWAGEN SLOVAKIA, a.s., J. Jonáša 1","ico":"35757442","obec":"Bratislava - Devínska Nová Ves","stav":"Akcia je ukončená v procese EIA","urad":"Mestská časť Bratislava - Devínska Nová Ves","skupina":"","zhluk":"j jonasa 1","presnost":"približná","zmena":"2014-02-13","faza":"dokončené","doklad":"Oznámenie.","dok":3,"plany":[{"p":"príloha final","u":"https://www.enviroportal.sk/eia/dokument/205867","v":7643678,"t":"PDF"}],"typ":"Výroba a sklady"}},{"type":"Feature","geometry":{"type":"Point","coordinates":[17.02175,48.173412]},"properties":{"id":"rozsirenie-vyrobnych-kapacit-volkswagen-slovakia-s-striekacia-kabina-v","nazov":"Rozšírenie výrobných kapacít Volkswagen Slovakia, a. s. - striekacia kabína v pilotnej hale H5","firma":"VOLKSWAGEN SLOVAKIA, a.s., J. Jonáša 1","ico":"35757442","obec":"Bratislava - Devínska Nová Ves","stav":"Akcia je ukončená v procese EIA","urad":"Okresný úrad Bratislava, OSŹP, odd. ochrany prírody a vybr. zložiek ŽP","skupina":"","zhluk":"j jonasa 1","presnost":"približná","zmena":"2014-05-16","faza":"dokončené","doklad":"Oznámenie.","dok":4,"plany":[{"p":"Príloha 1 LV","u":"https://www.enviroportal.sk/eia/dokument/213432","v":105135,"t":"PDF"}],"typ":"Výroba a sklady"}},{"type":"Feature","geometry":{"type":"Point","coordinates":[17.018954,48.168933]},"properties":{"id":"rozsirenie-vyrobnych-kapacit-volkswagen-slovakia-s-suv","nazov":"Rozšírenie výrobných kapacít VOLKSWAGEN SLOVAKIA, a. s. – SUV","firma":"VOLKSWAGEN SLOVAKIA, a. s. J. Jonáša 1","ico":"35757442","obec":"Bratislava - Devínska Nová Ves","stav":"Akcia je ukončená v procese EIA","urad":"","skupina":"","zhluk":"j jonasa 1","presnost":"približná","zmena":"2012-04-17","faza":"dokončené","doklad":"Oznámenie.","dok":2,"typ":"Výroba a sklady"}},{"type":"Feature","geometry":{"type":"Point","coordinates":[17.025347,48.168422]},"properties":{"id":"rozsirenie-vyrobnych-kapacit-volkswagen-slovakia-s-zvarovna-h4a","nazov":"Rozšírenie výrobných kapacít VOLKSWAGEN SLOVAKIA, a. s. - Zvarovňa H4a","firma":"VOLKSWAGEN SLOVAKIA, a.s., J. Jonáša 1","ico":"35757442","obec":"Bratislava - Devínska Nová Ves","stav":"Akcia je ukončená v procese EIA","urad":"Mestská časť Bratislava - Devínska Nová Ves, OÚŽP v BA, odbor ŠVS","skupina":"","zhluk":"j jonasa 1","presnost":"približná","zmena":"2011-12-12","faza":"dokončené","doklad":"Oznámenie.","dok":9,"plany":[{"p":"Prílohy H4a","u":"https://www.enviroportal.sk/eia/dokument/128158","v":264109,"t":"PDF"}],"typ":"Výroba a sklady"}},{"type":"Feature","geometry":{"type":"Point","coordinates":[17.206011,48.195799]},"properties":{"id":"rozsirenie-vyroby-betonovej-zmesi-bau3mex-prijazdna-ulica-bratislava","nazov":"Rozšírenie výroby betónovej zmesi, Bau3Mex, Príjazdná ulica, Bratislava","firma":"Bau3Mex a.s., Príjazdná ul. 7/A","ico":"35761903","obec":"Bratislava - Vajnory","stav":"Akcia je ukončená v procese EIA","urad":"HM Bratislava, MÚ Vajnory","skupina":"","zhluk":"","presnost":"presná","zmena":"2013-07-01","faza":"dokončené","doklad":"Oznámenie.","dok":5,"typ":"Výroba a sklady"}},{"type":"Feature","geometry":{"type":"Point","coordinates":[17.102355,48.19615]},"properties":{"id":"rozsirenie-zberu-o-nove-katalogove-cisla-odpadov-pri-zachovani-celkove","nazov":"Rozšírenie zberu o nové katalógové čísla odpadov pri zachovaní celkovej kapacity zariadenia ZARIADENIE NA ZBER ODPADOV Bratislava - Nové Mesto, Stará ","firma":"Marius Pedersen, a.s., Súvoz 1","ico":"34115901","obec":"Bratislava - Nové Mesto","stav":"Akcia je ukončená v procese EIA","urad":"Mestská časť Bratislava - Nové Mesto, OÚŽP v Bratislave - odbor odpadového hospodárstva","skupina":"","zhluk":"","presnost":"približná","zmena":"2011-10-25","faza":"dokončené","doklad":"Oznámenie.","dok":8,"plany":[{"p":"výpis z katastra agromont","u":"https://www.enviroportal.sk/eia/dokument/122264","v":144254,"t":"PDF"},{"p":"Príloha č.3","u":"https://www.enviroportal.sk/eia/dokument/122342","v":57647,"t":"PDF"}],"typ":"Technická infraštruktúra"}},{"type":"Feature","geometry":{"type":"Point","coordinates":[17.105149,48.194932]},"properties":{"id":"rozsirenie-zberu-o-nove-katalogove-cisla-odpadov-zariadenie-na-zber-od","nazov":"Rozšírenie zberu o nové katalógové čísla odpadov ZARIADENIE NA ZBER ODPADOV Bratislava – Nové Mesto, Stará Vajnorská 6","firma":"Marius Pedersen, a.s., Opatovská 1735","ico":"34115901","obec":"Bratislava - Nové Mesto","stav":"Akcia je ukončená v procese EIA","urad":"Okresný úrad Bratislava, odbor starostlivosti o životné prostredie, oddelenie ochrany prír","skupina":"","zhluk":"","presnost":"približná","zmena":"2016-02-15","faza":"dokončené","doklad":"Oznámenie.","dok":8,"typ":"Výroba a sklady"}},{"type":"Feature","geometry":{"type":"Point","coordinates":[17.086383,48.120189]},"properties":{"id":"rozsirenie-zberu-odpadov-bratislava-petrzalka","nazov":"Rozšírenie zberu odpadov – Bratislava - Petržalka","firma":"TASTA, s.r.o.","ico":"47068361","obec":"Bratislava - Petržalka","stav":"Akcia je ukončená v procese EIA","urad":"Okresný úrad Bratislava, odbor starostlivosti o životné prostredie, oddelenie ochrany prír","skupina":"","zhluk":"","presnost":"približná","zmena":"2014-12-19","faza":"dokončené","doklad":"Oznámenie.","dok":16,"plany":[{"p":"príloha č. 3 a.pdf","u":"https://www.enviroportal.sk/eia/dokument/221312","v":2586484,"t":"PDF"},{"p":"príloha č. 3 b.pdf","u":"https://www.enviroportal.sk/eia/dokument/221313","v":1051073,"t":"PDF"},{"p":"Príloha č. 4.pdf","u":"https://www.enviroportal.sk/eia/dokument/221334","v":804350,"t":"PDF"},{"p":"Príloha č. 5.pdf","u":"https://www.enviroportal.sk/eia/dokument/221335","v":1165598,"t":"PDF"},{"p":"Príloha č. 2.doc","u":"https://www.enviroportal.sk/eia/dokument/221311","v":878592,"t":"DOC"}],"typ":"Technická infraštruktúra"}},{"type":"Feature","geometry":{"type":"Point","coordinates":[17.132581,48.220753]},"properties":{"id":"rr-i-etapa-cast-a","nazov":"RR I. etapa, časť A","firma":"CREATIVE, spol. s r.o., Bernolákova 72","ico":"35715839","obec":"Bratislava - Rača","stav":"Rozhodnutie zo zisťovacieho konania","urad":"MČ BA Rača, OU BA OSZP","skupina":"","zhluk":"","presnost":"približná","zmena":"2019-06-26","faza":"posúdené","dok":6,"plany":[{"p":"Prílohy RR I. etapa.zip","u":"https://www.enviroportal.sk/eia/dokument/222094","v":47254159,"t":"ZIP"}],"typ":"Bývanie"}},{"type":"Feature","geometry":{"type":"Point","coordinates":[17.551883,48.28723]},"properties":{"id":"rusovce-sever-dopravna-technicka-infrastruktura","nazov":"Rusovce Sever, dopravná a technická infraštruktúra","firma":"Lucky angel, s.r.o., Svoradova 1","ico":"47113413","obec":"Bratislava - Rusovce","stav":"Iný dôvod ukončenia posudzovania","urad":"OÚ BA MČ BA - RUSOVCE","skupina":"","zhluk":"","presnost":"presná","zmena":"2023-08-08","ulica":"Technická","faza":"dokončené","doklad":"Oznámenie o začatí kolaudačného konania","dok":8,"typ":"Bývanie"}},{"type":"Feature","geometry":{"type":"Point","coordinates":[17.140368,48.039161]},"properties":{"id":"rusovce-sever","nazov":"RUSOVCE SEVER","firma":"Residence FK s.r.o.","ico":"50046373","obec":"Bratislava - Rusovce","stav":"Rozhodnutie zo zisťovacieho konania","urad":"Mestská časť BA - Rusovce","skupina":"","zhluk":"","presnost":"približná","zmena":"2025-10-09","faza":"dokončené","doklad":"Oznámenie o začatí kolaudačného konania","dok":8,"plany":[{"p":"Prílohy k zámeru_RUSOVCE SEVER.pdf","u":"https://www.enviroportal.sk/eia/dokument/391006","v":2875552,"t":"PDF"}],"typ":"Polyfunkcia"}},{"type":"Feature","geometry":{"type":"Point","coordinates":[17.186533,48.030312]},"properties":{"id":"rychlostna-cesta-m15-m1-rajka-slovensko-madarska-hranica-","nazov":"Rýchlostná cesta M15 , M1-Rajka (Slovensko-Maďarská hranica)","firma":"Ministerstvo pre rozvoj vidieka, H-1055 Kosuth tér 11., Budapešť, Maďa","ico":"","obec":"Bratislava - Čunovo","stav":"Správa o hodnotení","urad":"","skupina":"","zhluk":"","presnost":"približná","zmena":"2014-07-15","faza":"zámer","dok":6,"typ":"Doprava"}},{"type":"Feature","geometry":{"type":"Point","coordinates":[17.207633,48.10843]},"properties":{"id":"rychlostna-cesta-r1-most-pri-bratislave-vlckovce","nazov":"Rýchlostná cesta R1 Most pri Bratislave - Vlčkovce","firma":"Národná diaľničná spoločnosť, a.s., Mlynské Nivy 45","ico":"35919001","obec":"Bratislava - Podunajské Biskupice","stav":"Akcia je ukončená v procese EIA","urad":"dotknuté obce","skupina":"","zhluk":"mlynske nivy 45","presnost":"približná","zmena":"2014-09-22","faza":"posúdené","dok":5,"plany":[{"p":"prílohy text","u":"https://www.enviroportal.sk/eia/dokument/177708","v":63082583,"t":"ZIP"},{"p":"grafické prílohy","u":"https://www.enviroportal.sk/eia/dokument/177690","v":27613092,"t":"ZIP"}],"typ":"Doprava"}},{"type":"Feature","geometry":{"type":"Point","coordinates":[17.176282,48.124782]},"properties":{"id":"rychlostna-cesta-r7-bratislava-dunajska-luzna-1","nazov":"Rýchlostná cesta R7 Bratislava – Dunajská Lužná","firma":"Národná diaľničná spoločnosť, a.s., Mlynské Nivy 45","ico":"35919001","obec":"Bratislava - Podunajské Biskupice","stav":"Akcia je ukončená v procese EIA","urad":"dotknuté obce","skupina":"","zhluk":"mlynske nivy 45","presnost":"presná","zmena":"2013-09-03","ulica":"Dunajská","faza":"posúdené","dok":3,"typ":"Doprava"}},{"type":"Feature","geometry":{"type":"Point","coordinates":[17.176282,48.124782]},"properties":{"id":"rychlostna-cesta-r7-bratislava-dunajska-luzna-2","nazov":"Rýchlostná cesta R7 Bratislava - Dunajská Lužná","firma":"Národná diaľničná spoločnosť, a.s., Mlynské Nivy 45","ico":"35919001","obec":"Bratislava - Podunajské Biskupice","stav":"Akcia je ukončená v procese EIA","urad":"Ministerstvo dopravy, výstavby a regionálneho rozvoja SR, odbor pozemných komunikácií, Nám","skupina":"","zhluk":"mlynske nivy 45","presnost":"presná","zmena":"2015-10-06","ulica":"Dunajská","faza":"posúdené","dok":3,"typ":"Výroba a sklady"}},{"type":"Feature","geometry":{"type":"Point","coordinates":[17.176282,48.124782]},"properties":{"id":"rychlostna-cesta-r7-bratislava-dunajska-luzna-zmena-3-","nazov":"Rýchlostná cesta R7 Bratislava – Dunajská Lužná (zmena 3)","firma":"Ministerstvo dopravy, výstavby a regionálneho rozvoja SR zastúpené spo","ico":"30416094","obec":"Bratislava - Podunajské Biskupice","stav":"Akcia je ukončená v procese EIA","urad":"Ministerstvo dopravy, výstavby a regionálneho rozvoja SR, sekcia dopravy a pozemných komun","skupina":"","zhluk":"","presnost":"presná","zmena":"2016-12-05","ulica":"Dunajská","faza":"posúdené","dok":3,"typ":"Doprava"}},{"type":"Feature","geometry":{"type":"Point","coordinates":[17.176282,48.124782]},"properties":{"id":"rychlostna-cesta-r7-bratislava-dunajska-luzna-zmena-4-","nazov":"Rýchlostná cesta R7 Bratislava – Dunajská Lužná (zmena 4)","firma":"Ministerstvo dopravy, výstavby a regionálneho rozvoja SR zastúpené spo","ico":"30416094","obec":"Bratislava - Podunajské Biskupice","stav":"Rozhodnutie o zmene navrhovanej činnosti- posudzovať","urad":"Ministerstvo dopravy, výstavby a regionálneho rozvoja SR, sekcia dopravy a pozemných komun","skupina":"","zhluk":"","presnost":"presná","zmena":"2016-12-16","ulica":"Dunajská","faza":"zámer","dok":4,"typ":"Doprava"}},{"type":"Feature","geometry":{"type":"Point","coordinates":[17.176282,48.124782]},"properties":{"id":"rychlostna-cesta-r7-bratislava-dunajska-luzna","nazov":"Rýchlostná cesta R7 Bratislava - Dunajská Lužná","firma":"Národná dialnična spoločnosť a.s., Mlynské Nivy 45","ico":"35919001","obec":"Bratislava - Podunajské Biskupice","stav":"Akcia je ukončená v procese EIA","urad":"Bratislava, MČ Bratislava - Pod. Biskupice, OÚ Miloslavov, Rovinka, Dun. Lužná","skupina":"","zhluk":"mlynske nivy 45","presnost":"presná","zmena":"2013-05-22","ulica":"Dunajská","faza":"posúdené","dok":16,"plany":[{"p":"situácia","u":"https://www.enviroportal.sk/eia/dokument/59735","v":69732801,"t":"PDF"},{"p":"vizualizácia","u":"https://www.enviroportal.sk/eia/dokument/59733","v":24496435,"t":"ZIP"},{"p":"Textové prílohy 1","u":"https://www.enviroportal.sk/eia/dokument/59718","v":7201059,"t":"ZIP"}],"typ":"Doprava"}},{"type":"Feature","geometry":{"type":"Point","coordinates":[17.177329,48.145949]},"properties":{"id":"rychlostna-cesta-r7-bratislava-ketelec-bratislava-prievoz-vetva-g-","nazov":"Rýchlostná cesta R7 Bratislava Ketelec – Bratislava Prievoz, Vetva G","firma":"Národná diaľničná spoločnosť, a.s., Mlynské Nivy 45","ico":"35919001","obec":"Bratislava - Ružinov","stav":"Akcia je ukončená v procese EIA","urad":"Ministerstvo dopravy, výstavby a regionálneho rozvoja SR, sekcia dopravy a pozemných komun","skupina":"","zhluk":"mlynske nivy 45","presnost":"približná","zmena":"2016-04-21","faza":"posúdené","dok":3,"typ":"Výroba a sklady"}},{"type":"Feature","geometry":{"type":"Point","coordinates":[17.17488,48.150426]},"properties":{"id":"rychlostna-cesta-r7-bratislava-ketelec-bratislava-prievoz-zmena-c-6-","nazov":"Rýchlostná cesta R7 Bratislava Ketelec – Bratislava Prievoz (zmena č. 6)","firma":"Slovenská republika, zastúpená MDV SR, v konečnom zastúpení Dopravopro","ico":"30416094","obec":"Bratislava - Ružinov","stav":"Akcia je ukončená v procese EIA","urad":"Ministerstvo dopravy a výstavby Slovenskej republiky, sekcia cestnej dopravy a pozemných k","skupina":"","zhluk":"","presnost":"približná","zmena":"2020-02-24","faza":"posúdené","dok":6,"typ":"Doprava"}},{"type":"Feature","geometry":{"type":"Point","coordinates":[17.174217,48.144522]},"properties":{"id":"rychlostna-cesta-r7-bratislava-ketelec-bratislava-prievoz","nazov":"Rýchlostná cesta R7 Bratislava Ketelec - Bratislava Prievoz","firma":"Národná diaľničná spoločnosť a.s., Mlynské Nivy 45","ico":"35919001","obec":"Bratislava - Ružinov","stav":"Akcia je ukončená v procese EIA","urad":"dotknuté obce","skupina":"","zhluk":"mlynske nivy 45","presnost":"približná","zmena":"2013-11-28","faza":"posúdené","dok":5,"typ":"Doprava"}},{"type":"Feature","geometry":{"type":"Point","coordinates":[17.174323,48.150498]},"properties":{"id":"rychlostna-cesta-r7-bratislava-prievoz-bratislava-ketelec","nazov":"Rýchlostná cesta R7 Bratislava Prievoz - Bratislava Ketelec","firma":"Národná diaľničná spoločnosť, a.s., Mlynské Nivy 45","ico":"35919001","obec":"Bratislava - Ružinov","stav":"Akcia je ukončená v procese EIA","urad":"Ministerstvo dopravy, výstavby a regionálneho rozvoja SR, sekcia dopravy a pozemných komun","skupina":"","zhluk":"mlynske nivy 45","presnost":"približná","zmena":"2016-02-05","faza":"posúdené","dok":3,"typ":"Doprava"}},{"type":"Feature","geometry":{"type":"Point","coordinates":[17.11624,48.157024]},"properties":{"id":"sancova-premiere","nazov":"ŠANCOVÁ - PREMIÉRE","firma":"FINEP Premiére, s.r.o., Jégeho 12","ico":"36488941","obec":"Bratislava - Staré Mesto","stav":"Akcia je ukončená v procese EIA","urad":"OU BA,odbor SOZP,odd.ochrany prírody a vybraných zložiek žp M.č. Bratislava–Staré Mesto BS","skupina":"","zhluk":"trnavska cesta a","presnost":"presná","zmena":"2015-01-07","faza":"posúdené","dok":62,"plany":[{"p":"2014-sancova-priloha-kriz-01A.pdf","u":"https://www.enviroportal.sk/eia/dokument/221399","v":2064799,"t":"PDF"},{"p":"141215_SITUACIA_zeleň_415.pdf","u":"https://www.enviroportal.sk/eia/dokument/221405","v":467924,"t":"PDF"},{"p":"141215_SAN-koordinačna_SITUACIA_327.pdf","u":"https://www.enviroportal.sk/eia/dokument/221403","v":410599,"t":"PDF"},{"p":"141211-SAN_vizualizacia.pdf","u":"https://www.enviroportal.sk/eia/dokument/221402","v":403521,"t":"PDF"},{"p":"141030_ortofoto_SITUACiIA_DETAIL.pdf","u":"https://www.enviroportal.sk/eia/dokument/221401","v":868213,"t":"PDF"}],"typ":"Polyfunkcia"}},{"type":"Feature","geometry":{"type":"Point","coordinates":[17.021302,48.167568]},"properties":{"id":"servisna-prevadzka-devinska-nova-ves","nazov":"Servisná prevádzka – Devínska Nová Ves","firma":"Voith Industrial Services, s.r.o., Drobného 27","ico":"35742712","obec":"Bratislava - Devínska Nová Ves","stav":"Akcia je ukončená v procese EIA","urad":"Mestská časť Bratislava – Devínska Nová Ves, Novoveská 17/A, 843 10 Bratislava 49 Okresný ","skupina":"","zhluk":"","presnost":"približná","zmena":"2016-06-27","faza":"posúdené","dok":10,"plany":[{"p":"Voith_zámer_prílohy (3).pdf","u":"https://www.enviroportal.sk/eia/dokument/244546","v":57360,"t":"PDF"},{"p":"01 - CELKOVA SITUACIA (16-03-20106).pdf","u":"https://www.enviroportal.sk/eia/dokument/244547","v":115981,"t":"PDF"}],"typ":"Výroba a sklady"}},{"type":"Feature","geometry":{"type":"Point","coordinates":[17.171069,48.145407]},"properties":{"id":"shark-centrum-bratislava","nazov":"SHARK Centrum, Bratislava","firma":"SHARK Invest s.r.o., Bottova 7","ico":"36367249","obec":"Bratislava - Ružinov","stav":"Akcia je ukončená v procese EIA","urad":"MČ BA Ružinov","skupina":"","zhluk":"bottova 7","presnost":"približná","zmena":"2013-07-03","faza":"posúdené","dok":9,"plany":[{"p":"vizualizácie","u":"https://www.enviroportal.sk/eia/dokument/40248","v":34078,"t":"PDF"},{"p":"výkresy","u":"https://www.enviroportal.sk/eia/dokument/40253","v":826830,"t":"PDF"}],"typ":"Administratíva"}},{"type":"Feature","geometry":{"type":"Point","coordinates":[17.054417,48.202133]},"properties":{"id":"showroom-hyundai-v-bratislave-v-lokalite-bory","nazov":"Showroom Hyundai v Bratislave v lokalite Bory","firma":"Showroom Hyundai v Bratislave v lokalite Bory","ico":"36740896","obec":"Bratislava - Lamač","stav":"Akcia je ukončená v procese EIA","urad":"Mestská časť Bratislava – Lamač, Miestny úrad, Malokarpatské námestie 9, 841 03 Bratislava","skupina":"Penta Real Estate","zhluk":"einsteinova 25","presnost":"približná","zmena":"2016-02-11","faza":"posúdené","dok":3,"typ":"Polyfunkcia"}},{"type":"Feature","geometry":{"type":"Point","coordinates":[18.911803,48.59597]},"properties":{"id":"siko-bory-bratislava-","nazov":"SIKO Bory Bratislava","firma":"SLOSIKO s.r.o., Galvaniho 16/B","ico":"36865770","obec":"Bratislava - Devínska Nová Ves","stav":"Akcia je ukončená v procese EIA","urad":"Mestská časť Bratislava – Devínska Nová Ves, Novoveská 5401/17, 841 07 Bratislava Okresný ","skupina":"","zhluk":"","presnost":"presná","zmena":"2024-02-23","ulica":"Zelená","faza":"posúdené","dok":5,"plany":[{"p":"prílohy.zip","u":"https://www.enviroportal.sk/eia/dokument/364270","v":108788890,"t":"ZIP"}],"typ":"Polyfunkcia"}},{"type":"Feature","geometry":{"type":"Point","coordinates":[17.025464,48.168522]},"properties":{"id":"siko-bory-bratislava","nazov":"SIKO Bory Bratislava","firma":"Bory a.s., Einsteinova 25","ico":"36740896","obec":"Bratislava - Devínska Nová Ves","stav":"Akcia je ukončená v procese EIA","urad":"Miestny úrad MČ Bratislava – Devínska Nová Ves Okresný úrad Bratislava, odbor starostlivos","skupina":"Penta Real Estate","zhluk":"einsteinova 25","presnost":"približná","zmena":"2016-12-27","faza":"posúdené","dok":3,"typ":"Bývanie"}},{"type":"Feature","geometry":{"type":"Point","coordinates":[17.026047,48.171689]},"properties":{"id":"sklad-hrl-rozsirenie","nazov":"Sklad HRL - rozšírenie","firma":"Volkswagen Slovakia, a.s., J. Jonáša 1","ico":"35757442","obec":"Bratislava - Devínska Nová Ves","stav":"Akcia je ukončená v procese EIA","urad":"MČ Bratislava - Devínska Nová Ves","skupina":"","zhluk":"j jonasa 1","presnost":"približná","zmena":"2014-05-26","faza":"dokončené","doklad":"Oznámenie.","dok":11,"plany":[{"p":"Príloha č. 4","u":"https://www.enviroportal.sk/eia/dokument/213594","v":19401,"t":"RTF"},{"p":"Príloha A","u":"https://www.enviroportal.sk/eia/dokument/213581","v":174761,"t":"JPG"},{"p":"Príloha č. 3","u":"https://www.enviroportal.sk/eia/dokument/213584","v":532313,"t":"JPG"},{"p":"Príloha C","u":"https://www.enviroportal.sk/eia/dokument/213585","v":390310,"t":"PDF"},{"p":"Príloha","u":"https://www.enviroportal.sk/eia/dokument/213551","v":410848,"t":"PDF"}],"typ":"Výroba a sklady"}},{"type":"Feature","geometry":{"type":"Point","coordinates":[17.018443,48.170875]},"properties":{"id":"sklad-karoserii-volkswagen-slovakia-","nazov":"SKLAD KAROSÉRIÍ - Volkswagen Slovakia, a.s.","firma":"VOLKSWAGEN SLOVAKIA, a.s., J. Jonáša 1","ico":"35757442","obec":"Bratislava - Devínska Nová Ves","stav":"Akcia je ukončená v procese EIA","urad":"MČ Bratislava - Devínska Nová Ves","skupina":"","zhluk":"j jonasa 1","presnost":"približná","zmena":"2014-02-13","faza":"posúdené","dok":3,"typ":"Výroba a sklady"}},{"type":"Feature","geometry":{"type":"Point","coordinates":[17.207665,48.107742]},"properties":{"id":"sklad-odpadovych-baterii-akumulatorov-podunajske-biskupice","nazov":"Sklad odpadových batérií a akumulátorov - Podunajské Biskupice","firma":"SIBIN s.r.o., Haninska 437","ico":"46372571","obec":"Bratislava - Podunajské Biskupice","stav":"Rozhodnutie zo zisťovacieho konania","urad":"Stavebný úrad, Miestny úrad MČ Bratislava – Podunajské Biskupice Okresný úrad Bratislava, ","skupina":"","zhluk":"","presnost":"približná","zmena":"2024-01-30","faza":"posúdené","dok":9,"typ":"Výroba a sklady"}},{"type":"Feature","geometry":{"type":"Point","coordinates":[17.092244,48.123659]},"properties":{"id":"sklad-priemyselnych-baterii-petrzalka","nazov":"Sklad priemyselných batérií Petržalka","firma":"EnerSys, s.r.o., Kopčianska 20","ico":"45987181","obec":"Bratislava - Petržalka","stav":"Akcia je ukončená v procese EIA","urad":"Okresný úrad Bratislava, odbor starostlivosti o ŽP, oddelenie OP a vybraných zložiek ŽP","skupina":"","zhluk":"","presnost":"približná","zmena":"2014-10-14","faza":"posúdené","dok":11,"plany":[{"p":"príloha č. 3 rezy","u":"https://www.enviroportal.sk/eia/dokument/218719","v":66860,"t":"PDF"},{"p":"príloha č.2 podorys","u":"https://www.enviroportal.sk/eia/dokument/218718","v":396067,"t":"PDF"},{"p":"príloha č. 4 pohlady","u":"https://www.enviroportal.sk/eia/dokument/218720","v":36480,"t":"PDF"},{"p":"príloha č. 5 katastralna mapa","u":"https://www.enviroportal.sk/eia/dokument/218721","v":53557,"t":"PDF"},{"p":"príloha č. 6 fotodokumentácia","u":"https://www.enviroportal.sk/eia/dokument/218722","v":3076763,"t":"PDF"}],"typ":"Výroba a sklady"}},{"type":"Feature","geometry":{"type":"Point","coordinates":[17.026281,48.169717]},"properties":{"id":"skladova-hala-bratislava-mestska-cast-devinska-nova-ves","nazov":"Skladová hala, Bratislava - Mestská časť Devínska Nová Ves","firma":"REALIZ a. s., Ružová dolina 25","ico":"35930331","obec":"Bratislava - Devínska Nová Ves","stav":"Akcia je ukončená v procese EIA","urad":"Mestská časť Bratislava - Devínska Nová Ves OÚŽP v BA, odbor ŠVS","skupina":"","zhluk":"ruzova dolina 25","presnost":"približná","zmena":"2012-03-27","faza":"povolené","doklad":"Rozhodnutie – stavebné povolenie","dok":20,"plany":[{"p":"Priloha c.1_kopia katast. mapy","u":"https://www.enviroportal.sk/eia/dokument/137530","v":943183,"t":"PDF"},{"p":"Priloha c.2_koordinacna situacia","u":"https://www.enviroportal.sk/eia/dokument/137514","v":1543386,"t":"PDF"},{"p":"Priloha c.8_podorys_strechy","u":"https://www.enviroportal.sk/eia/dokument/137535","v":89848,"t":"PDF"},{"p":"Priloha c.9_Rezy","u":"https://www.enviroportal.sk/eia/dokument/137516","v":278608,"t":"PDF"},{"p":"Priloha c.10_Pohlady_zapadnya_a_vychodny","u":"https://www.enviroportal.sk/eia/dokument/137517","v":259783,"t":"PDF"}],"typ":"Administratíva"}},{"type":"Feature","geometry":{"type":"Point","coordinates":[17.02499,48.168165]},"properties":{"id":"skladova-hala-h2-areal-presskam","nazov":"Skladová hala H2– areál Presskam","firma":"VERMONT Properties s.r.o., Pohořelec 114/22","ico":"47248785","obec":"Bratislava - Devínska Nová Ves","stav":"Akcia je ukončená v procese EIA","urad":"MČ Bratislava - Devínska Nová Ves","skupina":"","zhluk":"","presnost":"približná","zmena":"2023-09-28","faza":"posúdené","dok":5,"typ":"Výroba a sklady"}},{"type":"Feature","geometry":{"type":"Point","coordinates":[17.177912,48.147381]},"properties":{"id":"skladovanie-kovovych-inych-odpadov-palkov","nazov":"SKLADOVANIE KOVOVÝCH A INÝCH ODPADOV - PALKOV","firma":"PALKOV, s.r.o., Mlynské Nivy 56","ico":"45926921","obec":"Bratislava - Ružinov","stav":"Akcia je ukončená v procese EIA","urad":"Mestská časť Bratislava - Ružinov OÚŽP v Bratislave, odbor odpadového hospodárstva","skupina":"","zhluk":"mlynske nivy 56","presnost":"približná","zmena":"2012-03-26","faza":"posúdené","dok":3,"typ":"Výroba a sklady"}},{"type":"Feature","geometry":{"type":"Point","coordinates":[17.135053,48.226459]},"properties":{"id":"skladovanie-kovovych-odpadov-ramak-dnv","nazov":"SKLADOVANIE KOVOVÝCH ODPADOV - RAMAK - DNV","firma":"RAMAK, s.r.o., Nejedlého 13","ico":"36565431","obec":"Bratislava - Rača","stav":"Akcia je ukončená v procese EIA","urad":"Mestská časť Bratislava - Devínska Nová Ves OÚŽP v BA, odbor OH,","skupina":"","zhluk":"","presnost":"približná","zmena":"2012-03-08","faza":"posúdené","dok":16,"plany":[{"p":"Priloha_07","u":"https://www.enviroportal.sk/eia/dokument/136055","v":900400,"t":"JPG"},{"p":"Priloha_08","u":"https://www.enviroportal.sk/eia/dokument/136056","v":711404,"t":"JPG"},{"p":"Priloha_09","u":"https://www.enviroportal.sk/eia/dokument/136057","v":758666,"t":"JPG"},{"p":"Priloha_10","u":"https://www.enviroportal.sk/eia/dokument/136058","v":961083,"t":"JPG"},{"p":"Priloha_11","u":"https://www.enviroportal.sk/eia/dokument/136059","v":842963,"t":"JPG"}],"typ":"Výroba a sklady"}},{"type":"Feature","geometry":{"type":"Point","coordinates":[17.104155,48.200714]},"properties":{"id":"skladove-prevadzkove-priestory-pre-saint-gobain-isover-slovakia-spol-s","nazov":"Skladové a prevádzkové priestory pre Saint-Gobain Isover Slovakia, spol. s r.o.","firma":"SAINT-GOBAIN WEBER TERRANOVA SPOL. S R.O., Stará Vajnorská 139","ico":"00681652","obec":"Bratislava - Nové Mesto","stav":"Akcia je ukončená v procese EIA","urad":"MČ Bratislava - Nové Mesto","skupina":"","zhluk":"","presnost":"približná","zmena":"2013-05-03","faza":"posúdené","dok":4,"plany":[{"p":"grafická časť","u":"https://www.enviroportal.sk/eia/dokument/25355","v":4052689,"t":"PDF"}],"typ":"Výroba a sklady"}},{"type":"Feature","geometry":{"type":"Point","coordinates":[17.086635,48.122434]},"properties":{"id":"skola-juzne-mesto-bratislava-petrzalka-","nazov":"Škola Južné mesto, Bratislava - Petržalka","firma":"South City Retail Park A1, s.r.o. Poštová 3","ico":"47239859","obec":"Bratislava - Petržalka","stav":"Akcia je ukončená v procese EIA","urad":"Mestská časť Bratislava – Petržalka, Kutlíkova 17, 852 12 Bratislava","skupina":"Cresco Real Estate","zhluk":"postova 3","presnost":"približná","zmena":"2018-04-11","faza":"posúdené","dok":4,"typ":"Bývanie"}},{"type":"Feature","geometry":{"type":"Point","coordinates":[17.026103,48.171591]},"properties":{"id":"so-23-vyrobna-montazna-hala-pristavba-montazno-skladovej-haly","nazov":"SO - 23 Výrobná a montážna hala - prístavba montážno - skladovej haly","firma":"D a K - Küster, s.r.o., Opletalova 75","ico":"35783974","obec":"Bratislava - Devínska Nová Ves","stav":"Akcia je ukončená v procese EIA","urad":"Mestská časť Bratislava - Devínska Nová Ves, OÚŽP v BA, odbor ŠVS","skupina":"","zhluk":"","presnost":"približná","zmena":"2012-07-18","faza":"posúdené","dok":5,"plany":[{"p":"C_prílohy","u":"https://www.enviroportal.sk/eia/dokument/144268","v":34823057,"t":"PDF"}],"typ":"Výroba a sklady"}},{"type":"Feature","geometry":{"type":"Point","coordinates":[17.033897,48.237582]},"properties":{"id":"soliterna-stavba-obcianskej-vybavenosti-bratislavska-ulica-zahorska-by","nazov":"Solitérna stavba občianskej vybavenosti Bratislavská ulica, Záhorská Bystrica","firma":"TM real, spol. s r.o., Gorkého 10","ico":"37758230","obec":"Bratislava - Záhorská Bystrica","stav":"Akcia je ukončená v procese EIA","urad":"Miestny úrad MČ Bratislava - Záhorská Bystrica Okresný úrad Bratislava Magistrát hlavného ","skupina":"","zhluk":"","presnost":"presná","zmena":"2021-12-08","faza":"posúdené","dok":6,"plany":[{"p":"Prílohy_Zámer _SSOV_ZB30072021.zip","u":"https://www.enviroportal.sk/eia/dokument/329843","v":48868502,"t":"ZIP"}],"typ":"Výroba a sklady"}},{"type":"Feature","geometry":{"type":"Point","coordinates":[17.208536,48.110102]},"properties":{"id":"south-point-logistic-park","nazov":"South Point Logistic Park","firma":"South Point Logistic Park, s.r.o., Ružová dolina 25","ico":"55455654","obec":"Bratislava - Podunajské Biskupice","stav":"Rozhodnutie zo zisťovacieho konania","urad":"Mestská časť Bratislava-Podunajské Biskupice - stavebný úrad, Okresnú úrad Bratislava Odbo","skupina":"","zhluk":"ruzova dolina 25","presnost":"približná","zmena":"2026-02-06","faza":"posúdené","dok":14,"plany":[{"p":"priloha zameru_pohlady_hala1.pdf","u":"https://www.enviroportal.sk/eia/dokument/386838","v":2993815,"t":"PDF"},{"p":"priloha zameru _mapa_3_zastavovacia_situacia.pdf","u":"https://www.enviroportal.sk/eia/dokument/386843","v":3715394,"t":"PDF"},{"p":"priloha zameru_DKP.pdf","u":"https://www.enviroportal.sk/eia/dokument/386842","v":8417818,"t":"PDF"},{"p":"priloha zameru_IGP.pdf","u":"https://www.enviroportal.sk/eia/dokument/386841","v":7359081,"t":"PDF"},{"p":"priloha zameru_mapa_1_sirsie_vztahy.pdf","u":"https://www.enviroportal.sk/eia/dokument/386840","v":2022287,"t":"PDF"}],"typ":"Výroba a sklady"}},{"type":"Feature","geometry":{"type":"Point","coordinates":[17.09419,48.121317]},"properties":{"id":"southbank-bratislava","nazov":"SOUTHBANK Bratislava","firma":"South Bank s. r. o., Digital Park II, Einsteinova 25","ico":"51704625","obec":"Bratislava - Petržalka","stav":"Iný dôvod ukončenia posudzovania","urad":"Mestská časť Bratislava - Petržalka, Kutlíkova 17, 852 12 Bratislava Okresný úrad Bratisla","skupina":"Penta Real Estate","zhluk":"einsteinova 25","presnost":"približná","zmena":"2026-05-27","faza":"zámer","dok":18,"plany":[{"p":"prílohy.pdf","u":"https://www.enviroportal.sk/eia/dokument/380257","v":64201778,"t":"PDF"},{"p":"príloha.pdf","u":"https://www.enviroportal.sk/eia/dokument/391508","v":194244807,"t":"PDF"}],"typ":"Polyfunkcia"}},{"type":"Feature","geometry":{"type":"Point","coordinates":[17.21338,48.105498]},"properties":{"id":"spatny-zasyp-lomu-strkopiesku-podunajske-biskupice","nazov":"Spätný zásyp lomu štrkopiesku Podunajské Biskupice","firma":"Danucem Slovensko a.s.","ico":"00214973","obec":"Bratislava - Podunajské Biskupice","stav":"Akcia je ukončená v procese EIA","urad":"OUBA, Obvodný banský úrad","skupina":"","zhluk":"","presnost":"približná","zmena":"2024-05-07","faza":"posúdené","dok":10,"plany":[{"p":"Príloha 3.jpg","u":"https://www.enviroportal.sk/eia/dokument/368714","v":834691,"t":"JPG"},{"p":"Príloha 2.pdf","u":"https://www.enviroportal.sk/eia/dokument/368713","v":2340734,"t":"PDF"},{"p":"Príloha 5.pdf","u":"https://www.enviroportal.sk/eia/dokument/368716","v":900517,"t":"PDF"},{"p":"Príloha 4.pdf","u":"https://www.enviroportal.sk/eia/dokument/368715","v":902802,"t":"PDF"},{"p":"Príloha 1.pdf","u":"https://www.enviroportal.sk/eia/dokument/368712","v":402817,"t":"PDF"}],"typ":"Výroba a sklady"}},{"type":"Feature","geometry":{"type":"Point","coordinates":[17.050967,48.197637]},"properties":{"id":"spojena-skola-felix-bory","nazov":"SPOJENÁ ŠKOLA FELIX - BORY","firma":"Bory, a.s., Digital Park II, Einsteinova 25","ico":"36740896","obec":"Bratislava - Lamač","stav":"Akcia je ukončená v procese EIA","urad":"Mestská časť Bratislava - Lamač (stavebný úrad) Okresný úrad Bratislava, odbor starostlivo","skupina":"Penta Real Estate","zhluk":"einsteinova 25","presnost":"približná","zmena":"2024-09-16","faza":"posúdené","dok":21,"plany":[{"p":"P1.6 Situácia - Zeleň.pdf","u":"https://www.enviroportal.sk/eia/dokument/378228","v":618443,"t":"PDF"},{"p":"P1.1 Situácia - Širšie vzťahy - M 1_50 000 (Ortofoto).pdf","u":"https://www.enviroportal.sk/eia/dokument/378223","v":7784645,"t":"PDF"},{"p":"P1.2 Situácia - Širšie vzťahy.pdf","u":"https://www.enviroportal.sk/eia/dokument/378224","v":10063626,"t":"PDF"},{"p":"P1.3 Situácia - Zákres do katastrálnej mapy.pdf","u":"https://www.enviroportal.sk/eia/dokument/378225","v":271384,"t":"PDF"},{"p":"P1.4 Situácia - Celková situácia stavby.pdf","u":"https://www.enviroportal.sk/eia/dokument/378226","v":734162,"t":"PDF"}],"typ":"Vybavenosť"}},{"type":"Feature","geometry":{"type":"Point","coordinates":[17.094203,48.121078]},"properties":{"id":"sport-retail-park-slnecnice-juzne-mesto","nazov":"Sport & Retail Park SLNEČNICE – JUŽNÉ MESTO","firma":"Delta Construction, s.r.o., Poštová 3","ico":"45304491","obec":"Bratislava - Petržalka","stav":"Akcia je ukončená v procese EIA","urad":"Mesto Bratislava Okresný úrad Bratislava Okresný úrad Bratislava MČ Bratislava – Petržalka","skupina":"Cresco Real Estate","zhluk":"postova 3","presnost":"približná","zmena":"2015-09-11","faza":"povolené","doklad":"Informácia","dok":3,"typ":"Obchod a služby"}},{"type":"Feature","geometry":{"type":"Point","coordinates":[17.09254,48.118644]},"properties":{"id":"sportova-hala-bratislava-petrzalka","nazov":"Športová hala, Bratislava - Petržalka","firma":"DEMALIA, s.r.o., Žilinská 16","ico":"45296057","obec":"Bratislava - Petržalka","stav":"Akcia je ukončená v procese EIA","urad":"Mestská časť Bratislava - Petržalka, OÚŽP BA, odbor ŠVS","skupina":"","zhluk":"zilinska 16","presnost":"približná","zmena":"2013-04-26","faza":"posúdené","dok":5,"plany":[{"p":"C_prílohy","u":"https://www.enviroportal.sk/eia/dokument/165749","v":5053114,"t":"PDF"}],"typ":"Vybavenosť"}},{"type":"Feature","geometry":{"type":"Point","coordinates":[17.212975,48.135152]},"properties":{"id":"sportovy-areal-oddychu-zdravia-latoricka-ul-","nazov":"Športový areál oddychu a zdravia - Latorická ul.","firma":"Mestská časť Bratislava - Podunajské Biskupice, Trojičné námestie 11","ico":"00641383","obec":"Bratislava - Podunajské Biskupice","stav":"Akcia je ukončená v procese EIA","urad":"MČ BA- Vrakuňa","skupina":"","zhluk":"","presnost":"presná","zmena":"2012-05-03","ulica":"Latorická","faza":"posúdené","dok":8,"plany":[{"p":"návrh situacie ŠA Latoricka","u":"https://www.enviroportal.sk/eia/dokument/140177","v":1232496,"t":"PDF"},{"p":"mapa PB","u":"https://www.enviroportal.sk/eia/dokument/140176","v":3402509,"t":"JPG"}],"typ":"Vybavenosť"}},{"type":"Feature","geometry":{"type":"Point","coordinates":[17.172884,48.150412]},"properties":{"id":"sportovy-komplex-relax","nazov":"Športový komplex RELAX","firma":"IPE - CONSULT, s.r.o., Roľnícka 116","ico":"36863327","obec":"Bratislava - Ružinov","stav":"Akcia je ukončená v procese EIA","urad":"Mestská časť Bratislava - Ružinov, OÚŽP v Bratislave, orgán štátnej vodnej správy","skupina":"","zhluk":"rolnicka 116","presnost":"približná","zmena":"2013-01-10","faza":"posúdené","dok":12,"plany":[{"p":"Textová príloha1 Rozptylová štúdia","u":"https://www.enviroportal.sk/eia/dokument/109606","v":113418,"t":"PDF"},{"p":"Mapa 2b - Situácia územia - Variantné riešenie II","u":"https://www.enviroportal.sk/eia/dokument/109605","v":924736,"t":"PDF"},{"p":"Textová príloha2 Vyjadrenie_Magistrát","u":"https://www.enviroportal.sk/eia/dokument/109607","v":2013663,"t":"PDF"},{"p":"Mapa 2a Situácia územia - Variantné riešenie I","u":"https://www.enviroportal.sk/eia/dokument/109604","v":1296067,"t":"PDF"}],"typ":"Bývanie"}},{"type":"Feature","geometry":{"type":"Point","coordinates":[17.171638,48.145048]},"properties":{"id":"spracovanie-bio-oleja-hds-","nazov":"Spracovanie bio-oleja HDS","firma":"SLOVNAFT, a. s., Vlčie hrdlo 1","ico":"31322832","obec":"Bratislava - Ružinov","stav":"Oznámenie o zmene","urad":"MČ BA - Ružinov","skupina":"","zhluk":"vlcie hrdlo 1","presnost":"približná","zmena":"2026-07-13","faza":"zámer","dok":2,"typ":"Výroba a sklady"}},{"type":"Feature","geometry":{"type":"Point","coordinates":[17.176909,48.145523]},"properties":{"id":"spracovanie-externych-odpadovych-vod-eov-externych-tekutych-odpadov-et","nazov":"Spracovanie externých odpadových vôd (EOV) a externých tekutých odpadov (ETO) na MCHB ČOV a Nové kalové pole na MCHB ČOV","firma":"SLOVNAFT, a. s., Vlčie hrdlo 1","ico":"31322832","obec":"Bratislava - Ružinov","stav":"Oznámenie o zmene","urad":"Slovenská inšpekcia životného prostredia, Inšpektorát životného prostredia Bratislava","skupina":"","zhluk":"vlcie hrdlo 1","presnost":"približná","zmena":"2026-05-18","faza":"zámer","dok":3,"plany":[{"p":"prílohy komplet.pdf","u":"https://www.enviroportal.sk/eia/dokument/403110","v":10175797,"t":"PDF"}],"typ":"Výroba a sklady"}},{"type":"Feature","geometry":{"type":"Point","coordinates":[17.175927,48.14492]},"properties":{"id":"sprinklerove-stabilne-hasiace-zariadenie","nazov":"Sprinklerove stabilné hasiace zariadenie","firma":"RAJO s.r.o.","ico":"31329519","obec":"Bratislava - Ružinov","stav":"Akcia je ukončená v procese EIA","urad":"Slovenská inšpekcia životného prostredia, Inšpektorát životného prostredia Bratislava, odb","skupina":"","zhluk":"","presnost":"približná","zmena":"2023-03-28","faza":"posúdené","dok":5,"plany":[{"p":"Prílohy.pdf","u":"https://www.enviroportal.sk/eia/dokument/356712","v":552816,"t":"PDF"}],"typ":"Vybavenosť"}},{"type":"Feature","geometry":{"type":"Point","coordinates":[17.134101,48.182245]},"properties":{"id":"startovacie-byty-podnikova-ulica-bratislava","nazov":"Štartovacie byty - Podniková ulica, Bratislava","firma":"NOBELOVA INVEST, s.r.o., Námestie Andreja Hlinku 3","ico":"46822631","obec":"Bratislava - Nové Mesto","stav":"Akcia je ukončená v procese EIA","urad":"Mestská časť Bratislava - Nové Mesto OÚŽP BA","skupina":"","zhluk":"","presnost":"presná","zmena":"2013-08-26","faza":"posúdené","dok":26,"plany":[{"p":"koordinačná situácia","u":"https://www.enviroportal.sk/eia/dokument/178552","v":675615,"t":"PDF"},{"p":"vizualizácia","u":"https://www.enviroportal.sk/eia/dokument/178553","v":406859,"t":"PDF"},{"p":"zákres do KM","u":"https://www.enviroportal.sk/eia/dokument/178554","v":269357,"t":"PDF"},{"p":"mapa","u":"https://www.enviroportal.sk/eia/dokument/178555","v":212843,"t":"PDF"},{"p":"dendrologický prieskum príloha","u":"https://www.enviroportal.sk/eia/dokument/178568","v":754799,"t":"PDF"}],"typ":"Bývanie"}},{"type":"Feature","geometry":{"type":"Point","coordinates":[17.173757,48.144516]},"properties":{"id":"stavebne-upravy-udrziavacie-prace-potrubnych-rozvodov-na-etylenovej-je","nazov":"Stavebné úpravy a udržiavacie práce potrubných rozvodov na Etylénovej jednotke","firma":"SLOVNAFT, a. s., Vlčie hrdlo 1","ico":"31322832","obec":"Bratislava - Ružinov","stav":"Akcia je ukončená v procese EIA","urad":"Slovenská inšpekcia životného prostredia, Inšpektorát životného prostredia Bratislava, Mie","skupina":"","zhluk":"vlcie hrdlo 1","presnost":"približná","zmena":"2022-05-24","faza":"povolené","doklad":"Rozhodnutie","dok":5,"plany":[{"p":"Príloha_1682_2009-3.4ml_Rekonštrukcia Etylénovej jednotky _Z","u":"https://www.enviroportal.sk/eia/dokument/336811","v":1184725,"t":"PDF"}],"typ":"Technická infraštruktúra"}},{"type":"Feature","geometry":{"type":"Point","coordinates":[17.169947,48.147143]},"properties":{"id":"stavebny-objekt-heliport-v-lokalite-ruzinov","nazov":"Stavebný objekt Heliport v lokalite Ružinov","firma":"Univerzitná nemocnica Bratislava","ico":"31813861","obec":"Bratislava - Ružinov","stav":"Akcia je ukončená v procese EIA","urad":"MČ BA Ružinov, OÚ BA","skupina":"","zhluk":"","presnost":"približná","zmena":"2019-03-01","faza":"povolené","doklad":"Rozhodnutie – stavebné povolenie","dok":4,"typ":"Doprava"}},{"type":"Feature","geometry":{"type":"Point","coordinates":[17.051426,48.197659]},"properties":{"id":"sterilwave-440","nazov":"STERILWAVE 440","firma":"Nemocnica BORY a. s., Digital Park II, Einsteinova 25","ico":"53773411","obec":"Bratislava - Lamač","stav":"Záverečné stanovisko","urad":"Okresný úrad Bratislava, odbor starostlivosti o životné prostredie, Tomášikova 46, 832 05 ","skupina":"Penta Real Estate","zhluk":"einsteinova 25","presnost":"približná","zmena":"2025-03-19","faza":"posúdené","dok":11,"plany":[{"p":"Príloha č. 1 - mapa širších vzťahov.pdf","u":"https://www.enviroportal.sk/eia/dokument/368315","v":343709,"t":"PDF"}],"typ":"Technická infraštruktúra"}},{"type":"Feature","geometry":{"type":"Point","coordinates":[17.095883,48.154498]},"properties":{"id":"strategia-rozvoja-verejneho-pristavu-bratislava-faza-ii-master-plan-ii","nazov":"Stratégia rozvoja verejného prístavu Bratislava Fáza II (Master Plan II)","firma":"Verejné prístavy, Prístavná 10","ico":"36856541","obec":"Bratislava - Staré Mesto","stav":"Záverečné stanovisko","urad":"","skupina":"","zhluk":"pristavna 10","presnost":"približná","zmena":"2024-09-18","faza":"posúdené","dok":16,"plany":[{"p":"Príloha 3 - Územný generel dopravy mesta Bratislava.pdf","u":"https://www.enviroportal.sk/eia/dokument/383888","v":5395347,"t":"PDF"},{"p":"Príloha 2 - Technický opis prístavných polôh - Osobný prísta","u":"https://www.enviroportal.sk/eia/dokument/383887","v":136212,"t":"PDF"},{"p":"Príloha 1 - Technický opis prístavných polôh - Nákladný prís","u":"https://www.enviroportal.sk/eia/dokument/383886","v":155459,"t":"PDF"},{"p":"Príloha 4 -  Stanovisko k odporúčaniam odborného posudku z p","u":"https://www.enviroportal.sk/eia/dokument/383882","v":345442,"t":"PDF"}],"typ":"Plány a koncepcie"}},{"type":"Feature","geometry":{"type":"Point","coordinates":[17.086353,48.121891]},"properties":{"id":"stredisko-na-zhodnocovanie-elektroodpadu-petrzalka","nazov":"Stredisko na zhodnocovanie elektroodpadu Petržalka","firma":"ARGUSS spol. s.r.o., Záhradnícka 27","ico":"31365213","obec":"Bratislava - Petržalka","stav":"Akcia je ukončená v procese EIA","urad":"OÚ ŽP Bratislava","skupina":"","zhluk":"","presnost":"približná","zmena":"2013-02-22","faza":"posúdené","dok":3,"typ":"Výroba a sklady"}},{"type":"Feature","geometry":{"type":"Point","coordinates":[17.214976,48.109824]},"properties":{"id":"stredisko-zhodnotenia-stavebneho-odpadu","nazov":"Stredisko zhodnotenia stavebného odpadu","firma":"ANČETA s.r.o., Podunajské Biskupice – Ketelec","ico":"35696605","obec":"Bratislava - Podunajské Biskupice","stav":"Zámer","urad":"Okresný úrad Bratislava, odbor starostlivosti o životné prostredie, oddelenie ochrany prír","skupina":"","zhluk":"","presnost":"približná","zmena":"2016-12-14","faza":"zámer","dok":4,"typ":"Technická infraštruktúra"}},{"type":"Feature","geometry":{"type":"Point","coordinates":[17.019027,48.172062]},"properties":{"id":"striekacia-susiaca-kabina-termomeccanica-gl-7547","nazov":"Striekacia a sušiaca kabína TERMOMECCANICA GL 7547","firma":"VOLKSWAGEN SLOVAKIA, a.s., J. Jonáša 1","ico":"35757442","obec":"Bratislava - Devínska Nová Ves","stav":"Akcia je ukončená v procese EIA","urad":"OÚŽP v Bratislave, odbor ochrany ovzdušia","skupina":"","zhluk":"j jonasa 1","presnost":"približná","zmena":"2012-10-04","faza":"posúdené","dok":6,"plany":[{"p":"príloha1","u":"https://www.enviroportal.sk/eia/dokument/147880","v":411471,"t":"PDF"},{"p":"príloha 3","u":"https://www.enviroportal.sk/eia/dokument/147882","v":812498,"t":"PDF"},{"p":"príloha 1-3","u":"https://www.enviroportal.sk/eia/dokument/147883","v":812498,"t":"PDF"}],"typ":"Výroba a sklady"}},{"type":"Feature","geometry":{"type":"Point","coordinates":[17.17316,48.15046]},"properties":{"id":"strip-mall-galvaniho-ul-bratislava","nazov":"STRIP MALL - Galvaniho ul. Bratislava","firma":"Inter Ikea Centre Slovensko, s.r.o., Ivánska cesta 16","ico":"35849363","obec":"Bratislava - Ružinov","stav":"Akcia je ukončená v procese EIA","urad":"Mestská časť Bratislava ? Ružinov","skupina":"","zhluk":"","presnost":"približná","zmena":"2013-09-11","faza":"posúdené","dok":19,"plany":[{"p":"Gal_UR_1_01_SITUACIA_CELKOVA","u":"https://www.enviroportal.sk/eia/dokument/46198","v":8874664,"t":"JPG"}],"typ":"Bývanie"}},{"type":"Feature","geometry":{"type":"Point","coordinates":[17.09946,48.110942]},"properties":{"id":"strip-mall-panonska-cesta-juzne-mesto-zona-bratislava-petrzalka-","nazov":"Strip Mall – Panónska cesta – Južné Mesto – Zóna A – Bratislava Petržalka","firma":"South City Retail Park A1 s.r.o., Poštová 3","ico":"47239859","obec":"Bratislava - Petržalka","stav":"Akcia je ukončená v procese EIA","urad":"Mestská časť Bratislava – Petržalka, Kutlíkova 17, 852 12 Bratislava","skupina":"Cresco Real Estate","zhluk":"postova 3","presnost":"presná","zmena":"2019-01-11","faza":"posúdené","dok":4,"typ":"Obchod a služby"}},{"type":"Feature","geometry":{"type":"Point","coordinates":[17.095748,48.154715]},"properties":{"id":"studia-prepojenia-ten-t-s-letiskom-zeleznicnou-sietou-v-bratislave-1-s","nazov":"Štúdia prepojenia TEN -T s letiskom a železničnou sieťou v Bratislave, 1. stavba, ŽSR, Bratislava predmestie - Bratislava filiálka - Bratislava Petrža","firma":"Železnice Slovenskej republiky, GR, Klemensova 8","ico":"31364501","obec":"Bratislava - Staré Mesto","stav":"Akcia je ukončená v procese EIA","urad":"MČ Bratislava -Petržalka, Nové Mesto, Staré Mesto, Ružinov","skupina":"","zhluk":"","presnost":"približná","zmena":"2015-05-11","faza":"povolené","doklad":"1186-2026 Stavebné povolenie- rozšírenie vstupnej komunikácie Petržals","dok":43,"plany":[{"p":"Príloha č. 2-2-3","u":"https://www.enviroportal.sk/eia/dokument/40403","v":5442594,"t":"PDF"},{"p":"Príloha č. 2-2-2","u":"https://www.enviroportal.sk/eia/dokument/40402","v":5545997,"t":"PDF"},{"p":"Príloha č. 2-2-4","u":"https://www.enviroportal.sk/eia/dokument/40406","v":5172691,"t":"PDF"},{"p":"Príloha č. 1","u":"https://www.enviroportal.sk/eia/dokument/40395","v":5293194,"t":"PDF"},{"p":"Príloha č. 2-2-1","u":"https://www.enviroportal.sk/eia/dokument/40400","v":5442042,"t":"PDF"}],"typ":"Doprava"}},{"type":"Feature","geometry":{"type":"Point","coordinates":[17.102376,48.199698]},"properties":{"id":"studia-prepojenia-zeleznicneho-koridoru-ten-t-s-letiskom-zeleznicnou-s-1","nazov":"Štúdia prepojenia železničného koridoru TEN-T s letiskom a železničnou sieťou v Bratislave, ŽSR, Bratislava - železničné zapojenie letiska M.R.Štefáni","firma":"Železnice Slovenskej republiky, GR, Klemensova 8","ico":"31364501","obec":"Bratislava - Nové Mesto","stav":"Akcia je ukončená v procese EIA","urad":"Úrad pre reguláciu žel. dopravy","skupina":"","zhluk":"","presnost":"približná","zmena":"2013-07-01","faza":"posúdené","dok":25,"plany":[{"p":"situácia 1","u":"https://www.enviroportal.sk/eia/dokument/38189","v":1837385,"t":"PDF"},{"p":"situácia 2","u":"https://www.enviroportal.sk/eia/dokument/38190","v":3200569,"t":"PDF"},{"p":"Pril_4_2_Mapa_vplyvov_V_2.pdf","u":"https://www.enviroportal.sk/eia/dokument/42188","v":351453,"t":"PDF"},{"p":"Pril_4_3_Mapa_vplyvov_V_3.pdf","u":"https://www.enviroportal.sk/eia/dokument/42189","v":403756,"t":"PDF"},{"p":"pril_4_1_Mapa_vplyvov_V_1.pdf","u":"https://www.enviroportal.sk/eia/dokument/42187","v":335884,"t":"PDF"}],"typ":"Doprava"}},{"type":"Feature","geometry":{"type":"Point","coordinates":[17.17316,48.15046]},"properties":{"id":"studia-prepojenia-zeleznicneho-koridoru-ten-t-s-letiskom-zeleznicnou-s-2","nazov":"Štúdia prepojenia železničného koridoru TEN-T s letiskom a železničnou sieťou v Bratislave, ŽSR, Bratislava - železničné zapojenie letiska M. R. Štefá","firma":"Železnice Slovenskej republiky, GR, Klemensova 8","ico":"31364501","obec":"Bratislava - Ružinov","stav":"Akcia je ukončená v procese EIA","urad":"Úpre reguláciu ŽD, MČ Bratislava Ružinov","skupina":"","zhluk":"","presnost":"približná","zmena":"2015-05-11","faza":"posúdené","dok":40,"plany":[{"p":"príloha č. 1","u":"https://www.enviroportal.sk/eia/dokument/38464","v":3200629,"t":"PDF"},{"p":"príloha č. 8","u":"https://www.enviroportal.sk/eia/dokument/38469","v":205012,"t":"PDF"},{"p":"príloha č. 7","u":"https://www.enviroportal.sk/eia/dokument/38468","v":459578,"t":"PDF"},{"p":"príloha č. 6","u":"https://www.enviroportal.sk/eia/dokument/38467","v":417581,"t":"PDF"},{"p":"príloha č. 4","u":"https://www.enviroportal.sk/eia/dokument/38466","v":499540,"t":"PDF"}],"typ":"Doprava"}},{"type":"Feature","geometry":{"type":"Point","coordinates":[17.092625,48.123466]},"properties":{"id":"studia-prepojenia-zeleznicneho-koridoru-ten-t-s-letiskom-zeleznicnou-s","nazov":"Štúdia prepojenia železničného koridoru TEN-T s letiskom a železničnou sieťou v Bratislave, ŽSR, Bratislava - železničné zapojenie letiska M.R.Štefáni","firma":"Železnice Slovenskej republiky, GR, Klemensova 8","ico":"31364501","obec":"Bratislava - Petržalka","stav":"Akcia je ukončená v procese EIA","urad":"MČ Bratislava - Petržalka,","skupina":"","zhluk":"","presnost":"približná","zmena":"2015-05-11","faza":"posúdené","dok":5,"plany":[{"p":"situácia","u":"https://www.enviroportal.sk/eia/dokument/37489","v":2808702,"t":"PDF"}],"typ":"Doprava"}},{"type":"Feature","geometry":{"type":"Point","coordinates":[17.103434,48.155958]},"properties":{"id":"suhrnny-vodohospodarsky-upravny-projekt-dunaj-na-vychod-od-viedne","nazov":"Súhrnný vodohospodársky úpravný projekt Dunaj na východ od Viedne","firma":"Bundesministerium für Verkehr, Innovation und Technologie, Rakúska rep","ico":"","obec":"Bratislava - Staré Mesto","stav":"Správa o hodnotení","urad":"","skupina":"","zhluk":"","presnost":"približná","zmena":"2013-10-21","faza":"zámer","dok":6,"typ":"Technická infraštruktúra"}},{"type":"Feature","geometry":{"type":"Point","coordinates":[17.209891,48.105486]},"properties":{"id":"supermarket-billa-bratislava-podunajske-biskupice","nazov":"Supermarket BILLA Bratislava - Podunajské Biskupice","firma":"BILLA Reality Slovensko spol. s.r.o., Bratislava","ico":"35737948","obec":"Bratislava - Podunajské Biskupice","stav":"Akcia je ukončená v procese EIA","urad":"OU Bratislava I, OU Bratislava II,","skupina":"","zhluk":"","presnost":"približná","zmena":"2004-05-11","faza":"posúdené","dok":1,"typ":"Obchod a služby"}},{"type":"Feature","geometry":{"type":"Point","coordinates":[17.194259,48.028928]},"properties":{"id":"svd-g-n-stupen-cunovo-rekonstrukcia-hatoveho-pola-hate-v-inundacii-s-e","nazov":"SVD G-N, stupeň Čunovo, Rekonštrukcia haťového poľa hate v inundácii s energetickým využitím (MVE s inštalovaným výkonom 7 MW)","firma":"VODOHOSPODÁRSKA VÝSTAVBA, ŠTÁTNY PODNIK, P.O.BOX 45, Karloveská č. 2","ico":"00156752","obec":"Bratislava - Čunovo","stav":"Akcia je ukončená v procese EIA","urad":"Mestská časť Bratislava – Čunovo, stavebný úrad, Hraničiarska 144, 851 10 Bratislava Okres","skupina":"","zhluk":"karloveska 2","presnost":"približná","zmena":"2014-12-03","faza":"posúdené","dok":16,"plany":[{"p":"P8 prehladna situacia","u":"https://www.enviroportal.sk/eia/dokument/220382","v":20429070,"t":"PDF"},{"p":"P9 situacia 500","u":"https://www.enviroportal.sk/eia/dokument/220383","v":393155,"t":"PDF"},{"p":"P10 budova MVE podorys na kote 119,5","u":"https://www.enviroportal.sk/eia/dokument/220384","v":228731,"t":"PDF"}],"typ":"Výroba a sklady"}},{"type":"Feature","geometry":{"type":"Point","coordinates":[17.192791,48.03161]},"properties":{"id":"tazba-strkopieskov-na-lozisku-nevyhradeneho-nerastu-cunovo-2-","nazov":"Ťažba štrkopieskov na ložisku nevyhradeného nerastu „Čunovo – 2“","firma":"TRELLING, spol. s r.o., Mierové námestie 6/6","ico":"31441114","obec":"Bratislava - Čunovo","stav":"Iný dôvod ukončenia posudzovania","urad":"Stavebný úrad Mestskej časti Bratislava - Čunovo Obvodný banský úrad v Bratislave Okresný ","skupina":"","zhluk":"","presnost":"približná","zmena":"2024-08-23","faza":"zámer","dok":10,"plany":[{"p":"Príloha 2.6 Plochy a objemy.pdf","u":"https://www.enviroportal.sk/eia/dokument/265924","v":105308,"t":"PDF"},{"p":"Príloha 2.5 Mapa dotknutých pozemkov.pdf","u":"https://www.enviroportal.sk/eia/dokument/265923","v":126496,"t":"PDF"},{"p":"Príloha 2.1 Mapa povrchovej situácie.pdf","u":"https://www.enviroportal.sk/eia/dokument/265921","v":268984,"t":"PDF"},{"p":"Príloha 2.2 Charakteristické rezy ložiskom.pdf","u":"https://www.enviroportal.sk/eia/dokument/265922","v":145571,"t":"PDF"},{"p":"Príloha 2.8 Doprava.jpg","u":"https://www.enviroportal.sk/eia/dokument/265925","v":276892,"t":"JPG"}],"typ":"Výroba a sklady"}},{"type":"Feature","geometry":{"type":"Point","coordinates":[17.208084,48.106788]},"properties":{"id":"tazba-strkopieskov-podunajske-biskupice","nazov":"Ťažba štrkopieskov Podunajské Biskupice","firma":"Ančeta s.r.o., Podunajské Biskupice - Ketelec 1","ico":"35696605","obec":"Bratislava - Podunajské Biskupice","stav":"Akcia je ukončená v procese EIA","urad":"OBÚ Bratislava, MČ Bratislava-P. Biskupice","skupina":"","zhluk":"","presnost":"približná","zmena":"2013-09-11","faza":"posúdené","dok":20,"plany":[{"p":"príloha č. 2","u":"https://www.enviroportal.sk/eia/dokument/47723","v":540131,"t":"PDF"},{"p":"príloha č. 11","u":"https://www.enviroportal.sk/eia/dokument/47733","v":915291,"t":"JPG"},{"p":"príloha č. 1","u":"https://www.enviroportal.sk/eia/dokument/47722","v":5651621,"t":"JPG"},{"p":"príloha č. 3","u":"https://www.enviroportal.sk/eia/dokument/47724","v":495163,"t":"JPG"},{"p":"príloha č. 4","u":"https://www.enviroportal.sk/eia/dokument/47726","v":1471423,"t":"JPG"}],"typ":"Výroba a sklady"}},{"type":"Feature","geometry":{"type":"Point","coordinates":[17.551883,48.28723]},"properties":{"id":"technicka-infrastruktura-obec-most-pri-bratislave-m-c-studene-lokalita","nazov":"Technická infraštruktúra Obec Most pri Bratislave; m.č. Studené Lokalita č. 1/2008","firma":"Great Lakes, s.r.o.","ico":"50532332","obec":"Bratislava - Podunajské Biskupice","stav":"Zámer","urad":"Okresný úrad Senec, odbor starostlivosti o životné prostredie Obce Most pri Bratislave","skupina":"","zhluk":"","presnost":"presná","zmena":"2026-05-27","ulica":"Technická","faza":"zámer","dok":3,"typ":"Bývanie"}},{"type":"Feature","geometry":{"type":"Point","coordinates":[17.206531,48.127422]},"properties":{"id":"technicke-zhodnotenie-objektu-zs-biskupicka","nazov":"Technické zhodnotenie objektu ZŠ Biskupická","firma":"Mestskú časť Bratislava - Podunajské Biskupice, Trojičné námestie 11","ico":"","obec":"Bratislava - Podunajské Biskupice","stav":"Akcia je ukončená v procese EIA","urad":"MČ BA Vrakuňa","skupina":"","zhluk":"","presnost":"presná","zmena":"2013-09-27","ulica":"Biskupická","faza":"povolené","doklad":"Rozhodnutie","dok":9,"plany":[{"p":"Priloha 2","u":"https://www.enviroportal.sk/eia/dokument/186416","v":1098993,"t":"PDF"},{"p":"Priloha 3","u":"https://www.enviroportal.sk/eia/dokument/186419","v":873177,"t":"PDF"},{"p":"Priloha 4","u":"https://www.enviroportal.sk/eia/dokument/186420","v":986479,"t":"PDF"},{"p":"Priloha 2a","u":"https://www.enviroportal.sk/eia/dokument/186418","v":256181,"t":"PDF"}],"typ":"Vybavenosť"}},{"type":"Feature","geometry":{"type":"Point","coordinates":[17.203876,48.133179]},"properties":{"id":"technicke-zhodnotenie-objektu-zs-podzahradna","nazov":"Technické zhodnotenie objektu ZŠ Podzáhradná","firma":"Mestská časť Bratislava - Podunajské Biskupice,Trojičné námestie 11","ico":"00641383","obec":"Bratislava - Podunajské Biskupice","stav":"Akcia je ukončená v procese EIA","urad":"Mestská časť Bratislava - Vrakuňa","skupina":"","zhluk":"","presnost":"presná","zmena":"2013-09-27","ulica":"Podzáhradná","faza":"povolené","doklad":"Rozhodnutie","dok":9,"plany":[{"p":"príloha 4","u":"https://www.enviroportal.sk/eia/dokument/186412","v":1354473,"t":"PDF"},{"p":"príloha 2","u":"https://www.enviroportal.sk/eia/dokument/186409","v":778910,"t":"PDF"},{"p":"príloha 2a","u":"https://www.enviroportal.sk/eia/dokument/186410","v":238783,"t":"PDF"},{"p":"príloha 3","u":"https://www.enviroportal.sk/eia/dokument/186411","v":937573,"t":"PDF"},{"p":"príloha 5","u":"https://www.enviroportal.sk/eia/dokument/186427","v":232265,"t":"PDF"}],"typ":"Vybavenosť"}},{"type":"Feature","geometry":{"type":"Point","coordinates":[17.098678,48.158824]},"properties":{"id":"technicko-hygienicka-udrzba-zeleznicnych-kolajovych-vozidiel-projektov-4","nazov":"Technicko – hygienická údržba železničných koľajových vozidiel – projektová príprava, stredisko Bratislava","firma":"Železničná spoločnosť Slovensko, v zastúpení firmy Reming consult, a.s","ico":"35914939","obec":"Bratislava - Staré Mesto","stav":"Akcia je ukončená v procese EIA","urad":"MČ Bratislava Rača, OÚ Bratislava, MDVaRR SR","skupina":"","zhluk":"","presnost":"približná","zmena":"2015-01-05","faza":"posúdené","dok":3,"typ":"Doprava"}},{"type":"Feature","geometry":{"type":"Point","coordinates":[17.090645,48.118097]},"properties":{"id":"technologicka-stanica-pre-zhodnocovanie-zdravotnickeho-nebezpecneho-od","nazov":"Technologická stanica pre zhodnocovanie zdravotníckeho nebezpečného odpadu, Antolská ul., Bratislava","firma":"Univerzitná nemocnica Bratislava, Pažítková 4","ico":"31813861","obec":"Bratislava - Petržalka","stav":"Akcia je ukončená v procese EIA","urad":"Okresný úrad Bratislava, odbor starostlivosti o životné prostredie; Stavebný úrad, Mestská","skupina":"","zhluk":"","presnost":"približná","zmena":"2021-06-22","faza":"posúdené","dok":22,"plany":[{"p":"E_priloha_c3_Odborne_stanovisko_ovzdusie.pdf","u":"https://www.enviroportal.sk/eia/dokument/303478","v":64684,"t":"PDF"},{"p":"C_priloha_c1_Rez_navrhovanou_cinnostou.pdf","u":"https://www.enviroportal.sk/eia/dokument/303476","v":3768238,"t":"PDF"},{"p":"D_priloha_c2_Akusticky_posudok.pdf","u":"https://www.enviroportal.sk/eia/dokument/303477","v":1501342,"t":"PDF"},{"p":"B1_mapa_1_sirsie_vztahy.pdf","u":"https://www.enviroportal.sk/eia/dokument/303473","v":769752,"t":"PDF"},{"p":"B2_mapa_2_ortofotomapa.pdf","u":"https://www.enviroportal.sk/eia/dokument/303474","v":748024,"t":"PDF"}],"typ":"Vybavenosť"}},{"type":"Feature","geometry":{"type":"Point","coordinates":[17.108949,48.068333]},"properties":{"id":"technologicke-centrum-pre-filmovu-televiznu-tvorbu-jarovce","nazov":"Technologické centrum pre filmovú a televíznu tvorbu Jarovce","firma":"SOLID ENTERPRISE s.r.o., Bajkalská 22","ico":"47238313","obec":"Bratislava - Jarovce","stav":"Akcia je ukončená v procese EIA","urad":"Mestská časť Bratislava - Jarovce OÚŽP Bratislava,oddelenie OP a vybraných zložiek ŽP obvo","skupina":"","zhluk":"bajkalska 22","presnost":"približná","zmena":"2013-07-18","faza":"posúdené","dok":19,"plany":[{"p":"mapa 1 50000","u":"https://www.enviroportal.sk/eia/dokument/175091","v":120236,"t":"JPG"},{"p":"koordinačná situácia","u":"https://www.enviroportal.sk/eia/dokument/175094","v":497148,"t":"PDF"},{"p":"situácia areál plochy","u":"https://www.enviroportal.sk/eia/dokument/175095","v":1424737,"t":"PDF"},{"p":"situácia širšie vzťahy","u":"https://www.enviroportal.sk/eia/dokument/175096","v":544065,"t":"PDF"},{"p":"vizualizácie","u":"https://www.enviroportal.sk/eia/dokument/175100","v":596720,"t":"PDF"}],"typ":"Výroba a sklady"}},{"type":"Feature","geometry":{"type":"Point","coordinates":[17.207893,48.109281]},"properties":{"id":"technologicky-park-olo","nazov":"Technologický park OLO","firma":"Odvoz a likvidácia odpadu a.s. (OLO a.s.), Ivanská cesta 22","ico":"00681300","obec":"Bratislava - Podunajské Biskupice","stav":"Zámer","urad":"OUBA OSZP, MČ BA-Podunajské Biskupice, Inšpektorát Slovenskej inšpekcie životného prostred","skupina":"","zhluk":"","presnost":"približná","zmena":"2026-01-19","faza":"zámer","dok":7,"typ":"Plány a koncepcie"}},{"type":"Feature","geometry":{"type":"Point","coordinates":[17.172816,48.14463]},"properties":{"id":"terminal-lng-bratislava-pristav-polostrov","nazov":"Terminál LNG, Bratislava - prístav - polostrov","firma":"Danube LNG, európske zoskupenie hospodárskych záujmov, Prístavná 10","ico":"47053917","obec":"Bratislava - Ružinov","stav":"Zámer","urad":"Stavebný úrad Mestskej časti Bratislava – Ružinov, Mierová 21, 827 05 Bratislava; Okresný ","skupina":"","zhluk":"pristavna 10","presnost":"približná","zmena":"2016-03-02","faza":"zámer","dok":3,"typ":"Doprava"}},{"type":"Feature","geometry":{"type":"Point","coordinates":[17.129873,48.223279]},"properties":{"id":"tlaciaren-slovenska-grafia-s-modernizacia-vyroby","nazov":"Tlačiareň Slovenská Grafia a .s.– modernizácia výroby","firma":"Slovenská Grafia a. s., Pekná cesta 6","ico":"31321470","obec":"Bratislava - Rača","stav":"Akcia je ukončená v procese EIA","urad":"Mestská časť Bratislava – Rača, Miestny úrad, Kubačova 21, 831 06 Bratislava 3","skupina":"","zhluk":"","presnost":"približná","zmena":"2016-02-17","faza":"posúdené","dok":3,"typ":"Technická infraštruktúra"}},{"type":"Feature","geometry":{"type":"Point","coordinates":[18.092104,48.950781]},"properties":{"id":"trolejbusova-trat-trencianska","nazov":"Trolejbusová trať Trenčianska","firma":"Hlavné mesto Bratislava, zastúpený Generálnym investorom Bratislavy, Z","ico":"00698393","obec":"Bratislava - Ružinov","stav":"Akcia je ukončená v procese EIA","urad":"Úrad pre reguláciu železničnej dorpavy, sekcia ŠOTD, MČ Baratislava - Ružinov,","skupina":"","zhluk":"","presnost":"presná","zmena":"2012-08-10","faza":"posúdené","dok":18,"plany":[{"p":"príloha výpis 4","u":"https://www.enviroportal.sk/eia/dokument/145510","v":1021867,"t":"JPG"},{"p":"príloha výpis 5","u":"https://www.enviroportal.sk/eia/dokument/145511","v":1610679,"t":"JPG"},{"p":"príloha výpis 6","u":"https://www.enviroportal.sk/eia/dokument/145512","v":1018758,"t":"JPG"},{"p":"príloha výpis 7","u":"https://www.enviroportal.sk/eia/dokument/145513","v":1582018,"t":"JPG"},{"p":"príloha výpis 2","u":"https://www.enviroportal.sk/eia/dokument/145494","v":1425501,"t":"JPG"}],"typ":"Obchod a služby"}},{"type":"Feature","geometry":{"type":"Point","coordinates":[17.177575,48.146302]},"properties":{"id":"trvale-uzivanie-stavby-kombinovany-horak-na-spalovanie-slopov-na-spalo","nazov":"Trvalé užívanie stavby Kombinovaný horák na spaľovanie slopov na Spaľovni kalov","firma":"SLOVNAFT, a.s. Vlčie hrdlo 1","ico":"31322832","obec":"Bratislava - Ružinov","stav":"Akcia je ukončená v procese EIA","urad":"Slovenská inšpekcia životného prostredia Bratislava","skupina":"","zhluk":"vlcie hrdlo 1","presnost":"približná","zmena":"2015-05-27","faza":"posúdené","dok":4,"plany":[{"p":"Prílohy.zip","u":"https://www.enviroportal.sk/eia/dokument/226017","v":2752192,"t":"ZIP"}],"typ":"Výroba a sklady"}},{"type":"Feature","geometry":{"type":"Point","coordinates":[17.176788,48.149602]},"properties":{"id":"twin-city-autobusova-stanica-bratislava","nazov":"TWIN CITY Autobusová stanica, Bratislava","firma":"Twin City a.s., Prievozská 4","ico":"35872217","obec":"Bratislava - Ružinov","stav":"Akcia je ukončená v procese EIA","urad":"MĆ Bratislava - Ružinov, OÚŽP v BA, odbor ŠVS","skupina":"HB Reavis","zhluk":"karadzicova 12","presnost":"približná","zmena":"2013-07-24","faza":"posúdené","dok":23,"plany":[{"p":"TCS prilohy_6rozptylova studia","u":"https://www.enviroportal.sk/eia/dokument/153911","v":1168999,"t":"ZIP"},{"p":"TCS prilohy_1 graficke prilohy_Obr.1","u":"https://www.enviroportal.sk/eia/dokument/153884","v":566565,"t":"JPG"},{"p":"TCS prilohy_1 graficke prilohy_Obr2","u":"https://www.enviroportal.sk/eia/dokument/153885","v":545367,"t":"JPG"},{"p":"TCS prilohy_1 graficke prilohy_Obr3","u":"https://www.enviroportal.sk/eia/dokument/153906","v":489493,"t":"JPG"},{"p":"TCS prilohy_1 graficke prilohy_mapa_1_50000","u":"https://www.enviroportal.sk/eia/dokument/153907","v":2633650,"t":"JPG"}],"typ":"Výroba a sklady"}},{"type":"Feature","geometry":{"type":"Point","coordinates":[17.048078,48.198549]},"properties":{"id":"ubytovacie-zariadenie-pre-zdravotnicky-personal","nazov":"Ubytovacie zariadenie pre zdravotnícky personál","firma":"Ubytovne s. r. o., Digital Park II., Einsteinova 25","ico":"50316648","obec":"Bratislava - Lamač","stav":"Akcia je ukončená v procese EIA","urad":"Okresný úrad Bratislava, odbor starostlivosti o životné prostredie, Tomášikova 46, 832 05 ","skupina":"Penta Real Estate","zhluk":"einsteinova 25","presnost":"približná","zmena":"2019-08-28","faza":"posúdené","dok":5,"typ":"Vybavenosť"}},{"type":"Feature","geometry":{"type":"Point","coordinates":[17.175253,48.150341]},"properties":{"id":"ubytovacie-zariadenie-zelene-sady-trnavka","nazov":"UBYTOVACIE ZARIADENIE ZELENÉ SADY TRNÁVKA","firma":"Greenlight Office Park s.r.o., Dunajská 15","ico":"44249039","obec":"Bratislava - Ružinov","stav":"Zámer","urad":"OUBA OSZP, MČ BA-RUžinov","skupina":"","zhluk":"dunajska 15","presnost":"približná","zmena":"2025-01-07","faza":"povolené","doklad":"Informácia","dok":18,"plany":[{"p":"Situácia širších vzťahov 1 k 20 000.pdf","u":"https://www.enviroportal.sk/eia/dokument/381268","v":1110893,"t":"PDF"},{"p":"Situácia 1 k 500.pdf","u":"https://www.enviroportal.sk/eia/dokument/381267","v":1049764,"t":"PDF"},{"p":"Situácia - generel IS 1 k 500.pdf","u":"https://www.enviroportal.sk/eia/dokument/381266","v":1237273,"t":"PDF"}],"typ":"Vybavenosť"}},{"type":"Feature","geometry":{"type":"Point","coordinates":[17.019869,48.172774]},"properties":{"id":"umyvacie-centrum-karcher-metro-devinska-nova-ves-","nazov":"Umývacie centrum Kärcher Metro Devínska Nová Ves","firma":"KÄRCHER Slovakia, s.r.o., Bratislavská 31","ico":"43967663","obec":"Bratislava - Devínska Nová Ves","stav":"Akcia je ukončená v procese EIA","urad":"Mestská časť Bratislava – Devínska Nová Ves, Novoveská 17/A, 841 07 Bratislava Okresný úra","skupina":"","zhluk":"","presnost":"približná","zmena":"2023-06-26","faza":"posúdené","dok":5,"plany":[{"p":"prílohy.zip","u":"https://www.enviroportal.sk/eia/dokument/356363","v":31071314,"t":"ZIP"}],"typ":"Obchod a služby"}},{"type":"Feature","geometry":{"type":"Point","coordinates":[17.76121,48.303622]},"properties":{"id":"upn-z-bajkalska-roh","nazov":"ÚPN - Z Bajkalská roh","firma":"Mestská časť Bratislava - Ružinov, Mierová 21","ico":"00603155","obec":"Bratislava - Ružinov","stav":"Podlieha ďalšiemu posudzovaniu","urad":"1. Mestská časť Bratislava - Ružinov, Mierová 21, 827 05 Bratislava 2. Okresný úrad Bratis","skupina":"","zhluk":"mierova 21","presnost":"presná","zmena":"2015-10-01","ulica":"Bajkalská","faza":"zámer","dok":13,"plany":[{"p":"Priloha 1.pdf","u":"https://www.enviroportal.sk/eia/dokument/230903","v":513138,"t":"PDF"},{"p":"Priloha 2b.pdf","u":"https://www.enviroportal.sk/eia/dokument/230905","v":2765760,"t":"PDF"},{"p":"Priloha 3b.pdf","u":"https://www.enviroportal.sk/eia/dokument/230907","v":2416343,"t":"PDF"},{"p":"Priloha 2a.pdf","u":"https://www.enviroportal.sk/eia/dokument/230904","v":4505441,"t":"PDF"},{"p":"Priloha 3a.pdf","u":"https://www.enviroportal.sk/eia/dokument/230906","v":2765760,"t":"PDF"}],"typ":"Bývanie"}},{"type":"Feature","geometry":{"type":"Point","coordinates":[17.137144,48.039549]},"properties":{"id":"upn-z-pamiatkovej-zony-bratislava-rusovce","nazov":"ÚPN Z Pamiatkovej zóny Bratislava – Rusovce","firma":"Mestská časť Bratislava - Rusovce","ico":"00304611","obec":"Bratislava - Rusovce","stav":"Akcia je ukončená v procese SEA","urad":"","skupina":"","zhluk":"","presnost":"približná","zmena":"2015-01-28","faza":"posúdené","dok":6,"plany":[{"p":"grafická časť.zip","u":"https://www.enviroportal.sk/eia/dokument/222449","v":71792396,"t":"ZIP"}],"typ":"Plány a koncepcie"}},{"type":"Feature","geometry":{"type":"Point","coordinates":[17.177173,48.145772]},"properties":{"id":"upn-z-strkovecke-jazero","nazov":"ÚPN Z Štrkovecké jazero","firma":"MČ Bratislava – Ružinov, Mierová ul. č. 21","ico":"00603155","obec":"Bratislava - Ružinov","stav":"Akcia je ukončená v procese EIA","urad":"MČ Bratislava - Ružinov, Mierová ul. č. 21, 827 05 Bratislava 212 OÚ BA Odbor starostlivos","skupina":"","zhluk":"mierova 21","presnost":"približná","zmena":"2021-12-01","faza":"posúdené","dok":20,"plany":[{"p":"Príloha 3_variant A.pdf","u":"https://www.enviroportal.sk/eia/dokument/231075","v":2416343,"t":"PDF"},{"p":"Príloha 2 ÚP-Z Komplexný_urbanistický návrh_Variant B.pdf","u":"https://www.enviroportal.sk/eia/dokument/231053","v":4442975,"t":"PDF"},{"p":"Príloha 2 ÚP-Z Komplexný_urbanistický návrh_Variant A.pdf","u":"https://www.enviroportal.sk/eia/dokument/231052","v":4505441,"t":"PDF"},{"p":"Príloha 5.pdf","u":"https://www.enviroportal.sk/eia/dokument/231078","v":521181,"t":"PDF"},{"p":"Príloha 4.pdf","u":"https://www.enviroportal.sk/eia/dokument/231077","v":88874,"t":"PDF"}],"typ":"Výroba a sklady"}},{"type":"Feature","geometry":{"type":"Point","coordinates":[17.173651,48.150507]},"properties":{"id":"uprava-docasnej-ochrannej-hradze-dunaja-v-ramci-sanacie-environmentaln","nazov":"Úprava dočasnej ochrannej hrádze Dunaja v rámci sanácie environmentálnej záťaže","firma":"PROPERTY Danube, s.r.o., Pribinova 10","ico":"36282821","obec":"Bratislava - Ružinov","stav":"Akcia je ukončená v procese EIA","urad":"Mestská časť Bratislava – Ružinov Okresný úrad Bratislava, odbor starostlivosti o životné ","skupina":"","zhluk":"","presnost":"približná","zmena":"2018-03-13","faza":"povolené","doklad":"Rozhodnutie","dok":7,"plany":[{"p":"Prilohy.zip","u":"https://www.enviroportal.sk/eia/dokument/254275","v":28156229,"t":"ZIP"}],"typ":"Výroba a sklady"}},{"type":"Feature","geometry":{"type":"Point","coordinates":[17.098678,48.158824]},"properties":{"id":"uprava-dunajskej-promenady-usek-river-park-lafranconi-bratislava","nazov":"Úprava Dunajskej promenády, úsek River Park - Lafranconi, Bratislava","firma":"IVASO, Pri vinohradoch 269, s. r. o., P. O. BOX 75","ico":"35727497","obec":"Bratislava - Staré Mesto","stav":"Akcia je ukončená v procese EIA","urad":"Mestská časť Bratislava - Staré Mesto, OÚŽP BA,","skupina":"","zhluk":"","presnost":"približná","zmena":"2013-02-01","faza":"povolené","doklad":"Rozhodnutie","dok":10,"plany":[{"p":"situácia a  rez pozdlzny","u":"https://www.enviroportal.sk/eia/dokument/159529","v":3353693,"t":"PDF"},{"p":"situácia","u":"https://www.enviroportal.sk/eia/dokument/159546","v":1452589,"t":"PDF"}],"typ":"Zeleň a verejný priestor"}},{"type":"Feature","geometry":{"type":"Point","coordinates":[17.025596,48.172258]},"properties":{"id":"uprava-okruznej-krizovatky-s-pripojenim-na-dialnicu-d4-pozemna-komunik","nazov":"Úprava okružnej križovatky s pripojením na diaľnicu D4 a pozemná komunikácia na zokruhovanie sprístupnenia zóny Devínska Nová Ves","firma":"Mestská časť Bratislava - Devínska Nová Ves, Novoveská 17/A","ico":"603392","obec":"Bratislava - Devínska Nová Ves","stav":"Akcia je ukončená v procese EIA","urad":"OUBA - OSZP, MC BA - Devinska Nova Ves, MC BA - Zahorska Bystrica","skupina":"","zhluk":"novoveska a","presnost":"približná","zmena":"2021-02-01","faza":"povolené","doklad":"Rozhodnutie","dok":10,"typ":"Výroba a sklady"}},{"type":"Feature","geometry":{"type":"Point","coordinates":[17.021856,48.16748]},"properties":{"id":"uprava-optimalizacia-logistickych-ploch-pri-hale-h4b","nazov":"Úprava a optimalizácia logistických plôch pri hale H4B","firma":"VOLKSWAGEN, a. s.","ico":"35757442","obec":"Bratislava - Devínska Nová Ves","stav":"Oznámenie o zmene","urad":"MČ DNV, OÚBA OSŽP","skupina":"","zhluk":"j jonasa 1","presnost":"približná","zmena":"2026-02-25","faza":"povolené","doklad":"Rozhodnutie","dok":4,"typ":"Výroba a sklady"}},{"type":"Feature","geometry":{"type":"Point","coordinates":[17.162699,48.157178]},"properties":{"id":"uprava-parkovacich-ploch-ruzinov","nazov":"Úprava parkovacích plôch Ružinov","firma":"Univerzitná nemocnica Bratislava, Pažítková 4","ico":"31813861","obec":"Bratislava - Ružinov","stav":"Rozhodnutie o zmene navrhovanej činnosti- neposudzovať","urad":"OÚ BA, MČ BA Ružinov","skupina":"","zhluk":"","presnost":"presná","zmena":"2020-01-08","faza":"povolené","doklad":"Rozhodnutie","dok":7,"plany":[{"p":"Parkoviska Ruzinov - prilohy.zip","u":"https://www.enviroportal.sk/eia/dokument/288724","v":7020792,"t":"ZIP"}],"typ":"Bývanie"}},{"type":"Feature","geometry":{"type":"Point","coordinates":[17.023401,48.167547]},"properties":{"id":"uzemny-plan-centralnej-mestskej-zony-v-mc-bratislava-devinska-nova-ves","nazov":"Územný plán centrálnej mestskej zóny v MČ Bratislava - Devínska Nová Ves","firma":"Mestská časť Bratislava - Devínska Nová Ves, Novoveská 17/A","ico":"00529371","obec":"Bratislava - Devínska Nová Ves","stav":"Akcia je ukončená v procese SEA","urad":"","skupina":"","zhluk":"novoveska a","presnost":"približná","zmena":"2013-11-11","faza":"posúdené","dok":6,"plany":[{"p":"príloha rozhodnutia ochrana prírody a krajiny analýza zelene","u":"https://www.enviroportal.sk/eia/dokument/192107","v":2401106,"t":"PDF"}],"typ":"Plány a koncepcie"}},{"type":"Feature","geometry":{"type":"Point","coordinates":[17.0959,48.154475]},"properties":{"id":"uzemny-plan-hlavneho-mesta-sr-bratislavy-rok-2007-v-zneni-neskorsich-z-1","nazov":"Územný plán hlavného mesta SR Bratislavy rok 2007 v znení neskorších zmien a doplnkov – Zmeny a doplnky 06","firma":"Hlavné mesto Slovenskej republiky Bratislava, Primaciálne nám. č. 1, P","ico":"00603481","obec":"Bratislava - Staré Mesto","stav":"Akcia je ukončená v procese SEA","urad":"","skupina":"","zhluk":"primacialne namestie 1","presnost":"približná","zmena":"2019-12-17","faza":"posúdené","dok":3,"typ":"Plány a koncepcie"}},{"type":"Feature","geometry":{"type":"Point","coordinates":[17.174673,48.144568]},"properties":{"id":"uzemny-plan-hlavneho-mesta-sr-bratislavy-rok-2007-v-zneni-neskorsich-z-2","nazov":"Územný plán hlavného mesta SR Bratislavy rok 2007 v znení neskorších zmien a doplnkov, zmeny a doplnky 08","firma":"Hlavné mesto Slovenskej republiky Bratislava, Primaciálne nám. č. 1, P","ico":"00603481","obec":"Bratislava - Ružinov","stav":"Akcia je ukončená v procese SEA","urad":"","skupina":"","zhluk":"primacialne namestie 1","presnost":"približná","zmena":"2023-04-04","faza":"posúdené","dok":5,"typ":"Plány a koncepcie"}},{"type":"Feature","geometry":{"type":"Point","coordinates":[17.177897,48.147223]},"properties":{"id":"uzemny-plan-hlavneho-mesta-sr-bratislavy-rok-2007-v-zneni-neskorsich-z-4","nazov":"Územný plán hlavného mesta SR Bratislavy, rok 2007, v znení neskorších zmien a doplnkov, zmeny a doplnky 10","firma":"Hlavné mesto Slovenskej republiky Bratislava, Primaciálne námestie 1","ico":"00603481","obec":"Bratislava - Ružinov","stav":"Akcia je ukončená v procese SEA","urad":"","skupina":"","zhluk":"primacialne namestie 1","presnost":"približná","zmena":"2024-03-18","faza":"posúdené","dok":4,"typ":"Plány a koncepcie"}},{"type":"Feature","geometry":{"type":"Point","coordinates":[17.142551,48.14492]},"properties":{"id":"uzemny-plan-hlavneho-mesta-sr-bratislavy-rok-2007-v-zneni-neskorsich-z-5","nazov":"Územný plán hlavného mesta SR Bratislavy rok 2007 v znení neskorších zmien a doplnkov, zmeny a doplnky 11","firma":"Hlavné mesto Slovenskej republiky Bratislava, Primaciálne nám. č. 1","ico":"00603481","obec":"Bratislava - Ružinov","stav":"Akcia je ukončená v procese SEA","urad":"","skupina":"","zhluk":"primacialne namestie 1","presnost":"presná","zmena":"2025-07-03","ulica":"Mlynské nivy","faza":"posúdené","dok":12,"plany":[{"p":"ZaD11_MUS_Regulacny_vykres.pdf","u":"https://www.enviroportal.sk/eia/dokument/386763","v":2161180,"t":"PDF"},{"p":"ZaD11_MUS_Komplexny_vykres.pdf","u":"https://www.enviroportal.sk/eia/dokument/386764","v":2427259,"t":"PDF"}],"typ":"Plány a koncepcie"}},{"type":"Feature","geometry":{"type":"Point","coordinates":[17.101946,48.19915]},"properties":{"id":"uzemny-plan-hlavneho-mesta-sr-bratislavy-rok-2007-v-zneni-neskorsich-z-6","nazov":"Územný plán hlavného mesta SR Bratislavy rok 2007 v znení neskorších zmien a doplnkov, zmeny a doplnky 12“ v lokalite Palma","firma":"Hlavné mesto SR Bratislava, Primaciálne námestie 1","ico":"00603481","obec":"Bratislava - Nové Mesto","stav":"Akcia je ukončená v procese SEA","urad":"","skupina":"","zhluk":"primacialne namestie 1","presnost":"približná","zmena":"2025-05-26","faza":"posúdené","dok":6,"plany":[{"p":"ZaD12_navrh_2.2.Regulacny_vykres.pdf","u":"https://www.enviroportal.sk/eia/dokument/386797","v":914196,"t":"PDF"}],"typ":"Plány a koncepcie"}},{"type":"Feature","geometry":{"type":"Point","coordinates":[17.170096,48.148403]},"properties":{"id":"uzemny-plan-hlavneho-mesta-sr-bratislavy-rok-2007-v-zneni-neskorsich-z-8","nazov":"Územný plán hlavného mesta SR Bratislavy, rok 2007, v znení neskorších zmien a doplnkov, zmeny a doplnky 13","firma":"Hlavné mesto Slovenskej republiky Bratislava, Primaciálne nám. č. 1","ico":"00603481","obec":"Bratislava - Ružinov","stav":"Rozhodnutie zo zisťovacieho konania","urad":"","skupina":"","zhluk":"primacialne namestie 1","presnost":"približná","zmena":"2026-07-10","faza":"posúdené","dok":6,"plany":[{"p":"ZAD 13 Grafická časť.zip","u":"https://www.enviroportal.sk/eia/dokument/396574","v":8689259,"t":"ZIP"}],"typ":"Plány a koncepcie"}},{"type":"Feature","geometry":{"type":"Point","coordinates":[17.170066,48.148327]},"properties":{"id":"uzemny-plan-hlavneho-mesta-sr-bratislavy-rok-2007-v-zneni-neskorsich-z-9","nazov":"Územný plán hlavného mesta SR Bratislavy rok 2007 v znení neskorších zmien a doplnkov, zmeny a doplnky 16 – Zimný prístav","firma":"Hlavné mesto Slovenskej republiky Bratislava, Primaciálne námestie č. ","ico":"00603481","obec":"Bratislava - Ružinov","stav":"Oznámenie","urad":"","skupina":"","zhluk":"primacialne namestie 1","presnost":"približná","zmena":"2026-04-13","faza":"zámer","dok":11,"plany":[{"p":"N_Za_D16_vykres_3_doprava_.pdf","u":"https://www.enviroportal.sk/eia/dokument/401994","v":2492586,"t":"PDF"},{"p":"N_Za_D16_vykres_4_3_elektrina_.pdf","u":"https://www.enviroportal.sk/eia/dokument/401995","v":2349435,"t":"PDF"},{"p":"Navrh_Za_D16_vykres_c_2_1_Priestorove_usporiadanie_a_funkcne","u":"https://www.enviroportal.sk/eia/dokument/401996","v":2422991,"t":"PDF"},{"p":"Navrh_Za_D16_vykres_c_2_2_Regulacny_vykres_.pdf","u":"https://www.enviroportal.sk/eia/dokument/401997","v":2407045,"t":"PDF"},{"p":"Navrh_Za_D16_vykres_c_4_2_Odkanalizovanie_vodne_plochy_a_vod","u":"https://www.enviroportal.sk/eia/dokument/402000","v":2336665,"t":"PDF"}],"typ":"Plány a koncepcie"}},{"type":"Feature","geometry":{"type":"Point","coordinates":[17.101384,48.158498]},"properties":{"id":"uzemny-plan-hlavneho-mesta-sr-bratislavy-rok-2007-v-zneni-neskorsich-z","nazov":"Územný plán hlavného mesta SR Bratislavy rok 2007 v znení neskorších zmien a doplnkov - Zmeny a doplnky 04","firma":"Hlavné mesto Slovenskej republiky Bratislava, Primaciálne nám. č. 1","ico":"603481","obec":"Bratislava - Staré Mesto","stav":"Akcia je ukončená v procese SEA","urad":"","skupina":"","zhluk":"primacialne namestie 1","presnost":"približná","zmena":"2014-09-18","faza":"posúdené","dok":45,"plany":[{"p":"strategický dokument návrh grafická časť ZaD O4 4.1","u":"https://www.enviroportal.sk/eia/dokument/217843","v":2641077,"t":"PDF"},{"p":"strategický dokument návrh grafická časť ZaD O4 4.3","u":"https://www.enviroportal.sk/eia/dokument/217842","v":1973346,"t":"PDF"},{"p":"strategický dokument návrh grafická časť ZaD O4 4.4","u":"https://www.enviroportal.sk/eia/dokument/217841","v":2265192,"t":"PDF"},{"p":"strategický dokument návrh grafická časť ZaD O4 4.5","u":"https://www.enviroportal.sk/eia/dokument/217840","v":2520817,"t":"PDF"},{"p":"strategický dokument návrh grafická časť ZaD O4 5","u":"https://www.enviroportal.sk/eia/dokument/217839","v":4669978,"t":"PDF"}],"typ":"Plány a koncepcie"}},{"type":"Feature","geometry":{"type":"Point","coordinates":[17.600721,47.998234]},"properties":{"id":"uzemny-plan-hlavneho-mesta-sr-bratislavy-rok-2007-v-zneni-zmien-doplnk","nazov":"Územný plán hlavného mesta SR Bratislavy, rok 2007 v znení zmien a doplnkov 01 a 02 - Zmeny a doplnky 03 - A, návrh júl 2013","firma":"Hlavné mesto SR Bratislava, Primaciálne nám. 1, P. O. BOX 192","ico":"00603481","obec":"Bratislava - Staré Mesto","stav":"Akcia je ukončená v procese SEA","urad":"","skupina":"","zhluk":"primacialne namestie 1","presnost":"presná","zmena":"2013-10-30","faza":"posúdené","dok":8,"typ":"Plány a koncepcie"}},{"type":"Feature","geometry":{"type":"Point","coordinates":[17.677539,48.37957]},"properties":{"id":"uzemny-plan-mesta-modry-zmeny-doplnky-c-7","nazov":"Územný plán mesta Modry – Zmeny a doplnky č. 7","firma":"Mesto Modra, Mestský úrad Modra, Dukelská 38","ico":"00304956","obec":"Modra","stav":"Akcia je ukončená v procese SEA","urad":"","skupina":"","zhluk":"dukelska 38","presnost":"presná","zmena":"2025-11-03","faza":"posúdené","dok":11,"typ":"Plány a koncepcie"}},{"type":"Feature","geometry":{"type":"Point","coordinates":[17.76121,48.303622]},"properties":{"id":"uzemny-plan-zony-bajkalska-drienova","nazov":"Územný plán zóny Bajkalská, Drieňová","firma":"Mestská časť Bratislava - Ružinov, Mierová 21","ico":"00603155","obec":"Bratislava - Ružinov","stav":"Akcia je ukončená v procese SEA","urad":"","skupina":"","zhluk":"mierova 21","presnost":"presná","zmena":"2015-02-02","ulica":"Bajkalská","faza":"posúdené","dok":9,"typ":"Plány a koncepcie"}},{"type":"Feature","geometry":{"type":"Point","coordinates":[17.052547,48.194584]},"properties":{"id":"uzemny-plan-zony-bratislava-lamac-malokarpatske-namestie-december-2013","nazov":"Územný plán zóny Bratislava, Lamač - Malokarpatské námestie, december 2013","firma":"Mestská časť Bratislava - Lamač, Malokarpatské nám. č. 9","ico":"00603414","obec":"Bratislava - Lamač","stav":"Akcia je ukončená v procese SEA","urad":"","skupina":"","zhluk":"","presnost":"presná","zmena":"2014-04-02","faza":"posúdené","dok":16,"plany":[{"p":"výkresová časť širšie vzťahy","u":"https://www.enviroportal.sk/eia/dokument/207587","v":12462824,"t":"PDF"}],"typ":"Plány a koncepcie"}},{"type":"Feature","geometry":{"type":"Point","coordinates":[17.049613,48.19781]},"properties":{"id":"uzemny-plan-zony-bratislava-lamac-zecak-09-2013","nazov":"Územný plán zóny Bratislava - Lamač, Zečák 09/2013","firma":"Mestská časť Bratislava - Lamač","ico":"00603414","obec":"Bratislava - Lamač","stav":"Akcia je ukončená v procese SEA","urad":"","skupina":"","zhluk":"","presnost":"približná","zmena":"2014-03-20","faza":"posúdené","dok":37,"plany":[{"p":"Prilohy k UPD_A3_7","u":"https://www.enviroportal.sk/eia/dokument/201878","v":14241708,"t":"PDF"},{"p":"Prilohy k UPD_A3_dopr. vybavenie","u":"https://www.enviroportal.sk/eia/dokument/201920","v":9846815,"t":"PDF"},{"p":"Oznámenie_príloha 4","u":"https://www.enviroportal.sk/eia/dokument/201869","v":1517811,"t":"JPG"},{"p":"Oznámenie_príloha 6","u":"https://www.enviroportal.sk/eia/dokument/201870","v":2297223,"t":"JPG"},{"p":"Oznámenie_príloha 2","u":"https://www.enviroportal.sk/eia/dokument/201887","v":912463,"t":"JPG"}],"typ":"Plány a koncepcie"}},{"type":"Feature","geometry":{"type":"Point","coordinates":[17.051913,48.197726]},"properties":{"id":"uzemny-plan-zony-bratrislava-lamac-zecak-09-2013","nazov":"Územný plán zóny Bratrislava - Lamač, Zečák 09/2013","firma":"Mestská časť Bratislava - Lamač","ico":"00603414","obec":"Bratislava - Lamač","stav":"Akcia je ukončená v procese SEA","urad":"","skupina":"","zhluk":"","presnost":"približná","zmena":"2017-11-24","faza":"posúdené","dok":30,"plany":[{"p":"8_VIZUALIZACIE.pdf","u":"https://www.enviroportal.sk/eia/dokument/235609","v":11371580,"t":"PDF"}],"typ":"Plány a koncepcie"}},{"type":"Feature","geometry":{"type":"Point","coordinates":[17.228825,48.362033]},"properties":{"id":"uzemny-plan-zony-brnianska-patronka-1","nazov":"Územný plán zóny Brnianska - Patrónka","firma":"Mestská časť Bratislava - Staré Mesto","ico":"00603147","obec":"Bratislava - Staré Mesto","stav":"Akcia je ukončená v procese SEA","urad":"","skupina":"","zhluk":"","presnost":"presná","zmena":"2024-05-31","ulica":"Brnianska","faza":"posúdené","dok":15,"plany":[{"p":"01_A_sirsie vztahy_20230926.pdf","u":"https://www.enviroportal.sk/eia/dokument/371020","v":5219307,"t":"PDF"}],"typ":"Plány a koncepcie"}},{"type":"Feature","geometry":{"type":"Point","coordinates":[17.228825,48.362033]},"properties":{"id":"uzemny-plan-zony-brnianska-patronka","nazov":"Územný plán zóny Brnianska - Patrónka","firma":"Mestská časť Bratislava - Staré Mesto","ico":"00603147","obec":"Bratislava - Staré Mesto","stav":"Iný dôvod ukončenia posudzovania","urad":"","skupina":"","zhluk":"","presnost":"presná","zmena":"2022-12-28","ulica":"Brnianska","faza":"zámer","dok":4,"typ":"Plány a koncepcie"}},{"type":"Feature","geometry":{"type":"Point","coordinates":[17.208405,48.109976]},"properties":{"id":"uzemny-plan-zony-centrum-podunajske-biskupice-v-zneni-zmien-doplnkov-c","nazov":"Územný plán zóny Centrum - Podunajské Biskupice, v znení zmien a doplnkov č. 4/2020","firma":"Mestská časť Bratislava - Podunajské Biskupice","ico":"","obec":"Bratislava - Podunajské Biskupice","stav":"Akcia je ukončená v procese SEA","urad":"","skupina":"","zhluk":"","presnost":"približná","zmena":"2021-03-26","faza":"posúdené","dok":4,"typ":"Plány a koncepcie"}},{"type":"Feature","geometry":{"type":"Point","coordinates":[17.212686,48.111083]},"properties":{"id":"uzemny-plan-zony-centrum-podunajske-biskupice-zmeny-doplnky-c-01-2014","nazov":"Územný plán zóny Centrum – Podunajské Biskupice, Zmeny a doplnky č. 01/2014","firma":"Mestská časť Bratislava – Podunajské Biskupice, Trojičné námestie č. 1","ico":"00641383","obec":"Bratislava - Podunajské Biskupice","stav":"Akcia je ukončená v procese SEA","urad":"","skupina":"","zhluk":"","presnost":"približná","zmena":"2015-03-23","faza":"posúdené","dok":7,"plany":[{"p":"02_UP-Z_Centrum-PB_ZaD_01_2014_Situacia.pdf","u":"https://www.enviroportal.sk/eia/dokument/222709","v":499753,"t":"PDF"}],"typ":"Plány a koncepcie"}},{"type":"Feature","geometry":{"type":"Point","coordinates":[17.098199,48.158731]},"properties":{"id":"uzemny-plan-zony-chalupkova-rok-2016","nazov":"Územný plán zóny Chalupkova, rok 2016","firma":"Mestská časť Bratislava - Staré Mesto","ico":"00603147","obec":"Bratislava - Staré Mesto","stav":"Akcia je ukončená v procese SEA","urad":"","skupina":"","zhluk":"","presnost":"približná","zmena":"2016-09-08","faza":"posúdené","dok":14,"plany":[{"p":"ÚPNZ 01_Sirsie vztahy_2016.pdf","u":"https://www.enviroportal.sk/eia/dokument/247729","v":2957023,"t":"PDF"}],"typ":"Plány a koncepcie"}},{"type":"Feature","geometry":{"type":"Point","coordinates":[17.177757,48.146676]},"properties":{"id":"uzemny-plan-zony-cvernovka-v-mc-bratislava-ruzinov","nazov":"Územný plán zóny Cvernovka v MČ Bratislava - Ružinov","firma":"Mestská časť Bratislava - Ružinov, Mierová 21","ico":"00529320","obec":"Bratislava - Ružinov","stav":"Akcia je ukončená v procese SEA","urad":"","skupina":"","zhluk":"mierova 21","presnost":"približná","zmena":"2015-01-09","faza":"posúdené","dok":6,"typ":"Plány a koncepcie"}},{"type":"Feature","geometry":{"type":"Point","coordinates":[16.984736,48.175177]},"properties":{"id":"uzemny-plan-zony-devin-i-zmeny-doplnky-c-01-","nazov":"Územný plán zóny Devín I, zmeny a doplnky č. 01","firma":"Mestská časť Bratislava - Devín","ico":"00603422","obec":"Bratislava - Devín","stav":"Akcia je ukončená v procese SEA","urad":"","skupina":"","zhluk":"","presnost":"presná","zmena":"2025-11-26","faza":"posúdené","dok":24,"typ":"Plány a koncepcie"}},{"type":"Feature","geometry":{"type":"Point","coordinates":[17.018471,48.171006]},"properties":{"id":"uzemny-plan-zony-devin-i","nazov":"Územný plán zóny Devín I","firma":"Mestská časť Bratislava - Devín","ico":"00603422","obec":"Bratislava - Devín","stav":"Akcia je ukončená v procese SEA","urad":"","skupina":"","zhluk":"","presnost":"približná","zmena":"2016-06-01","faza":"posúdené","dok":11,"plany":[{"p":"Devin_I_UPNZ_graficka_cast.zip","u":"https://www.enviroportal.sk/eia/dokument/243467","v":71848780,"t":"ZIP"}],"typ":"Plány a koncepcie"}},{"type":"Feature","geometry":{"type":"Point","coordinates":[17.049536,48.164967]},"properties":{"id":"uzemny-plan-zony-dlhe-diely-4-5","nazov":"Územný plán zóny Dlhé Diely 4-5","firma":"Mestská časť Bratislava - Karlova Ves","ico":"00603520","obec":"Bratislava - Karlova Ves","stav":"Akcia je ukončená v procese SEA","urad":"","skupina":"","zhluk":"","presnost":"približná","zmena":"2014-03-11","faza":"posúdené","dok":7,"typ":"Plány a koncepcie"}},{"type":"Feature","geometry":{"type":"Point","coordinates":[17.048962,48.159253]},"properties":{"id":"uzemny-plan-zony-dlhe-diely-6-mestska-cast-bratislava-karlova-ves","nazov":"Územný plán zóny Dlhé diely 6, Mestská časť Bratislava - Karlova Ves","firma":"Mestská časť Bratislava - Karlova Ves","ico":"00603520","obec":"Bratislava - Karlova Ves","stav":"Akcia je ukončená v procese SEA","urad":"","skupina":"","zhluk":"","presnost":"približná","zmena":"2023-09-08","faza":"povolené","doklad":"Rozhodnutie – stavebné povolenie","dok":5,"plany":[{"p":"2.Grafická časť.zip","u":"https://www.enviroportal.sk/eia/dokument/363199","v":20738589,"t":"ZIP"}],"typ":"Plány a koncepcie"}},{"type":"Feature","geometry":{"type":"Point","coordinates":[17.053203,48.164206]},"properties":{"id":"uzemny-plan-zony-dlhe-diely-janotova-hany-melickovej-","nazov":"Územný plán zóny Dlhé Diely - Janotova - Hany Meličkovej","firma":"Mestská časť Bratislava - Karlova Ves, Nám. sv. Františka 8","ico":"00603520","obec":"Bratislava - Karlova Ves","stav":"Akcia je ukončená v procese SEA","urad":"","skupina":"","zhluk":"","presnost":"približná","zmena":"2015-04-16","faza":"posúdené","dok":6,"typ":"Plány a koncepcie"}},{"type":"Feature","geometry":{"type":"Point","coordinates":[17.176282,48.124782]},"properties":{"id":"uzemny-plan-zony-dunajska-zmeny-doplnky-2016-navrh","nazov":"Územný plán zóny Dunajská, zmeny a doplnky 2016 - návrh","firma":"Hlavné mesto SR Bratislava","ico":"00603481","obec":"Bratislava - Staré Mesto","stav":"Akcia je ukončená v procese SEA","urad":"","skupina":"","zhluk":"primacialne namestie 1","presnost":"presná","zmena":"2017-06-06","ulica":"Dunajská","faza":"posúdené","dok":19,"plany":[{"p":"0_Vykres_kataster_2016.pdf","u":"https://www.enviroportal.sk/eia/dokument/256783","v":870379,"t":"PDF"},{"p":"1_Vykres_fotomapa_2016.pdf","u":"https://www.enviroportal.sk/eia/dokument/256784","v":1698859,"t":"PDF"},{"p":"2_Vykres_limity_2016.pdf","u":"https://www.enviroportal.sk/eia/dokument/256785","v":1739724,"t":"PDF"},{"p":"3_Vykres_komlexny_2016.pdf","u":"https://www.enviroportal.sk/eia/dokument/256786","v":974496,"t":"PDF"},{"p":"4_Vykres_hmotovopriestorovy_2016.pdf","u":"https://www.enviroportal.sk/eia/dokument/256787","v":1856023,"t":"PDF"}],"typ":"Plány a koncepcie"}},{"type":"Feature","geometry":{"type":"Point","coordinates":[17.109278,48.19675]},"properties":{"id":"uzemny-plan-zony-horny-kramer-2020","nazov":"Územný plán zóny Horný Kramer 2020","firma":"Mestská časť Bratislava - Nové Mesto","ico":"00603317","obec":"Bratislava - Nové Mesto","stav":"Akcia je ukončená v procese SEA","urad":"","skupina":"","zhluk":"","presnost":"približná","zmena":"2021-11-26","faza":"posúdené","dok":4,"typ":"Plány a koncepcie"}},{"type":"Feature","geometry":{"type":"Point","coordinates":[17.551883,48.28723]},"properties":{"id":"uzemny-plan-zony-ivance-zahorska-bystrica-bratislava","nazov":"Územný plán zóny Ivánce, Záhorská Bystrica, Bratislava","firma":"Mestská časť Bratislava - Záhorská Bystrica","ico":"00604887","obec":"Bratislava - Záhorská Bystrica","stav":"Akcia je ukončená v procese SEA","urad":"","skupina":"","zhluk":"","presnost":"presná","zmena":"2021-09-06","ulica":"Technická","faza":"posúdené","dok":4,"typ":"Plány a koncepcie"}},{"type":"Feature","geometry":{"type":"Point","coordinates":[17.10517,48.072662]},"properties":{"id":"uzemny-plan-zony-jarovce-sever-bratislava","nazov":"Územný plán zóny Jarovce Sever, Bratislava","firma":"Meststká časť Bratislava - Jarovce","ico":"00304603","obec":"Bratislava - Jarovce","stav":"Akcia je ukončená v procese SEA","urad":"","skupina":"","zhluk":"","presnost":"približná","zmena":"2020-11-11","faza":"dokončené","doklad":"Oznámenie o začatí kolaudačného konania","dok":4,"typ":"Plány a koncepcie"}},{"type":"Feature","geometry":{"type":"Point","coordinates":[17.101864,48.199003]},"properties":{"id":"uzemny-plan-zony-jelsova-bratislava-kramare","nazov":"Územný plán zóny Jelšová, Bratislava - Kramáre","firma":"Mestská časť Bratislava – Nové Mesto","ico":"00603317","obec":"Bratislava - Nové Mesto","stav":"Akcia je ukončená v procese SEA","urad":"","skupina":"","zhluk":"","presnost":"približná","zmena":"2016-06-20","faza":"posúdené","dok":15,"plany":[{"p":"_05_HL_vykres_regulacie_Navrh_UPN_Z_Jelsova.pdf","u":"https://www.enviroportal.sk/eia/dokument/244312","v":8977632,"t":"PDF"}],"typ":"Plány a koncepcie"}},{"type":"Feature","geometry":{"type":"Point","coordinates":[17.107478,48.195268]},"properties":{"id":"uzemny-plan-zony-kamenne-sady-2021","nazov":"Územný plán zóny Kamenné sady 2021","firma":"Metská Časť Bratislava - Nové Mesto","ico":"00603317","obec":"Bratislava - Nové Mesto","stav":"Akcia je ukončená v procese SEA","urad":"","skupina":"","zhluk":"","presnost":"približná","zmena":"2023-01-16","faza":"posúdené","dok":4,"typ":"Plány a koncepcie"}},{"type":"Feature","geometry":{"type":"Point","coordinates":[17.052503,48.159477]},"properties":{"id":"uzemny-plan-zony-karlova-ves-liscie-udolie-mestska-cast-bratislava-kal","nazov":"Územný plán zóny Karlova Ves - Líščie údolie, Mestská časť Bratislava - Kalrova Ves","firma":"Mestská časť Bratislava - Karlova Ves","ico":"00603520","obec":"Bratislava - Karlova Ves","stav":"Akcia je ukončená v procese SEA","urad":"","skupina":"","zhluk":"","presnost":"približná","zmena":"2023-07-19","faza":"povolené","doklad":"Rozhodnutie – stavebné povolenie","dok":3,"typ":"Plány a koncepcie"}},{"type":"Feature","geometry":{"type":"Point","coordinates":[17.046965,48.163539]},"properties":{"id":"uzemny-plan-zony-karloveska-zatoka","nazov":"Územný plán zóny Karloveská zátoka","firma":"Mestská časť Bratislava - Karlova Ves, Nám. sv. Františka č. 8","ico":"00603520","obec":"Bratislava - Karlova Ves","stav":"Akcia je ukončená v procese SEA","urad":"","skupina":"","zhluk":"","presnost":"približná","zmena":"2014-09-08","faza":"posúdené","dok":6,"plany":[{"p":"Príloha 1 - oznámenie o začatí obstarávania","u":"https://www.enviroportal.sk/eia/dokument/215347","v":1110674,"t":"PDF"},{"p":"Príloha 2 - zadania UPNZ","u":"https://www.enviroportal.sk/eia/dokument/215348","v":1138906,"t":"PDF"}],"typ":"Plány a koncepcie"}},{"type":"Feature","geometry":{"type":"Point","coordinates":[17.021542,48.173382]},"properties":{"id":"uzemny-plan-zony-kolonia-v-mc-bratislava-devinska-nova-ves","nazov":"ÚZEMNÝ PLÁN ZÓNY KOLÓNIA V MČ BRATISLAVA - DEVÍNSKA NOVÁ VES","firma":"Mestská časť Bratislava - Devínska Nová Ves, Novoveská 17/A","ico":"00529371","obec":"Bratislava - Devínska Nová Ves","stav":"Akcia je ukončená v procese SEA","urad":"","skupina":"","zhluk":"novoveska a","presnost":"približná","zmena":"2014-06-02","faza":"posúdené","dok":5,"typ":"Plány a koncepcie"}},{"type":"Feature","geometry":{"type":"Point","coordinates":[17.103643,48.195294]},"properties":{"id":"uzemny-plan-zony-krahulcia-2020-1","nazov":"Územný plán zóny Krahulčia 2020","firma":"Mestská časť Bratislava - Nové Mesto","ico":"00603317","obec":"Bratislava - Nové Mesto","stav":"Akcia je ukončená v procese SEA","urad":"","skupina":"","zhluk":"","presnost":"približná","zmena":"2023-05-24","faza":"posúdené","dok":3,"typ":"Plány a koncepcie"}},{"type":"Feature","geometry":{"type":"Point","coordinates":[17.10343,48.200438]},"properties":{"id":"uzemny-plan-zony-krahulcia-2020","nazov":"Územný plán zóny Krahulčia 2020","firma":"Mestská čast Bratislava - Nové Mesto","ico":"00603317","obec":"Bratislava - Nové Mesto","stav":"Iný dôvod ukončenia posudzovania","urad":"","skupina":"","zhluk":"","presnost":"približná","zmena":"2022-12-07","faza":"zámer","dok":4,"typ":"Plány a koncepcie"}},{"type":"Feature","geometry":{"type":"Point","coordinates":[17.085372,48.145127]},"properties":{"id":"uzemny-plan-zony-kralovske-udolie-borik-rok-2002-v-zneni-aktualizacii-","nazov":"Územný plán zóny Kráľovské údolie - Bôrik, rok 2002 v znení aktualizácií rok 2004 a 2005 - Zmeny a doplnky č. 1, rok 2014","firma":"Mestská časť Bratislava - Staré Mesto, Vajanského nábrežie 3","ico":"00603147","obec":"Bratislava - Staré Mesto","stav":"Akcia je ukončená v procese SEA","urad":"","skupina":"","zhluk":"","presnost":"presná","zmena":"2014-09-03","ulica":"Kráľovské údolie","faza":"posúdené","dok":13,"typ":"Plány a koncepcie"}},{"type":"Feature","geometry":{"type":"Point","coordinates":[17.132956,48.226521]},"properties":{"id":"uzemny-plan-zony-krasnany-mc-bratislava-raca","nazov":"Územný plán zóny Krasňany, MČ Bratislava - Rača","firma":"Mestská časť Bratislava - Rača, Kubačova 21","ico":"00304557","obec":"Bratislava - Rača","stav":"Akcia je ukončená v procese SEA","urad":"","skupina":"","zhluk":"","presnost":"približná","zmena":"2015-10-01","faza":"posúdené","dok":5,"typ":"Plány a koncepcie"}},{"type":"Feature","geometry":{"type":"Point","coordinates":[17.171302,48.149784]},"properties":{"id":"uzemny-plan-zony-liscie-nivy-palkovicova-mestska-cast-bratislava-ruzin","nazov":"Územný plán zóny Líščie nivy - Palkovičova, mestská časť Bratislava-Ružinov","firma":"Mestská časť Bratislava-Ružinov","ico":"00603155","obec":"Bratislava - Ružinov","stav":"Akcia je ukončená v procese SEA","urad":"","skupina":"","zhluk":"mierova 21","presnost":"približná","zmena":"2023-11-29","faza":"povolené","doklad":"Rozhodnutie – stavebné povolenie","dok":3,"typ":"Plány a koncepcie"}},{"type":"Feature","geometry":{"type":"Point","coordinates":[17.047559,48.164131]},"properties":{"id":"uzemny-plan-zony-majernikova-severna-cast","nazov":"Územný plán zóny Majerníkova - severná časť","firma":"Mestská časť Bratislava - Karlová Ves, Nám. sv. Františka 8","ico":"00603520","obec":"Bratislava - Karlova Ves","stav":"Akcia je ukončená v procese SEA","urad":"","skupina":"","zhluk":"","presnost":"približná","zmena":"2014-05-16","faza":"posúdené","dok":8,"typ":"Plány a koncepcie"}},{"type":"Feature","geometry":{"type":"Point","coordinates":[17.089797,48.124063]},"properties":{"id":"uzemny-plan-zony-matador","nazov":"Územný plán zóny Matador","firma":"Mestská časť Bratislava-Petržalka, Kutlíkova 17","ico":"00603201","obec":"Bratislava - Petržalka","stav":"Akcia je ukončená v procese SEA","urad":"","skupina":"","zhluk":"","presnost":"približná","zmena":"2013-07-17","faza":"posúdené","dok":7,"plany":[{"p":"grafické prílohy k rozhodnutiu","u":"https://www.enviroportal.sk/eia/dokument/178927","v":3612840,"t":"PDF"}],"typ":"Plány a koncepcie"}},{"type":"Feature","geometry":{"type":"Point","coordinates":[17.185913,48.217868]},"properties":{"id":"uzemny-plan-zony-mestskej-casti-bratislava-vajnory-centrum","nazov":"Územný plán zóny Mestskej časti Bratislava Vajnory centrum","firma":"Mestská časť Bratislava - Vajnory, Roľnícka 109","ico":"00304565","obec":"Bratislava - Vajnory","stav":"Akcia je ukončená v procese SEA","urad":"","skupina":"","zhluk":"","presnost":"približná","zmena":"2013-09-25","faza":"povolené","doklad":"Rozhodnutie – stavebné povolenie","dok":16,"plany":[{"p":"prilohy_02B_komplexny urb. navrh","u":"https://www.enviroportal.sk/eia/dokument/182699","v":1969843,"t":"PDF"},{"p":"prilohy_5_verejne tech. vybavenie","u":"https://www.enviroportal.sk/eia/dokument/182703","v":917785,"t":"PDF"},{"p":"prilohy_4B_verejne dopr. vybavenie","u":"https://www.enviroportal.sk/eia/dokument/182702","v":1358932,"t":"PDF"},{"p":"prilohy_7_tvorba krajiny a ochrana urb. zelene","u":"https://www.enviroportal.sk/eia/dokument/182705","v":1711297,"t":"PDF"},{"p":"prilohy_3A_regulacny vykres","u":"https://www.enviroportal.sk/eia/dokument/182700","v":971862,"t":"PDF"}],"typ":"Plány a koncepcie"}},{"type":"Feature","geometry":{"type":"Point","coordinates":[17.102695,48.195844]},"properties":{"id":"uzemny-plan-zony-na-revine","nazov":"Územný plán zóny Na Revíne","firma":"Mestská časť Bratislava - Nové Mesto","ico":"00603317","obec":"Bratislava - Nové Mesto","stav":"Akcia je ukončená v procese SEA","urad":"","skupina":"","zhluk":"","presnost":"približná","zmena":"2023-06-14","faza":"posúdené","dok":4,"typ":"Plány a koncepcie"}},{"type":"Feature","geometry":{"type":"Point","coordinates":[17.169956,48.14709]},"properties":{"id":"uzemny-plan-zony-nivy","nazov":"Územný plán zóny Nivy","firma":"Mestská časť Bratislava – Ružinov, Mierová 21","ico":"00603155","obec":"Bratislava - Ružinov","stav":"Akcia je ukončená v procese SEA","urad":"","skupina":"","zhluk":"mierova 21","presnost":"približná","zmena":"2024-10-07","faza":"posúdené","dok":4,"typ":"Plány a koncepcie"}},{"type":"Feature","geometry":{"type":"Point","coordinates":[17.10686,48.200759]},"properties":{"id":"uzemny-plan-zony-nobelova","nazov":"Územný plán zóny Nobelova","firma":"MČ Bratislava - Nové Mesto","ico":"00603317","obec":"Bratislava - Nové Mesto","stav":"Akcia je ukončená v procese SEA","urad":"","skupina":"","zhluk":"","presnost":"približná","zmena":"2017-11-24","faza":"posúdené","dok":6,"typ":"Plány a koncepcie"}},{"type":"Feature","geometry":{"type":"Point","coordinates":[17.176282,48.149933]},"properties":{"id":"uzemny-plan-zony-ostredky-mestska-cast-bratislava-ruzinov","nazov":"Územný plán zóny Ostredky, mestská časť Bratislava - Ružinov","firma":"Mestská časť Bratislava – Ružinov, Mierová 21","ico":"00603155","obec":"Bratislava - Ružinov","stav":"Akcia je ukončená v procese SEA","urad":"","skupina":"","zhluk":"mierova 21","presnost":"približná","zmena":"2023-09-21","faza":"povolené","doklad":"Rozhodnutie – stavebné povolenie","dok":4,"typ":"Plány a koncepcie"}},{"type":"Feature","geometry":{"type":"Point","coordinates":[17.135621,48.040945]},"properties":{"id":"uzemny-plan-zony-pamiatkova-zona-bratislava-rusovce","nazov":"Územný plán zóny Pamiatková zóna Bratislava – Rusovce","firma":"Mestská časť Bratislava - Rusovce","ico":"00304611","obec":"Bratislava - Rusovce","stav":"Akcia je ukončená v procese SEA","urad":"","skupina":"","zhluk":"","presnost":"približná","zmena":"2015-09-07","faza":"posúdené","dok":6,"plany":[{"p":"grafická časť.zip","u":"https://www.enviroportal.sk/eia/dokument/226750","v":64792338,"t":"ZIP"}],"typ":"Plány a koncepcie"}},{"type":"Feature","geometry":{"type":"Point","coordinates":[17.102293,48.199612]},"properties":{"id":"uzemny-plan-zony-podhorsky-pas-koziarka-","nazov":"Územný plán zóny Podhorský pás - KOZIARKA","firma":"Mestská časť Bratislava - Nové Mesto","ico":"00603317","obec":"Bratislava - Nové Mesto","stav":"Akcia je ukončená v procese SEA","urad":"","skupina":"","zhluk":"","presnost":"približná","zmena":"2023-04-03","faza":"posúdené","dok":3,"typ":"Plány a koncepcie"}},{"type":"Feature","geometry":{"type":"Point","coordinates":[17.170086,48.14665]},"properties":{"id":"uzemny-plan-zony-posen-sever-mestska-cast-bratislava-ruzinov","nazov":"Územný plán zóny Pošeň - Sever, Mestska časť Bratislava - Ružinov","firma":"Mestská časť Bratislava - Ružinov","ico":"00529320","obec":"Bratislava - Ružinov","stav":"Akcia je ukončená v procese SEA","urad":"","skupina":"","zhluk":"mierova 21","presnost":"približná","zmena":"2020-07-06","faza":"povolené","doklad":"Rozhodnutie – stavebné povolenie","dok":6,"typ":"Plány a koncepcie"}},{"type":"Feature","geometry":{"type":"Point","coordinates":[17.176955,48.145563]},"properties":{"id":"uzemny-plan-zony-prievoz-vychod-mestska-cast-bratislava-ruzinov","nazov":"Územný plán zóny Prievoz – východ, mestská časť Bratislava- Ružinov","firma":"Mestská časť Bratislava - Ružinov","ico":"00603155","obec":"Bratislava - Ružinov","stav":"Akcia je ukončená v procese SEA","urad":"","skupina":"","zhluk":"mierova 21","presnost":"približná","zmena":"2023-11-13","faza":"povolené","doklad":"Rozhodnutie – stavebné povolenie","dok":3,"typ":"Plány a koncepcie"}},{"type":"Feature","geometry":{"type":"Point","coordinates":[17.177901,48.147779]},"properties":{"id":"uzemny-plan-zony-prievoz-zapad","nazov":"Územný plán zóny Prievoz - západ","firma":"Mestská časť Bratislava - Ružinov","ico":"00603155","obec":"Bratislava - Ružinov","stav":"Akcia je ukončená v procese SEA","urad":"","skupina":"","zhluk":"mierova 21","presnost":"približná","zmena":"2023-11-13","faza":"posúdené","dok":3,"typ":"Plány a koncepcie"}},{"type":"Feature","geometry":{"type":"Point","coordinates":[17.136998,48.044494]},"properties":{"id":"uzemny-plan-zony-rusovce-sever","nazov":"Územný plán zóny Rusovce - sever","firma":"Mestská časť Bratislava - Rusovce","ico":"00304611","obec":"Bratislava - Rusovce","stav":"Akcia je ukončená v procese SEA","urad":"","skupina":"","zhluk":"","presnost":"približná","zmena":"2015-07-02","faza":"dokončené","doklad":"Oznámenie o začatí kolaudačného konania","dok":8,"plany":[{"p":"výkresy.zip","u":"https://www.enviroportal.sk/eia/dokument/227064","v":24875308,"t":"ZIP"}],"typ":"Plány a koncepcie"}},{"type":"Feature","geometry":{"type":"Point","coordinates":[17.17358,48.150503]},"properties":{"id":"uzemny-plan-zony-stary-ruzinov-jegeho","nazov":"Územný plán zóny Starý Ružinov - Jégeho","firma":"Mestská časť Bratislava-Ružinov, Mierová 21","ico":"00603155","obec":"Bratislava - Ružinov","stav":"Oznámenie","urad":"","skupina":"","zhluk":"mierova 21","presnost":"približná","zmena":"2025-08-27","faza":"zámer","dok":3,"typ":"Plány a koncepcie"}},{"type":"Feature","geometry":{"type":"Point","coordinates":[17.180811,48.152903]},"properties":{"id":"uzemny-plan-zony-strojnicka-na-piesku","nazov":"Územný plán zóny Strojnícka - Na piesku","firma":"Mestská časť Bratislava – Ružinov, Mierová 21","ico":"00603155","obec":"Bratislava - Ružinov","stav":"Akcia je ukončená v procese SEA","urad":"","skupina":"","zhluk":"mierova 21","presnost":"presná","zmena":"2024-10-23","ulica":"Strojnícka","faza":"posúdené","dok":4,"typ":"Plány a koncepcie"}},{"type":"Feature","geometry":{"type":"Point","coordinates":[17.180566,48.219923]},"properties":{"id":"uzemny-plan-zony-suty","nazov":"Územný plán zóny Šuty","firma":"Mestská časť Bratislava - Vajnory, Roľnícka 109","ico":"00304565","obec":"Bratislava - Vajnory","stav":"Akcia je ukončená v procese SEA","urad":"","skupina":"","zhluk":"","presnost":"približná","zmena":"2013-09-23","faza":"posúdené","dok":21,"plany":[{"p":"príloha doprava 3","u":"https://www.enviroportal.sk/eia/dokument/182658","v":133361,"t":"PDF"},{"p":"širšie vzťahy","u":"https://www.enviroportal.sk/eia/dokument/182652","v":18799037,"t":"PDF"},{"p":"príloha doprava 1 prepočet 2013","u":"https://www.enviroportal.sk/eia/dokument/182656","v":577678,"t":"PDF"},{"p":"príloha doprava 2","u":"https://www.enviroportal.sk/eia/dokument/182657","v":132986,"t":"PDF"}],"typ":"Plány a koncepcie"}},{"type":"Feature","geometry":{"type":"Point","coordinates":[17.130495,48.221965]},"properties":{"id":"uzemny-plan-zony-taborky-hustekle-mestska-cast-bratislava-raca","nazov":"Územný plán zóny Táborky – Huštekle, Mestská časť Bratislava - Rača","firma":"Mestská časť Bratislava – Rača, Kubačova 21","ico":"00304557","obec":"Bratislava - Rača","stav":"Akcia je ukončená v procese SEA","urad":"","skupina":"","zhluk":"","presnost":"približná","zmena":"2021-11-12","faza":"povolené","doklad":"Rozhodnutie – stavebné povolenie","dok":3,"typ":"Plány a koncepcie"}},{"type":"Feature","geometry":{"type":"Point","coordinates":[17.180512,48.221213]},"properties":{"id":"uzemny-plan-zony-technologicky-park-cepit-bratislava-vajnory","nazov":"Územný plán zóny TECHNOLOGICKÝ PARK CEPIT BRATISLAVA – VAJNORY","firma":"Mestská časť Bratislava – Vajnory, Roľnícka 109","ico":"00304565","obec":"Bratislava - Vajnory","stav":"Záverečné stanovisko","urad":"","skupina":"","zhluk":"","presnost":"približná","zmena":"2022-11-14","faza":"povolené","doklad":"Rozhodnutie – stavebné povolenie","dok":30,"plany":[{"p":"2016 1025 upnz cepit vykresova cast A.pdf","u":"https://www.enviroportal.sk/eia/dokument/255624","v":21085373,"t":"PDF"},{"p":"B2_Mapa_2_SOH_2010.pdf","u":"https://www.enviroportal.sk/eia/dokument/255622","v":4965662,"t":"PDF"},{"p":"B1_Mapa_1_sirsie vztahy.pdf","u":"https://www.enviroportal.sk/eia/dokument/255641","v":6100455,"t":"PDF"},{"p":"2016 1025 upz cepit vykresova cast F.pdf.pdf","u":"https://www.enviroportal.sk/eia/dokument/255630","v":7460944,"t":"PDF"},{"p":"2016 1025 upz cepit vykresova cast E.pdf.pdf","u":"https://www.enviroportal.sk/eia/dokument/255629","v":41872178,"t":"PDF"}],"typ":"Plány a koncepcie"}},{"type":"Feature","geometry":{"type":"Point","coordinates":[17.10303,48.195609]},"properties":{"id":"uzemny-plan-zony-tehelna-zmeny-doplnky-c-1-2024","nazov":"Územný plán zóny tehelná Zmeny a doplnky č.1/2024","firma":"Mestská časť Bratislava - Nové Mesto, Junácka 1","ico":"00603317","obec":"Bratislava - Nové Mesto","stav":"Akcia je ukončená v procese SEA","urad":"","skupina":"","zhluk":"","presnost":"približná","zmena":"2025-05-05","faza":"posúdené","dok":16,"plany":[{"p":"Príloha č. 4 Vymedzenie verejnoprospešných stavieb .pdf","u":"https://www.enviroportal.sk/eia/dokument/387939","v":144643,"t":"PDF"},{"p":"Regulačný výkres - s podložkou.pdf","u":"https://www.enviroportal.sk/eia/dokument/387936","v":2990897,"t":"PDF"},{"p":"Regulačný výkres - bez podložky.pdf","u":"https://www.enviroportal.sk/eia/dokument/387937","v":2318963,"t":"PDF"},{"p":"Príloha č.5 Terminológia.pdf","u":"https://www.enviroportal.sk/eia/dokument/387938","v":156334,"t":"PDF"},{"p":"Dopravný výkres pôvodný (u).pdf","u":"https://www.enviroportal.sk/eia/dokument/387947","v":2854619,"t":"PDF"}],"typ":"Plány a koncepcie"}},{"type":"Feature","geometry":{"type":"Point","coordinates":[17.175957,48.150094]},"properties":{"id":"uzemny-plan-zony-trnavka-stred-zmeny-doplnky-01","nazov":"Územný plán zóny Trnávka- stred, zmeny a doplnky 01","firma":"Mestská časť Bratislava- Ružinov","ico":"00603155","obec":"Bratislava - Ružinov","stav":"Akcia je ukončená v procese SEA","urad":"","skupina":"","zhluk":"mierova 21","presnost":"približná","zmena":"2018-03-21","faza":"povolené","doklad":"Informácia","dok":3,"typ":"Plány a koncepcie"}},{"type":"Feature","geometry":{"type":"Point","coordinates":[17.17285,48.144622]},"properties":{"id":"uzemny-plan-zony-trnavka-stred-zmeny-doplnky-02","nazov":"Územný plán zóny TRNÁVKA - STRED, zmeny a doplnky 02","firma":"Mestská časť Bratislava - Ružinov, Mierová 21","ico":"00603155","obec":"Bratislava - Ružinov","stav":"Akcia je ukončená v procese SEA","urad":"","skupina":"","zhluk":"mierova 21","presnost":"približná","zmena":"2024-08-16","faza":"povolené","doklad":"Informácia","dok":3,"typ":"Plány a koncepcie"}},{"type":"Feature","geometry":{"type":"Point","coordinates":[17.171725,48.150024]},"properties":{"id":"uzemny-plan-zony-trnavka-stred-zmeny-doplnky","nazov":"Územný plán zóny Trnávka - stred, Zmeny a doplnky","firma":"Mestská časť Bratislava - Ružinov","ico":"00603155","obec":"Bratislava - Ružinov","stav":"Akcia je ukončená v procese SEA","urad":"","skupina":"","zhluk":"mierova 21","presnost":"približná","zmena":"2018-10-11","faza":"povolené","doklad":"Informácia","dok":3,"typ":"Plány a koncepcie"}},{"type":"Feature","geometry":{"type":"Point","coordinates":[17.109378,48.198879]},"properties":{"id":"uzemny-plan-zony-vlarska","nazov":"Územný plán zóny Vlárska","firma":"Mestská časť Bratislava - Nové Mesto","ico":"00603317","obec":"Bratislava - Nové Mesto","stav":"Akcia je ukončená v procese SEA","urad":"","skupina":"","zhluk":"","presnost":"približná","zmena":"2023-05-17","faza":"posúdené","dok":4,"typ":"Plány a koncepcie"}},{"type":"Feature","geometry":{"type":"Point","coordinates":[17.130678,48.22177]},"properties":{"id":"uzemny-plan-zony-vychodne-mc-bratislava-raca","nazov":"Územný plán zóny Východné, MČ Bratislava - Rača","firma":"Mestská časť Bratislava - Rača, Kubačova 21","ico":"00304557","obec":"Bratislava - Rača","stav":"Akcia je ukončená v procese SEA","urad":"","skupina":"","zhluk":"","presnost":"približná","zmena":"2015-09-07","faza":"posúdené","dok":5,"typ":"Plány a koncepcie"}},{"type":"Feature","geometry":{"type":"Point","coordinates":[17.018404,48.170532]},"properties":{"id":"uzemny-plan-zony-zahorska-bystrica-krce","nazov":"Územný plán zóny Záhorská Bystrica - Krče","firma":"Miestny úrad Záhorská Bystrica, ul. Čsl. Tankistov 134 Bratislava","ico":"00604887","obec":"Bratislava - Devínska Nová Ves","stav":"Akcia je ukončená v procese EIA","urad":"MČ Bratislava - Devínska Nová Ves, Magistrát HM SR Bratislavy","skupina":"","zhluk":"","presnost":"približná","zmena":"2013-02-06","faza":"posúdené","dok":9,"typ":"Plány a koncepcie"}},{"type":"Feature","geometry":{"type":"Point","coordinates":[17.052646,48.197921]},"properties":{"id":"uzemny-plan-zony-zecak-bratislava-lamac-10-2017","nazov":"Územný plán zóny Zečák, Bratislava - Lamač, 10/2017","firma":"Mestská časť Bratislava - Lamač","ico":"00603414","obec":"Bratislava - Lamač","stav":"Akcia je ukončená v procese SEA","urad":"","skupina":"","zhluk":"","presnost":"približná","zmena":"2023-08-09","faza":"posúdené","dok":10,"typ":"Plány a koncepcie"}},{"type":"Feature","geometry":{"type":"Point","coordinates":[17.17404,48.144515]},"properties":{"id":"uzemny-plan-zony-zlate-piesky-zahradkarska-osada","nazov":"Územný plán zóny Zlaté piesky, záhradkárska osada","firma":"Mestská časť Bratislava - Ružinov","ico":"006603155","obec":"Bratislava - Ružinov","stav":"Akcia je ukončená v procese SEA","urad":"","skupina":"","zhluk":"","presnost":"približná","zmena":"2023-09-20","faza":"posúdené","dok":3,"typ":"Plány a koncepcie"}},{"type":"Feature","geometry":{"type":"Point","coordinates":[17.187189,48.218477]},"properties":{"id":"v8714_v8715-vajnory-zabi-majer","nazov":"V8714_V8715 Vajnory – Žabí Majer","firma":"Západoslovenská distribučná, a.s., Čulenova 6","ico":"36361518","obec":"Bratislava - Vajnory","stav":"Akcia je ukončená v procese EIA","urad":"MČ Bratislava - Rača MČ Bratislava - Vajnory Okresný úrad Bratislava, odbor starostlivosti","skupina":"","zhluk":"","presnost":"približná","zmena":"2024-06-20","faza":"povolené","doklad":"Rozhodnutie – stavebné povolenie","dok":6,"plany":[{"p":"Prílohy_V8714_V8715 Vajnory – Žabí Majer .pdf","u":"https://www.enviroportal.sk/eia/dokument/372101","v":812033,"t":"PDF"}],"typ":"Výroba a sklady"}},{"type":"Feature","geometry":{"type":"Point","coordinates":[17.106726,48.195037]},"properties":{"id":"vajnorska-bratislava","nazov":"Vajnorská, Bratislava","firma":"RV Development 1 s.r.o., Krížna 47","ico":"50158929","obec":"Bratislava - Nové Mesto","stav":"Akcia je ukončená v procese EIA","urad":"M.č. Bratislava – Nové Mesto, Junácka 1, 832 91 BA Okresný úrad BA, odbor starostlivosti o","skupina":"Grafobal Group","zhluk":"krizna 47","presnost":"približná","zmena":"2019-02-18","faza":"posúdené","dok":19,"plany":[{"p":"Priloha_2_Vajnorska_Fotografie.pdf","u":"https://www.enviroportal.sk/eia/dokument/245249","v":825853,"t":"PDF"},{"p":"priloha 8 _ stanoviska.zip","u":"https://www.enviroportal.sk/eia/dokument/245255","v":6540707,"t":"ZIP"},{"p":"priloha 7_svetlotech..zip","u":"https://www.enviroportal.sk/eia/dokument/245254","v":2469223,"t":"ZIP"},{"p":"Priloha_4_Vibroakustitka_Vajnorska.pdf","u":"https://www.enviroportal.sk/eia/dokument/245251","v":1488592,"t":"PDF"},{"p":"Priloha_3_RS_Vajnorská.pdf","u":"https://www.enviroportal.sk/eia/dokument/245250","v":1476710,"t":"PDF"}],"typ":"Polyfunkcia"}},{"type":"Feature","geometry":{"type":"Point","coordinates":[17.186818,48.030768]},"properties":{"id":"ve-cunovo-ii","nazov":"VE Čunovo II","firma":"VODOHOSPODÁRSKA VÝSTAVBA, ŠTÁTNY PODNIK, P. O. BOX 45, Karloveská 2","ico":"00156752","obec":"Bratislava - Čunovo","stav":"Akcia je ukončená v procese EIA","urad":"Mestská časť Bratislava – Rusovce, spoločný stavebný úrad, Vývojová 8, 851 10 Bratislava-R","skupina":"","zhluk":"karloveska 2","presnost":"približná","zmena":"2025-08-25","faza":"posúdené","dok":19,"plany":[{"p":"B2_mapa_c2_Ortofotomapa_celk_situacia_stavby_VE_Cunovo_II.pd","u":"https://www.enviroportal.sk/eia/dokument/335324","v":37530291,"t":"PDF"},{"p":"B1_mapa_c1_Sirsie_vztahy.pdf","u":"https://www.enviroportal.sk/eia/dokument/335323","v":17453715,"t":"PDF"},{"p":"E_priloha3_MZP_SR_VE_CunovoII_upustenie_var_Rozhodnutie.pdf","u":"https://www.enviroportal.sk/eia/dokument/335327","v":202323,"t":"PDF"},{"p":"D_priloha2_pozdlzny_rez.pdf","u":"https://www.enviroportal.sk/eia/dokument/335326","v":9603283,"t":"PDF"},{"p":"C_priloha1_priecny_rez.pdf","u":"https://www.enviroportal.sk/eia/dokument/335325","v":2645017,"t":"PDF"}],"typ":"Výroba a sklady"}},{"type":"Feature","geometry":{"type":"Point","coordinates":[17.186236,48.217976]},"properties":{"id":"velkoobchod-asbis-sk-tuhovske-pole-bratislava","nazov":"Veľkoobchod ASBIS SK - Tuhovské pole - Bratislava","firma":"IPEC - Real, a.s., Roľnícka 116","ico":"35905981","obec":"Bratislava - Vajnory","stav":"Akcia je ukončená v procese EIA","urad":"MČ Ba- Vajnory","skupina":"","zhluk":"rolnicka 116","presnost":"približná","zmena":"2013-05-09","faza":"posúdené","dok":10,"typ":"Bývanie"}},{"type":"Feature","geometry":{"type":"Point","coordinates":[17.052965,48.164365]},"properties":{"id":"viacpodlazna-podzemna-garaz-pri-vv-s-p-na-karloveskej-2","nazov":"Viacpodlažná podzemná garáž pri VV, š.p. na Karloveskej 2","firma":"Vodohospodárska výstavba, š. p., Karloveská 2","ico":"00156752","obec":"Bratislava - Karlova Ves","stav":"Akcia je ukončená v procese EIA","urad":"Mestská časť Bratislava - Karlova Ves","skupina":"","zhluk":"karloveska 2","presnost":"približná","zmena":"2023-07-18","faza":"posúdené","dok":5,"typ":"Administratíva"}},{"type":"Feature","geometry":{"type":"Point","coordinates":[17.086416,48.120113]},"properties":{"id":"vista-tower-polyfunkcny-objekt-srobarovo-namestie-ba-petrzalka","nazov":"VISTA TOWER, polyfunkčný objekt Šrobárovo námestie, BA - Petržalka","firma":"VISTA TOWER a. s., Zámocká 36","ico":"36360210","obec":"Bratislava - Petržalka","stav":"Akcia je ukončená v procese EIA","urad":"MČ Bratislava - Petržalka","skupina":"","zhluk":"","presnost":"približná","zmena":"2013-05-09","faza":"posúdené","dok":4,"plany":[{"p":"Text Zámeru /E/ príloha","u":"https://www.enviroportal.sk/eia/dokument/30274","v":15592301,"t":"PDF"}],"typ":"Polyfunkcia"}},{"type":"Feature","geometry":{"type":"Point","coordinates":[17.025531,48.172321]},"properties":{"id":"volkswagen-slovakia--sklad-nalakovanych-karoserii-h15a","nazov":"Volkswagen Slovakia, a.s. – Sklad nalakovaných karosérií H15a","firma":"Volkswagen Slovakia, a.s., J. Jonáša 1","ico":"35757442","obec":"Bratislava - Devínska Nová Ves","stav":"Akcia je ukončená v procese EIA","urad":"Mestská časť Bratislava –Devínska Nová Ves, stavebný úrad","skupina":"","zhluk":"j jonasa 1","presnost":"približná","zmena":"2016-12-20","faza":"posúdené","dok":5,"typ":"Výroba a sklady"}},{"type":"Feature","geometry":{"type":"Point","coordinates":[17.046951,48.200717]},"properties":{"id":"volnocasovy-areal-s-multifunkcnym-vyuzitim-lamac","nazov":"Voľnočasový areál s multifunkčným využitím - Lamač","firma":"Mestská časť Bratislava - Lamač, Malokarpatské námestie č. 9","ico":"00603414","obec":"Bratislava - Lamač","stav":"Akcia je ukončená v procese EIA","urad":"","skupina":"","zhluk":"","presnost":"približná","zmena":"2012-04-24","faza":"posúdené","dok":8,"plany":[{"p":"mapa","u":"https://www.enviroportal.sk/eia/dokument/139466","v":766264,"t":"PDF"}],"typ":"Doprava"}},{"type":"Feature","geometry":{"type":"Point","coordinates":[17.109355,48.196899]},"properties":{"id":"volnocasovy-priestor-jama","nazov":"Voľnočasový priestor JAMA","firma":"Mestská časť Bratislava – Nové Mesto, Junácka 1","ico":"00603317","obec":"Bratislava - Nové Mesto","stav":"Akcia je ukončená v procese EIA","urad":"MČ Bratislava – Vajnory, Okresný úrad Bratislava, odbor starostlivosti o životné prostredi","skupina":"","zhluk":"","presnost":"približná","zmena":"2015-09-07","faza":"posúdené","dok":24,"plany":[{"p":"P5_B3_Koordinacna situacia.pdf","u":"https://www.enviroportal.sk/eia/dokument/225164","v":279722,"t":"PDF"},{"p":"P4_B2_Celkova situacia.pdf","u":"https://www.enviroportal.sk/eia/dokument/225165","v":465129,"t":"PDF"},{"p":"P1_JAMA sirsie vztahy fin.pdf","u":"https://www.enviroportal.sk/eia/dokument/225168","v":7536305,"t":"PDF"},{"p":"Situacia sond Jama, ok.pdf","u":"https://www.enviroportal.sk/eia/dokument/225176","v":728946,"t":"PDF"}],"typ":"Výroba a sklady"}},{"type":"Feature","geometry":{"type":"Point","coordinates":[17.096663,48.158041]},"properties":{"id":"vybudovanie-elektrickych-pripojok-pre-plavidla-vo-vymedzenom-uzemi-pri","nazov":"Vybudovanie elektrických prípojok pre plavidlá vo vymedzenom území prístavov","firma":"Verejné prístavy, a.s.","ico":"36856541","obec":"Bratislava - Staré Mesto","stav":"Oznámenie o zmene","urad":"Magistrát hlavného mesta SR Bratislavy, Primaciálne námestie 1, 814 99 Bratislava Mestská ","skupina":"","zhluk":"pristavna 10","presnost":"približná","zmena":"2025-07-29","faza":"povolené","doklad":"Rozhodnutie","dok":6,"plany":[{"p":"Oznámenie_Prístavy_2025_Situácia.pdf","u":"https://www.enviroportal.sk/eia/dokument/391415","v":2224328,"t":"PDF"}],"typ":"Vybavenosť"}},{"type":"Feature","geometry":{"type":"Point","coordinates":[17.228825,48.362033]},"properties":{"id":"vybudovanie-havarijnej-nadrze-cs-phm-omv-slovensko-s-r-o-bratislava-br","nazov":"Vybudovanie havarijnej nádrže ČS PHM OMV Slovensko s.r.o. - Bratislava, Brnianska","firma":"OMV Slovensko s.r.o., Einsteinova 25","ico":"00604381","obec":"Bratislava - Staré Mesto","stav":"Akcia je ukončená v procese EIA","urad":"MĆ Bratislava Staré Mesto","skupina":"Penta Real Estate","zhluk":"einsteinova 25","presnost":"presná","zmena":"2012-04-27","ulica":"Brnianska","faza":"posúdené","dok":7,"plany":[{"p":"Priloha_stanovsko Hl. m. SR BA","u":"https://www.enviroportal.sk/eia/dokument/139798","v":946664,"t":"PDF"},{"p":"Priloha_mapa","u":"https://www.enviroportal.sk/eia/dokument/139802","v":1988562,"t":"PDF"},{"p":"Priloha_LV5442","u":"https://www.enviroportal.sk/eia/dokument/139800","v":502611,"t":"PDF"},{"p":"Priloha_LV2665","u":"https://www.enviroportal.sk/eia/dokument/139801","v":2723504,"t":"PDF"},{"p":"Priloha_stanovisko OPaK","u":"https://www.enviroportal.sk/eia/dokument/139799","v":287151,"t":"PDF"}],"typ":"Bývanie"}},{"type":"Feature","geometry":{"type":"Point","coordinates":[17.176688,48.149677]},"properties":{"id":"vybudovanie-terminalu-lng-vo-verejnom-pristave-bratislava","nazov":"Vybudovanie terminálu LNG vo verejnom prístave Bratislava","firma":"Verejné prístavy, a. s., Prístavná 10","ico":"36856541","obec":"Bratislava - Ružinov","stav":"Akcia je ukončená v procese EIA","urad":"Mestská časť Bratislava – Ružinov, stavebný úrad, Mierová 21, 827 05 Bratislava","skupina":"","zhluk":"pristavna 10","presnost":"približná","zmena":"2024-02-14","faza":"posúdené","dok":21,"plany":[{"p":"Príloha č. 3.pdf","u":"https://www.enviroportal.sk/eia/dokument/323057","v":99441,"t":"PDF"},{"p":"Príloha č. 2 .pdf","u":"https://www.enviroportal.sk/eia/dokument/323058","v":1042457,"t":"PDF"},{"p":"Príloha č. 1.pdf","u":"https://www.enviroportal.sk/eia/dokument/323059","v":11432701,"t":"PDF"},{"p":"Príloha č. 2 Celkový situačný plán – rozmiestnenie stavebnýc","u":"https://www.enviroportal.sk/eia/dokument/345881","v":1137199,"t":"PDF"},{"p":"Príloha č. 7  Vyhodnotenie pripomienok doručených k rozsahu ","u":"https://www.enviroportal.sk/eia/dokument/345907","v":1347243,"t":"PDF"}],"typ":"Výroba a sklady"}},{"type":"Feature","geometry":{"type":"Point","coordinates":[17.177418,48.146064]},"properties":{"id":"vybudovanie-zazemia-pre-plavidla-vo-verejnom-pristave-bratislava","nazov":"Vybudovanie zázemia pre plavidlá vo verejnom prístave Bratislava","firma":"Verejné prístavy, a. s.","ico":"36856641","obec":"Bratislava - Ružinov","stav":"Akcia je ukončená v procese EIA","urad":"Miestny úrad Bratislava-Ružinov, stavebný úrad","skupina":"","zhluk":"","presnost":"približná","zmena":"2021-06-02","faza":"posúdené","dok":7,"typ":"Plány a koncepcie"}},{"type":"Feature","geometry":{"type":"Point","coordinates":[17.09096,48.118132]},"properties":{"id":"vykup-druhotnych-surovin-stroge-s-r-o-bratislava-petrzalka-nabrezna-ul","nazov":"Výkup druhotných surovín STROGE, s.r.o., Bratislava - Petržalka, Nábrežná ul. 2096/5","firma":"Výkup druhotných surovín STROGE, s.r.o., Nábrežná 2096/5","ico":"46549471","obec":"Bratislava - Petržalka","stav":"Akcia je ukončená v procese EIA","urad":"Mestská časť Bratislava - Petržalka OÚŽP v BA, odbor OH","skupina":"","zhluk":"nabrezna 5","presnost":"približná","zmena":"2012-08-09","faza":"posúdené","dok":3,"typ":"Výroba a sklady"}},{"type":"Feature","geometry":{"type":"Point","coordinates":[17.029692,48.183558]},"properties":{"id":"vykup-farebnych-kovov-zeleza-papiera","nazov":"Výkup farebných kovov, železa a papiera","firma":"Viera Farská - DuFy, Mesačná 16","ico":"37125532","obec":"Bratislava - Dúbravka","stav":"Akcia je ukončená v procese EIA","urad":"OÚŽP BA, odbor OH","skupina":"","zhluk":"","presnost":"približná","zmena":"2013-08-26","faza":"posúdené","dok":3,"typ":"Výroba a sklady"}},{"type":"Feature","geometry":{"type":"Point","coordinates":[17.102769,48.20004]},"properties":{"id":"vykup-farebnych-kovov-zelezneho-srotu-rozsirenie-o-zber-baterii-akumul","nazov":"Výkup farebných kovov a železného šrotu, rozšírenie o zber batérií a akumulátorov","firma":"Peter Cvik, Šancová 49","ico":"14012758","obec":"Bratislava - Nové Mesto","stav":"Akcia je ukončená v procese EIA","urad":"OÚŽP v Bratislave, odbor odpadového hospodárstva","skupina":"","zhluk":"","presnost":"približná","zmena":"2011-10-18","faza":"dokončené","doklad":"Oznámenie.","dok":4,"typ":"Výroba a sklady"}},{"type":"Feature","geometry":{"type":"Point","coordinates":[17.661128,48.178454]},"properties":{"id":"vykupna-druhotnych-surovin-bratislava-zavodna-ul-c-11340","nazov":"Výkupňa druhotných surovín - Bratislava, Závodná ul. č. 11340","firma":"FH - HOTIS spol. s.r.o., Nerudová 15","ico":"35903139","obec":"Bratislava - Podunajské Biskupice","stav":"Akcia je ukončená v procese EIA","urad":"Mestská časť Bratislava - Podunajské Biskupice OÚŽP v BA, odbor OH","skupina":"","zhluk":"","presnost":"presná","zmena":"2012-11-13","ulica":"Závodná","faza":"posúdené","dok":3,"typ":"Výroba a sklady"}},{"type":"Feature","geometry":{"type":"Point","coordinates":[17.090261,48.155101]},"properties":{"id":"vykupna-druhotnych-surovin-modra-dolna-ulica-132","nazov":"Výkupňa druhotných surovín Modra, Dolná ulica 132","firma":"Ladislav Resznák, Kollárová 10","ico":"31112064","obec":"Modra","stav":"Akcia je ukončená v procese EIA","urad":"Obvodný úrad životného prostredia v Pezinku, úsek odpadového hospodárstva","skupina":"","zhluk":"","presnost":"presná","zmena":"2013-07-29","faza":"posúdené","dok":3,"typ":"Výroba a sklady"}},{"type":"Feature","geometry":{"type":"Point","coordinates":[17.173264,48.150474]},"properties":{"id":"vymena-elektrostatickeho-precipitatora-esp-f601-na-prevadzke-regenerac","nazov":"Výmena elektrostatického precipitátora (ESP F601) na prevádzke Regenerácia kyseliny sírovej (SAR)","firma":"Slovnaft, a. s., Vlčie hrdlo 1","ico":"31322832","obec":"Bratislava - Ružinov","stav":"Akcia je ukončená v procese EIA","urad":"Slovenská inšpekcia životného prostredia, Inšpektorát životného prostredia Bratislava","skupina":"","zhluk":"vlcie hrdlo 1","presnost":"približná","zmena":"2015-07-16","faza":"posúdené","dok":3,"typ":"Výroba a sklady"}},{"type":"Feature","geometry":{"type":"Point","coordinates":[17.175286,48.144695]},"properties":{"id":"vymena-odsolovacov-vo-vyrobnej-jednotke-atmosfericka-destilacia-ropy-5","nazov":"Výmena odsoľovačov vo výrobnej jednotke Atmosférická destilácia ropy 5 (AD5), Bratislava","firma":"SLOVNAFT, a. s., Vlčie hrdlo 1","ico":"31322832","obec":"Bratislava - Ružinov","stav":"Akcia je ukončená v procese EIA","urad":"Slovenská inšpekcia životného prostredia, Inšpektorát životného prostredia Bratislava, Odb","skupina":"","zhluk":"vlcie hrdlo 1","presnost":"približná","zmena":"2016-03-29","faza":"posúdené","dok":3,"typ":"Výroba a sklady"}},{"type":"Feature","geometry":{"type":"Point","coordinates":[17.177508,48.161499]},"properties":{"id":"vyroba-betonovej-zmesi-vrakunska-cesta-bratislava","nazov":"Výroba betónovej zmesi Vrakunská cesta, Bratislava","firma":"TBG Slovensko, a.s.","ico":"36283801","obec":"Bratislava - Ružinov","stav":"Akcia je ukončená v procese EIA","urad":"OÚ BA OSŽP MČ BRATISLAVA - RUŽINOV","skupina":"","zhluk":"","presnost":"presná","zmena":"2021-01-18","faza":"posúdené","dok":5,"typ":"Výroba a sklady"}},{"type":"Feature","geometry":{"type":"Point","coordinates":[17.109551,48.19749]},"properties":{"id":"vyrobna-kompozitnych-materialov-bratislava","nazov":"Výrobňa kompozitných materiálov, Bratislava","firma":"Tau-chem spol. s r.o., Nobelova 34","ico":"31373585","obec":"Bratislava - Nové Mesto","stav":"Akcia je ukončená v procese EIA","urad":"MČ Bratislava - Nové Mesto, Magistrát HM SR Bratislavy","skupina":"","zhluk":"nobelova 34","presnost":"približná","zmena":"2013-02-06","faza":"posúdené","dok":7,"plany":[{"p":"Prilohy.pdf","u":"https://www.enviroportal.sk/eia/dokument/21030","v":780098,"t":"PDF"}],"typ":"Výroba a sklady"}},{"type":"Feature","geometry":{"type":"Point","coordinates":[17.174568,48.144554]},"properties":{"id":"vyrobna-transportbetonu","nazov":"Výrobňa transportbetónu","firma":"CRH (Slovensko) a.s.","ico":"00214973","obec":"Bratislava - Ružinov","stav":"Akcia je ukončená v procese EIA","urad":"Mestská časť Bratislava – Ružinov, Mierová 21, 827 05 Bratislava","skupina":"","zhluk":"","presnost":"približná","zmena":"2016-07-12","faza":"posúdené","dok":17,"plany":[{"p":"Situácia.pdf","u":"https://www.enviroportal.sk/eia/dokument/245072","v":321031,"t":"PDF"},{"p":"Príloha č. 4 Rozptylová štúdia.pdf","u":"https://www.enviroportal.sk/eia/dokument/245061","v":885953,"t":"PDF"},{"p":"Príloha č. 5 Akustická štúdia.pdf","u":"https://www.enviroportal.sk/eia/dokument/245062","v":2290414,"t":"PDF"},{"p":"Príloha č.VI.2A.pdf","u":"https://www.enviroportal.sk/eia/dokument/245063","v":360015,"t":"PDF"}],"typ":"Výroba a sklady"}},{"type":"Feature","geometry":{"type":"Point","coordinates":[17.208491,48.110061]},"properties":{"id":"vyrobna-vibrolisovanych-betonovych-vyrobkov-v-areali-spol-z-stav-podun","nazov":"Výrobňa vibrolisovaných betónových výrobkov v areáli spol. A-Z STAV, Podunajské Biskupice","firma":"A-Z STAV, s.r.o., Koceľova 17","ico":"35813393","obec":"Bratislava - Podunajské Biskupice","stav":"Akcia je ukončená v procese EIA","urad":"MČ Ba- Podunajské Biskupice","skupina":"","zhluk":"kocelova 17","presnost":"približná","zmena":"2013-05-03","faza":"posúdené","dok":6,"plany":[{"p":"príloha 2","u":"https://www.enviroportal.sk/eia/dokument/25157","v":288566,"t":"PDF"},{"p":"Príloha 3","u":"https://www.enviroportal.sk/eia/dokument/25158","v":373092,"t":"PDF"},{"p":"Príloha 1","u":"https://www.enviroportal.sk/eia/dokument/25156","v":285031,"t":"PDF"}],"typ":"Výroba a sklady"}},{"type":"Feature","geometry":{"type":"Point","coordinates":[17.026253,48.16964]},"properties":{"id":"vyrobno-skladova-hala-ctpark-bra-16-etapa-ii-","nazov":"Výrobno – skladová hala CTPark BRA 16 – ETAPA II","firma":"CTP Invest SK, spol. s r.o., Laurinská 18","ico":"36697109","obec":"Bratislava - Devínska Nová Ves","stav":"Rozhodnutie zo zisťovacieho konania","urad":"Stavebný úrad Mestskej časti Bratislava – Devínska Nová Ves Okresný úrad Bratislava, Odbor","skupina":"","zhluk":"laurinska 18","presnost":"približná","zmena":"2024-07-15","faza":"posúdené","dok":15,"plany":[{"p":"C_mapa2_ortofotomapa.pdf","u":"https://www.enviroportal.sk/eia/dokument/374105","v":3570128,"t":"PDF"},{"p":"I_priloha4_Dopravno-kapacitne_posudenie_BRA16.pdf","u":"https://www.enviroportal.sk/eia/dokument/374111","v":1257943,"t":"PDF"},{"p":"H_priloha3_Akusticka_studia_BRA16_2023.pdf","u":"https://www.enviroportal.sk/eia/dokument/374110","v":3131885,"t":"PDF"},{"p":"G_priloha2_Rozptylova_studia_BRA_16_2023.pdf","u":"https://www.enviroportal.sk/eia/dokument/374109","v":5704984,"t":"PDF"},{"p":"F_priloha1_sulad_stavby_UPN.pdf","u":"https://www.enviroportal.sk/eia/dokument/374108","v":457331,"t":"PDF"}],"typ":"Výroba a sklady"}},{"type":"Feature","geometry":{"type":"Point","coordinates":[17.276094,48.292183]},"properties":{"id":"vyrobno-skladovaci-areal-senkvicka-cesta-pezinok","nazov":"Výrobno skladovací areál Šenkvická cesta Pezinok","firma":"Ľuboš Paxian Prezent, Šenkvická cesta 7","ico":"33508551","obec":"Pezinok","stav":"Akcia je ukončená v procese EIA","urad":"Stavebný úrad Pezinok","skupina":"","zhluk":"","presnost":"presná","zmena":"2016-04-29","faza":"posúdené","dok":5,"plany":[{"p":"PRÍLOHY.pdf","u":"https://www.enviroportal.sk/eia/dokument/241838","v":4963189,"t":"PDF"}],"typ":"Výroba a sklady"}},{"type":"Feature","geometry":{"type":"Point","coordinates":[17.094177,48.120734]},"properties":{"id":"vyskumno-vyvojove-prevadzkove-centrum-na-zber-zhodnocovanie-zneskodnov","nazov":"Výskumno - vývojové a prevádzkové centrum na zber, zhodnocovanie a zneškodňovanie odpadov VVP - SALE, Most pri Bratislave","firma":"SALE, a.s., Zámocká 3","ico":"47743336","obec":"Bratislava - Petržalka","stav":"Zámer","urad":"Most pri Bratislave, MČ Bratislava Petržalka, OÚ Bratislava, OÚ Senec","skupina":"","zhluk":"","presnost":"približná","zmena":"2015-01-07","faza":"zámer","dok":4,"plany":[{"p":"príloha","u":"https://www.enviroportal.sk/eia/dokument/221226","v":2679517,"t":"PDF"}],"typ":"Výroba a sklady"}},{"type":"Feature","geometry":{"type":"Point","coordinates":[17.036236,48.18417]},"properties":{"id":"vysokoucinna-kombinovana-vyroba-elektriny-tepla-ako-nahrada-za-sucasne","nazov":"Vysokoúčinná kombinovaná výroba elektriny a tepla ako náhrada za súčasné zdroje v SCZT Západ","firma":"MH Teplárenský holding, a.s., Turbínová 3","ico":"","obec":"Bratislava - Dúbravka","stav":"Akcia je ukončená v procese EIA","urad":"Hlavné mesto SR Bratislava SIŽP, IPKZ Bratislava","skupina":"","zhluk":"","presnost":"približná","zmena":"2023-05-04","faza":"posúdené","dok":5,"typ":"Výroba a sklady"}},{"type":"Feature","geometry":{"type":"Point","coordinates":[17.01923,48.172279]},"properties":{"id":"vystavba-dvojkolajnej-zeleznice-elektrifikacia-obb-zeleznice-117-stadl","nazov":"Výstavba dvojkoľajnej železnice a elektrifikácia ÖBB- železnice 117, Stadlau-štátna hranica pri Marcheggu, kilometer 0,740 až kilometer 37,920","firma":"BMVIT - IV/SCH2, Radetzkystrasse 2, 1030 Wien, Rakúsko","ico":"","obec":"Bratislava - Devínska Nová Ves","stav":"Akcia je ukončená v procese EIA","urad":"","skupina":"","zhluk":"","presnost":"približná","zmena":"2014-11-18","faza":"posúdené","dok":4,"plany":[{"p":"prílohy","u":"https://www.enviroportal.sk/eia/dokument/177427","v":24563745,"t":"ZIP"}],"typ":"Doprava"}},{"type":"Feature","geometry":{"type":"Point","coordinates":[17.174498,48.144546]},"properties":{"id":"vystavba-etylenoveho-zasobnika-bratislava","nazov":"Výstavba etylénového zásobníka, Bratislava","firma":"Slovnaft, a.s., Vlčie hrdlo 1","ico":"31322832","obec":"Bratislava - Ružinov","stav":"Akcia je ukončená v procese EIA","urad":"Slovenská inšpekcia životného prostredia, Inšpektorát životného prostredia Bratislava, Jes","skupina":"","zhluk":"vlcie hrdlo 1","presnost":"približná","zmena":"2015-12-16","faza":"posúdené","dok":3,"plany":[{"p":"Oznámenie o zmene činnosti + Príloha č. 2,4.zip","u":"https://www.enviroportal.sk/eia/dokument/234757","v":3795758,"t":"ZIP"}],"typ":"Výroba a sklady"}},{"type":"Feature","geometry":{"type":"Point","coordinates":[17.177803,48.146804]},"properties":{"id":"vystavba-havarijnej-nadrze-na-kysle-vody-sour-water-emergency-tank-swe","nazov":"VÝSTAVBA HAVARIJNEJ NÁDRŽE NA KYSLÉ VODY (SOUR WATER EMERGENCY TANK - SWET)","firma":"SLOVNAFT, a. s., Vlčie hrdlo 1","ico":"31322832","obec":"Bratislava - Ružinov","stav":"Akcia je ukončená v procese EIA","urad":"Slovenská inšpekcia životného prostredia, Inšpektorát životného prostredia Bratislava, Odb","skupina":"","zhluk":"vlcie hrdlo 1","presnost":"približná","zmena":"2022-08-22","faza":"posúdené","dok":9,"plany":[{"p":"Mapa širších vzťahov_SWET_2022 (1).pdf","u":"https://www.enviroportal.sk/eia/dokument/339814","v":622261,"t":"PDF"}],"typ":"Výroba a sklady"}},{"type":"Feature","geometry":{"type":"Point","coordinates":[17.172447,48.150304]},"properties":{"id":"vystavba-havarijnych-nadrzi-na-kysle-vody-","nazov":"VÝSTAVBA HAVARIJNÝCH NÁDRŽÍ NA KYSLÉ VODY","firma":"SLOVNAFT, a. s.,Vlčie hrdlo 1","ico":"31322832","obec":"Bratislava - Ružinov","stav":"Akcia je ukončená v procese EIA","urad":"Slovenská inšpekcia životného prostredia, Inšpektorát životného prostredia Bratislava, Odb","skupina":"","zhluk":"vlcie hrdlo 1","presnost":"približná","zmena":"2020-12-09","faza":"posúdené","dok":13,"plany":[{"p":"Umiestnenie nádrží v rámci bl. 55 - celková situácia.pdf","u":"https://www.enviroportal.sk/eia/dokument/306035","v":907171,"t":"PDF"},{"p":"Mapa širších vzťahov.pdf","u":"https://www.enviroportal.sk/eia/dokument/306064","v":438914,"t":"PDF"}],"typ":"Výroba a sklady"}},{"type":"Feature","geometry":{"type":"Point","coordinates":[17.108311,48.200113]},"properties":{"id":"vystavba-kotla-75t-h-v-teplarni-vychod","nazov":"Výstavba kotla 75t/h v Teplárni východ","firma":"Bratislavská teplárenská, a.s., Bajkalská 21/A","ico":"35823542","obec":"Bratislava - Nové Mesto","stav":"Akcia je ukončená v procese EIA","urad":"SIŽP BA","skupina":"","zhluk":"vlcie hrdlo 1","presnost":"približná","zmena":"2013-02-01","faza":"posúdené","dok":6,"plany":[{"p":"Výpis z katastra","u":"https://www.enviroportal.sk/eia/dokument/160469","v":1478795,"t":"PDF"},{"p":"mapa širších vzťahov","u":"https://www.enviroportal.sk/eia/dokument/160467","v":4629507,"t":"PDF"}],"typ":"Výroba a sklady"}},{"type":"Feature","geometry":{"type":"Point","coordinates":[17.211779,48.111189]},"properties":{"id":"vystavba-mobilnej-betonarky-podunajske-biskupice","nazov":"Výstavba mobilnej betonárky, Podunajské Biskupice","firma":"CRH (Slovensko) a. s., Rohožník, v zastúpení spoločnosti GS Pro s. r. ","ico":"00317209","obec":"Bratislava - Podunajské Biskupice","stav":"Zámer","urad":"Miestny úrad Bratislava - Podunajské Biskupice, Oddelenie územného plánovania, stavebného ","skupina":"","zhluk":"","presnost":"približná","zmena":"2017-06-23","faza":"zámer","dok":3,"typ":"Výroba a sklady"}},{"type":"Feature","geometry":{"type":"Point","coordinates":[17.177897,48.147223]},"properties":{"id":"vystavba-mobilnej-betonarne-ba-pristav-","nazov":"Výstavba mobilnej betonárne – BA Prístav","firma":"CRH (Slovensko), a.s.","ico":"00317209","obec":"Bratislava - Ružinov","stav":"Akcia je ukončená v procese EIA","urad":"Miestny úrad Bratislava-Ružinov, Mierová 21, 827 05 Bratislava","skupina":"","zhluk":"","presnost":"približná","zmena":"2020-07-28","faza":"posúdené","dok":6,"typ":"Doprava"}},{"type":"Feature","geometry":{"type":"Point","coordinates":[17.107508,48.200547]},"properties":{"id":"vystavba-novej-prevadzky-na-vykup-spracovanie-zelezneho-srotu-farebnyc","nazov":"Výstavba novej prevádzky na výkup a spracovanie železného šrotu a farebných kovov v areáli závodu Istrochem, a.s. Bratislava - Nové Mesto","firma":"TSR Slovakia, s.r.o., Röntgenova 28","ico":"35801654","obec":"Bratislava - Nové Mesto","stav":"Akcia je ukončená v procese EIA","urad":"Mestská časť Bratislava - Nové Mesto, OÚŽP BA, odbor OH","skupina":"","zhluk":"rontgenova 28","presnost":"približná","zmena":"2013-07-17","faza":"posúdené","dok":5,"plany":[{"p":"Situacia","u":"https://www.enviroportal.sk/eia/dokument/175571","v":1496928,"t":"PDF"},{"p":"Prilohy","u":"https://www.enviroportal.sk/eia/dokument/175572","v":594643,"t":"PDF"}],"typ":"Výroba a sklady"}},{"type":"Feature","geometry":{"type":"Point","coordinates":[17.134504,48.160025]},"properties":{"id":"vystavba-rodinnych-domov-lokalita-trnavska-ulica-stara-tehelna-senec","nazov":"Výstavba rodinných domov -lokalita Trnavská ulica \"stará tehelňa Senec","firma":"Lucia Sládečková, Nám. 1Mája 1997/36, Senec","ico":"8358316681","obec":"Senec","stav":"Akcia je ukončená v procese EIA","urad":"Mesto Senec","skupina":"","zhluk":"","presnost":"presná","zmena":"2012-03-26","faza":"posúdené","dok":12,"plany":[{"p":"Situácia","u":"https://www.enviroportal.sk/eia/dokument/137427","v":1497307,"t":"PDF"},{"p":"Príloha 6","u":"https://www.enviroportal.sk/eia/dokument/137749","v":80645,"t":"PDF"},{"p":"príloha 1","u":"https://www.enviroportal.sk/eia/dokument/137729","v":662246,"t":"ZIP"},{"p":"príloha 7","u":"https://www.enviroportal.sk/eia/dokument/137751","v":189401,"t":"PDF"},{"p":"príloha 8","u":"https://www.enviroportal.sk/eia/dokument/137752","v":831288,"t":"PDF"}],"typ":"Bývanie"}},{"type":"Feature","geometry":{"type":"Point","coordinates":[17.020611,48.16777]},"properties":{"id":"vystavba-servisnej-prevadzky","nazov":"Výstavba servisnej prevádzky","firma":"Voith Industrial Services, s.r.o., Drobného 27","ico":"35742712","obec":"Bratislava - Devínska Nová Ves","stav":"Akcia je ukončená v procese EIA","urad":"Mestská časť Bratislava – Devínska Nová Ves, Novoveská 17/A, 843 10 Bratislava 49 Okresný ","skupina":"","zhluk":"","presnost":"približná","zmena":"2016-04-06","faza":"posúdené","dok":8,"plany":[{"p":"01 - CELKOVA SITUACIA (16-03-20106).pdf","u":"https://www.enviroportal.sk/eia/dokument/241062","v":115981,"t":"PDF"}],"typ":"Výroba a sklady"}},{"type":"Feature","geometry":{"type":"Point","coordinates":[17.175286,48.144695]},"properties":{"id":"vystavba-technologickeho-zariadenia-pre-kombinovanu-vyrobu-elektriny-t","nazov":"Výstavba technologického zariadenia pre kombinovanú výrobu elektriny a tepla s vyvedením tepla do BAT - Výhrevňa Juh a jeho dodávkou do SCZT Bratislav","firma":"Odvoz a likvidácia odpadu, a.s.","ico":"00681300","obec":"Bratislava - Ružinov","stav":"Akcia je ukončená v procese EIA","urad":"Slovenská inšpekcia životného prostredia, Inšpektorát životného prostredia Bratislava, Jes","skupina":"","zhluk":"","presnost":"približná","zmena":"2022-03-30","faza":"povolené","doklad":"Rozhodnutie","dok":8,"plany":[{"p":"05_OLO_ZEVO_BA_OznamenieOZmene_Teplovod_Map_Pril_03_Zastavov","u":"https://www.enviroportal.sk/eia/dokument/332940","v":4365983,"t":"PDF"}],"typ":"Výroba a sklady"}},{"type":"Feature","geometry":{"type":"Point","coordinates":[17.102599,48.195923]},"properties":{"id":"vystavba-technologie-na-vysokoucinnu-kombinovanu-vyrobu-elektriny-tepl","nazov":"Výstavba technológie na vysokoúčinnú kombinovanú výrobu elektriny a tepla ako náhrady za súčasné zdroje v SCZT Východ, Akumulácia tepelnej energie","firma":"MH Teplárenský holding, a. s., závod MHTH Bratislava, Turbínová 3","ico":"36211541","obec":"Bratislava - Nové Mesto","stav":"Akcia je ukončená v procese EIA","urad":"Hlavné mesto SR Bratislava SIŽP, IPKZ Bratislava","skupina":"","zhluk":"","presnost":"približná","zmena":"2023-09-13","faza":"povolené","doklad":"Rozhodnutie – stavebné povolenie","dok":13,"plany":[{"p":"Príloha_4_OZC_TPBA_RŠ_24042023.pdf","u":"https://www.enviroportal.sk/eia/dokument/363353","v":3240142,"t":"PDF"}],"typ":"Výroba a sklady"}},{"type":"Feature","geometry":{"type":"Point","coordinates":[17.050228,48.203588]},"properties":{"id":"vystavno-predajne-centrum-asko-porta-bratislava","nazov":"Výstavno-predajné centrum ASKO-Porta Bratislava","firma":"BORY, a.s., Digital Park II, Einsteinova 25","ico":"36740896","obec":"Bratislava - Lamač","stav":"Akcia je ukončená v procese EIA","urad":"Mestská časť Bratislava – Devínska Nová Ves, Novoveská 17/A, 843 10 Bratislava 49 Mestská ","skupina":"Penta Real Estate","zhluk":"einsteinova 25","presnost":"približná","zmena":"2017-08-30","faza":"posúdené","dok":5,"typ":"Polyfunkcia"}},{"type":"Feature","geometry":{"type":"Point","coordinates":[17.171551,48.145095]},"properties":{"id":"vyuzitie-zvyskoveho-tepla-na-bl-72","nazov":"Využitie zvyškového tepla na bl. 72","firma":"Slovnaft a.s., Vlčie hrdlo1","ico":"31322832","obec":"Bratislava - Ružinov","stav":"Akcia je ukončená v procese EIA","urad":"Mestská časť Bratislava – Ružinov, Stavebný úrad, Mierová 21, 827 05 Bratislava 212","skupina":"","zhluk":"vlcie hrdlo 1","presnost":"približná","zmena":"2015-10-06","faza":"posúdené","dok":9,"plany":[{"p":"Širšie vzťahy_googl.pdf","u":"https://www.enviroportal.sk/eia/dokument/231084","v":162238,"t":"PDF"},{"p":"výkr._Situácia stavby.pdf","u":"https://www.enviroportal.sk/eia/dokument/231085","v":461062,"t":"PDF"},{"p":"výkr._Širšie vzťahy.pdf","u":"https://www.enviroportal.sk/eia/dokument/231086","v":987060,"t":"PDF"}],"typ":"Výroba a sklady"}},{"type":"Feature","geometry":{"type":"Point","coordinates":[17.05925,48.233048]},"properties":{"id":"west-park-1-polyfunkcny-dom-b1-so-001","nazov":"WEST PARK 1, POLYFUNKČNÝ DOM B1-SO 001","firma":"West park – Záhorská Bystrica, s.r.o., Starorímska 2","ico":"46786023","obec":"Bratislava - Záhorská Bystrica","stav":"Akcia je ukončená v procese EIA","urad":"1. MČ BA – Záhorská Bystrica, Nám. Rodiny 1, 843 57 BA 2. Okresný úrad BA, odbor starostli","skupina":"","zhluk":"","presnost":"približná","zmena":"2016-10-19","faza":"posúdené","dok":9,"plany":[{"p":"Príloha 3 Zmena činnosti WEST PARK.pdf","u":"https://www.enviroportal.sk/eia/dokument/249351","v":96550,"t":"PDF"},{"p":"Príloha 1 Zmena činnosti WEST PARK.pdf","u":"https://www.enviroportal.sk/eia/dokument/249349","v":111824,"t":"PDF"},{"p":"Príloha 2 Mapa širších vzťahov, zmena činnosti  WEST PARK.pd","u":"https://www.enviroportal.sk/eia/dokument/249350","v":654803,"t":"PDF"}],"typ":"Polyfunkcia"}},{"type":"Feature","geometry":{"type":"Point","coordinates":[17.058561,48.236089]},"properties":{"id":"west-park-i-polyfunkcny-dom-b2-so-002-bratislava","nazov":"West Park I., polyfunkčný dom B2-SO 002, Bratislava","firma":"West park - Záhorská Bystrica, s. r. o., Starorímska 2","ico":"46786023","obec":"Bratislava - Záhorská Bystrica","stav":"Akcia je ukončená v procese EIA","urad":"MÚ MČ BA - Záhorská Bystrica, OÚ BA","skupina":"","zhluk":"","presnost":"približná","zmena":"2020-04-30","faza":"posúdené","dok":7,"plany":[{"p":"West Park I. - prilohy.zip","u":"https://www.enviroportal.sk/eia/dokument/279079","v":25161813,"t":"ZIP"}],"typ":"Polyfunkcia"}},{"type":"Feature","geometry":{"type":"Point","coordinates":[17.066015,48.236089]},"properties":{"id":"westpark-i-polyfunkcny-dom-b2-so-002","nazov":"WESTPARK I, POLYFUNKČNÝ DOM B2 - SO 002","firma":"West park - Záhorská Bystrica, s.r.o.","ico":"46786023","obec":"Bratislava - Záhorská Bystrica","stav":"Iný dôvod ukončenia posudzovania","urad":"OÚBA, MČ BA - Záhorská Bystrica","skupina":"","zhluk":"","presnost":"približná","zmena":"2018-03-02","faza":"zámer","dok":3,"typ":"Bývanie"}},{"type":"Feature","geometry":{"type":"Point","coordinates":[17.092213,48.123672]},"properties":{"id":"work-home-study-zariadenie-pre-pobyty-studentov-","nazov":"Work Home Study - zariadenie pre pobyty študentov","firma":"WH Holding j.s.a.","ico":"","obec":"Bratislava - Petržalka","stav":"Podnet","urad":"Miestny úrad Bratislava-Petržalka; Kutlíkova 17, 852 12 Bratislava","skupina":"","zhluk":"","presnost":"približná","zmena":"2023-12-13","faza":"zámer","dok":3,"typ":"Iné"}},{"type":"Feature","geometry":{"type":"Point","coordinates":[17.088285,48.123711]},"properties":{"id":"x-box-petzalka-bratislava","nazov":"X-BOX PETŽALKA, BRATISLAVA","firma":"StorageX a. s.","ico":"52762246","obec":"Bratislava - Petržalka","stav":"Akcia je ukončená v procese EIA","urad":"OUBA, MČ Petržalka","skupina":"","zhluk":"","presnost":"približná","zmena":"2022-05-05","faza":"posúdené","dok":5,"typ":"Výroba a sklady"}},{"type":"Feature","geometry":{"type":"Point","coordinates":[17.020331,48.173019]},"properties":{"id":"zabezpecenie-logistickych-potrieb-pre-rozsirenie-vyrobnych-kapacit-vw-","nazov":"Zabezpečenie logistických potrieb pre rozšírenie výrobných kapacít VW SK","firma":"VOLKSWAGEN SLOVAKIA, a.s., J. Jonáša 1","ico":"35757442","obec":"Bratislava - Devínska Nová Ves","stav":"Akcia je ukončená v procese EIA","urad":"MČ Bratislava- Petržalka","skupina":"","zhluk":"j jonasa 1","presnost":"približná","zmena":"2012-07-26","faza":"dokončené","doklad":"Oznámenie.","dok":5,"plany":[{"p":"Príloha č. 2_LV","u":"https://www.enviroportal.sk/eia/dokument/144664","v":103817,"t":"PDF"},{"p":"Priloha č. 1_rozhodnutie zo ZK","u":"https://www.enviroportal.sk/eia/dokument/144663","v":126467,"t":"PDF"},{"p":"Priloha č. 3_ vyjadrenie OPaK","u":"https://www.enviroportal.sk/eia/dokument/144665","v":532313,"t":"JPG"}],"typ":"Výroba a sklady"}},{"type":"Feature","geometry":{"type":"Point","coordinates":[17.050719,48.203632]},"properties":{"id":"zahorska-bystrica-kanalizacny-zberac-sb-sc","nazov":"Záhorská Bystrica, kanalizačný zberač SB a SC","firma":"Bratislavská vodárenská spoločnosť, a.s., Prešovská 48","ico":"35850370","obec":"Bratislava - Lamač","stav":"Akcia je ukončená v procese EIA","urad":"Mestská časť Bratislava Devínska Nová Ves, OkÚ Bratislava, OSZP","skupina":"","zhluk":"presovska 48","presnost":"približná","zmena":"2013-10-29","faza":"posúdené","dok":95,"plany":[{"p":"príloha rozhodnutie","u":"https://www.enviroportal.sk/eia/dokument/189628","v":40576,"t":"RTF"},{"p":"príloha kataster DNV","u":"https://www.enviroportal.sk/eia/dokument/189647","v":49383,"t":"PDF"},{"p":"príloha kataster DNV2","u":"https://www.enviroportal.sk/eia/dokument/189648","v":51473,"t":"PDF"},{"p":"príloha kataster Lamač 1","u":"https://www.enviroportal.sk/eia/dokument/189650","v":49207,"t":"PDF"},{"p":"príloha kataster Lamač 2","u":"https://www.enviroportal.sk/eia/dokument/189651","v":50317,"t":"PDF"}],"typ":"Technická infraštruktúra"}},{"type":"Feature","geometry":{"type":"Point","coordinates":[17.212097,48.105213]},"properties":{"id":"zariadenie-aerobneho-zhodnocovania-odpadu","nazov":"Zariadenie aeróbneho zhodnocovania odpadu","firma":"Odvoz a likvidácia odpadu a.s., Ivanská cesta 22","ico":"00681300","obec":"Bratislava - Podunajské Biskupice","stav":"Iný dôvod ukončenia posudzovania","urad":"Mestská časť Bratislava - Podunajské Biskupice-stavebný úrad Okresný úrad Bratislava","skupina":"","zhluk":"","presnost":"približná","zmena":"2025-03-26","faza":"zámer","dok":8,"typ":"Vybavenosť"}},{"type":"Feature","geometry":{"type":"Point","coordinates":[17.094072,48.12184]},"properties":{"id":"zariadenie-na-zber-farebnych-vzacnych-kovov-kopcianska-ul-92-bratislav","nazov":"Zariadenie na zber farebných a vzácnych kovov, Kopčianska ul. 92, Bratislava","firma":"ROPA Slovakia, s.r.o., Nevädzova 6/G","ico":"45862729","obec":"Bratislava - Petržalka","stav":"Akcia je ukončená v procese EIA","urad":"","skupina":"","zhluk":"","presnost":"približná","zmena":"2015-01-07","faza":"posúdené","dok":17,"plany":[{"p":"Katastrálna mapa.JPG","u":"https://www.enviroportal.sk/eia/dokument/221461","v":652753,"t":"JPG"},{"p":"PRÍLOHY.pdf","u":"https://www.enviroportal.sk/eia/dokument/221459","v":76539,"t":"PDF"}],"typ":"Výroba a sklady"}},{"type":"Feature","geometry":{"type":"Point","coordinates":[17.092183,48.123685]},"properties":{"id":"zariadenie-na-zber-odpadov-8","nazov":"Zariadenie na zber odpadov","firma":"KOVOD, a.s., Partizánska cesta 91","ico":"36052957","obec":"Bratislava - Petržalka","stav":"Akcia je ukončená v procese EIA","urad":"Mestská časť Bratislava - Petržalka, OÚŽP BA, odbor OH","skupina":"","zhluk":"","presnost":"približná","zmena":"2013-05-03","faza":"posúdené","dok":11,"plany":[{"p":"Príloha č. 4 Upustenie od variantnosti zámeru - list OÚŽP BA","u":"https://www.enviroportal.sk/eia/dokument/166770","v":261563,"t":"PDF"},{"p":"Príloha č. 2 - Výpis z listu vlastníctva","u":"https://www.enviroportal.sk/eia/dokument/166787","v":76949,"t":"PDF"},{"p":"Príloha č. 3 Prehľadná mapka umiestnenia","u":"https://www.enviroportal.sk/eia/dokument/166769","v":566727,"t":"PDF"},{"p":"Príloha č. 1 - Výpis z obchodného registra","u":"https://www.enviroportal.sk/eia/dokument/166768","v":1134015,"t":"ZIP"},{"p":"Príloha č. 5 - fotodokumentácia","u":"https://www.enviroportal.sk/eia/dokument/166788","v":269801,"t":"PDF"}],"typ":"Výroba a sklady"}},{"type":"Feature","geometry":{"type":"Point","coordinates":[17.094188,48.120813]},"properties":{"id":"zariadenie-na-zber-odpadov-antolska-11-bratislava","nazov":"ZARIADENIE NA ZBER ODPADOV – ANTOLSKÁ 11, BRATISLAVA","firma":"UNIVERZITNÁ NEMOCNICA BRATISLAVA, Pažítková 4","ico":"31813861","obec":"Bratislava - Petržalka","stav":"Akcia je ukončená v procese EIA","urad":"Okresný úrad Bratislava, odbor starostlivosti o životné prostredie, oddelenie ochrany prír","skupina":"","zhluk":"","presnost":"približná","zmena":"2016-05-30","faza":"posúdené","dok":9,"plany":[{"p":"Príloha č. 2_Mapa širších vzťahov.pdf","u":"https://www.enviroportal.sk/eia/dokument/243406","v":294769,"t":"PDF"},{"p":"Príloha č. 1b_Vyjadrenie MŽP_94312011-3.4ml.pdf","u":"https://www.enviroportal.sk/eia/dokument/243377","v":227436,"t":"PDF"},{"p":"Príloha č. 3_Výpis z listu vlastníctva č. 2687.pdf","u":"https://www.enviroportal.sk/eia/dokument/243407","v":359495,"t":"PDF"},{"p":"Príloha č. 1a_Vyjadrenie MŽP_5291-2011-3.4-ml.pdf","u":"https://www.enviroportal.sk/eia/dokument/243403","v":2511552,"t":"PDF"}],"typ":"Výroba a sklady"}},{"type":"Feature","geometry":{"type":"Point","coordinates":[17.102294,48.199612]},"properties":{"id":"zariadenie-na-zber-odpadov-bratislava-nove-mesto","nazov":"Zariadenie na zber odpadov Bratislava - Nové Mesto","firma":"KOVOD, a.s., Partizánska cesta 91","ico":"36052957","obec":"Bratislava - Nové Mesto","stav":"Akcia je ukončená v procese EIA","urad":"Mestská časť Bratislava - Nové Mesto OÚŽP v BA, odbor OH","skupina":"","zhluk":"","presnost":"približná","zmena":"2013-01-03","faza":"posúdené","dok":13,"typ":"Výroba a sklady"}},{"type":"Feature","geometry":{"type":"Point","coordinates":[17.086559,48.122314]},"properties":{"id":"zariadenie-na-zber-odpadov-bratislava-petrzalka","nazov":"Zariadenie na zber odpadov - Bratislava - Petržalka","firma":"Stanislav Tallo, Trenčianska 58","ico":"13989588","obec":"Bratislava - Petržalka","stav":"Akcia je ukončená v procese EIA","urad":"OÚŽP v BA, odbor OH","skupina":"","zhluk":"","presnost":"približná","zmena":"2012-07-26","faza":"posúdené","dok":12,"plany":[{"p":"Príloha č. 5","u":"https://www.enviroportal.sk/eia/dokument/144653","v":922580,"t":"PDF"},{"p":"Príloha č. 3_naťahovaci kontajner","u":"https://www.enviroportal.sk/eia/dokument/144652","v":807002,"t":"JPG"},{"p":"príloha č. 3_certifikát","u":"https://www.enviroportal.sk/eia/dokument/144651","v":539596,"t":"PDF"},{"p":"Príloha č. 2","u":"https://www.enviroportal.sk/eia/dokument/144650","v":1323006,"t":"PDF"},{"p":"Príloha č. 1 a","u":"https://www.enviroportal.sk/eia/dokument/144648","v":2522570,"t":"ZIP"}],"typ":"Technická infraštruktúra"}},{"type":"Feature","geometry":{"type":"Point","coordinates":[17.129873,48.223279]},"properties":{"id":"zariadenie-na-zber-odpadov-bratislava-raca-miestna-cast-krasnany-","nazov":"ZARIADENIE NA ZBER ODPADOV BRATISLAVA - RAČA (miestna časť Krasňany)","firma":"Zberné suroviny a.s. Žilina, Kragujevská 3","ico":"35701986","obec":"Bratislava - Rača","stav":"Akcia je ukončená v procese EIA","urad":"OÚŽP v BA, odbor OH","skupina":"","zhluk":"kragujevska 3","presnost":"približná","zmena":"2011-11-04","faza":"posúdené","dok":4,"plany":[{"p":"Prílohy","u":"https://www.enviroportal.sk/eia/dokument/123181","v":4655186,"t":"ZIP"}],"typ":"Výroba a sklady"}},{"type":"Feature","geometry":{"type":"Point","coordinates":[17.171356,48.145209]},"properties":{"id":"zariadenie-na-zber-odpadov-hrachova","nazov":"Zariadenie na zber odpadov - Hrachová","firma":"Metmax s.r.o., Žarnovická 5","ico":"45564990","obec":"Bratislava - Ružinov","stav":"Podlieha ďalšiemu posudzovaniu","urad":"Okresný úrad Bratislava, odbor starostlivosti o životné prostredie, oddelenie ochrany prír","skupina":"","zhluk":"","presnost":"približná","zmena":"2017-10-03","faza":"zámer","dok":7,"typ":"Výroba a sklady"}},{"type":"Feature","geometry":{"type":"Point","coordinates":[17.093653,48.119559]},"properties":{"id":"zariadenie-na-zber-odpadov-kopcianska-ul-homola-team","nazov":"Zariadenie na zber odpadov Kopčianska ul., HOMOLA TEAM","firma":"HOMOLA TEAM, s.r.o., Líščie údolie 93","ico":"35702192","obec":"Bratislava - Petržalka","stav":"Podlieha ďalšiemu posudzovaniu","urad":"Okresný úrad Bratislava, odbor starostlivosti o životné prostredie, oddelenie ochrany prír","skupina":"","zhluk":"","presnost":"približná","zmena":"2016-12-08","faza":"zámer","dok":5,"typ":"Výroba a sklady"}},{"type":"Feature","geometry":{"type":"Point","coordinates":[17.17003,48.148224]},"properties":{"id":"zariadenie-na-zber-odpadov-metmax-s-r-o-pristavna","nazov":"Zariadenie na zber odpadov Metmax s.r.o., Prístavná","firma":"Metmax s.r.o., Godrova 1","ico":"45564990","obec":"Bratislava - Ružinov","stav":"Akcia je ukončená v procese EIA","urad":"OÚŽP v Bratislave, odbor odpadového hospodárstva","skupina":"","zhluk":"","presnost":"približná","zmena":"2012-05-23","faza":"posúdené","dok":4,"typ":"Technická infraštruktúra"}},{"type":"Feature","geometry":{"type":"Point","coordinates":[17.177546,48.146254]},"properties":{"id":"zariadenie-na-zber-odpadov-pristav-bratislava","nazov":"Zariadenie na zber odpadov – Prístav, Bratislava","firma":"HOTIS RECYCLING SLOVAKIA s.r.o., Myslenická 1","ico":"35872764","obec":"Bratislava - Ružinov","stav":"Akcia je ukončená v procese EIA","urad":"Okresný úrad Bratislava, odbor starostlivosti o životné prostredie","skupina":"","zhluk":"","presnost":"približná","zmena":"2016-12-20","faza":"posúdené","dok":8,"plany":[{"p":"Príloha č. 1.pdf","u":"https://www.enviroportal.sk/eia/dokument/252183","v":129758,"t":"PDF"},{"p":"Príloha č. 4.PDF","u":"https://www.enviroportal.sk/eia/dokument/252186","v":6565101,"t":"PDF"},{"p":"Príloha č. 2.pdf","u":"https://www.enviroportal.sk/eia/dokument/252184","v":84209,"t":"PDF"},{"p":"Príloha č. 3.PDF","u":"https://www.enviroportal.sk/eia/dokument/252185","v":702064,"t":"PDF"}],"typ":"Doprava"}},{"type":"Feature","geometry":{"type":"Point","coordinates":[17.136273,48.22121]},"properties":{"id":"zariadenie-na-zber-odpadov-remas-servis-bojnicka-ul-","nazov":"Zariadenie na zber odpadov REMAS Servis, Bojnická ul.","firma":"REMAS Servis, s.r.o., Ľudovíta Fullu 7","ico":"35760303","obec":"Bratislava - Rača","stav":"Akcia je ukončená v procese EIA","urad":"Mestská časť Bratislava - Rača, OÚŽP v BA- odbor odpadového hospodárstva Mestská časť Brat","skupina":"","zhluk":"","presnost":"približná","zmena":"2011-09-27","faza":"posúdené","dok":16,"plany":[{"p":"príloha kópia katastrál. mapy","u":"https://www.enviroportal.sk/eia/dokument/120244","v":378586,"t":"JPG"},{"p":"vodohospodárska mapa","u":"https://www.enviroportal.sk/eia/dokument/120243","v":840593,"t":"PDF"},{"p":"zakreslenie VOK","u":"https://www.enviroportal.sk/eia/dokument/120254","v":404742,"t":"JPG"},{"p":"situácia umiestnenia","u":"https://www.enviroportal.sk/eia/dokument/120242","v":858059,"t":"PDF"}],"typ":"Výroba a sklady"}},{"type":"Feature","geometry":{"type":"Point","coordinates":[17.276094,48.292183]},"properties":{"id":"zariadenie-na-zber-odpadov-tenarry-slovakia-s-r-o-prevadzka-senkvicka-","nazov":"Zariadenie na zber odpadov Tenarry Slovakia s.r.o., prevádzka Šenkvická cesta, Pezinok","firma":"Tenarry Slovakia s.r.o., Ružová dolina 7","ico":"35837047","obec":"Pezinok","stav":"Akcia je ukončená v procese EIA","urad":"OU Pezinok, odbor starostlivosti o ŽP, štátna správa odpadového hospodárstva, Pezinok Stav","skupina":"","zhluk":"","presnost":"presná","zmena":"2017-08-30","faza":"posúdené","dok":7,"typ":"Výroba a sklady"}},{"type":"Feature","geometry":{"type":"Point","coordinates":[17.661128,48.178454]},"properties":{"id":"zariadenie-na-zber-odpadov-zavodna-ul-bratislava-rozsirenie-cinnosti-","nazov":"Zariadenie na zber odpadov Závodná ul., Bratislava (Rozšírenie činnosti)","firma":"FH - HOTIS, s.r.o., Nerudova 15","ico":"35903139","obec":"Bratislava - Podunajské Biskupice","stav":"Akcia je ukončená v procese EIA","urad":"MČ Podunajské Biskupice, OÚ BA, odbor OH","skupina":"","zhluk":"","presnost":"presná","zmena":"2014-07-25","ulica":"Závodná","faza":"dokončené","doklad":"Oznámenie.","dok":9,"plany":[{"p":"Príloha č. 2 (výkresy)","u":"https://www.enviroportal.sk/eia/dokument/214238","v":97306,"t":"PDF"},{"p":"Príloha č. 4 Rozhodnutie","u":"https://www.enviroportal.sk/eia/dokument/214239","v":1541541,"t":"PDF"},{"p":"Príloha č. 6 Upustenie","u":"https://www.enviroportal.sk/eia/dokument/214241","v":468715,"t":"PDF"},{"p":"Príloha č. 1 (mapy)","u":"https://www.enviroportal.sk/eia/dokument/214237","v":281302,"t":"PDF"},{"p":"Príloha č. 3 (technická správa)","u":"https://www.enviroportal.sk/eia/dokument/214254","v":88431,"t":"PDF"}],"typ":"Výroba a sklady"}},{"type":"Feature","geometry":{"type":"Point","coordinates":[17.661128,48.178454]},"properties":{"id":"zariadenie-na-zber-odpadov-zavodna-ul-bratislava","nazov":"Zariadenie na zber odpadov Závodná ul., Bratislava","firma":"FH - HOTIS spol. s.r.o., Nerudová 15","ico":"35903139","obec":"Bratislava - Podunajské Biskupice","stav":"Akcia je ukončená v procese EIA","urad":"OÚŽP v BA, odbor OH","skupina":"","zhluk":"","presnost":"presná","zmena":"2012-11-13","ulica":"Závodná","faza":"posúdené","dok":4,"plany":[{"p":"prilohy","u":"https://www.enviroportal.sk/eia/dokument/147797","v":7446548,"t":"PDF"}],"typ":"Výroba a sklady"}},{"type":"Feature","geometry":{"type":"Point","coordinates":[17.276094,48.292183]},"properties":{"id":"zariadenie-na-zber-odpadovych-baterii-ibg","nazov":"Zariadenie na zber odpadových batérií - IBG","firma":"IBG Slovensko s.r.o., Šenkvická cesta 11","ico":"36026506","obec":"Pezinok","stav":"Akcia je ukončená v procese EIA","urad":"OÚ Pezinok, OSZP, štátna správa odpadového hospodárstva","skupina":"","zhluk":"","presnost":"presná","zmena":"2015-07-15","faza":"posúdené","dok":4,"typ":"Výroba a sklady"}},{"type":"Feature","geometry":{"type":"Point","coordinates":[17.182525,48.223291]},"properties":{"id":"zariadenie-na-zber-ostatnych-nebezpecnych-odpadov-v-mestskej-casti-bra","nazov":"Zariadenie na zber ostatných a nebezpečných odpadov v Mestskej časti Bratislava - Vajnory","firma":"Zberné suroviny, a.s., Kragujevská 3","ico":"35701986","obec":"Bratislava - Vajnory","stav":"Akcia je ukončená v procese EIA","urad":"Mestská časť Bratislava - Vajnory OÚŽP v Bratislave - odbor odpadového hospodárstva","skupina":"","zhluk":"kragujevska 3","presnost":"približná","zmena":"2011-10-03","faza":"povolené","doklad":"Rozhodnutie – stavebné povolenie","dok":4,"plany":[{"p":"prílohy","u":"https://www.enviroportal.sk/eia/dokument/121124","v":15222667,"t":"ZIP"}],"typ":"Výroba a sklady"}},{"type":"Feature","geometry":{"type":"Point","coordinates":[17.177776,48.148301]},"properties":{"id":"zariadenie-na-zber-ostatnych-odpadov-1","nazov":"ZARIADENIE NA ZBER OSTATNÝCH ODPADOV","firma":"TULU, s.r.o., Kalinčiakova 115/4","ico":"54796105","obec":"Bratislava - Ružinov","stav":"Akcia je ukončená v procese EIA","urad":"MČ BA -Ružinov - stavebný úrad, OUBA","skupina":"","zhluk":"","presnost":"približná","zmena":"2024-07-11","faza":"posúdené","dok":6,"typ":"Výroba a sklady"}},{"type":"Feature","geometry":{"type":"Point","coordinates":[17.103894,48.20063]},"properties":{"id":"zariadenie-na-zber-spracovanie-elektrozariadeni-kablov-bratislava","nazov":"Zariadenie na zber a spracovanie elektrozariadení a káblov, Bratislava","firma":"P+K s.r.o, Vajnorská 89","ico":"35809787","obec":"Bratislava - Nové Mesto","stav":"Zámer","urad":"","skupina":"","zhluk":"vajnorska 89","presnost":"približná","zmena":"2013-01-09","faza":"zámer","dok":13,"plany":[{"p":"PRÍLOHY.pdf","u":"https://www.enviroportal.sk/eia/dokument/151616","v":22366,"t":"PDF"},{"p":"Vodohospodárska mapa.pdf","u":"https://www.enviroportal.sk/eia/dokument/151621","v":540885,"t":"PDF"},{"p":"situácia areálu.pdf","u":"https://www.enviroportal.sk/eia/dokument/151617","v":599377,"t":"PDF"}],"typ":"Výroba a sklady"}},{"type":"Feature","geometry":{"type":"Point","coordinates":[17.105892,48.194922]},"properties":{"id":"zariadenie-na-zber-spracovanie-zelezneho-srotu-farebnych-kovov-starych","nazov":"Zariadenie na zber a spracovanie železného šrotu, farebných kovov a starých vozidiel v areáli závodu Istrochem, a. s. Bratislava - Nové Mesto","firma":"TSR Slovakia, s r. o., Hrabové 313","ico":"47258811","obec":"Bratislava - Nové Mesto","stav":"Akcia je ukončená v procese EIA","urad":"Mestská časť Bratislava - Nové Mesto Hlavné mesto SR Bratislava Okresný úrad Bratislava, O","skupina":"","zhluk":"rontgenova 28","presnost":"približná","zmena":"2023-09-22","faza":"posúdené","dok":5,"typ":"Výroba a sklady"}},{"type":"Feature","geometry":{"type":"Point","coordinates":[17.09419,48.121317]},"properties":{"id":"zariadenie-na-zber-vykup-odpadov-bratislava-petrzalka","nazov":"Zariadenie na zber a výkup odpadov – Bratislava - Petržalka","firma":"ŽP EKO QELET a.s., Československej armády 1694","ico":"36421120","obec":"Bratislava - Petržalka","stav":"Iný dôvod ukončenia posudzovania","urad":"OÚBA-Odbor starostlivosti o ŽP, oddelenie ochrany prírody a vybraných zložiek ŽP,","skupina":"","zhluk":"","presnost":"približná","zmena":"2018-03-01","faza":"zámer","dok":2,"typ":"Výroba a sklady"}},{"type":"Feature","geometry":{"type":"Point","coordinates":[17.130111,48.222533]},"properties":{"id":"zariadenie-na-zber-vykup-odpadov-bratislava-raca-pastierska-3-rozsiren","nazov":"ZARIADENIE NA ZBER A VÝKUP ODPADOV, BRATISLAVA - RAČA, Pastierska 3 - rozšírenie zberu odpadov","firma":"PRUKOV, s.r.o., Pastierska 3, 83 06 Bratislava","ico":"35970324","obec":"Bratislava - Rača","stav":"Akcia je ukončená v procese EIA","urad":"Okresný úrad Bratislava, odbor starostlivosti o životné prostredie, oddelenie ochrany prír","skupina":"","zhluk":"","presnost":"približná","zmena":"2015-03-23","faza":"dokončené","doklad":"Oznámenie.","dok":3,"typ":"Výroba a sklady"}},{"type":"Feature","geometry":{"type":"Point","coordinates":[17.176018,48.150067]},"properties":{"id":"zariadenie-na-zber-vykup-odpadov-bratislava-ruzinov-pristavna-ul-","nazov":"Zariadenie na zber a výkup odpadov Bratislava - Ružinov, Prístavná ul.","firma":"PALKOV s.r.o., Mlynské nivy 56","ico":"45926921","obec":"Bratislava - Ružinov","stav":"Akcia je ukončená v procese EIA","urad":"Mestská časť Bratislava - Ružinov OÚŽP Bratislava, oddelenie ochrany zložiek ŽP obvodu","skupina":"","zhluk":"mlynske nivy 56","presnost":"približná","zmena":"2013-03-15","faza":"posúdené","dok":3,"typ":"Výroba a sklady"}},{"type":"Feature","geometry":{"type":"Point","coordinates":[17.170948,48.149524]},"properties":{"id":"zariadenie-na-zber-vykup-odpadov-bratislava-ruzinov-pristavna-ul-rozsi","nazov":"ZARIADENIE NA ZBER A VÝKUP ODPADOV BRATISLAVA - RUŽINOV, Prístavná ul. - rozšírenie zberu odpadov","firma":"PALKOV, s.r.o., Mlynské nivy 56","ico":"45926921","obec":"Bratislava - Ružinov","stav":"Rozhodnutie o zmene navrhovanej činnosti- posudzovať","urad":"Okresný úrad Bratislava, OSŽP, Odd. Ochrany prírody a vybraných zložiek ŽP, MČ BA - Ružino","skupina":"","zhluk":"mlynske nivy 56","presnost":"približná","zmena":"2013-11-26","faza":"dokončené","doklad":"Oznámenie.","dok":2,"typ":"Technická infraštruktúra"}},{"type":"Feature","geometry":{"type":"Point","coordinates":[17.276094,48.292183]},"properties":{"id":"zariadenie-na-zber-vykup-odpadov-senkvicka-cesta-pezinok","nazov":"Zariadenie na zber a výkup odpadov, Šenkvická cesta, Pezinok","firma":"BAĎURA s.r.o., Glogovec 1216/49","ico":"35878240","obec":"Pezinok","stav":"Akcia je ukončená v procese EIA","urad":"OÚ BA, odbor starostlivosti o životné prostredie, orgán odpadového hospodárstva","skupina":"","zhluk":"","presnost":"presná","zmena":"2023-12-04","faza":"posúdené","dok":4,"typ":"Výroba a sklady"}},{"type":"Feature","geometry":{"type":"Point","coordinates":[17.129741,48.186724]},"properties":{"id":"zariadenie-na-zber-vykup-odpadov-v-malackach-pezinska-ulica","nazov":"Zariadenie na zber a výkup odpadov v Malackách, Pezinská ulica","firma":"AUTO - AZ s.r.o., Pekárska 11","ico":"35797541","obec":"Malacky","stav":"Akcia je ukončená v procese EIA","urad":"OÚMa,OSZP, odpadové hospodárstvo","skupina":"","zhluk":"","presnost":"presná","zmena":"2015-04-20","faza":"posúdené","dok":10,"plany":[{"p":"Mapová príloha","u":"https://www.enviroportal.sk/eia/dokument/212762","v":5671768,"t":"JPG"}],"typ":"Výroba a sklady"}},{"type":"Feature","geometry":{"type":"Point","coordinates":[17.131572,48.226063]},"properties":{"id":"zariadenie-na-zber-vykup-upravu-odpadov-bratislava-raca","nazov":"Zariadenie na zber, výkup a úpravu odpadov – Bratislava - Rača","firma":"ŽP EKO QELET a.s., Československej armády 1694","ico":"36421120","obec":"Bratislava - Rača","stav":"Akcia je ukončená v procese EIA","urad":"OUBA-OSZP","skupina":"","zhluk":"","presnost":"približná","zmena":"2018-07-30","faza":"posúdené","dok":6,"typ":"Výroba a sklady"}},{"type":"Feature","geometry":{"type":"Point","coordinates":[17.1307,48.225445]},"properties":{"id":"zariadenie-na-zber-zariadenie-na-zhodnocovanie-odpadov-zabi-majer-rozs","nazov":"Zariadenie na zber a zariadenie na zhodnocovanie odpadov, Žabí Majer - rozšírenie činnosti","firma":"Ekoslužby, s.r.o., Klincová 35","ico":"50586106","obec":"Bratislava - Rača","stav":"Oznámenie o zmene","urad":"Okresný úrad Bratislava, odbor starostlivosti o životné prostredie","skupina":"","zhluk":"","presnost":"približná","zmena":"2025-05-19","faza":"dokončené","doklad":"Oznámenie.","dok":12,"typ":"Technická infraštruktúra"}},{"type":"Feature","geometry":{"type":"Point","coordinates":[17.215172,48.106812]},"properties":{"id":"zariadenie-na-zber-zdravotnickeho-odpadu-podunajske-biskupice","nazov":"Zariadenie na zber zdravotníckeho odpadu - Podunajské Biskupice","firma":"EPA Plus, s.r.o.","ico":"50762826","obec":"Bratislava - Podunajské Biskupice","stav":"Akcia je ukončená v procese EIA","urad":"MČ BA Podunajaské Biskupice, OUŽPBA","skupina":"","zhluk":"","presnost":"približná","zmena":"2019-03-01","faza":"posúdené","dok":5,"typ":"Vybavenosť"}},{"type":"Feature","geometry":{"type":"Point","coordinates":[17.132027,48.220927]},"properties":{"id":"zariadenie-na-zber-zhodnocovanie-ostatnych-odpadov","nazov":"Zariadenie na zber a zhodnocovanie ostatných odpadov","firma":"FRADEX recycling s r. o., Továrenská 3682/47","ico":"46315870","obec":"Bratislava - Rača","stav":"Akcia je ukončená v procese EIA","urad":"Mestská časť Bratislava - Rača Okresný úrad Bratislava, Odbor starostlivosti o životné pro","skupina":"","zhluk":"","presnost":"približná","zmena":"2023-07-18","faza":"posúdené","dok":8,"typ":"Výroba a sklady"}},{"type":"Feature","geometry":{"type":"Point","coordinates":[17.102235,48.196282]},"properties":{"id":"zariadenie-na-zber-zhodnocovanie-zelezneho-srotu-farebnych-kovov-stary-1","nazov":"Zariadenie na zber a zhodnocovanie železného šrotu, farebných kovov a starých vozidiel v areáli závodu Istrochem, a. s. Bratislava – Nové Mesto","firma":"TSR Slovakia, s.r.o., Röntgenová 28","ico":"47258811","obec":"Bratislava - Nové Mesto","stav":"Oznámenie o zmene","urad":"OU BA, MC NOVE MESTO","skupina":"","zhluk":"rontgenova 28","presnost":"približná","zmena":"2021-12-08","faza":"zámer","dok":4,"plany":[{"p":"Príloha č. 2.pdf","u":"https://www.enviroportal.sk/eia/dokument/336115","v":584901,"t":"PDF"},{"p":"Príloha č. 1.pdf","u":"https://www.enviroportal.sk/eia/dokument/336114","v":580334,"t":"PDF"}],"typ":"Výroba a sklady"}},{"type":"Feature","geometry":{"type":"Point","coordinates":[17.169967,48.147038]},"properties":{"id":"zariadenie-na-zhodnocovanie-biologicky-rozlozitelnych-odpadov-stiepkov","nazov":"Zariadenie na zhodnocovanie biologicky rozložiteľných odpadov - štiepkovač","firma":"Ružinovský podnik verejno - prospešných služieb, a.s., Mlynské Luhy 19","ico":"35828064","obec":"Bratislava - Ružinov","stav":"Zámer","urad":"Oú Ba, odbor štátnej ochrany vôd a vybraných zložiek žp kraja, Tomášikova 46, 832 05 Brati","skupina":"","zhluk":"","presnost":"približná","zmena":"2017-08-15","faza":"zámer","dok":4,"plany":[{"p":"Priloha 2 drvic foto.pdf","u":"https://www.enviroportal.sk/eia/dokument/262587","v":312649,"t":"PDF"},{"p":"Príloha 1 OU BA upustenie od VR.PDF","u":"https://www.enviroportal.sk/eia/dokument/262586","v":235690,"t":"PDF"}],"typ":"Technická infraštruktúra"}},{"type":"Feature","geometry":{"type":"Point","coordinates":[17.17351,48.144529]},"properties":{"id":"zariadenie-na-zhodnocovanie-kovovych-odpadov-pristav-bratislava-zvysen","nazov":"Zariadenie na zhodnocovanie kovových odpadov, Prístav Bratislava - zvýšenie kapacity","firma":"HOTIS RECYCLING SLOVAKIA s.r.o., Myslenická 1","ico":"35872764","obec":"Bratislava - Ružinov","stav":"Oznámenie o zmene","urad":"Slovenská inšpekcia životného prostredia, Inšpektorát životného prostredia Bratislava, Odb","skupina":"","zhluk":"","presnost":"približná","zmena":"2025-11-24","faza":"zámer","dok":3,"plany":[{"p":"Situácia_Oznámenie_EIA_HOTIS_2025.pdf","u":"https://www.enviroportal.sk/eia/dokument/398064","v":288167,"t":"PDF"}],"typ":"Doprava"}},{"type":"Feature","geometry":{"type":"Point","coordinates":[17.089068,48.123955]},"properties":{"id":"zariadenie-na-zhodnocovanie-odpadov-bratislava-petrzalka-kopcianska-20","nazov":"ZARIADENIE NA ZHODNOCOVANIE ODPADOV BRATISLAVA -PETRŽALKA, Kopčianska 20","firma":"EPR BRATISLAVA s.r.o., Tomášikova 32","ico":"35807016","obec":"Bratislava - Petržalka","stav":"Akcia je ukončená v procese EIA","urad":"OÚŽP v Bratislave, odbor odpadového hospodárstva, MČ Bratislava -Petržalka","skupina":"","zhluk":"","presnost":"približná","zmena":"2012-03-13","faza":"posúdené","dok":3,"typ":"Výroba a sklady"}},{"type":"Feature","geometry":{"type":"Point","coordinates":[17.210095,48.155727]},"properties":{"id":"zariadenie-na-zhodnocovanie-odpadov-bratislava-vrakuna","nazov":"Zariadenie na zhodnocovanie odpadov, Bratislava - Vrakuňa","firma":"stepco s.r.o., Štúrova 11","ico":"52459667","obec":"Bratislava - Vrakuňa","stav":"Akcia je ukončená v procese EIA","urad":"OUBA, MČ BA-Vrakuňa","skupina":"","zhluk":"sturova 11","presnost":"približná","zmena":"2024-08-23","faza":"posúdené","dok":18,"plany":[{"p":"03_stepco_EIA_Zamer_Vrakuna_Map_Pril_01_Zakreslenie_umiestne","u":"https://www.enviroportal.sk/eia/dokument/373934","v":3514756,"t":"PDF"},{"p":"07_stepco_EIA_Zamer_Vrakuna_Map_Pril_05_Situacia_sirsich_vzt","u":"https://www.enviroportal.sk/eia/dokument/373938","v":180649,"t":"PDF"}],"typ":"Výroba a sklady"}},{"type":"Feature","geometry":{"type":"Point","coordinates":[17.025887,48.168979]},"properties":{"id":"zariadenie-na-zhodnocovanie-odpadov-kalove-plynove-hospodarstvo-cov-de","nazov":"Zariadenie na zhodnocovanie odpadov - kalové a plynové hospodárstvo ČOV Devínska Nová Ves","firma":"BIOENERGY s.r.o., Prešovská 48","ico":"45322317","obec":"Bratislava - Devínska Nová Ves","stav":"Akcia je ukončená v procese EIA","urad":"OÚ ŽP Bratislava","skupina":"","zhluk":"presovska 48","presnost":"približná","zmena":"2013-01-04","faza":"posúdené","dok":5,"typ":"Výroba a sklady"}},{"type":"Feature","geometry":{"type":"Point","coordinates":[17.093803,48.122387]},"properties":{"id":"zariadenie-na-zhodnocovanie-odpadov-kalove-plynove-hospodarstvo-cov-pe","nazov":"Zariadenie na zhodnocovanie odpadov - kalové a plynové hospodárstvo ČOV Petržalka","firma":"BIOENERGY s.r.o., Prešovská 48","ico":"45322317","obec":"Bratislava - Petržalka","stav":"Akcia je ukončená v procese EIA","urad":"OÚ ŽP Bratislava","skupina":"","zhluk":"presovska 48","presnost":"približná","zmena":"2012-12-12","faza":"posúdené","dok":5,"typ":"Výroba a sklady"}},{"type":"Feature","geometry":{"type":"Point","coordinates":[17.137806,48.223148]},"properties":{"id":"zariadenie-na-zhodnocovanie-odpadov-slovenska-grafia-bratislava","nazov":"Zariadenie na zhodnocovanie odpadov, Slovenská Grafia, a.s., Bratislava","firma":"Slovenská Grafia, a.s., Pekná cesta 6","ico":"31321470","obec":"Bratislava - Rača","stav":"Akcia je ukončená v procese EIA","urad":"OÚŽP, odbor OH","skupina":"","zhluk":"","presnost":"približná","zmena":"2013-08-05","faza":"posúdené","dok":8,"plany":[{"p":"Príloha c.1_Ortofotomapa","u":"https://www.enviroportal.sk/eia/dokument/177608","v":272232,"t":"PDF"},{"p":"Priloha c.5_List OUZP_upustenie od VR","u":"https://www.enviroportal.sk/eia/dokument/177594","v":592876,"t":"PDF"},{"p":"Priloha c.2_Situacia umiestnenia zariadenia","u":"https://www.enviroportal.sk/eia/dokument/177609","v":1141276,"t":"PDF"},{"p":"Priloha c.3_Situacia umiestnenia zariadenia a PO","u":"https://www.enviroportal.sk/eia/dokument/177592","v":1089292,"t":"PDF"},{"p":"Priloha c.4_Fotodokumentacia","u":"https://www.enviroportal.sk/eia/dokument/177593","v":2024850,"t":"PDF"}],"typ":"Výroba a sklady"}},{"type":"Feature","geometry":{"type":"Point","coordinates":[17.16898,48.128204]},"properties":{"id":"zariadenie-na-zhodnocovanie-odpadov-v-lokalite-vlcie-hrdlo","nazov":"Zariadenie na zhodnocovanie odpadov v lokalite Vlčie hrdlo","firma":"RECOPAP, s.r.o., Bratislavská 18","ico":"31318762","obec":"Bratislava - Ružinov","stav":"Akcia je ukončená v procese EIA","urad":"OÚŽP v BA, odbor OH","skupina":"","zhluk":"bratislavska 18","presnost":"presná","zmena":"2012-06-04","ulica":"Vlčie hrdlo","faza":"posúdené","dok":9,"plany":[{"p":"príloha 3","u":"https://www.enviroportal.sk/eia/dokument/141568","v":139255,"t":"PDF"},{"p":"Príloha č. 2 - Fotodokumentácia súčasného stavu.pdf","u":"https://www.enviroportal.sk/eia/dokument/141585","v":412720,"t":"PDF"},{"p":"príloha 1 geologická mapa","u":"https://www.enviroportal.sk/eia/dokument/141572","v":212502,"t":"DOC"},{"p":"príloha 4","u":"https://www.enviroportal.sk/eia/dokument/141569","v":91779,"t":"PDF"},{"p":"príloha 5","u":"https://www.enviroportal.sk/eia/dokument/141570","v":1182038,"t":"PDF"}],"typ":"Výroba a sklady"}},{"type":"Feature","geometry":{"type":"Point","coordinates":[17.024099,48.173169]},"properties":{"id":"zariadenie-socialnych-sluzieb-objekt-objekt-b-c-","nazov":"Zariadenie sociálnych služieb objekt A, objekt B a C","firma":"Bory, a.s., Digital Park II, Einsteinova 25","ico":"36740896","obec":"Bratislava - Devínska Nová Ves","stav":"Oznámenie o zmene","urad":"Mestská časť Bratislava – Devínska Nová Ves, Novoveská 17/A, 841 07 Bratislava Okresný úra","skupina":"Penta Real Estate","zhluk":"einsteinova 25","presnost":"približná","zmena":"2025-07-10","faza":"zámer","dok":6,"plany":[{"p":"príloha 1.zip","u":"https://www.enviroportal.sk/eia/dokument/384089","v":20323480,"t":"ZIP"},{"p":"príloha 2.zip","u":"https://www.enviroportal.sk/eia/dokument/384091","v":18019697,"t":"ZIP"}],"typ":"Výroba a sklady"}},{"type":"Feature","geometry":{"type":"Point","coordinates":[17.030183,48.180248]},"properties":{"id":"zariadenie-socialnych-sluzieb-specializovane-zariadenie-dubravka-hlavi","nazov":"Zariadenie sociálnych služieb a špecializované zariadenie Dúbravka – Hlavica","firma":"Griffin, s.r.o., Kopčianska 8, 10","ico":"36701904","obec":"Bratislava - Dúbravka","stav":"Akcia je ukončená v procese EIA","urad":"Mestská časť Bratislava – Dúbravka; Okresný úrad Bratislava, odbor starostlivosti o životn","skupina":"","zhluk":"","presnost":"približná","zmena":"2016-08-04","faza":"posúdené","dok":5,"typ":"Bývanie"}},{"type":"Feature","geometry":{"type":"Point","coordinates":[17.020966,48.173252]},"properties":{"id":"zariadenie-vyroby-vyrobnych-sluzieb-so-01-mobilna-betonaren-elba-super","nazov":"Zariadenie výroby a výrobných služieb - SO 01 Mobilná betonáreň ELBA SUPERMOBIL ESM 60","firma":"CORRECT Betón, spol. s.r.o., Eisnerova 62","ico":"35840081","obec":"Bratislava - Devínska Nová Ves","stav":"Akcia je ukončená v procese EIA","urad":"Mestská časť Bratislava - Devínska Nová Ves, OÚŽP v BA, odbor ŠVS","skupina":"","zhluk":"","presnost":"približná","zmena":"2013-11-11","faza":"posúdené","dok":13,"plany":[{"p":"C_prilohy","u":"https://www.enviroportal.sk/eia/dokument/148954","v":26140529,"t":"PDF"},{"p":"D_prilohy 2","u":"https://www.enviroportal.sk/eia/dokument/172527","v":10739057,"t":"PDF"},{"p":"C_prilohy","u":"https://www.enviroportal.sk/eia/dokument/172509","v":26021715,"t":"PDF"}],"typ":"Obchod a služby"}},{"type":"Feature","geometry":{"type":"Point","coordinates":[17.025395,48.168461]},"properties":{"id":"zastavba-stare-grunty-karlova-ves-bratislava","nazov":"Zástavba Staré Grunty, Karlova Ves, Bratislava","firma":"AQUA THERM INVEST, a.s., Drieňová 14","ico":"43812791","obec":"Bratislava - Devínska Nová Ves","stav":"Akcia je ukončená v procese EIA","urad":"Mestská časť Bratislava - Karlova Ves, Okresný úrad Bratislava OSZP","skupina":"","zhluk":"","presnost":"približná","zmena":"2014-03-03","faza":"posúdené","dok":51,"plany":[{"p":"príloha tabulka word","u":"https://www.enviroportal.sk/eia/dokument/197237","v":18384,"t":"XLS"},{"p":"príloha tabulka word53","u":"https://www.enviroportal.sk/eia/dokument/197236","v":18822,"t":"XLS"},{"p":"tabulka 52 priloha 10","u":"https://www.enviroportal.sk/eia/dokument/197251","v":21584,"t":"PDF"},{"p":"sirsie vztahy","u":"https://www.enviroportal.sk/eia/dokument/197240","v":1542222,"t":"PDF"},{"p":"podorysy  rezy pohlady BD02","u":"https://www.enviroportal.sk/eia/dokument/197291","v":431363,"t":"PDF"}],"typ":"Bývanie"}},{"type":"Feature","geometry":{"type":"Point","coordinates":[17.368447,48.290057]},"properties":{"id":"zber-odpadov-kovy-vratane-ich-zliatin-cerovska-ulica-senkvice","nazov":"Zber odpadov - kovy, vrátane ich zliatin, Cerovská ulica, Šenkvice","firma":"Baďura s.r.o","ico":"35878240","obec":"Šenkvice","stav":"Akcia je ukončená v procese EIA","urad":"Obvodný úrad životného prostredia v Pezinku, Stavebný úrad, Obecný úrad Šenkvice","skupina":"","zhluk":"","presnost":"presná","zmena":"2011-01-27","faza":"povolené","doklad":"Rozhodnutie – stavebné povolenie","dok":5,"typ":"Technická infraštruktúra"}},{"type":"Feature","geometry":{"type":"Point","coordinates":[17.276094,48.292183]},"properties":{"id":"zber-odpadov-kovy-vratane-ich-zliatin-senkvicka-cesta-pezinok","nazov":"Zber odpadov - kovy, vrátane ich zliatin, Šenkvická cesta Pezinok","firma":"Baďura s.r.o., Glogovec 1216/49","ico":"35878240","obec":"Pezinok","stav":"Akcia je ukončená v procese EIA","urad":"OÚŽP v Pezinku, úsek odpadového hospodárstva Stavebný úrad , Mestský úrad Pezinok","skupina":"","zhluk":"","presnost":"presná","zmena":"2011-02-10","faza":"povolené","doklad":"Rozhodnutie – stavebné povolenie","dok":4,"typ":"Technická infraštruktúra"}},{"type":"Feature","geometry":{"type":"Point","coordinates":[17.17309,48.150449]},"properties":{"id":"zber-odpadov-na-pontone-p-65-pristav-bratislava","nazov":"Zber odpadov na pontóne P-65, Prístav Bratislava","firma":"Slovenská plavba a prístavy a.s., Horárska 12","ico":"35705671","obec":"Bratislava - Ružinov","stav":"Akcia je ukončená v procese EIA","urad":"OÚŽP Bratislava, odbor štátnej správy starostlivosti o životné prostredie obvodu","skupina":"","zhluk":"","presnost":"približná","zmena":"2013-04-19","faza":"posúdené","dok":18,"plany":[{"p":"Príloha č. 1","u":"https://www.enviroportal.sk/eia/dokument/165449","v":2289739,"t":"PDF"},{"p":"Príloha č. 2","u":"https://www.enviroportal.sk/eia/dokument/165450","v":95785,"t":"PDF"},{"p":"Príloha č. 3","u":"https://www.enviroportal.sk/eia/dokument/165451","v":950457,"t":"PDF"},{"p":"Príloha č. 4","u":"https://www.enviroportal.sk/eia/dokument/165452","v":1542601,"t":"PDF"},{"p":"Príloha č. 5","u":"https://www.enviroportal.sk/eia/dokument/165453","v":1728250,"t":"PDF"}],"typ":"Výroba a sklady"}},{"type":"Feature","geometry":{"type":"Point","coordinates":[17.180444,48.220711]},"properties":{"id":"zber-odpadov-z-elektrickych-elektronickych-zariadeni-enviwork","nazov":"Zber odpadov z elektrických a elektronických zariadení - Enviwork","firma":"EnviWork, s.r.o. Mlynské nivy 56","ico":"43807771","obec":"Bratislava - Vajnory","stav":"Akcia je ukončená v procese EIA","urad":"OÚŽP v BA, odbor OH","skupina":"","zhluk":"","presnost":"približná","zmena":"2013-01-15","faza":"posúdené","dok":3,"typ":"Technická infraštruktúra"}},{"type":"Feature","geometry":{"type":"Point","coordinates":[17.170467,48.149033]},"properties":{"id":"zber-starych-vozidiel-1","nazov":"Zber starých vozidiel","firma":"Promauto s r. o. Galvaniho ul. 12 821 04 Bratislava","ico":"31435599","obec":"Bratislava - Ružinov","stav":"Akcia je ukončená v procese EIA","urad":"OÚ BA, odbor starostlivosti o životné prostredie, orgán odpadového hospodárstva","skupina":"","zhluk":"","presnost":"približná","zmena":"2015-04-16","faza":"posúdené","dok":12,"plany":[{"p":"mapa širších vzťahov","u":"https://www.enviroportal.sk/eia/dokument/222662","v":297387,"t":"JPG"}],"typ":"Bývanie"}},{"type":"Feature","geometry":{"type":"Point","coordinates":[17.109486,48.198598]},"properties":{"id":"zber-starych-vozidiel-vajnorska-ulica-bratislava-rozsirenie-zoznamu-od","nazov":"Zber starých vozidiel, Vajnorská ulica, Bratislava – rozšírenie zoznamu odpadov","firma":"CVIK, s.r.o., Račianska 1549/12","ico":"48095397","obec":"Bratislava - Nové Mesto","stav":"Akcia je ukončená v procese EIA","urad":"Okresný úrad Bratislava","skupina":"","zhluk":"","presnost":"približná","zmena":"2024-10-14","faza":"dokončené","doklad":"Oznámenie.","dok":8,"plany":[{"p":"B_mapa_1_zberny_dvor.pdf","u":"https://www.enviroportal.sk/eia/dokument/381202","v":3912290,"t":"PDF"},{"p":"D_priloha_1_ortofoto_schema_cvik.pdf","u":"https://www.enviroportal.sk/eia/dokument/381204","v":1418124,"t":"PDF"},{"p":"C_mapa_2_zberny_dvor.pdf","u":"https://www.enviroportal.sk/eia/dokument/381203","v":3620161,"t":"PDF"}],"typ":"Technická infraštruktúra"}},{"type":"Feature","geometry":{"type":"Point","coordinates":[17.105325,48.200907]},"properties":{"id":"zber-starych-vozidiel-vajnorska-ulica-bratislava","nazov":"Zber starých vozidiel, Vajnorská ulica, Bratislava","firma":"CVIK, s. r. o., CVIK, s. r. o.","ico":"48095397","obec":"Bratislava - Nové Mesto","stav":"Rozhodnutie zo zisťovacieho konania","urad":"OUBA-odbor starostlivosti o ŽP","skupina":"","zhluk":"","presnost":"približná","zmena":"2018-02-19","faza":"posúdené","dok":7,"plany":[{"p":"B4_mapa_3b_variant2.pdf","u":"https://www.enviroportal.sk/eia/dokument/267627","v":244283,"t":"PDF"},{"p":"B3_mapa_3a_variant1.pdf","u":"https://www.enviroportal.sk/eia/dokument/267626","v":244633,"t":"PDF"},{"p":"B1_mapa_1_sirsie_vztahy.pdf","u":"https://www.enviroportal.sk/eia/dokument/267624","v":3911892,"t":"PDF"},{"p":"B2_mapa_2_ortofoto.pdf","u":"https://www.enviroportal.sk/eia/dokument/267625","v":2052401,"t":"PDF"}],"typ":"Výroba a sklady"}},{"type":"Feature","geometry":{"type":"Point","coordinates":[17.053028,48.183567]},"properties":{"id":"zber-vykup-druhotnych-surovin-lamacska-cesta-bratislava-lamac","nazov":"Zber a výkup druhotných surovín Lamačská cesta, Bratislava - Lamač","firma":"VDS Group s.r.o., Sekulská 5","ico":"44379749","obec":"Bratislava - Lamač","stav":"Akcia je ukončená v procese EIA","urad":"Mestská časť Bratislava - Lamač OÚŽP v BA, odbor OH","skupina":"","zhluk":"","presnost":"presná","zmena":"2012-06-01","faza":"posúdené","dok":10,"plany":[{"p":"priloha_fotodokumentacia","u":"https://www.enviroportal.sk/eia/dokument/141474","v":448969,"t":"PDF"},{"p":"priloha_lamacska cesta","u":"https://www.enviroportal.sk/eia/dokument/141475","v":274721,"t":"JPG"},{"p":"priloha_najomna zmluva","u":"https://www.enviroportal.sk/eia/dokument/141478","v":660730,"t":"ZIP"},{"p":"priloha_upustenie","u":"https://www.enviroportal.sk/eia/dokument/141476","v":240043,"t":"PDF"},{"p":"priloha_príjazd","u":"https://www.enviroportal.sk/eia/dokument/141477","v":509142,"t":"PDF"}],"typ":"Výroba a sklady"}},{"type":"Feature","geometry":{"type":"Point","coordinates":[17.088224,48.123685]},"properties":{"id":"zber-vykup-druhotnych-surovin-prevadzka-gessayova-3-bratislava-petrzal","nazov":"ZBER A VÝKUP DRUHOTNÝCH SUROVÍN PREVÁDZKA GESSAYOVA 3, BRATISLAVA - PETRŽALKA","firma":"Ing. Michal Martinovič, Nábrežná 5","ico":"40703321","obec":"Bratislava - Petržalka","stav":"Akcia je ukončená v procese EIA","urad":"OÚŽP v Bratislave, odbor odpadového hospodárstva, Mestská časť Bratislava - Petržalka","skupina":"","zhluk":"nabrezna 5","presnost":"približná","zmena":"2012-06-01","faza":"posúdené","dok":7,"plany":[{"p":"mapa","u":"https://www.enviroportal.sk/eia/dokument/141467","v":217082,"t":"PDF"}],"typ":"Výroba a sklady"}},{"type":"Feature","geometry":{"type":"Point","coordinates":[17.177418,48.146064]},"properties":{"id":"zberna-druhotnych-surovin-1","nazov":"Zberňa druhotných surovín","firma":"Metmax s.r.o.","ico":"45564990","obec":"Bratislava - Ružinov","stav":"Akcia je ukončená v procese EIA","urad":"OÚBA, odbor starostlivosti o žp,štátna správa odpadového hospodárstva, Tomášiková 46, 8320","skupina":"","zhluk":"","presnost":"približná","zmena":"2018-02-26","faza":"posúdené","dok":10,"plany":[{"p":"P2_situacia kontajneri.pdf","u":"https://www.enviroportal.sk/eia/dokument/264718","v":1144541,"t":"PDF"},{"p":"P1_sirsie vztahy Hrachova.pdf","u":"https://www.enviroportal.sk/eia/dokument/264717","v":923958,"t":"PDF"}],"typ":"Bývanie"}},{"type":"Feature","geometry":{"type":"Point","coordinates":[17.102007,48.196581]},"properties":{"id":"zberna-druhotnych-surovin-racianska-bratislava","nazov":"Zberňa druhotných surovín Račianska, Bratislava","firma":"Majkov s r. o. Žarnovická 5","ico":"45564990","obec":"Bratislava - Nové Mesto","stav":"Akcia je ukončená v procese EIA","urad":"Mestská časť Bratislava - Nové Mesto Okresný úrad Bratislava, Odbor starostlivosti o život","skupina":"","zhluk":"","presnost":"približná","zmena":"2023-07-31","faza":"posúdené","dok":6,"typ":"Bývanie"}},{"type":"Feature","geometry":{"type":"Point","coordinates":[17.109508,48.197307]},"properties":{"id":"zberna-vykupna-druhotnych-surovin-v-bratislave-nove-mesto","nazov":"Zberňa a výkupňa druhotných surovín v Bratislave - Nové Mesto","firma":"PAX Trade s.r.o., Kríkova 8","ico":"35975890","obec":"Bratislava - Nové Mesto","stav":"Akcia je ukončená v procese EIA","urad":"Mestská časť Bratislava - Nové Mesto OÚŽP v BA, odbor OH","skupina":"","zhluk":"","presnost":"približná","zmena":"2012-12-04","faza":"posúdené","dok":5,"plany":[{"p":"prílohy oprava","u":"https://www.enviroportal.sk/eia/dokument/148073","v":263694,"t":"PDF"},{"p":"prílohy","u":"https://www.enviroportal.sk/eia/dokument/148086","v":9414587,"t":"PDF"}],"typ":"Výroba a sklady"}},{"type":"Feature","geometry":{"type":"Point","coordinates":[17.21002,48.105442]},"properties":{"id":"zberny-dvor-odpadov-anceta","nazov":"Zberný dvor odpadov ANČETA","firma":"ANČETA, s.r.o., Podunajské Biskupice – Ketelec 1","ico":"35696605","obec":"Bratislava - Podunajské Biskupice","stav":"Iný dôvod ukončenia posudzovania","urad":"Okresný úrad Bratislava, odbor starostlivosti o životné prostredie, Tomášikova 46, 832 05 ","skupina":"","zhluk":"","presnost":"približná","zmena":"2019-08-28","faza":"zámer","dok":6,"typ":"Výroba a sklady"}},{"type":"Feature","geometry":{"type":"Point","coordinates":[17.087009,48.122884]},"properties":{"id":"zberny-dvor-odpadov-bratislava-petrzalka-rozsirenie","nazov":"Zberný dvor odpadov Bratislava – Petržalka, rozšírenie","firma":"Miestny podnik verejnoprospešných služieb Petržalka, Čapajevova 6","ico":"00492485","obec":"Bratislava - Petržalka","stav":"Akcia je ukončená v procese EIA","urad":"Okresný úrad BA, odbor starostlivosti o ž.p., odd. ochrany prírody a vybraných zložiek ž.p","skupina":"","zhluk":"","presnost":"približná","zmena":"2016-10-10","faza":"dokončené","doklad":"Oznámenie.","dok":11,"plany":[{"p":"Prilohac c.5 Fotodokumentacia Zberny dvor.pdf","u":"https://www.enviroportal.sk/eia/dokument/248835","v":2484739,"t":"PDF"},{"p":"Priloha c.1_Petrzalka sirsie vztahy fin.pdf","u":"https://www.enviroportal.sk/eia/dokument/248831","v":6833343,"t":"PDF"},{"p":"Priloha c.2_katastralna mapa.pdf","u":"https://www.enviroportal.sk/eia/dokument/248832","v":270144,"t":"PDF"},{"p":"Priloha c.3_pertzalka_variant1.pdf","u":"https://www.enviroportal.sk/eia/dokument/248833","v":118560,"t":"PDF"},{"p":"Priloha c.4_petrzalka_variant2.pdf","u":"https://www.enviroportal.sk/eia/dokument/248834","v":186374,"t":"PDF"}],"typ":"Výroba a sklady"}},{"type":"Feature","geometry":{"type":"Point","coordinates":[17.093354,48.11923]},"properties":{"id":"zberny-dvor-odpadov-bratislava-petrzalka","nazov":"Zberný dvor odpadov Bratislava - Petržalka","firma":"Mestská časť Bratislava - Petržalka, Kutlíkova 17","ico":"00603201","obec":"Bratislava - Petržalka","stav":"Akcia je ukončená v procese EIA","urad":"ObÚ ŽP Bratislava, HM Bratislava, MČ Ba - Petržalka","skupina":"","zhluk":"","presnost":"približná","zmena":"2013-08-15","faza":"posúdené","dok":6,"plany":[{"p":"Mapa","u":"https://www.enviroportal.sk/eia/dokument/44484","v":139215,"t":"PDF"}],"typ":"Výroba a sklady"}},{"type":"Feature","geometry":{"type":"Point","coordinates":[17.276094,48.292183]},"properties":{"id":"zberny-dvor-pezinok-senkvicka-cesta-15-b-rozsirenie-cinnosti-zber-elek","nazov":"Zberný dvor Pezinok, Šenkvická cesta 15/B - rozšírenie činnosti - zber elektroodpadu, batérií a akumulátorov - Úprava a spracovanie kovových odpadov z","firma":"Hotis Recykling Slovakia s.r.o., myslenická 1","ico":"35872764","obec":"Pezinok","stav":"Akcia je ukončená v procese EIA","urad":"Okresný úrad Pezinok, odbor starostlivosti o životné prostredie, ul. M. R. Štefánika 10, 9","skupina":"","zhluk":"","presnost":"presná","zmena":"2014-01-24","faza":"povolené","doklad":"Rozhodnutie","dok":4,"typ":"Technická infraštruktúra"}},{"type":"Feature","geometry":{"type":"Point","coordinates":[17.03724,48.182046]},"properties":{"id":"zberny-dvor-v-mestskej-casti-bratislava-dubravka","nazov":"Zberný dvor v Mestskej časti Bratislava - Dúbravka","firma":"Zberný dvor v Mestskej časti Bratislava - Dúbravka","ico":"00603481","obec":"Bratislava - Dúbravka","stav":"Akcia je ukončená v procese EIA","urad":"OÚ BA OSŽP, MČ BA - Dúbravka","skupina":"","zhluk":"primacialne namestie 1","presnost":"približná","zmena":"2019-03-18","faza":"posúdené","dok":10,"plany":[{"p":"B_Mapa c 1_ sirsie vztahy.pdf","u":"https://www.enviroportal.sk/eia/dokument/277763","v":1921825,"t":"PDF"},{"p":"D_Mapa č.3b.pdf","u":"https://www.enviroportal.sk/eia/dokument/277745","v":2303348,"t":"PDF"},{"p":"D_Mapa č.3a.pdf","u":"https://www.enviroportal.sk/eia/dokument/277765","v":2294975,"t":"PDF"},{"p":"C_Mapa c 2_ortofoto.pdf","u":"https://www.enviroportal.sk/eia/dokument/277764","v":2608072,"t":"PDF"}],"typ":"Technická infraštruktúra"}},{"type":"Feature","geometry":{"type":"Point","coordinates":[17.213171,48.156858]},"properties":{"id":"zberny-dvor-vrakuna","nazov":"Zberný dvor Vrakuňa","firma":"KOVOD, a.s., Partizánska cesta 91","ico":"36052957","obec":"Bratislava - Vrakuňa","stav":"Akcia je ukončená v procese EIA","urad":"Mestská časť Bratislava - Vrakuňa OÚŽP v Bratislave, odbor odpadového hospodárstva","skupina":"","zhluk":"","presnost":"približná","zmena":"2012-05-25","faza":"posúdené","dok":12,"plany":[{"p":"príloha 02","u":"https://www.enviroportal.sk/eia/dokument/140989","v":1000281,"t":"PDF"},{"p":"mapa","u":"https://www.enviroportal.sk/eia/dokument/140967","v":30738,"t":"PDF"},{"p":"príloha 01","u":"https://www.enviroportal.sk/eia/dokument/140988","v":1965368,"t":"PDF"},{"p":"textové prílohy","u":"https://www.enviroportal.sk/eia/dokument/140993","v":96744,"t":"PDF"}],"typ":"Výroba a sklady"}},{"type":"Feature","geometry":{"type":"Point","coordinates":[17.021926,48.167474]},"properties":{"id":"zdvojkolajnenie-zeleznicnej-trate-devinska-nova-ves-statna-hranica-sk-","nazov":"Zdvojkoľajnenie železničnej trate Devínska Nová Ves - štátna hranica SK/AT (Marchegg)","firma":"Generálne riaditeľstvo Železníc Slovenskej republiky, Klemensova 8","ico":"31364501","obec":"Bratislava - Devínska Nová Ves","stav":"Rozsah hodnotenia","urad":"Ministerstvo dopravy a výstavby Slovenskej republiky, Sekcia železničnej dopravy a dráh, o","skupina":"","zhluk":"","presnost":"približná","zmena":"2024-11-08","faza":"zámer","dok":16,"plany":[{"p":"Príloha č. 3 - Stanovisko ŽSR.zip","u":"https://www.enviroportal.sk/eia/dokument/353440","v":2472368,"t":"ZIP"},{"p":"Príloha č. 1 - Mapa prehľadnej situácie.zip","u":"https://www.enviroportal.sk/eia/dokument/353439","v":13577820,"t":"ZIP"},{"p":"Príloha č. 2 - Mapa podrobnej situácie.zip","u":"https://www.enviroportal.sk/eia/dokument/353441","v":45607099,"t":"ZIP"}],"typ":"Doprava"}},{"type":"Feature","geometry":{"type":"Point","coordinates":[17.20762,48.108165]},"properties":{"id":"zeleny-raj-rodinne-domy-s-bytovymi-jednotkami-v-radovej-zastavbe","nazov":"ZELENÝ RAJ - rodinné domy s bytovými jednotkami v radovej zástavbe","firma":"BEM REAL, s.r.o., Štefánikova 33","ico":"43799612","obec":"Bratislava - Podunajské Biskupice","stav":"Akcia je ukončená v procese EIA","urad":"Mestská časť Bratislava - Podunajské Biskupice OÚŽP Bratislava, oddelenie OP a vybraných z","skupina":"","zhluk":"","presnost":"približná","zmena":"2013-05-20","faza":"posúdené","dok":19,"plany":[{"p":"sit. sirsie vztahy","u":"https://www.enviroportal.sk/eia/dokument/167348","v":433160,"t":"PDF"},{"p":"situacia","u":"https://www.enviroportal.sk/eia/dokument/167350","v":1789750,"t":"PDF"},{"p":"mapa","u":"https://www.enviroportal.sk/eia/dokument/167332","v":254102,"t":"PDF"}],"typ":"Bývanie"}},{"type":"Feature","geometry":{"type":"Point","coordinates":[17.208189,48.109734]},"properties":{"id":"zemniky-ketelec","nazov":"Zemníky Ketelec","firma":"ANČETA s.r.o., Podunajské Biskupice – Ketelec","ico":"35696605","obec":"Bratislava - Podunajské Biskupice","stav":"Záverečné stanovisko","urad":"Mestská časť Bratislava - Podunajské Biskupice,Trojičné námestie 11, 825 61 Bratislava","skupina":"","zhluk":"","presnost":"približná","zmena":"2020-11-05","faza":"posúdené","dok":10,"plany":[{"p":"prilohy.pdf","u":"https://www.enviroportal.sk/eia/dokument/277191","v":6936400,"t":"PDF"}],"typ":"Výroba a sklady"}},{"type":"Feature","geometry":{"type":"Point","coordinates":[17.208052,48.109548]},"properties":{"id":"zhodnocovanie-druhotnych-surovin-recopap-zvysenie-kapacity","nazov":"Zhodnocovanie druhotných surovín RECOPAP - zvýšenie kapacity","firma":"RECOPAP, s.r.o., Bratislavská 18","ico":"35877251","obec":"Bratislava - Podunajské Biskupice","stav":"Akcia je ukončená v procese EIA","urad":"OUBA","skupina":"","zhluk":"bratislavska 18","presnost":"približná","zmena":"2025-01-03","faza":"posúdené","dok":5,"typ":"Technická infraštruktúra"}},{"type":"Feature","geometry":{"type":"Point","coordinates":[17.174983,48.150405]},"properties":{"id":"zhodnocovanie-odpadov-mobilnym-zariadenim-destroy","nazov":"Zhodnocovanie odpadov mobilným zariadením - Destroy","firma":"DESTROY, s.r.o., Odborárska 52","ico":"35740213","obec":"Bratislava - Ružinov","stav":"Záverečné stanovisko","urad":"Okresný úrad Bratislava, odbor starostlivosti o životné prostredie, oddelenie štátnej sprá","skupina":"","zhluk":"","presnost":"približná","zmena":"2018-02-01","faza":"posúdené","dok":7,"typ":"Technická infraštruktúra"}},{"type":"Feature","geometry":{"type":"Point","coordinates":[17.087283,48.119028]},"properties":{"id":"zhodnocovanie-odpadov-mobilnym-zariadenim-jawmax-450-remax-300-strkovn","nazov":"Zhodnocovanie odpadov mobilným zariadením JAWMAX 450 a REMAX 300 – Štrkovňa Petržalka","firma":"ALAS SLOVAKIA, s.r.o., Polianky 23","ico":"35825286","obec":"Bratislava - Petržalka","stav":"Iný dôvod ukončenia posudzovania","urad":"Okresný úrad Bratislava, odbor starostlivosti o životné prostredie, oddelenie štátnej sprá","skupina":"","zhluk":"vlcie hrdlo 1","presnost":"približná","zmena":"2026-07-24","faza":"zámer","dok":5,"plany":[{"p":"Prílohy.zip","u":"https://www.enviroportal.sk/eia/dokument/363737","v":18147009,"t":"ZIP"}],"typ":"Technická infraštruktúra"}},{"type":"Feature","geometry":{"type":"Point","coordinates":[17.108232,48.195661]},"properties":{"id":"zhodnocovanie-ostatnych-odpadov-modernizacia","nazov":"Zhodnocovanie ostatných odpadov, modernizácia","firma":"OSPRA-INVEST spol. s r. o., Podzáhradná 70","ico":"31352979","obec":"Bratislava - Nové Mesto","stav":"Akcia je ukončená v procese EIA","urad":"Okresný úrad Bratislava, odbor starostlivosti o životné prostredie, Tomášikova 46, 832 05 ","skupina":"","zhluk":"","presnost":"približná","zmena":"2023-03-17","faza":"posúdené","dok":10,"plany":[{"p":"príloha 1.pdf","u":"https://www.enviroportal.sk/eia/dokument/340999","v":127617,"t":"PDF"},{"p":"príloha 2.pdf","u":"https://www.enviroportal.sk/eia/dokument/341000","v":155875,"t":"PDF"},{"p":"príloha 3.pdf","u":"https://www.enviroportal.sk/eia/dokument/341001","v":68403,"t":"PDF"}],"typ":"Technická infraštruktúra"}},{"type":"Feature","geometry":{"type":"Point","coordinates":[17.174111,48.15051]},"properties":{"id":"zhromazdisko-odpadov-spp-bratislava-1","nazov":"Zhromaždisko odpadov SPP Bratislava","firma":"SPP a.s., Mlynské Nivy 44/a","ico":"35815256","obec":"Bratislava - Ružinov","stav":"Akcia je ukončená v procese EIA","urad":"Mestská časť Bratislava ? Ružinov","skupina":"","zhluk":"mlynske nivy a","presnost":"približná","zmena":"2013-09-10","faza":"posúdené","dok":15,"plany":[{"p":"Zhromaždisko odpadov SPP BA výkres 1","u":"https://www.enviroportal.sk/eia/dokument/45423","v":563456,"t":"PDF"},{"p":"Zhromaždisko odpadov SPP BA príloha 1 hluková štúdia","u":"https://www.enviroportal.sk/eia/dokument/45421","v":1409891,"t":"PDF"},{"p":"Zhromaždisko odpadov SPP BA príloha 2 KBU odorant","u":"https://www.enviroportal.sk/eia/dokument/45422","v":2053096,"t":"PDF"}],"typ":"Výroba a sklady"}},{"type":"Feature","geometry":{"type":"Point","coordinates":[18.656616,48.595195]},"properties":{"id":"zimny-stadion-treningova-ladova-plocha-borinska-ul-","nazov":"ZIMNÝ ŠTADIÓN - TRÉNINGOVÁ ĽADOVÁ PLOCHA - BORINSKÁ UL.","firma":"ZLL-SPORT, s.r.o., Vrančovičova 38","ico":"44860935","obec":"Bratislava - Lamač","stav":"Akcia je ukončená v procese EIA","urad":"MČ Bratislava - Lamač","skupina":"","zhluk":"","presnost":"presná","zmena":"2011-09-19","ulica":"Ľadová","faza":"povolené","doklad":"Rozhodnutie – stavebné povolenie","dok":63,"plany":[{"p":"príloha  mapa","u":"https://www.enviroportal.sk/eia/dokument/119607","v":873931,"t":"JPG"},{"p":"príloha 10","u":"https://www.enviroportal.sk/eia/dokument/119613","v":62782,"t":"PDF"},{"p":"príloha 9","u":"https://www.enviroportal.sk/eia/dokument/119622","v":132859,"t":"PDF"},{"p":"príloha 4","u":"https://www.enviroportal.sk/eia/dokument/119610","v":100510,"t":"PDF"},{"p":"príloha 1 infozámer","u":"https://www.enviroportal.sk/eia/dokument/119604","v":133710,"t":"PDF"}],"typ":"Vybavenosť"}},{"type":"Feature","geometry":{"type":"Point","coordinates":[17.184461,48.217658]},"properties":{"id":"zmena-4-dialnica-d4-bratislava-ivanka-sever-raca-","nazov":"Zmena 4 – Diaľnica D4 Bratislava, Ivanka sever - Rača","firma":"Slovenská republika, zastúpená MDV SR, v konečnom zastúpení Dopravopro","ico":"30416094","obec":"Bratislava - Vajnory","stav":"Akcia je ukončená v procese EIA","urad":"Ministerstvo dopravy a výstavby SR, sekcia dopravy a pozemných komunikácií, Námestie slobo","skupina":"","zhluk":"","presnost":"približná","zmena":"2019-08-28","faza":"dokončené","doklad":"Oznámenie o začatí kolaudačného konania","dok":5,"typ":"Doprava"}},{"type":"Feature","geometry":{"type":"Point","coordinates":[17.176282,48.124782]},"properties":{"id":"zmena-5-rychlostna-cesta-r7-bratislava-dunajska-luzna-","nazov":"Zmena 5 - Rýchlostná cesta R7 Bratislava – Dunajská Lužná","firma":"Slovenská republika, zastúpená MDVRR SR, v konečnom zastúpení Dopravop","ico":"30416094","obec":"Bratislava - Podunajské Biskupice","stav":"Akcia je ukončená v procese EIA","urad":"Ministerstvo dopravy, výstavby a regionálneho rozvoja SR, sekcia dopravy a pozemných komun","skupina":"","zhluk":"","presnost":"presná","zmena":"2017-08-30","ulica":"Dunajská","faza":"posúdené","dok":4,"typ":"Doprava"}},{"type":"Feature","geometry":{"type":"Point","coordinates":[17.176282,48.124782]},"properties":{"id":"zmena-6-rychlostna-cesta-r7-bratislava-dunajska-luzna-","nazov":"Zmena 6 - Rýchlostná cesta R7 Bratislava – Dunajská Lužná","firma":"Slovenská republika, zastúpená MDV SR, v konečnom zastúpení Dopravopro","ico":"30416094","obec":"Bratislava - Podunajské Biskupice","stav":"Akcia je ukončená v procese EIA","urad":"MDV SR, sekcia dopravy a pozemných komunikácií, Námestie slobody 6, P.O. Box 100, 810 05 B","skupina":"","zhluk":"","presnost":"presná","zmena":"2017-12-04","ulica":"Dunajská","faza":"posúdené","dok":4,"typ":"Technická infraštruktúra"}},{"type":"Feature","geometry":{"type":"Point","coordinates":[17.176282,48.124782]},"properties":{"id":"zmena-7-rychlostna-cesta-r7-bratislava-dunajska-luzna-","nazov":"Zmena 7 - Rýchlostná cesta R7 Bratislava - Dunajská Lužná","firma":"Slovenská republika, zastúpená MDV SR, v konečnom zastúpení Dopravopro","ico":"30416094","obec":"Bratislava - Podunajské Biskupice","stav":"Rozhodnutie o zmene navrhovanej činnosti- neposudzovať","urad":"Ministerstvo dopravy a výstavby SR, sekcia dopravy a pozemných komunikácií","skupina":"","zhluk":"","presnost":"presná","zmena":"2017-09-12","ulica":"Dunajská","faza":"zámer","dok":3,"typ":"Doprava"}},{"type":"Feature","geometry":{"type":"Point","coordinates":[17.100261,48.158814]},"properties":{"id":"zmena-projektoveho-riesenia-stavby-panorama-city-j-t-center-bratislava","nazov":"Zmena projektového riešenia stavby PANORAMA CITY (J&T CENTER), BRATISLAVA","firma":"Pribinova 25, s.r.o, Lamačská cesta 3","ico":"35945320","obec":"Bratislava - Staré Mesto","stav":"Akcia je ukončená v procese EIA","urad":"Mestská časť Bratislava ? Staré Mesto","skupina":"Forespo / 365.invest","zhluk":"lamacska cesta 3","presnost":"približná","zmena":"2014-09-02","faza":"posúdené","dok":29,"plany":[{"p":"Obr_03_vizualizacia","u":"https://www.enviroportal.sk/eia/dokument/50406","v":113228,"t":"PDF"},{"p":"Obr_01_situacia","u":"https://www.enviroportal.sk/eia/dokument/50402","v":267538,"t":"PDF"},{"p":"Obr_02_ortofotomapa","u":"https://www.enviroportal.sk/eia/dokument/50405","v":421655,"t":"PDF"}],"typ":"Polyfunkcia"}},{"type":"Feature","geometry":{"type":"Point","coordinates":[17.0252,48.168308]},"properties":{"id":"zmena-siete-zeleznicnej-dopravy-v-oblasti-vieden-bratislava","nazov":"Zmena siete železničnej dopravy v oblasti Viedeň - Bratislava","firma":"Ministerstvo dopravy, inovácií a technológií, Rakúsko","ico":"","obec":"Bratislava - Devínska Nová Ves","stav":"Akcia je ukončená v procese SEA","urad":"","skupina":"","zhluk":"","presnost":"približná","zmena":"2012-11-19","faza":"dokončené","doklad":"Oznámenie o začatí kolaudačného konania","dok":2,"typ":"Doprava"}},{"type":"Feature","geometry":{"type":"Point","coordinates":[17.175186,48.144669]},"properties":{"id":"zmena-stavby-pred-dokoncenim-strabag-koncernova-centrala-slovensko-na-","nazov":"Zmena stavby pred dokončením „STRABAG – Koncernová centrála Slovensko“ na bytový dom","firma":"STRABAG Real Estate s.r.o., Mlynské Nivy 61/A","ico":"35734990","obec":"Bratislava - Ružinov","stav":"Akcia je ukončená v procese EIA","urad":"Okresný úrad Bratislava, odbor starostlivosti o životné prostredie, Tomášikova 46, 832 05 ","skupina":"","zhluk":"mlynske nivy a","presnost":"približná","zmena":"2023-05-29","faza":"posúdené","dok":5,"plany":[{"p":"prílohy.zip","u":"https://www.enviroportal.sk/eia/dokument/353637","v":37340847,"t":"ZIP"}],"typ":"Bývanie"}},{"type":"Feature","geometry":{"type":"Point","coordinates":[17.06516,48.232911]},"properties":{"id":"zmeny-doplnky-03-uzemny-plan-zony-zahorska-bystrica-krce","nazov":"Zmeny a doplnky 03 Územný plán zóny Záhorská Bystrica-Krče","firma":"Mestská časť Bratislava - Záhorská Bystrica","ico":"604887","obec":"Bratislava - Záhorská Bystrica","stav":"Oznámenie","urad":"","skupina":"","zhluk":"","presnost":"približná","zmena":"2026-06-29","faza":"zámer","dok":3,"typ":"Plány a koncepcie"}},{"type":"Feature","geometry":{"type":"Point","coordinates":[17.063625,48.232172]},"properties":{"id":"zmeny-doplnky-c-1-2014-uzemneho-planu-zony-bratislava-zahorska-bystric","nazov":"Zmeny a doplnky č. 1/2014 Územného plánu zóny Bratislava Záhorská Bystrica - Krče, Sektory A,C apríl 2014","firma":"Mestská časť Bratislava - Záhorská Bystrica","ico":"00604887","obec":"Bratislava - Záhorská Bystrica","stav":"Akcia je ukončená v procese EIA","urad":"Miestne zastupiteľstvo mestskej časti Bratislava - Záhorská Bystrica","skupina":"","zhluk":"","presnost":"približná","zmena":"2014-10-06","faza":"posúdené","dok":60,"plany":[{"p":"Mapa širšie vzťahy","u":"https://www.enviroportal.sk/eia/dokument/218379","v":261832,"t":"PDF"}],"typ":"Plány a koncepcie"}},{"type":"Feature","geometry":{"type":"Point","coordinates":[17.103223,48.156843]},"properties":{"id":"zmeny-doplnky-c-1-uzemneho-planu-zony-chalupkova-","nazov":"Zmeny a doplnky č. 1 Územného plánu zóny Chalupkova","firma":"Mestská časť Bratislava - Staré Mesto","ico":"00603147","obec":"Bratislava - Staré Mesto","stav":"Rozhodnutie zo zisťovacieho konania","urad":"","skupina":"","zhluk":"","presnost":"približná","zmena":"2026-07-08","faza":"posúdené","dok":4,"typ":"Plány a koncepcie"}},{"type":"Feature","geometry":{"type":"Point","coordinates":[17.214524,48.149055]},"properties":{"id":"zmeny-doplnky-c-1-uzemneho-planu-zony-horne-diely","nazov":"Zmeny a doplnky č. 1 územného plánu zóny Horné diely","firma":"Mestská časť Bratislava - Vrakuňa","ico":"00603295","obec":"Bratislava - Vrakuňa","stav":"Akcia je ukončená v procese SEA","urad":"","skupina":"","zhluk":"","presnost":"presná","zmena":"2021-04-07","ulica":"Ráztočná","faza":"posúdené","dok":15,"typ":"Plány a koncepcie"}},{"type":"Feature","geometry":{"type":"Point","coordinates":[17.109093,48.199364]},"properties":{"id":"zmeny-doplnky-uzemneho-planu-zony-koliba-kamenne-sady","nazov":"Zmeny a doplnky územného plánu zóny Koliba – Kamenné sady","firma":"Mestská časť Bratislava – Nové Mesto, Junácka č. 1","ico":"00603317","obec":"Bratislava - Nové Mesto","stav":"Akcia je ukončená v procese SEA","urad":"","skupina":"","zhluk":"","presnost":"približná","zmena":"2015-12-11","faza":"posúdené","dok":11,"typ":"Plány a koncepcie"}},{"type":"Feature","geometry":{"type":"Point","coordinates":[17.109401,48.196999]},"properties":{"id":"zmeny-doplnky-uzemneho-planu-zony-podhorsky-pas","nazov":"Zmeny a doplnky územného plánu zóny Podhorský pás","firma":"Mestská časť Bratislava - Nové Mesto","ico":"00603317","obec":"Bratislava - Nové Mesto","stav":"Podlieha ďalšiemu posudzovaniu","urad":"","skupina":"","zhluk":"","presnost":"približná","zmena":"2016-03-29","faza":"zámer","dok":24,"plany":[{"p":"151116_SIRSIE_VZTAHY_Z2 nalozka finall oprava2-širšie vztahy","u":"https://www.enviroportal.sk/eia/dokument/240386","v":5441805,"t":"PDF"},{"p":"legenda sirsie vztahy.pdf","u":"https://www.enviroportal.sk/eia/dokument/240406","v":2484425,"t":"PDF"}],"typ":"Plány a koncepcie"}},{"type":"Feature","geometry":{"type":"Point","coordinates":[17.171999,48.150147]},"properties":{"id":"znizenie-emisii-co2ekv-v-zavode-slovnaft-implementaciou-suborov-techno","nazov":"Zníženie emisií CO2ekv v závode Slovnaft implementáciou súborov technologických opatrení","firma":"SLOVNAFT, a.s., Vlčie hrdlo 1","ico":"31322832","obec":"Bratislava - Ružinov","stav":"Oznámenie o zmene","urad":"Slovenská inšpekcia životného prostredia, Inšpektorát životného prostredia Bratislava, odb","skupina":"","zhluk":"vlcie hrdlo 1","presnost":"približná","zmena":"2025-07-01","faza":"zámer","dok":4,"typ":"Výroba a sklady"}},{"type":"Feature","geometry":{"type":"Point","coordinates":[17.173757,48.150511]},"properties":{"id":"znizenie-voc-emisii-na-ldpe3-rto-","nazov":"Zníženie VOC emisií na LDPE3 (RTO)","firma":"SLOVNAFT a.s., Vlčie hrdlo 1","ico":"31322832","obec":"Bratislava - Ružinov","stav":"Akcia je ukončená v procese EIA","urad":"Slovenská inšpekcia životného prostredia, Inšpektorát životného prostredia Bratislava, odb","skupina":"","zhluk":"vlcie hrdlo 1","presnost":"približná","zmena":"2020-01-20","faza":"posúdené","dok":7,"plany":[{"p":"príloha 2","u":"https://www.enviroportal.sk/eia/dokument/299148","v":306208,"t":"PDF"},{"p":"príloha 1","u":"https://www.enviroportal.sk/eia/dokument/299147","v":243520,"t":"PDF"},{"p":"príloha 3","u":"https://www.enviroportal.sk/eia/dokument/299149","v":205443,"t":"PDF"}],"typ":"Výroba a sklady"}},{"type":"Feature","geometry":{"type":"Point","coordinates":[17.154353,48.164479]},"properties":{"id":"zona-roznavska-tomasikova-ulica-uzemne-regulacne-celky-obcianskej-vyba","nazov":"Zóna Rožňavská/Tomášikova ulica, územné a regulačné celky občianskej vybavenosti OV3 a OV4 - Administratívne budovy - Bratislava - Nové Mesto","firma":"VIENNA INVEST, spol. s r.o., Kapitulská 15","ico":"31346715","obec":"Bratislava - Nové Mesto","stav":"Akcia je ukončená v procese EIA","urad":"HM SR Bratislava MČ Bratislava - Nové Mesto","skupina":"","zhluk":"tomasikova e","presnost":"presná","zmena":"2008-04-14","faza":"posúdené","dok":3,"typ":"Polyfunkcia"}},{"type":"Feature","geometry":{"type":"Point","coordinates":[17.620796,48.278444]},"properties":{"id":"zona-roznavska-tomasikova-uzemny-regulacny-celok-obcianskej-vybavenost","nazov":"Zóna Rožňavská / Tomášikova - územný a regulačný celok občianskej vybavenosti OV/2, Bratislava","firma":"Vienna Invest, spol. s r.o., Kapitulská 15","ico":"31346715","obec":"Bratislava - Nové Mesto","stav":"Akcia je ukončená v procese EIA","urad":"HM SR Bratislava, MČ Bratislava - Nové Mesto","skupina":"","zhluk":"tomasikova e","presnost":"presná","zmena":"2013-02-06","ulica":"Tomášikova","faza":"posúdené","dok":4,"typ":"Administratíva"}},{"type":"Feature","geometry":{"type":"Point","coordinates":[17.032042,48.18504]},"properties":{"id":"zsr-terminaly-integrovanej-osobnej-prepravy-v-bratislave-usek-devinska","nazov":"ŽSR, Terminály integrovanej osobnej prepravy v Bratislave, úsek Devínska Nová Ves – Bratislava hlavná stanica – Podunajské Biskupice, TIOP č. 2 Bratis","firma":"Železnice Slovenskej republiky","ico":"31364501","obec":"Bratislava - Dúbravka","stav":"Akcia je ukončená v procese EIA","urad":"MČ BA - Dúbravka, MDVaRR SR,","skupina":"","zhluk":"","presnost":"približná","zmena":"2015-04-07","faza":"povolené","doklad":"Rozhodnutie","dok":3,"typ":"Doprava"}},{"type":"Feature","geometry":{"type":"Point","coordinates":[17.213691,48.105625]},"properties":{"id":"zst-nove-kosariska-zachytne-parkovisko-pre-iad","nazov":"ŽST Nové Košariská - záchytné parkovisko pre IAD","firma":"Železnice Slovenskej republiky","ico":"31364501","obec":"Bratislava - Podunajské Biskupice","stav":"Akcia je ukončená v procese EIA","urad":"Obec Dunajská Lužná","skupina":"","zhluk":"","presnost":"približná","zmena":"2013-08-14","faza":"posúdené","dok":3,"typ":"Doprava"}},{"type":"Feature","geometry":{"type":"Point","coordinates":[17.177881,48.147117]},"properties":{"id":"zvysenie-energetickej-efektivity-uspory-emisii-co2-na-etylenovej-jedno","nazov":"Zvýšenie energetickej efektivity a úspory emisii CO2 na Etylénovej jednotke","firma":"SLOVNAFT, a.s., Vlčie hrdlo 1","ico":"31322832","obec":"Bratislava - Ružinov","stav":"Oznámenie o zmene","urad":"Slovenská inšpekcia životného prostredia, Inšpektorát životného prostredia Bratislava, odb","skupina":"","zhluk":"vlcie hrdlo 1","presnost":"približná","zmena":"2025-03-18","faza":"zámer","dok":4,"typ":"Výroba a sklady"}},{"type":"Feature","geometry":{"type":"Point","coordinates":[17.181802,48.222911]},"properties":{"id":"zvysenie-jestvujucej-vyroby-elektroizolacnych-lakov-zivic","nazov":"Zvýšenie jestvujúcej výroby elektroizolačných lakov a živíc","firma":"VUKI a.s., Rybničná 38","ico":"31321895","obec":"Bratislava - Vajnory","stav":"Akcia je ukončená v procese EIA","urad":"","skupina":"","zhluk":"","presnost":"približná","zmena":"2012-08-03","faza":"posúdené","dok":3,"typ":"Výroba a sklady"}},{"type":"Feature","geometry":{"type":"Point","coordinates":[17.170164,48.148554]},"properties":{"id":"zvysenie-kapacity-cc5-pre-potreby-pp3-po-intenzifikacii-est-","nazov":"Zvýšenie kapacity CC5 pre potreby PP3 po intenzifikácii a EST","firma":"SLOVNAFT, a. s., Vlčie hrdlo 1","ico":"31322832","obec":"Bratislava - Ružinov","stav":"Rozhodnutie o zmene navrhovanej činnosti- neposudzovať","urad":"Miestny úrad mestskej časti Bratislava-Ružinov, Stavebný úrad, Mierová 21, 827 05 Bratisla","skupina":"","zhluk":"vlcie hrdlo 1","presnost":"približná","zmena":"2019-03-07","faza":"zámer","dok":3,"typ":"Výroba a sklady"}},{"type":"Feature","geometry":{"type":"Point","coordinates":[17.21132,48.1052]},"properties":{"id":"zvysenie-kapacity-zhodnocovania-ostatneho-inertneho-stavebneho-odpadu--1","nazov":"Zvýšenie kapacity zhodnocovania ostatného a inertného stavebného odpadu na skládke inertného odpadu - Podunajské Biskupice","firma":"A-Z STAV, Odeská 3","ico":"35813393","obec":"Bratislava - Podunajské Biskupice","stav":"Podlieha ďalšiemu posudzovaniu","urad":"MČ BA – Podunajské Biskupice, Trojičné nám. 11, 824 06 Bratislava; OÚ BA, odbor starostliv","skupina":"","zhluk":"kocelova 17","presnost":"približná","zmena":"2015-10-08","faza":"zámer","dok":8,"plany":[{"p":"Priloha_4_Protokol_Hluk.pdf","u":"https://www.enviroportal.sk/eia/dokument/231131","v":1117224,"t":"PDF"},{"p":"Priloha_3_Protokol_Emisie.PDF","u":"https://www.enviroportal.sk/eia/dokument/231130","v":891198,"t":"PDF"},{"p":"Priloha_1_2.pdf","u":"https://www.enviroportal.sk/eia/dokument/231129","v":2275324,"t":"PDF"}],"typ":"Polyfunkcia"}},{"type":"Feature","geometry":{"type":"Point","coordinates":[17.215612,48.108006]},"properties":{"id":"zvysenie-kapacity-zhodnocovania-ostatneho-inertneho-stavebneho-odpadu-","nazov":"Zvýšenie kapacity zhodnocovania ostatného a inertného stavebného odpadu na skládke inertného odpadu – Podunajské Biskupice","firma":"A-Z STAV s.r.o., Odeská 3","ico":"35813393","obec":"Bratislava - Podunajské Biskupice","stav":"Akcia je ukončená v procese EIA","urad":"MČ BA - Podunajské Biskupice, OU BA odbor starostlivosti o životné prostredie","skupina":"","zhluk":"kocelova 17","presnost":"približná","zmena":"2015-04-28","faza":"posúdené","dok":4,"typ":"Polyfunkcia"}},{"type":"Feature","geometry":{"type":"Point","coordinates":[17.176282,48.124782]},"properties":{"id":"zvysenie-priepustnosti-trate-bratislava-dunajska-streda-komarno-","nazov":"Zvýšenie priepustnosti trate Bratislava - Dunajská Streda – Komárno","firma":"Železnice Slovenskej republiky, Klemensova 8","ico":"31364501","obec":"Bratislava - Ružinov","stav":"Informácia o navrhovanej činnosti alebo jej zmene","urad":"Príslušné dotknuté obce a mestá, OÚ Bratislava, OÚ Dunajská Streda, OÚ Komárno, OÚ Senec, ","skupina":"","zhluk":"","presnost":"presná","zmena":"2026-08-03","ulica":"Dunajská","faza":"zámer","dok":4,"plany":[{"p":"príloha II..zip","u":"https://www.enviroportal.sk/eia/dokument/405290","v":20537128,"t":"ZIP"},{"p":"príloha I..zip","u":"https://www.enviroportal.sk/eia/dokument/405287","v":20817608,"t":"ZIP"}],"typ":"Doprava"}},{"type":"Feature","geometry":{"type":"Point","coordinates":[17.169932,48.147779]},"properties":{"id":"zvysenie-vytazku-zvysenie-vytazku-zvysenie-pomeru-nafty-zmenou-prevadz","nazov":"Zvýšenie výťažku (zvýšenie výťažku = zvýšenie % pomeru) nafty zmenou prevádzkovania HRP","firma":"SLOVNAFT, a.s., Vlčie hrdlo 1","ico":"35823542","obec":"Bratislava - Ružinov","stav":"Akcia je ukončená v procese EIA","urad":"SIŽP BA","skupina":"","zhluk":"vlcie hrdlo 1","presnost":"približná","zmena":"2015-09-21","faza":"posúdené","dok":6,"plany":[{"p":"Prílohy ","u":"https://www.enviroportal.sk/eia/dokument/226355","v":1700524,"t":"ZIP"}],"typ":"Výroba a sklady"}}]}