id;nazov;mestska_cast;ucel;faza;navrhovatel;dokumentov;suradnice;poznamka;hladat_v_mapach;spis
devin-zahrady;Devín záhrady;Bratislava - Devín;Bývanie;posúdené;Záhradky Rezidencia s.r.o., Krajná 29;2;;;https://www.google.com/maps/search/Dev%C3%ADn%20z%C3%A1hrady%20Bratislava%20-%20Dev%C3%ADn;https://www.enviroportal.sk/eia/detail/devin-zahrady
pivovar-devin;Pivovar Devín;Bratislava - Devín;Vybavenosť;posúdené;DEWAR s.r.o., Kremeľská 862/5;6;;;https://www.google.com/maps/search/Pivovar%20Dev%C3%ADn%20Bratislava%20-%20Dev%C3%ADn;https://www.enviroportal.sk/eia/detail/pivovar-devin
rodinne-domy-13-20-lomnicka;Rodinné domy 13 - 20, Lomnická;Bratislava - Devín;Bývanie;posúdené;Lomnická, s.r.o., Dvořákovo nábrežie 10;19;;;https://www.google.com/maps/search/Rodinn%C3%A9%20domy%2013%20-%2020%2C%20Lomnick%C3%A1%20Bratislava%20-%20Dev%C3%ADn;https://www.enviroportal.sk/eia/detail/rodinne-domy-13-20-lomnicka
uzemny-plan-zony-devin-i;Územný plán zóny Devín I;Bratislava - Devín;Plány a koncepcie;posúdené;Mestská časť Bratislava - Devín;11;;;https://www.google.com/maps/search/%C3%9Azemn%C3%BD%20pl%C3%A1n%20z%C3%B3ny%20Dev%C3%ADn%20I%20Bratislava%20-%20Dev%C3%ADn;https://www.enviroportal.sk/eia/detail/uzemny-plan-zony-devin-i
auto-bavaria-bory;Auto Bavaria – Bory;Bratislava - Devínska Nová Ves;Bývanie;posúdené;Bory, a.s., Digital Park II, Einsteinova 25;3;;;https://www.google.com/maps/search/Auto%20Bavaria%20%E2%80%93%20Bory%20Bratislava%20-%20Dev%C3%ADnska%20Nov%C3%A1%20Ves;https://www.enviroportal.sk/eia/detail/auto-bavaria-bory
bau-land-vzorove-centrum-domov;BAU LAND – vzorové centrum domov;Bratislava - Devínska Nová Ves;Bývanie;posúdené;Bory, a.s., Digital Park II, Einsteinova 25;3;;;https://www.google.com/maps/search/BAU%20LAND%20%E2%80%93%20vzorov%C3%A9%20centrum%20domov%20Bratislava%20-%20Dev%C3%ADnska%20Nov%C3%A1%20Ves;https://www.enviroportal.sk/eia/detail/bau-land-vzorove-centrum-domov
bytovy-dom-bd2;BYTOVÝ DOM BD2;Bratislava - Devínska Nová Ves;Bývanie;posúdené;BA Development II., s.r.o., Černyševského 50;16;;;https://www.google.com/maps/search/BYTOV%C3%9D%20DOM%20BD2%20Bratislava%20-%20Dev%C3%ADnska%20Nov%C3%A1%20Ves;https://www.enviroportal.sk/eia/detail/bytovy-dom-bd2
bytovy-dom-bd2-devinska-nova-ves;BYTOVÝ DOM BD2, Devínska Nová Ves;Bratislava - Devínska Nová Ves;Bývanie;posúdené;BA Development II., s.r.o., Černyševského 50;22;;;https://www.google.com/maps/search/BYTOV%C3%9D%20DOM%20BD2%2C%20Dev%C3%ADnska%20Nov%C3%A1%20Ves%20Bratislava%20-%20Dev%C3%ADnska%20Nov%C3%A1%20Ves;https://www.enviroportal.sk/eia/detail/bytovy-dom-bd2-devinska-nova-ves
bory-byvanie-4b-obytny-subor-bory-susedske-dvory-;"Bory Bývanie 4B / Obytný súbor ""Bory Susedské Dvory""";Bratislava - Devínska Nová Ves;Bývanie;zámer;Bory Home II, s. r. o., Digital Park II, Einsteinova 25;5;;;https://www.google.com/maps/search/Bory%20B%C3%BDvanie%204B%20/%20Obytn%C3%BD%20s%C3%BAbor%20%22Bory%20Susedsk%C3%A9%20Dvory%22%20Bratislava%20-%20Dev%C3%ADnska%20Nov%C3%A1%20Ves;https://www.enviroportal.sk/eia/detail/bory-byvanie-4b-obytny-subor-bory-susedske-dvory-
bory-home-ii-bratislava;Bory Home II, Bratislava;Bratislava - Devínska Nová Ves;Polyfunkcia;posúdené;Bory Home, s.r.o., Digital Park II, Einsteinova 25;4;;;https://www.google.com/maps/search/Bory%20Home%20II%2C%20Bratislava%20Bratislava%20-%20Dev%C3%ADnska%20Nov%C3%A1%20Ves;https://www.enviroportal.sk/eia/detail/bory-home-ii-bratislava
bory-byvanie-4a;Bory bývanie 4A;Bratislava - Devínska Nová Ves;Polyfunkcia;posúdené;Bory Home II s.r.o., Digital Park II, Einsteinova 25;5;;;https://www.google.com/maps/search/Bory%20b%C3%BDvanie%204A%20Bratislava%20-%20Dev%C3%ADnska%20Nov%C3%A1%20Ves;https://www.enviroportal.sk/eia/detail/bory-byvanie-4a
bytove-domy-bystricka;Bytové domy Bystrická;Bratislava - Devínska Nová Ves;Bývanie;posúdené;Bystrická, s.r.o., Panenská 6;10;;;https://www.google.com/maps/search/Bytov%C3%A9%20domy%20Bystrick%C3%A1%20Bratislava%20-%20Dev%C3%ADnska%20Nov%C3%A1%20Ves;https://www.enviroportal.sk/eia/detail/bytove-domy-bystricka
bytovy-obciansky-subor-stavieb-devinska-nova-ves-pod-srdcom-;"Bytový a občiansky súbor stavieb Devínska Nová Ves ""Pod srdcom""";Bratislava - Devínska Nová Ves;Bývanie;posúdené;PROXENTA Private Equity, s. r. o.;6;;;https://www.google.com/maps/search/Bytov%C3%BD%20a%20ob%C4%8Diansky%20s%C3%BAbor%20stavieb%20Dev%C3%ADnska%20Nov%C3%A1%20Ves%20%22Pod%20srdcom%22%20Bratislava%20-%20Dev%C3%ADnska%20Nov%C3%A1%20Ves;https://www.enviroportal.sk/eia/detail/bytovy-obciansky-subor-stavieb-devinska-nova-ves-pod-srdcom-
centrum-kamionovej-dopravy-lkw-steuerstelle-bratislava;Centrum kamiónovej dopravy (LKW Steuerstelle), Bratislava;Bratislava - Devínska Nová Ves;Administratíva;dokončené;VOLKSWAGEN SLOVAKIA, a.s., J. Jonáša 1;3;;;https://www.google.com/maps/search/Centrum%20kami%C3%B3novej%20dopravy%20%28LKW%20Steuerstelle%29%2C%20Bratislava%20Bratislava%20-%20Dev%C3%ADnska%20Nov%C3%A1%20Ves;https://www.enviroportal.sk/eia/detail/centrum-kamionovej-dopravy-lkw-steuerstelle-bratislava
decathlon-bory;Decathlon, Bory;Bratislava - Devínska Nová Ves;Polyfunkcia;posúdené;Bory, a.s., Digital Park II., Einsteinova 25;2;;;https://www.google.com/maps/search/Decathlon%2C%20Bory%20Bratislava%20-%20Dev%C3%ADnska%20Nov%C3%A1%20Ves;https://www.enviroportal.sk/eia/detail/decathlon-bory
devinska-nova-ves-rekonstrukcia-centralneho-hnojiska-silaznych-zlabov-;Devínska Nová Ves – Rekonštrukcia centrálneho hnojiska, silážnych žľabov a rozšírenie činnosti;Bratislava - Devínska Nová Ves;Bývanie;dokončené;Družstvo podielnikov Devín, Čsl. Tankistov 300/A;3;;;https://www.google.com/maps/search/Dev%C3%ADnska%20Nov%C3%A1%20Ves%20%E2%80%93%20Rekon%C5%A1trukcia%20centr%C3%A1lneho%20hnojiska%2C%20sil%C3%A1%C5%BEnych%20%C5%BE%C4%BEabov%20a%20roz%C5%A1%C3%ADrenie%20%C4%8Dinnosti%20Bratislava%20-%20Dev%C3%ADnska%20Nov%C3%A1%20Ves;https://www.enviroportal.sk/eia/detail/devinska-nova-ves-rekonstrukcia-centralneho-hnojiska-silaznych-zlabov-
diagnosticke-centrum-analysezentrum-;Diagnostické centrum (Analysezentrum);Bratislava - Devínska Nová Ves;Výroba a sklady;posúdené;Volkswagen Slovakia, a.s., J. Jonáša 4;3;;;https://www.google.com/maps/search/Diagnostick%C3%A9%20centrum%20%28Analysezentrum%29%20Bratislava%20-%20Dev%C3%ADnska%20Nov%C3%A1%20Ves;https://www.enviroportal.sk/eia/detail/diagnosticke-centrum-analysezentrum-
dialnica-d4-krizovatka-dnv-ii-505-st-hranica-sr-rr;Diaľnica D4, križovatka DNV II/505 - št. hranica SR/RR;Bratislava - Devínska Nová Ves;Doprava;posúdené;Národná diaľničná spoločnosť a.s., Mlynské Nivy 45;28;;;https://www.google.com/maps/search/Dia%C4%BEnica%20D4%2C%20kri%C5%BEovatka%20DNV%20II/505%20-%20%C5%A1t.%20hranica%20SR/RR%20Bratislava%20-%20Dev%C3%ADnska%20Nov%C3%A1%20Ves;https://www.enviroportal.sk/eia/detail/dialnica-d4-krizovatka-dnv-ii-505-st-hranica-sr-rr
hornbach-bratislava-ii-spevnene-plochy;HORNBACH BRATISLAVA II – SPEVNENÉ PLOCHY;Bratislava - Devínska Nová Ves;Výroba a sklady;zámer;Baumarkt SK, spol. s r.o., Galvaniho 9;5;;;https://www.google.com/maps/search/HORNBACH%20BRATISLAVA%20II%20%E2%80%93%20SPEVNEN%C3%89%20PLOCHY%20Bratislava%20-%20Dev%C3%ADnska%20Nov%C3%A1%20Ves;https://www.enviroportal.sk/eia/detail/hornbach-bratislava-ii-spevnene-plochy
hala-h1-karosaren;Hala H1 - Karosáreň;Bratislava - Devínska Nová Ves;Výroba a sklady;posúdené;VOLKSWAGEN SLOVAKIA, a. s., J. Jonáša 1;5;;;https://www.google.com/maps/search/Hala%20H1%20-%20Karos%C3%A1re%C5%88%20Bratislava%20-%20Dev%C3%ADnska%20Nov%C3%A1%20Ves;https://www.enviroportal.sk/eia/detail/hala-h1-karosaren
hala-h8-odstranenie-linky-ktl-neutralizacnej-stanice-voskovne-zvaracic;Hala H8 - Odstránenie linky KTL, neutralizačnej stanice, voskovne a zváracích pracovísk;Bratislava - Devínska Nová Ves;Výroba a sklady;posúdené;Volkswagen Slovakia, a.s., Jána Jonáša 1;4;;;https://www.google.com/maps/search/Hala%20H8%20-%20Odstr%C3%A1nenie%20linky%20KTL%2C%20neutraliza%C4%8Dnej%20stanice%2C%20voskovne%20a%20zv%C3%A1rac%C3%ADch%20pracov%C3%ADsk%20Bratislava%20-%20Dev%C3%ADnska%20Nov%C3%A1%20Ves;https://www.enviroportal.sk/eia/detail/hala-h8-odstranenie-linky-ktl-neutralizacnej-stanice-voskovne-zvaracic
hala-i3-odpadove-hospodarstvo-vw-slovakia-bratislava;Hala I3 - odpadové hospodárstvo VW Slovakia, a.s. Bratislava;Bratislava - Devínska Nová Ves;Výroba a sklady;posúdené;Volkswagen Slovakia, a.s., J.Jonáša 1;4;;;https://www.google.com/maps/search/Hala%20I3%20-%20odpadov%C3%A9%20hospod%C3%A1rstvo%20VW%20Slovakia%2C%20a.s.%20Bratislava%20Bratislava%20-%20Dev%C3%ADnska%20Nov%C3%A1%20Ves;https://www.enviroportal.sk/eia/detail/hala-i3-odpadove-hospodarstvo-vw-slovakia-bratislava
ibv-slnecny-vrch-ii-devinska-nova-ves;IBV Slnečný vrch II, Devínska Nová Ves;Bratislava - Devínska Nová Ves;Bývanie;posúdené;HORTEL, s.r.o., Poniklecová 34;15;;;https://www.google.com/maps/search/IBV%20Slne%C4%8Dn%C3%BD%20vrch%20II%2C%20Dev%C3%ADnska%20Nov%C3%A1%20Ves%20Bratislava%20-%20Dev%C3%ADnska%20Nov%C3%A1%20Ves;https://www.enviroportal.sk/eia/detail/ibv-slnecny-vrch-ii-devinska-nova-ves
implementacia-projektu-beta-do-lakovne-h2a-;Implementácia projektu Beta+ do Lakovne H2a;Bratislava - Devínska Nová Ves;Výroba a sklady;posúdené;Volkswagen Slovakia, a. s., J. Jonáša 1;4;;;https://www.google.com/maps/search/Implement%C3%A1cia%20projektu%20Beta%2B%20do%20Lakovne%20H2a%20Bratislava%20-%20Dev%C3%ADnska%20Nov%C3%A1%20Ves;https://www.enviroportal.sk/eia/detail/implementacia-projektu-beta-do-lakovne-h2a-
integracia-by-736-v-lakovni-h2-h2a-bratislava;Integrácia BY-736 v lakovni H2 a H2A, Bratislava;Bratislava - Devínska Nová Ves;Výroba a sklady;posúdené;VOLKSWAGEN SLOVAKIA, a. s. J. Jonáša 1;4;;;https://www.google.com/maps/search/Integr%C3%A1cia%20BY-736%20v%20lakovni%20H2%20a%20H2A%2C%20Bratislava%20Bratislava%20-%20Dev%C3%ADnska%20Nov%C3%A1%20Ves;https://www.enviroportal.sk/eia/detail/integracia-by-736-v-lakovni-h2-h2a-bratislava
intenzifikacia-modernizacia-cov-volkswagen-slovakia-s-;Intenzifikácia a modernizácia ČOV VOLKSWAGEN SLOVAKIA, a. s.;Bratislava - Devínska Nová Ves;Technická infraštruktúra;posúdené;VOLKSWAGEN SLOVAKIA, a. s., J. Jonáša 1;4;;;https://www.google.com/maps/search/Intenzifik%C3%A1cia%20a%20moderniz%C3%A1cia%20%C4%8COV%20VOLKSWAGEN%20SLOVAKIA%2C%20a.%20s.%20Bratislava%20-%20Dev%C3%ADnska%20Nov%C3%A1%20Ves;https://www.enviroportal.sk/eia/detail/intenzifikacia-modernizacia-cov-volkswagen-slovakia-s-
instalacia-kogeneracnej-jednotky-tepelny-zdroj-k31-devinska-nova-ves;Inštalácia kogeneračnej jednotky - tepelný zdroj K31 Devínska Nová Ves;Bratislava - Devínska Nová Ves;Technická infraštruktúra;posúdené;Teplo GGE s.r.o., Rozkvet 2058/125;3;;;https://www.google.com/maps/search/In%C5%A1tal%C3%A1cia%20kogenera%C4%8Dnej%20jednotky%20-%20tepeln%C3%BD%20zdroj%20K31%20Dev%C3%ADnska%20Nov%C3%A1%20Ves%20Bratislava%20-%20Dev%C3%ADnska%20Nov%C3%A1%20Ves;https://www.enviroportal.sk/eia/detail/instalacia-kogeneracnej-jednotky-tepelny-zdroj-k31-devinska-nova-ves
komplexna-rekonstrukcia-mostneho-objektu-v-zkm-37-910-trate-st-hr-marc;Komplexná rekonštrukcia mostného objektu v žkm 37,910 trate št. hr. (Marchegg) – Devínska Nová Ves, TÚ 2805, DÚ 02, št.hr. OBB Devínska Nová Ves;Bratislava - Devínska Nová Ves;Doprava;posúdené;Železnice Slovenskej republiky, Klemensova 8;6;;;https://www.google.com/maps/search/Komplexn%C3%A1%20rekon%C5%A1trukcia%20mostn%C3%A9ho%20objektu%20v%20%C5%BEkm%2037%2C910%20trate%20%C5%A1t.%20hr.%20%28Marchegg%29%20%E2%80%93%20Dev%C3%ADnska%20Nov%C3%A1%20Ves%2C%20T%C3%9A%202805%2C%20D%C3%9A%2002%2C%20%C5%A1t.hr.%20OBB%20Dev%C3%ADnska%20Nov%C3%A1%20Ves%20Bratislava%20-%20Dev%C3%ADnska%20Nov%C3%A1%20Ves;https://www.enviroportal.sk/eia/detail/komplexna-rekonstrukcia-mostneho-objektu-v-zkm-37-910-trate-st-hr-marc
lp-eh-cov-devinska-nova-ves-vymena-horaka-zvyskoveho-plynu;LP a EH ČOV Devínska Nová Ves - výmena horáka zvyškového plynu;Bratislava - Devínska Nová Ves;Bývanie;posúdené;BIOENERGY, a.s., Prešovská 48;4;;;https://www.google.com/maps/search/LP%20a%20EH%20%C4%8COV%20Dev%C3%ADnska%20Nov%C3%A1%20Ves%20-%20v%C3%BDmena%20hor%C3%A1ka%20zvy%C5%A1kov%C3%A9ho%20plynu%20Bratislava%20-%20Dev%C3%ADnska%20Nov%C3%A1%20Ves;https://www.enviroportal.sk/eia/detail/lp-eh-cov-devinska-nova-ves-vymena-horaka-zvyskoveho-plynu
linka-na-povrchovu-predupravu-hlinikovych-casti-karoserii-bratislava;Linka na povrchovú predúpravu hliníkových častí karosérií, Bratislava;Bratislava - Devínska Nová Ves;Výroba a sklady;posúdené;VOLKSWAGEN SLOVAKIA, a.s., J. Jonáša 1;4;;;https://www.google.com/maps/search/Linka%20na%20povrchov%C3%BA%20pred%C3%BApravu%20hlin%C3%ADkov%C3%BDch%20%C4%8Dast%C3%AD%20karos%C3%A9ri%C3%AD%2C%20Bratislava%20Bratislava%20-%20Dev%C3%ADnska%20Nov%C3%A1%20Ves;https://www.enviroportal.sk/eia/detail/linka-na-povrchovu-predupravu-hlinikovych-casti-karoserii-bratislava
logisticko-vyrobny-park-dnv;Logisticko - výrobný park DNV;Bratislava - Devínska Nová Ves;Výroba a sklady;posúdené;Slovenský odpadový priemysel, a.s., Dvořákovo nábrežie 10;9;;;https://www.google.com/maps/search/Logisticko%20-%20v%C3%BDrobn%C3%BD%20park%20DNV%20Bratislava%20-%20Dev%C3%ADnska%20Nov%C3%A1%20Ves;https://www.enviroportal.sk/eia/detail/logisticko-vyrobny-park-dnv
logisticke-centrum-pre-montaznu-halu-h3a;Logistické centrum pre montážnu halu H3a;Bratislava - Devínska Nová Ves;Výroba a sklady;posúdené;Volkswagen Slovakia, a.s., Jána Jonáša 1;10;;;https://www.google.com/maps/search/Logistick%C3%A9%20centrum%20pre%20mont%C3%A1%C5%BEnu%20halu%20H3a%20Bratislava%20-%20Dev%C3%ADnska%20Nov%C3%A1%20Ves;https://www.enviroportal.sk/eia/detail/logisticke-centrum-pre-montaznu-halu-h3a
metro-devinska-nova-ves-pristavba-delivery-;METRO Devínska Nová Ves – prístavba Delivery;Bratislava - Devínska Nová Ves;Polyfunkcia;posúdené;METRO Group Properties SR, s.r.o., Senecká cesta 1881;3;;;https://www.google.com/maps/search/METRO%20Dev%C3%ADnska%20Nov%C3%A1%20Ves%20%E2%80%93%20pr%C3%ADstavba%20Delivery%20Bratislava%20-%20Dev%C3%ADnska%20Nov%C3%A1%20Ves;https://www.enviroportal.sk/eia/detail/metro-devinska-nova-ves-pristavba-delivery-
modernizacia-cistiarne-odpadovych-vod-volkswagen-slovakia-;Modernizácia čistiarne odpadových vôd Volkswagen Slovakia, a.s.;Bratislava - Devínska Nová Ves;Technická infraštruktúra;posúdené;VOLKSWAGEN SLOVAKIA a.s., J. Jonáša 1, 83 02 Bratislava;6;;;https://www.google.com/maps/search/Moderniz%C3%A1cia%20%C4%8Distiarne%20odpadov%C3%BDch%20v%C3%B4d%20Volkswagen%20Slovakia%2C%20a.s.%20Bratislava%20-%20Dev%C3%ADnska%20Nov%C3%A1%20Ves;https://www.enviroportal.sk/eia/detail/modernizacia-cistiarne-odpadovych-vod-volkswagen-slovakia-
modernizacia-zeleznicnej-trate-bratislava-hl-st-kuty-lanzhot-cz-usek-t;Modernizácia železničnej trate Bratislava hl. st. – Kúty – Lanžhot CZ, úsek trate Devínska Nová Ves (mimo) – Kúty – Lanžhot CZ;Bratislava - Devínska Nová Ves;Doprava;posúdené;Železnice Slovenskej republiky, Klemensova 8;13;;;https://www.google.com/maps/search/Moderniz%C3%A1cia%20%C5%BEelezni%C4%8Dnej%20trate%20Bratislava%20hl.%20st.%20%E2%80%93%20K%C3%BAty%20%E2%80%93%20Lan%C5%BEhot%20CZ%2C%20%C3%BAsek%20trate%20Dev%C3%ADnska%20Nov%C3%A1%20Ves%20%28mimo%29%20%E2%80%93%20K%C3%BAty%20%E2%80%93%20Lan%C5%BEhot%20CZ%20Bratislava%20-%20Dev%C3%ADnska%20Nov%C3%A1%20Ves;https://www.enviroportal.sk/eia/detail/modernizacia-zeleznicnej-trate-bratislava-hl-st-kuty-lanzhot-cz-usek-t
montazno-skladova-hala-zahorska-bystrica;Montážno – skladová hala Záhorská Bystrica;Bratislava - Devínska Nová Ves;Administratíva;posúdené;Centrop s.r.o., Svätoplukova 30;22;;;https://www.google.com/maps/search/Mont%C3%A1%C5%BEno%20%E2%80%93%20skladov%C3%A1%20hala%20Z%C3%A1horsk%C3%A1%20Bystrica%20Bratislava%20-%20Dev%C3%ADnska%20Nov%C3%A1%20Ves;https://www.enviroportal.sk/eia/detail/montazno-skladova-hala-zahorska-bystrica
navysenie-materialov-pre-linku-na-povrchovu-predupravu-hlinikovych-cas;Navýšenie materiálov pre linku na povrchovú predúpravu hliníkových častí karosérií v hale H4a - Volkswagen Slovakia, a.s.;Bratislava - Devínska Nová Ves;Výroba a sklady;posúdené;Volkswagen Slovakia, a. s., J. Jonáša 1;4;;;https://www.google.com/maps/search/Nav%C3%BD%C5%A1enie%20materi%C3%A1lov%20pre%20linku%20na%20povrchov%C3%BA%20pred%C3%BApravu%20hlin%C3%ADkov%C3%BDch%20%C4%8Dast%C3%AD%20karos%C3%A9ri%C3%AD%20v%20hale%20H4a%20-%20Volkswagen%20Slovakia%2C%20a.s.%20Bratislava%20-%20Dev%C3%ADnska%20Nov%C3%A1%20Ves;https://www.enviroportal.sk/eia/detail/navysenie-materialov-pre-linku-na-povrchovu-predupravu-hlinikovych-cas
navysenie-vyrobnej-kapacity-v-hale-h2-h2a-;Navýšenie výrobnej kapacity v hale H2 a H2a;Bratislava - Devínska Nová Ves;Výroba a sklady;posúdené;Volkswagen Slovakia, a. s., J. Jonáša 1;4;;;https://www.google.com/maps/search/Nav%C3%BD%C5%A1enie%20v%C3%BDrobnej%20kapacity%20v%20hale%20H2%20a%20H2a%20Bratislava%20-%20Dev%C3%ADnska%20Nov%C3%A1%20Ves;https://www.enviroportal.sk/eia/detail/navysenie-vyrobnej-kapacity-v-hale-h2-h2a-
novostavba-loz-iv-bratislava-rozsirenie-loz-iii-;Novostavba LOZ IV Bratislava (Rozšírenie LOZ III);Bratislava - Devínska Nová Ves;Výroba a sklady;dokončené;Volkswagen Group Real Estate Slovakia s.r.o., J. Jonáša 1;9;;;https://www.google.com/maps/search/Novostavba%20LOZ%20IV%20Bratislava%20%28Roz%C5%A1%C3%ADrenie%20LOZ%20III%29%20Bratislava%20-%20Dev%C3%ADnska%20Nov%C3%A1%20Ves;https://www.enviroportal.sk/eia/detail/novostavba-loz-iv-bratislava-rozsirenie-loz-iii-
nova-vyhrevna-podniku-volkswagen-slovakia-bratislava;Nová výhrevňa podniku Volkswagen Slovakia, a.s., Bratislava;Bratislava - Devínska Nová Ves;Výroba a sklady;posúdené;Volkswagen Slovakia, a.s., J. Jonáša 1;6;;;https://www.google.com/maps/search/Nov%C3%A1%20v%C3%BDhrev%C5%88a%20podniku%20Volkswagen%20Slovakia%2C%20a.s.%2C%20Bratislava%20Bratislava%20-%20Dev%C3%ADnska%20Nov%C3%A1%20Ves;https://www.enviroportal.sk/eia/detail/nova-vyhrevna-podniku-volkswagen-slovakia-bratislava
nabytkove-studio-segum;Nábytkové štúdio - SEGUM;Bratislava - Devínska Nová Ves;Polyfunkcia;zámer;Bory, a.s., Digital Park II, Einsteinova 25;3;;;https://www.google.com/maps/search/N%C3%A1bytkov%C3%A9%20%C5%A1t%C3%BAdio%20-%20SEGUM%20Bratislava%20-%20Dev%C3%ADnska%20Nov%C3%A1%20Ves;https://www.enviroportal.sk/eia/detail/nabytkove-studio-segum
obytny-subor-slnecny-vrch-i-bratislava-devinska-nova-ves;OBYTNÝ SÚBOR SLNEČNÝ VRCH I, BRATISLAVA – DEVÍNSKA NOVÁ VES;Bratislava - Devínska Nová Ves;Bývanie;posúdené;Slnečný vrch, s.r.o., Račianska 69;11;;;https://www.google.com/maps/search/OBYTN%C3%9D%20S%C3%9ABOR%20SLNE%C4%8CN%C3%9D%20VRCH%20I%2C%20BRATISLAVA%20%E2%80%93%20DEV%C3%8DNSKA%20NOV%C3%81%20VES%20Bratislava%20-%20Dev%C3%ADnska%20Nov%C3%A1%20Ves;https://www.enviroportal.sk/eia/detail/obytny-subor-slnecny-vrch-i-bratislava-devinska-nova-ves
oc-devinska-nova-ves;OC Devínska Nová Ves;Bratislava - Devínska Nová Ves;Bývanie;posúdené;White house s. r. o.;6;;;https://www.google.com/maps/search/OC%20Dev%C3%ADnska%20Nov%C3%A1%20Ves%20Bratislava%20-%20Dev%C3%ADnska%20Nov%C3%A1%20Ves;https://www.enviroportal.sk/eia/detail/oc-devinska-nova-ves
obchodno-vystavne-objekty;Obchodno - výstavné objekty;Bratislava - Devínska Nová Ves;Výroba a sklady;posúdené;Bory, a.s., Digital Park II, Einsteinova 25;15;;;https://www.google.com/maps/search/Obchodno%20-%20v%C3%BDstavn%C3%A9%20objekty%20Bratislava%20-%20Dev%C3%ADnska%20Nov%C3%A1%20Ves;https://www.enviroportal.sk/eia/detail/obchodno-vystavne-objekty
obchodne-administrativne-centrum-spolocnosti-ptacek-sprava-bratislava;Obchodné a administratívne centrum spoločnosti Ptáček – správa, a.s., Bratislava;Bratislava - Devínska Nová Ves;Administratíva;posúdené;Bory, a.s., Digital Park II, Einsteinova 25;3;;;https://www.google.com/maps/search/Obchodn%C3%A9%20a%20administrat%C3%ADvne%20centrum%20spolo%C4%8Dnosti%20Pt%C3%A1%C4%8Dek%20%E2%80%93%20spr%C3%A1va%2C%20a.s.%2C%20Bratislava%20Bratislava%20-%20Dev%C3%ADnska%20Nov%C3%A1%20Ves;https://www.enviroportal.sk/eia/detail/obchodne-administrativne-centrum-spolocnosti-ptacek-sprava-bratislava
obchodne-centrum-kaufland-bratislava-bory-;Obchodné centrum Kaufland Bratislava, Bory;Bratislava - Devínska Nová Ves;Obchod a služby;posúdené;Kaufland Slovenská republika v. o. s., Trnavská cesta 41/A;5;;;https://www.google.com/maps/search/Obchodn%C3%A9%20centrum%20Kaufland%20Bratislava%2C%20Bory%20Bratislava%20-%20Dev%C3%ADnska%20Nov%C3%A1%20Ves;https://www.enviroportal.sk/eia/detail/obchodne-centrum-kaufland-bratislava-bory-
obchodne-centrum-siko-bory-bratislava-;Obchodné centrum SIKO Bory, Bratislava;Bratislava - Devínska Nová Ves;Polyfunkcia;posúdené;SLOSIKO, s. r. o., Galvaniho 16/B;5;;;https://www.google.com/maps/search/Obchodn%C3%A9%20centrum%20SIKO%20Bory%2C%20Bratislava%20Bratislava%20-%20Dev%C3%ADnska%20Nov%C3%A1%20Ves;https://www.enviroportal.sk/eia/detail/obchodne-centrum-siko-bory-bratislava-
obchodny-areal-ama-centrum-bratislava-bory-;Obchodný areál AMA centrum Bratislava-Bory;Bratislava - Devínska Nová Ves;Polyfunkcia;zámer;Bory, a. s., Digital Park II, Einsteinova 25;27;;;https://www.google.com/maps/search/Obchodn%C3%BD%20are%C3%A1l%20AMA%20centrum%20Bratislava-Bory%20Bratislava%20-%20Dev%C3%ADnska%20Nov%C3%A1%20Ves;https://www.enviroportal.sk/eia/detail/obchodny-areal-ama-centrum-bratislava-bory-
obytny-subor-devinska-bratislava;Obytný súbor Devínska, Bratislava;Bratislava - Devínska Nová Ves;Bývanie;posúdené;Benuga Slovakia s.r.o., Panenská 24;3;;;https://www.google.com/maps/search/Obytn%C3%BD%20s%C3%BAbor%20Dev%C3%ADnska%2C%20Bratislava%20Bratislava%20-%20Dev%C3%ADnska%20Nov%C3%A1%20Ves;https://www.enviroportal.sk/eia/detail/obytny-subor-devinska-bratislava
obytny-subor-rakyta;Obytný súbor Rakyta;Bratislava - Devínska Nová Ves;Bývanie;posúdené;Rakyta Land Development, a.s., Legionárska 10;9;;;https://www.google.com/maps/search/Obytn%C3%BD%20s%C3%BAbor%20Rakyta%20Bratislava%20-%20Dev%C3%ADnska%20Nov%C3%A1%20Ves;https://www.enviroportal.sk/eia/detail/obytny-subor-rakyta
obytny-subor-rakyta-zapad-bratislava;Obytný súbor Rakyta Západ, Bratislava;Bratislava - Devínska Nová Ves;Bývanie;zámer;Rakyta Land Development, a. s., Legionárska 10;20;;;https://www.google.com/maps/search/Obytn%C3%BD%20s%C3%BAbor%20Rakyta%20Z%C3%A1pad%2C%20Bratislava%20Bratislava%20-%20Dev%C3%ADnska%20Nov%C3%A1%20Ves;https://www.enviroportal.sk/eia/detail/obytny-subor-rakyta-zapad-bratislava
obytny-subor-susedske-dvory;Obytný súbor Susedské dvory;Bratislava - Devínska Nová Ves;Bývanie;posúdené;Bory Home II s. r. o., Digital park II., Einsteinova 25;5;;;https://www.google.com/maps/search/Obytn%C3%BD%20s%C3%BAbor%20Susedsk%C3%A9%20dvory%20Bratislava%20-%20Dev%C3%ADnska%20Nov%C3%A1%20Ves;https://www.enviroportal.sk/eia/detail/obytny-subor-susedske-dvory
plniaca-stanica-cng-bonett-metro-bratislava-devinska-nova-ves-;Plniaca stanica CNG Bonett - METRO Bratislava, Devínska Nová Ves;Bratislava - Devínska Nová Ves;Výroba a sklady;posúdené;Bonett EUROGAS CNG Slovakia, s. r. o. Košice, Opatovská 3;5;;;https://www.google.com/maps/search/Plniaca%20stanica%20CNG%20Bonett%20-%20METRO%20Bratislava%2C%20Dev%C3%ADnska%20Nov%C3%A1%20Ves%20Bratislava%20-%20Dev%C3%ADnska%20Nov%C3%A1%20Ves;https://www.enviroportal.sk/eia/detail/plniaca-stanica-cng-bonett-metro-bratislava-devinska-nova-ves-
polyfunkcne-uzemie-lamacska-brana-bratislava-metro-bratislava-2-cerpac;Polyfunkčné územie Lamačská brána Bratislava, METRO Bratislava 2, čerpacia stanica pohonných hmôt;Bratislava - Devínska Nová Ves;Polyfunkcia;posúdené;forING s.r.o., Osuského 46;3;;;https://www.google.com/maps/search/Polyfunk%C4%8Dn%C3%A9%20%C3%BAzemie%20Lama%C4%8Dsk%C3%A1%20br%C3%A1na%20Bratislava%2C%20METRO%20Bratislava%202%2C%20%C4%8Derpacia%20stanica%20pohonn%C3%BDch%20hm%C3%B4t%20Bratislava%20-%20Dev%C3%ADnska%20Nov%C3%A1%20Ves;https://www.enviroportal.sk/eia/detail/polyfunkcne-uzemie-lamacska-brana-bratislava-metro-bratislava-2-cerpac
polyfunkcny-komplex-nova-devinska;Polyfunkčný komplex Nová Devínska;Bratislava - Devínska Nová Ves;Plány a koncepcie;posúdené;Jannis s.r.o., Mickiewiczova 9;12;;;https://www.google.com/maps/search/Polyfunk%C4%8Dn%C3%BD%20komplex%20Nov%C3%A1%20Dev%C3%ADnska%20Bratislava%20-%20Dev%C3%ADnska%20Nov%C3%A1%20Ves;https://www.enviroportal.sk/eia/detail/polyfunkcny-komplex-nova-devinska
prevadzka-rychleho-obcerstvenia-mcdonald-s;Prevádzka rýchleho občerstvenia McDonald´s;Bratislava - Devínska Nová Ves;Výroba a sklady;posúdené;McDonald´s Slovakia spol. s. r. o., Einsteinova 33;5;;;https://www.google.com/maps/search/Prev%C3%A1dzka%20r%C3%BDchleho%20ob%C4%8Derstvenia%20McDonald%C2%B4s%20Bratislava%20-%20Dev%C3%ADnska%20Nov%C3%A1%20Ves;https://www.enviroportal.sk/eia/detail/prevadzka-rychleho-obcerstvenia-mcdonald-s
pri-rybniku;Pri rybníku;Bratislava - Devínska Nová Ves;Bývanie;zámer;RETEP Slovakia, s.r.o.;3;;;https://www.google.com/maps/search/Pri%20rybn%C3%ADku%20Bratislava%20-%20Dev%C3%ADnska%20Nov%C3%A1%20Ves;https://www.enviroportal.sk/eia/detail/pri-rybniku
priemyselny-park-dnv-iii-etapa-so-01-6-montazno-skladova-hala-hqm-so-0;Priemyselný park DNV - III. etapa, SO-01.6 MONTÁŽNO - SKLADOVÁ HALA HQM, SO-01.7 MONTÁŽNO - SKLADOVÁ HALA č.;Bratislava - Devínska Nová Ves;Výroba a sklady;posúdené;Slovenský odpadový priemysel, a.s., Dvořákovo nábrežie 10;8;;;https://www.google.com/maps/search/Priemyseln%C3%BD%20park%20DNV%20-%20III.%20etapa%2C%20SO-01.6%20MONT%C3%81%C5%BDNO%20-%20SKLADOV%C3%81%20HALA%20HQM%2C%20SO-01.7%20MONT%C3%81%C5%BDNO%20-%20SKLADOV%C3%81%20HALA%20%C4%8D.%20Bratislava%20-%20Dev%C3%ADnska%20Nov%C3%A1%20Ves;https://www.enviroportal.sk/eia/detail/priemyselny-park-dnv-iii-etapa-so-01-6-montazno-skladova-hala-hqm-so-0
priemyselny-park-dnv-skladovo-montazna-hala-schnellecke;Priemyselný park DNV, SKLADOVO MONTÁŽNA HALA SCHNELLECKE;Bratislava - Devínska Nová Ves;Výroba a sklady;posúdené;DNV 3 s.r.o., Dvořákovo nábrežie 10;13;;;https://www.google.com/maps/search/Priemyseln%C3%BD%20park%20DNV%2C%20SKLADOVO%20MONT%C3%81%C5%BDNA%20HALA%20SCHNELLECKE%20Bratislava%20-%20Dev%C3%ADnska%20Nov%C3%A1%20Ves;https://www.enviroportal.sk/eia/detail/priemyselny-park-dnv-skladovo-montazna-hala-schnellecke
priemyselny-park-devinska-nova-ves-iii-etapa;Priemyselný park Devínska Nová Ves - III. etapa;Bratislava - Devínska Nová Ves;Administratíva;posúdené;DNV park, s.r.o., Lamačská cesta 3;10;;;https://www.google.com/maps/search/Priemyseln%C3%BD%20park%20Dev%C3%ADnska%20Nov%C3%A1%20Ves%20-%20III.%20etapa%20Bratislava%20-%20Dev%C3%ADnska%20Nov%C3%A1%20Ves;https://www.enviroportal.sk/eia/detail/priemyselny-park-devinska-nova-ves-iii-etapa
program-hospodarskeho-rozvoja-socialneho-rozvoja-mestskej-casti-bratis;Program hospodárskeho rozvoja a sociálneho rozvoja mestskej časti Bratislava - Devínska Nová Ves (r. 2014 - 2020);Bratislava - Devínska Nová Ves;Plány a koncepcie;posúdené;Mestská časť Bratislava - Devínska Nová Ves;5;;;https://www.google.com/maps/search/Program%20hospod%C3%A1rskeho%20rozvoja%20a%20soci%C3%A1lneho%20rozvoja%20mestskej%20%C4%8Dasti%20Bratislava%20-%20Dev%C3%ADnska%20Nov%C3%A1%20Ves%20%28r.%202014%20-%202020%29%20Bratislava%20-%20Dev%C3%ADnska%20Nov%C3%A1%20Ves;https://www.enviroportal.sk/eia/detail/program-hospodarskeho-rozvoja-socialneho-rozvoja-mestskej-casti-bratis
program-hospodarskeho-rozvoja-socialneho-rozvoja-mestskej-casti-bratis-1;Program hospodárskeho rozvoja a sociálneho rozvoja mestskej časti Bratislava - Devínska Nová Ves 2015-2020;Bratislava - Devínska Nová Ves;Plány a koncepcie;posúdené;Mestská časť - Devínska Nová Ves;5;;;https://www.google.com/maps/search/Program%20hospod%C3%A1rskeho%20rozvoja%20a%20soci%C3%A1lneho%20rozvoja%20mestskej%20%C4%8Dasti%20Bratislava%20-%20Dev%C3%ADnska%20Nov%C3%A1%20Ves%202015-2020%20Bratislava%20-%20Dev%C3%ADnska%20Nov%C3%A1%20Ves;https://www.enviroportal.sk/eia/detail/program-hospodarskeho-rozvoja-socialneho-rozvoja-mestskej-casti-bratis-1
program-hospodarskeho-rozvoja-socialneho-rozvoja-mestskej-casti-bratis-7;Program hospodárskeho rozvoja a sociálneho rozvoja mestskej časti Bratislava - Devínska Nová Ves 2021 - 2027;Bratislava - Devínska Nová Ves;Plány a koncepcie;posúdené;Mestská časť Bratislava - Devínska Nová Ves;3;;;https://www.google.com/maps/search/Program%20hospod%C3%A1rskeho%20rozvoja%20a%20soci%C3%A1lneho%20rozvoja%20mestskej%20%C4%8Dasti%20Bratislava%20-%20Dev%C3%ADnska%20Nov%C3%A1%20Ves%202021%20-%202027%20Bratislava%20-%20Dev%C3%ADnska%20Nov%C3%A1%20Ves;https://www.enviroportal.sk/eia/detail/program-hospodarskeho-rozvoja-socialneho-rozvoja-mestskej-casti-bratis-7
priprava-uzemia-devinska-n-ves-lamac-i-etapa-2-cast;Príprava územia Devínska, N. Ves, Lamač – I. etapa – 2. časť;Bratislava - Devínska Nová Ves;Doprava;posúdené;Bory Mall, a.s., Digital Park II, Einsteinova 25;3;;;https://www.google.com/maps/search/Pr%C3%ADprava%20%C3%BAzemia%20Dev%C3%ADnska%2C%20N.%20Ves%2C%20Lama%C4%8D%20%E2%80%93%20I.%20etapa%20%E2%80%93%202.%20%C4%8Das%C5%A5%20Bratislava%20-%20Dev%C3%ADnska%20Nov%C3%A1%20Ves;https://www.enviroportal.sk/eia/detail/priprava-uzemia-devinska-n-ves-lamac-i-etapa-2-cast
retail-park-bory;RETAIL PARK BORY;Bratislava - Devínska Nová Ves;Obchod a služby;povolené;Bory, a.s., Digital Park II, Einsteinova 25;10;;;https://www.google.com/maps/search/RETAIL%20PARK%20BORY%20Bratislava%20-%20Dev%C3%ADnska%20Nov%C3%A1%20Ves;https://www.enviroportal.sk/eia/detail/retail-park-bory
rekonstrukcia-kotolne-volkswagen-slovakia-;Rekonštrukcia kotolne Volkswagen Slovakia, a.s.;Bratislava - Devínska Nová Ves;Technická infraštruktúra;posúdené;VOLKSWAGEN SLOVAKIA, a.s., J. Jonáša 1;3;;;https://www.google.com/maps/search/Rekon%C5%A1trukcia%20kotolne%20Volkswagen%20Slovakia%2C%20a.s.%20Bratislava%20-%20Dev%C3%ADnska%20Nov%C3%A1%20Ves;https://www.enviroportal.sk/eia/detail/rekonstrukcia-kotolne-volkswagen-slovakia-
rozsirenie-haly-h7-o-vyrobne-logisticke-priestory;Rozšírenie haly H7 o výrobné a logistické priestory;Bratislava - Devínska Nová Ves;Výroba a sklady;dokončené;VOLKSWAGEN SLOVAKIA, a. s., J. Jonáša 1;5;;;https://www.google.com/maps/search/Roz%C5%A1%C3%ADrenie%20haly%20H7%20o%20v%C3%BDrobn%C3%A9%20a%20logistick%C3%A9%20priestory%20Bratislava%20-%20Dev%C3%ADnska%20Nov%C3%A1%20Ves;https://www.enviroportal.sk/eia/detail/rozsirenie-haly-h7-o-vyrobne-logisticke-priestory
rozsirenie-kapacity-montaznej-linky-suv-v-hale-h3;Rozšírenie kapacity montážnej linky SUV v hale H3;Bratislava - Devínska Nová Ves;Výroba a sklady;dokončené;VOLKSWAGEN SLOVAKIA, a.s., J. Jonáša 1;5;;;https://www.google.com/maps/search/Roz%C5%A1%C3%ADrenie%20kapacity%20mont%C3%A1%C5%BEnej%20linky%20SUV%20v%20hale%20H3%20Bratislava%20-%20Dev%C3%ADnska%20Nov%C3%A1%20Ves;https://www.enviroportal.sk/eia/detail/rozsirenie-kapacity-montaznej-linky-suv-v-hale-h3
rozsirenie-kapacit-srotoveho-hospodarstva-hala-i11-volkswagen-slovakia;Rozšírenie kapacít šrotového hospodárstva - Hala I11 VOLKSWAGEN SLOVAKIA, a.s.;Bratislava - Devínska Nová Ves;Výroba a sklady;dokončené;VOLKSWAGEN SLOVAKIA, a.s., J. Jonáša 1;3;;;https://www.google.com/maps/search/Roz%C5%A1%C3%ADrenie%20kapac%C3%ADt%20%C5%A1rotov%C3%A9ho%20hospod%C3%A1rstva%20-%20Hala%20I11%20VOLKSWAGEN%20SLOVAKIA%2C%20a.s.%20Bratislava%20-%20Dev%C3%ADnska%20Nov%C3%A1%20Ves;https://www.enviroportal.sk/eia/detail/rozsirenie-kapacit-srotoveho-hospodarstva-hala-i11-volkswagen-slovakia
rozsirenie-logistickej-plochy-haly-h7-volkswagen-slovakia-;Rozšírenie logistickej plochy haly H7, Volkswagen Slovakia, a.s.;Bratislava - Devínska Nová Ves;Výroba a sklady;dokončené;Volkswagen Slovakia, a.s., Jána Jonáša 1;8;;;https://www.google.com/maps/search/Roz%C5%A1%C3%ADrenie%20logistickej%20plochy%20haly%20H7%2C%20Volkswagen%20Slovakia%2C%20a.s.%20Bratislava%20-%20Dev%C3%ADnska%20Nov%C3%A1%20Ves;https://www.enviroportal.sk/eia/detail/rozsirenie-logistickej-plochy-haly-h7-volkswagen-slovakia-
rozsirenie-montaznej-haly-h3-cast-finis-nove-chladivo;Rozšírenie montážnej haly H3 –časť Finiš a nové chladivo;Bratislava - Devínska Nová Ves;Výroba a sklady;dokončené;Volkswagen Slovakia, a.s., Jána Jonáša 1;14;;;https://www.google.com/maps/search/Roz%C5%A1%C3%ADrenie%20mont%C3%A1%C5%BEnej%20haly%20H3%20%E2%80%93%C4%8Das%C5%A5%20Fini%C5%A1%20a%20nov%C3%A9%20chladivo%20Bratislava%20-%20Dev%C3%ADnska%20Nov%C3%A1%20Ves;https://www.enviroportal.sk/eia/detail/rozsirenie-montaznej-haly-h3-cast-finis-nove-chladivo
rozsirenie-parkovacich-kapacit-volkswagen-slovakia-pri-objekte-h3a-;Rozšírenie parkovacích kapacít Volkswagen Slovakia, a.s., pri objekte H3a;Bratislava - Devínska Nová Ves;Bývanie;dokončené;VOLKSWAGEN SLOVAKIA, a.s., J. Jonáša 1;4;;;https://www.google.com/maps/search/Roz%C5%A1%C3%ADrenie%20parkovac%C3%ADch%20kapac%C3%ADt%20Volkswagen%20Slovakia%2C%20a.s.%2C%20pri%20objekte%20H3a%20Bratislava%20-%20Dev%C3%ADnska%20Nov%C3%A1%20Ves;https://www.enviroportal.sk/eia/detail/rozsirenie-parkovacich-kapacit-volkswagen-slovakia-pri-objekte-h3a-
rozsirenie-parkovacich-kapacit-volkswagen-slovakia-pri-objekte-h3a-ii-;Rozšírenie parkovacích kapacít Volkswagen Slovakia, a.s., pri objekte H3a – II. etapa;Bratislava - Devínska Nová Ves;Bývanie;dokončené;VOLKSWAGEN SLOVAKIA, a. s. J. Jonáša 1;4;;;https://www.google.com/maps/search/Roz%C5%A1%C3%ADrenie%20parkovac%C3%ADch%20kapac%C3%ADt%20Volkswagen%20Slovakia%2C%20a.s.%2C%20pri%20objekte%20H3a%20%E2%80%93%20II.%20etapa%20Bratislava%20-%20Dev%C3%ADnska%20Nov%C3%A1%20Ves;https://www.enviroportal.sk/eia/detail/rozsirenie-parkovacich-kapacit-volkswagen-slovakia-pri-objekte-h3a-ii-
rozsirenie-vyrobnych-kapacit-volkswagen-slovakia-s--zmena-vymery-zvaro;Rozšírenie výrobných kapacít VOLKSWAGEN SLOVAKIA, a. s. - Zmena výmery Zvarovne H4a;Bratislava - Devínska Nová Ves;Výroba a sklady;dokončené;VOLKSWAGEN SLOVAKIA, a.s., J. Jonáša 1;7;;;https://www.google.com/maps/search/Roz%C5%A1%C3%ADrenie%20v%C3%BDrobn%C3%BDch%20kapac%C3%ADt%20VOLKSWAGEN%20SLOVAKIA%2C%20a.%20s.%20-%20Zmena%20v%C3%BDmery%20Zvarovne%20H4a%20Bratislava%20-%20Dev%C3%ADnska%20Nov%C3%A1%20Ves;https://www.enviroportal.sk/eia/detail/rozsirenie-vyrobnych-kapacit-volkswagen-slovakia-s--zmena-vymery-zvaro
rozsirenie-vyrobnych-kapacit-volkswagen-slovakia-s-zvarovna-h4a;Rozšírenie výrobných kapacít VOLKSWAGEN SLOVAKIA, a. s. - Zvarovňa H4a;Bratislava - Devínska Nová Ves;Výroba a sklady;dokončené;VOLKSWAGEN SLOVAKIA, a.s., J. Jonáša 1;9;;;https://www.google.com/maps/search/Roz%C5%A1%C3%ADrenie%20v%C3%BDrobn%C3%BDch%20kapac%C3%ADt%20VOLKSWAGEN%20SLOVAKIA%2C%20a.%20s.%20-%20Zvarov%C5%88a%20H4a%20Bratislava%20-%20Dev%C3%ADnska%20Nov%C3%A1%20Ves;https://www.enviroportal.sk/eia/detail/rozsirenie-vyrobnych-kapacit-volkswagen-slovakia-s-zvarovna-h4a
rozsirenie-vyrobnych-kapacit-volkswagen-slovakia-s-suv;Rozšírenie výrobných kapacít VOLKSWAGEN SLOVAKIA, a. s. – SUV;Bratislava - Devínska Nová Ves;Výroba a sklady;dokončené;VOLKSWAGEN SLOVAKIA, a. s. J. Jonáša 1;2;;;https://www.google.com/maps/search/Roz%C5%A1%C3%ADrenie%20v%C3%BDrobn%C3%BDch%20kapac%C3%ADt%20VOLKSWAGEN%20SLOVAKIA%2C%20a.%20s.%20%E2%80%93%20SUV%20Bratislava%20-%20Dev%C3%ADnska%20Nov%C3%A1%20Ves;https://www.enviroportal.sk/eia/detail/rozsirenie-vyrobnych-kapacit-volkswagen-slovakia-s-suv
rozsirenie-vyrobnych-kapacit-volkswagen-slovakia--zmena-vymery-lisovne;Rozšírenie výrobných kapacít VOLKSWAGEN SLOVAKIA, a.s. - Zmena výmery lisovne H7;Bratislava - Devínska Nová Ves;Výroba a sklady;dokončené;VOLKSWAGEN SLOVAKIA, a.s., J. Jonáša 1;4;;;https://www.google.com/maps/search/Roz%C5%A1%C3%ADrenie%20v%C3%BDrobn%C3%BDch%20kapac%C3%ADt%20VOLKSWAGEN%20SLOVAKIA%2C%20a.s.%20-%20Zmena%20v%C3%BDmery%20lisovne%20H7%20Bratislava%20-%20Dev%C3%ADnska%20Nov%C3%A1%20Ves;https://www.enviroportal.sk/eia/detail/rozsirenie-vyrobnych-kapacit-volkswagen-slovakia--zmena-vymery-lisovne
rozsirenie-vyrobnych-kapacit-volkswagen-slovakia-objekt-h2;Rozšírenie výrobných kapacít VOLKSWAGEN SLOVAKIA, a.s. objekt H2;Bratislava - Devínska Nová Ves;Výroba a sklady;dokončené;VOLKSWAGEN SLOVAKIA, a.s., J. Jonáša 1;27;;;https://www.google.com/maps/search/Roz%C5%A1%C3%ADrenie%20v%C3%BDrobn%C3%BDch%20kapac%C3%ADt%20VOLKSWAGEN%20SLOVAKIA%2C%20a.s.%20objekt%20H2%20Bratislava%20-%20Dev%C3%ADnska%20Nov%C3%A1%20Ves;https://www.enviroportal.sk/eia/detail/rozsirenie-vyrobnych-kapacit-volkswagen-slovakia-objekt-h2
rozsirenie-vyrobnych-kapacit-volkswagen-slovakia-s-linka-brusenia-diel;Rozšírenie výrobných kapacít Volkswagen Slovakia, a. s. - linka brúsenia dielov karosérie, vytvrdzovacia linka lepených dielov, zmena výmery výrobnej ;Bratislava - Devínska Nová Ves;Výroba a sklady;dokončené;VOLKSWAGEN SLOVAKIA, a.s., J. Jonáša 1;3;;;https://www.google.com/maps/search/Roz%C5%A1%C3%ADrenie%20v%C3%BDrobn%C3%BDch%20kapac%C3%ADt%20Volkswagen%20Slovakia%2C%20a.%20s.%20-%20linka%20br%C3%BAsenia%20dielov%20karos%C3%A9rie%2C%20vytvrdzovacia%20linka%20lepen%C3%BDch%20dielov%2C%20zmena%20v%C3%BDmery%20v%C3%BDrobnej%20%20Bratislava%20-%20Dev%C3%ADnska%20Nov%C3%A1%20Ve;https://www.enviroportal.sk/eia/detail/rozsirenie-vyrobnych-kapacit-volkswagen-slovakia-s-linka-brusenia-diel
rozsirenie-vyrobnych-kapacit-volkswagen-slovakia-s-striekacia-kabina-v;Rozšírenie výrobných kapacít Volkswagen Slovakia, a. s. - striekacia kabína v pilotnej hale H5;Bratislava - Devínska Nová Ves;Výroba a sklady;dokončené;VOLKSWAGEN SLOVAKIA, a.s., J. Jonáša 1;4;;;https://www.google.com/maps/search/Roz%C5%A1%C3%ADrenie%20v%C3%BDrobn%C3%BDch%20kapac%C3%ADt%20Volkswagen%20Slovakia%2C%20a.%20s.%20-%20striekacia%20kab%C3%ADna%20v%20pilotnej%20hale%20H5%20Bratislava%20-%20Dev%C3%ADnska%20Nov%C3%A1%20Ves;https://www.enviroportal.sk/eia/detail/rozsirenie-vyrobnych-kapacit-volkswagen-slovakia-s-striekacia-kabina-v
rozsirenie-vyrobnych-kapacit-volkswagen-slovakia-bratislava-zvarovna-h;Rozšírenie výrobných kapacít Volkswagen Slovakia, a.s. Bratislava, Zvarovňa H4c;Bratislava - Devínska Nová Ves;Výroba a sklady;dokončené;Volkswagen Slovakia, a.s., J. Jonáša 4;3;;;https://www.google.com/maps/search/Roz%C5%A1%C3%ADrenie%20v%C3%BDrobn%C3%BDch%20kapac%C3%ADt%20Volkswagen%20Slovakia%2C%20a.s.%20Bratislava%2C%20Zvarov%C5%88a%20H4c%20Bratislava%20-%20Dev%C3%ADnska%20Nov%C3%A1%20Ves;https://www.enviroportal.sk/eia/detail/rozsirenie-vyrobnych-kapacit-volkswagen-slovakia-bratislava-zvarovna-h
rozsirenie-vyrobnych-kapacit-volkswagen-slovakia--objekt-h3a;Rozšírenie výrobných kapacít Volkswagen Slovakia, a.s. – objekt H3a;Bratislava - Devínska Nová Ves;Výroba a sklady;dokončené;Volkswagen Slovakia, a.s., J. Jonáša 1;6;;;https://www.google.com/maps/search/Roz%C5%A1%C3%ADrenie%20v%C3%BDrobn%C3%BDch%20kapac%C3%ADt%20Volkswagen%20Slovakia%2C%20a.s.%20%E2%80%93%20objekt%20H3a%20Bratislava%20-%20Dev%C3%ADnska%20Nov%C3%A1%20Ves;https://www.enviroportal.sk/eia/detail/rozsirenie-vyrobnych-kapacit-volkswagen-slovakia--objekt-h3a
siko-bory-bratislava;SIKO Bory Bratislava;Bratislava - Devínska Nová Ves;Bývanie;posúdené;Bory a.s., Einsteinova 25;3;;;https://www.google.com/maps/search/SIKO%20Bory%20Bratislava%20Bratislava%20-%20Dev%C3%ADnska%20Nov%C3%A1%20Ves;https://www.enviroportal.sk/eia/detail/siko-bory-bratislava
sklad-karoserii-volkswagen-slovakia-;SKLAD KAROSÉRIÍ - Volkswagen Slovakia, a.s.;Bratislava - Devínska Nová Ves;Výroba a sklady;posúdené;VOLKSWAGEN SLOVAKIA, a.s., J. Jonáša 1;3;;;https://www.google.com/maps/search/SKLAD%20KAROS%C3%89RI%C3%8D%20-%20Volkswagen%20Slovakia%2C%20a.s.%20Bratislava%20-%20Dev%C3%ADnska%20Nov%C3%A1%20Ves;https://www.enviroportal.sk/eia/detail/sklad-karoserii-volkswagen-slovakia-
so-23-vyrobna-montazna-hala-pristavba-montazno-skladovej-haly;SO - 23 Výrobná a montážna hala - prístavba montážno - skladovej haly;Bratislava - Devínska Nová Ves;Výroba a sklady;posúdené;D a K - Küster, s.r.o., Opletalova 75;5;;;https://www.google.com/maps/search/SO%20-%2023%20V%C3%BDrobn%C3%A1%20a%20mont%C3%A1%C5%BEna%20hala%20-%20pr%C3%ADstavba%20mont%C3%A1%C5%BEno%20-%20skladovej%20haly%20Bratislava%20-%20Dev%C3%ADnska%20Nov%C3%A1%20Ves;https://www.enviroportal.sk/eia/detail/so-23-vyrobna-montazna-hala-pristavba-montazno-skladovej-haly
servisna-prevadzka-devinska-nova-ves;Servisná prevádzka – Devínska Nová Ves;Bratislava - Devínska Nová Ves;Výroba a sklady;posúdené;Voith Industrial Services, s.r.o., Drobného 27;10;;;https://www.google.com/maps/search/Servisn%C3%A1%20prev%C3%A1dzka%20%E2%80%93%20Dev%C3%ADnska%20Nov%C3%A1%20Ves%20Bratislava%20-%20Dev%C3%ADnska%20Nov%C3%A1%20Ves;https://www.enviroportal.sk/eia/detail/servisna-prevadzka-devinska-nova-ves
sklad-hrl-rozsirenie;Sklad HRL - rozšírenie;Bratislava - Devínska Nová Ves;Výroba a sklady;dokončené;Volkswagen Slovakia, a.s., J. Jonáša 1;11;;;https://www.google.com/maps/search/Sklad%20HRL%20-%20roz%C5%A1%C3%ADrenie%20Bratislava%20-%20Dev%C3%ADnska%20Nov%C3%A1%20Ves;https://www.enviroportal.sk/eia/detail/sklad-hrl-rozsirenie
skladova-hala-h2-areal-presskam;Skladová hala H2– areál Presskam;Bratislava - Devínska Nová Ves;Výroba a sklady;posúdené;VERMONT Properties s.r.o., Pohořelec 114/22;5;;;https://www.google.com/maps/search/Skladov%C3%A1%20hala%20H2%E2%80%93%20are%C3%A1l%20Presskam%20Bratislava%20-%20Dev%C3%ADnska%20Nov%C3%A1%20Ves;https://www.enviroportal.sk/eia/detail/skladova-hala-h2-areal-presskam
skladova-hala-bratislava-mestska-cast-devinska-nova-ves;Skladová hala, Bratislava - Mestská časť Devínska Nová Ves;Bratislava - Devínska Nová Ves;Administratíva;povolené;REALIZ a. s., Ružová dolina 25;20;;;https://www.google.com/maps/search/Skladov%C3%A1%20hala%2C%20Bratislava%20-%20Mestsk%C3%A1%20%C4%8Das%C5%A5%20Dev%C3%ADnska%20Nov%C3%A1%20Ves%20Bratislava%20-%20Dev%C3%ADnska%20Nov%C3%A1%20Ves;https://www.enviroportal.sk/eia/detail/skladova-hala-bratislava-mestska-cast-devinska-nova-ves
striekacia-susiaca-kabina-termomeccanica-gl-7547;Striekacia a sušiaca kabína TERMOMECCANICA GL 7547;Bratislava - Devínska Nová Ves;Výroba a sklady;posúdené;VOLKSWAGEN SLOVAKIA, a.s., J. Jonáša 1;6;;;https://www.google.com/maps/search/Striekacia%20a%20su%C5%A1iaca%20kab%C3%ADna%20TERMOMECCANICA%20GL%207547%20Bratislava%20-%20Dev%C3%ADnska%20Nov%C3%A1%20Ves;https://www.enviroportal.sk/eia/detail/striekacia-susiaca-kabina-termomeccanica-gl-7547
umyvacie-centrum-karcher-metro-devinska-nova-ves-;Umývacie centrum Kärcher Metro Devínska Nová Ves;Bratislava - Devínska Nová Ves;Obchod a služby;posúdené;KÄRCHER Slovakia, s.r.o., Bratislavská 31;5;;;https://www.google.com/maps/search/Um%C3%BDvacie%20centrum%20K%C3%A4rcher%20Metro%20Dev%C3%ADnska%20Nov%C3%A1%20Ves%20Bratislava%20-%20Dev%C3%ADnska%20Nov%C3%A1%20Ves;https://www.enviroportal.sk/eia/detail/umyvacie-centrum-karcher-metro-devinska-nova-ves-
volkswagen-slovakia--sklad-nalakovanych-karoserii-h15a;Volkswagen Slovakia, a.s. – Sklad nalakovaných karosérií H15a;Bratislava - Devínska Nová Ves;Výroba a sklady;posúdené;Volkswagen Slovakia, a.s., J. Jonáša 1;5;;;https://www.google.com/maps/search/Volkswagen%20Slovakia%2C%20a.s.%20%E2%80%93%20Sklad%20nalakovan%C3%BDch%20karos%C3%A9ri%C3%AD%20H15a%20Bratislava%20-%20Dev%C3%ADnska%20Nov%C3%A1%20Ves;https://www.enviroportal.sk/eia/detail/volkswagen-slovakia--sklad-nalakovanych-karoserii-h15a
vyrobno-skladova-hala-ctpark-bra-16-etapa-ii-;Výrobno – skladová hala CTPark BRA 16 – ETAPA II;Bratislava - Devínska Nová Ves;Výroba a sklady;posúdené;CTP Invest SK, spol. s r.o., Laurinská 18;15;;;https://www.google.com/maps/search/V%C3%BDrobno%20%E2%80%93%20skladov%C3%A1%20hala%20CTPark%20BRA%2016%20%E2%80%93%20ETAPA%20II%20Bratislava%20-%20Dev%C3%ADnska%20Nov%C3%A1%20Ves;https://www.enviroportal.sk/eia/detail/vyrobno-skladova-hala-ctpark-bra-16-etapa-ii-
vystavba-dvojkolajnej-zeleznice-elektrifikacia-obb-zeleznice-117-stadl;Výstavba dvojkoľajnej železnice a elektrifikácia ÖBB- železnice 117, Stadlau-štátna hranica pri Marcheggu, kilometer 0,740 až kilometer 37,920;Bratislava - Devínska Nová Ves;Doprava;posúdené;BMVIT - IV/SCH2, Radetzkystrasse 2, 1030 Wien, Rakúsko;4;;;https://www.google.com/maps/search/V%C3%BDstavba%20dvojko%C4%BEajnej%20%C5%BEeleznice%20a%20elektrifik%C3%A1cia%20%C3%96BB-%20%C5%BEeleznice%20117%2C%20Stadlau-%C5%A1t%C3%A1tna%20hranica%20pri%20Marcheggu%2C%20kilometer%200%2C740%20a%C5%BE%20kilometer%2037%2C920%20Bratislava%20-%20Dev%C3%ADnska%20Nov%C3%A1%20Ves;https://www.enviroportal.sk/eia/detail/vystavba-dvojkolajnej-zeleznice-elektrifikacia-obb-zeleznice-117-stadl
vystavba-servisnej-prevadzky;Výstavba servisnej prevádzky;Bratislava - Devínska Nová Ves;Výroba a sklady;posúdené;Voith Industrial Services, s.r.o., Drobného 27;8;;;https://www.google.com/maps/search/V%C3%BDstavba%20servisnej%20prev%C3%A1dzky%20Bratislava%20-%20Dev%C3%ADnska%20Nov%C3%A1%20Ves;https://www.enviroportal.sk/eia/detail/vystavba-servisnej-prevadzky
zabezpecenie-logistickych-potrieb-pre-rozsirenie-vyrobnych-kapacit-vw-;Zabezpečenie logistických potrieb pre rozšírenie výrobných kapacít VW SK;Bratislava - Devínska Nová Ves;Výroba a sklady;dokončené;VOLKSWAGEN SLOVAKIA, a.s., J. Jonáša 1;5;;;https://www.google.com/maps/search/Zabezpe%C4%8Denie%20logistick%C3%BDch%20potrieb%20pre%20roz%C5%A1%C3%ADrenie%20v%C3%BDrobn%C3%BDch%20kapac%C3%ADt%20VW%20SK%20Bratislava%20-%20Dev%C3%ADnska%20Nov%C3%A1%20Ves;https://www.enviroportal.sk/eia/detail/zabezpecenie-logistickych-potrieb-pre-rozsirenie-vyrobnych-kapacit-vw-
zariadenie-na-zhodnocovanie-odpadov-kalove-plynove-hospodarstvo-cov-de;Zariadenie na zhodnocovanie odpadov - kalové a plynové hospodárstvo ČOV Devínska Nová Ves;Bratislava - Devínska Nová Ves;Výroba a sklady;posúdené;BIOENERGY s.r.o., Prešovská 48;5;;;https://www.google.com/maps/search/Zariadenie%20na%20zhodnocovanie%20odpadov%20-%20kalov%C3%A9%20a%20plynov%C3%A9%20hospod%C3%A1rstvo%20%C4%8COV%20Dev%C3%ADnska%20Nov%C3%A1%20Ves%20Bratislava%20-%20Dev%C3%ADnska%20Nov%C3%A1%20Ves;https://www.enviroportal.sk/eia/detail/zariadenie-na-zhodnocovanie-odpadov-kalove-plynove-hospodarstvo-cov-de
zariadenie-socialnych-sluzieb-objekt-objekt-b-c-;Zariadenie sociálnych služieb objekt A, objekt B a C;Bratislava - Devínska Nová Ves;Výroba a sklady;zámer;Bory, a.s., Digital Park II, Einsteinova 25;6;;;https://www.google.com/maps/search/Zariadenie%20soci%C3%A1lnych%20slu%C5%BEieb%20objekt%20A%2C%20objekt%20B%20a%20C%20Bratislava%20-%20Dev%C3%ADnska%20Nov%C3%A1%20Ves;https://www.enviroportal.sk/eia/detail/zariadenie-socialnych-sluzieb-objekt-objekt-b-c-
zariadenie-vyroby-vyrobnych-sluzieb-so-01-mobilna-betonaren-elba-super;Zariadenie výroby a výrobných služieb - SO 01 Mobilná betonáreň ELBA SUPERMOBIL ESM 60;Bratislava - Devínska Nová Ves;Obchod a služby;posúdené;CORRECT Betón, spol. s.r.o., Eisnerova 62;13;;;https://www.google.com/maps/search/Zariadenie%20v%C3%BDroby%20a%20v%C3%BDrobn%C3%BDch%20slu%C5%BEieb%20-%20SO%2001%20Mobiln%C3%A1%20beton%C3%A1re%C5%88%20ELBA%20SUPERMOBIL%20ESM%2060%20Bratislava%20-%20Dev%C3%ADnska%20Nov%C3%A1%20Ves;https://www.enviroportal.sk/eia/detail/zariadenie-vyroby-vyrobnych-sluzieb-so-01-mobilna-betonaren-elba-super
zdvojkolajnenie-zeleznicnej-trate-devinska-nova-ves-statna-hranica-sk-;Zdvojkoľajnenie železničnej trate Devínska Nová Ves - štátna hranica SK/AT (Marchegg);Bratislava - Devínska Nová Ves;Doprava;zámer;Generálne riaditeľstvo Železníc Slovenskej republiky, Klemensova 8;16;;;https://www.google.com/maps/search/Zdvojko%C4%BEajnenie%20%C5%BEelezni%C4%8Dnej%20trate%20Dev%C3%ADnska%20Nov%C3%A1%20Ves%20-%20%C5%A1t%C3%A1tna%20hranica%20SK/AT%20%28Marchegg%29%20Bratislava%20-%20Dev%C3%ADnska%20Nov%C3%A1%20Ves;https://www.enviroportal.sk/eia/detail/zdvojkolajnenie-zeleznicnej-trate-devinska-nova-ves-statna-hranica-sk-
zmena-siete-zeleznicnej-dopravy-v-oblasti-vieden-bratislava;Zmena siete železničnej dopravy v oblasti Viedeň - Bratislava;Bratislava - Devínska Nová Ves;Doprava;dokončené;Ministerstvo dopravy, inovácií a technológií, Rakúsko;2;;;https://www.google.com/maps/search/Zmena%20siete%20%C5%BEelezni%C4%8Dnej%20dopravy%20v%20oblasti%20Viede%C5%88%20-%20Bratislava%20Bratislava%20-%20Dev%C3%ADnska%20Nov%C3%A1%20Ves;https://www.enviroportal.sk/eia/detail/zmena-siete-zeleznicnej-dopravy-v-oblasti-vieden-bratislava
zastavba-stare-grunty-karlova-ves-bratislava;Zástavba Staré Grunty, Karlova Ves, Bratislava;Bratislava - Devínska Nová Ves;Bývanie;posúdené;AQUA THERM INVEST, a.s., Drieňová 14;51;;;https://www.google.com/maps/search/Z%C3%A1stavba%20Star%C3%A9%20Grunty%2C%20Karlova%20Ves%2C%20Bratislava%20Bratislava%20-%20Dev%C3%ADnska%20Nov%C3%A1%20Ves;https://www.enviroportal.sk/eia/detail/zastavba-stare-grunty-karlova-ves-bratislava
uzemny-plan-zony-kolonia-v-mc-bratislava-devinska-nova-ves;ÚZEMNÝ PLÁN ZÓNY KOLÓNIA V MČ BRATISLAVA - DEVÍNSKA NOVÁ VES;Bratislava - Devínska Nová Ves;Plány a koncepcie;posúdené;Mestská časť Bratislava - Devínska Nová Ves, Novoveská 17/A;5;;;https://www.google.com/maps/search/%C3%9AZEMN%C3%9D%20PL%C3%81N%20Z%C3%93NY%20KOL%C3%93NIA%20V%20M%C4%8C%20BRATISLAVA%20-%20DEV%C3%8DNSKA%20NOV%C3%81%20VES%20Bratislava%20-%20Dev%C3%ADnska%20Nov%C3%A1%20Ves;https://www.enviroportal.sk/eia/detail/uzemny-plan-zony-kolonia-v-mc-bratislava-devinska-nova-ves
uprava-optimalizacia-logistickych-ploch-pri-hale-h4b;Úprava a optimalizácia logistických plôch pri hale H4B;Bratislava - Devínska Nová Ves;Výroba a sklady;povolené;VOLKSWAGEN, a. s.;4;;;https://www.google.com/maps/search/%C3%9Aprava%20a%20optimaliz%C3%A1cia%20logistick%C3%BDch%20pl%C3%B4ch%20pri%20hale%20H4B%20Bratislava%20-%20Dev%C3%ADnska%20Nov%C3%A1%20Ves;https://www.enviroportal.sk/eia/detail/uprava-optimalizacia-logistickych-ploch-pri-hale-h4b
uprava-okruznej-krizovatky-s-pripojenim-na-dialnicu-d4-pozemna-komunik;Úprava okružnej križovatky s pripojením na diaľnicu D4 a pozemná komunikácia na zokruhovanie sprístupnenia zóny Devínska Nová Ves;Bratislava - Devínska Nová Ves;Výroba a sklady;povolené;Mestská časť Bratislava - Devínska Nová Ves, Novoveská 17/A;10;;;https://www.google.com/maps/search/%C3%9Aprava%20okru%C5%BEnej%20kri%C5%BEovatky%20s%20pripojen%C3%ADm%20na%20dia%C4%BEnicu%20D4%20a%20pozemn%C3%A1%20komunik%C3%A1cia%20na%20zokruhovanie%20spr%C3%ADstupnenia%20z%C3%B3ny%20Dev%C3%ADnska%20Nov%C3%A1%20Ves%20Bratislava%20-%20Dev%C3%ADnska%20Nov%C3%A1%20Ves;https://www.enviroportal.sk/eia/detail/uprava-okruznej-krizovatky-s-pripojenim-na-dialnicu-d4-pozemna-komunik
uzemny-plan-centralnej-mestskej-zony-v-mc-bratislava-devinska-nova-ves;Územný plán centrálnej mestskej zóny v MČ Bratislava - Devínska Nová Ves;Bratislava - Devínska Nová Ves;Plány a koncepcie;posúdené;Mestská časť Bratislava - Devínska Nová Ves, Novoveská 17/A;6;;;https://www.google.com/maps/search/%C3%9Azemn%C3%BD%20pl%C3%A1n%20centr%C3%A1lnej%20mestskej%20z%C3%B3ny%20v%20M%C4%8C%20Bratislava%20-%20Dev%C3%ADnska%20Nov%C3%A1%20Ves%20Bratislava%20-%20Dev%C3%ADnska%20Nov%C3%A1%20Ves;https://www.enviroportal.sk/eia/detail/uzemny-plan-centralnej-mestskej-zony-v-mc-bratislava-devinska-nova-ves
uzemny-plan-zony-zahorska-bystrica-krce;Územný plán zóny Záhorská Bystrica - Krče;Bratislava - Devínska Nová Ves;Plány a koncepcie;posúdené;Miestny úrad Záhorská Bystrica, ul. Čsl. Tankistov 134 Bratislava;9;;;https://www.google.com/maps/search/%C3%9Azemn%C3%BD%20pl%C3%A1n%20z%C3%B3ny%20Z%C3%A1horsk%C3%A1%20Bystrica%20-%20Kr%C4%8De%20Bratislava%20-%20Dev%C3%ADnska%20Nov%C3%A1%20Ves;https://www.enviroportal.sk/eia/detail/uzemny-plan-zony-zahorska-bystrica-krce
bytovy-dom-pri-rosnicke-;"Bytový dom ""Pri Rosničke""";Bratislava - Dúbravka;Bývanie;posúdené;B. D. Rosnička s.r.o., Stará Ivánska cesta 1/386;10;;;https://www.google.com/maps/search/Bytov%C3%BD%20dom%20%22Pri%20Rosni%C4%8Dke%22%20Bratislava%20-%20D%C3%BAbravka;https://www.enviroportal.sk/eia/detail/bytovy-dom-pri-rosnicke-
bytovy-dom-sklenik;Bytový dom SKLENÍK;Bratislava - Dúbravka;Bývanie;posúdené;Skleník s.r.o., Mraziarenská 6;13;;;https://www.google.com/maps/search/Bytov%C3%BD%20dom%20SKLEN%C3%8DK%20Bratislava%20-%20D%C3%BAbravka;https://www.enviroportal.sk/eia/detail/bytovy-dom-sklenik
bytovy-subor-hrube-luky-agatova-bratislava--1;Bytový súbor Hrubé Lúky – Agátová, Bratislava;Bratislava - Dúbravka;Bývanie;posúdené;CC THETA, s. r. o., Mýtna 48;8;;;https://www.google.com/maps/search/Bytov%C3%BD%20s%C3%BAbor%20Hrub%C3%A9%20L%C3%BAky%20%E2%80%93%20Ag%C3%A1tov%C3%A1%2C%20Bratislava%20Bratislava%20-%20D%C3%BAbravka;https://www.enviroportal.sk/eia/detail/bytovy-subor-hrube-luky-agatova-bratislava--1
bytovy-subor-hrube-luky-agatova-bratislava-;Bytový súbor Hrubé Lúky – Agátová, Bratislava;Bratislava - Dúbravka;Bývanie;zámer;CC THETA, s. r. o., Mýtna 48;5;;;https://www.google.com/maps/search/Bytov%C3%BD%20s%C3%BAbor%20Hrub%C3%A9%20L%C3%BAky%20%E2%80%93%20Ag%C3%A1tov%C3%A1%2C%20Bratislava%20Bratislava%20-%20D%C3%BAbravka;https://www.enviroportal.sk/eia/detail/bytovy-subor-hrube-luky-agatova-bratislava-
dostavba-obchodnej-prevadzky-dm-obchodne-centrum-oc-saratov;Dostavba obchodnej prevádzky DM, Obchodné centrum OC Saratov;Bratislava - Dúbravka;Obchod a služby;posúdené;SLOVAK INVESTMENT GROUP, a.s., Saratovská 13;9;;;https://www.google.com/maps/search/Dostavba%20obchodnej%20prev%C3%A1dzky%20DM%2C%20Obchodn%C3%A9%20centrum%20OC%20Saratov%20Bratislava%20-%20D%C3%BAbravka;https://www.enviroportal.sk/eia/detail/dostavba-obchodnej-prevadzky-dm-obchodne-centrum-oc-saratov
dubravska-oaza-dostavba-;Dúbravská oáza - dostavba;Bratislava - Dúbravka;Vybavenosť;zámer;Griffin, s. r. o., Plachého 3640/1D;19;;;https://www.google.com/maps/search/D%C3%BAbravsk%C3%A1%20o%C3%A1za%20-%20dostavba%20Bratislava%20-%20D%C3%BAbravka;https://www.enviroportal.sk/eia/detail/dubravska-oaza-dostavba-
elektrickova-trat-dubravka-v-useku-hanulova-pri-krizi;Električková trať Dúbravka v úseku Hanulova - Pri kríži;Bratislava - Dúbravka;Doprava;posúdené;Hlavné mesto SR Bratislava, Primaciálne nám. 1;5;;;https://www.google.com/maps/search/Elektri%C4%8Dkov%C3%A1%20tra%C5%A5%20D%C3%BAbravka%20v%20%C3%BAseku%20Hanulova%20-%20Pri%20kr%C3%AD%C5%BEi%20Bratislava%20-%20D%C3%BAbravka;https://www.enviroportal.sk/eia/detail/elektrickova-trat-dubravka-v-useku-hanulova-pri-krizi
horucovod-dubravka-nejedleho-agatova-;Horúcovod Dúbravka (Nejedlého - Agátová);Bratislava - Dúbravka;Bývanie;zámer;MH Teplárenský holding, a. s.;7;;;https://www.google.com/maps/search/Hor%C3%BAcovod%20D%C3%BAbravka%20%28Nejedl%C3%A9ho%20-%20Ag%C3%A1tov%C3%A1%29%20Bratislava%20-%20D%C3%BAbravka;https://www.enviroportal.sk/eia/detail/horucovod-dubravka-nejedleho-agatova-
horucovod-nemocnica-patronka;Horúcovod Nemocnica Patrónka;Bratislava - Dúbravka;Vybavenosť;posúdené;Bratislavská teplárenská, a.s., Bajkalská 21/A;7;;;https://www.google.com/maps/search/Hor%C3%BAcovod%20Nemocnica%20Patr%C3%B3nka%20Bratislava%20-%20D%C3%BAbravka;https://www.enviroportal.sk/eia/detail/horucovod-nemocnica-patronka
hotel-ceresne-ceresne-3-parkovisko-polianky-polyfunkcny-komplex-ceresn;Hotel Čerešne (Čerešne 3), Parkovisko Polianky a Polyfunkčný komplex Čerešne living (Čerešne 4);Bratislava - Dúbravka;Plány a koncepcie;posúdené;NEW VITAL spo. s r.o., Sumbalova 1A;27;;;https://www.google.com/maps/search/Hotel%20%C4%8Cere%C5%A1ne%20%28%C4%8Cere%C5%A1ne%203%29%2C%20Parkovisko%20Polianky%20a%20Polyfunk%C4%8Dn%C3%BD%20komplex%20%C4%8Cere%C5%A1ne%20living%20%28%C4%8Cere%C5%A1ne%204%29%20Bratislava%20-%20D%C3%BAbravka;https://www.enviroportal.sk/eia/detail/hotel-ceresne-ceresne-3-parkovisko-polianky-polyfunkcny-komplex-ceresn
kogeneracny-zdroj-bratislava-west;Kogeneračný zdroj Bratislava West;Bratislava - Dúbravka;Výroba a sklady;posúdené;Rozvojová spoločnosť, a.s., Záhradnícka 72;3;;;https://www.google.com/maps/search/Kogenera%C4%8Dn%C3%BD%20zdroj%20Bratislava%20West%20Bratislava%20-%20D%C3%BAbravka;https://www.enviroportal.sk/eia/detail/kogeneracny-zdroj-bratislava-west
mobilna-betonarka-stetter-h2-bratislava;Mobilná betonárka STETTER H2 - Bratislava;Bratislava - Dúbravka;Administratíva;posúdené;TBG Doprastav, a.s., Košická 52;16;;;https://www.google.com/maps/search/Mobiln%C3%A1%20beton%C3%A1rka%20STETTER%20H2%20-%20Bratislava%20Bratislava%20-%20D%C3%BAbravka;https://www.enviroportal.sk/eia/detail/mobilna-betonarka-stetter-h2-bratislava
obalovna-asfaltovych-zmesi-120-t-bratislava-dubravka-technicke-sklo;Obaľovňa asfaltových zmesí 120 t - Bratislava, Dúbravka - Technické sklo;Bratislava - Dúbravka;Výroba a sklady;povolené;Skanska BS a.s., Košovská cesta 16;18;;;https://www.google.com/maps/search/Oba%C4%BEov%C5%88a%20asfaltov%C3%BDch%20zmes%C3%AD%20120%20t%20-%20Bratislava%2C%20D%C3%BAbravka%20-%20Technick%C3%A9%20sklo%20Bratislava%20-%20D%C3%BAbravka;https://www.enviroportal.sk/eia/detail/obalovna-asfaltovych-zmesi-120-t-bratislava-dubravka-technicke-sklo
obytny-subor-agadu;Obytný súbor AGADU;Bratislava - Dúbravka;Plány a koncepcie;posúdené;AGADU s.r.o., Agátová 4D;16;;;https://www.google.com/maps/search/Obytn%C3%BD%20s%C3%BAbor%20AGADU%20Bratislava%20-%20D%C3%BAbravka;https://www.enviroportal.sk/eia/detail/obytny-subor-agadu
obytny-subor-dubrawa-hruba-luka;Obytný súbor Dúbrawa Hrubá lúka;Bratislava - Dúbravka;Bývanie;posúdené;M S arch, s.r.o., Bartókova 1;6;;;https://www.google.com/maps/search/Obytn%C3%BD%20s%C3%BAbor%20D%C3%BAbrawa%20Hrub%C3%A1%20l%C3%BAka%20Bratislava%20-%20D%C3%BAbravka;https://www.enviroportal.sk/eia/detail/obytny-subor-dubrawa-hruba-luka
obytny-subor-krcace-dubravka;Obytný súbor Krčace - Dúbravka;Bratislava - Dúbravka;Bývanie;posúdené;Dúbravka Rezidencia s.r.o., Vavrinecká 13;22;;;https://www.google.com/maps/search/Obytn%C3%BD%20s%C3%BAbor%20Kr%C4%8Dace%20-%20D%C3%BAbravka%20Bratislava%20-%20D%C3%BAbravka;https://www.enviroportal.sk/eia/detail/obytny-subor-krcace-dubravka
polianky-studios;POLIANKY STUDIOS;Bratislava - Dúbravka;Polyfunkcia;zámer;Polianky Studios, s. r. o., Suché Mýto 1;3;;;https://www.google.com/maps/search/POLIANKY%20STUDIOS%20Bratislava%20-%20D%C3%BAbravka;https://www.enviroportal.sk/eia/detail/polianky-studios
polyfunkcny-subor-medze;POLYFUNKČNÝ SÚBOR MEDZE;Bratislava - Dúbravka;Plány a koncepcie;posúdené;Dúbravka Development, s. r. o.;32;;;https://www.google.com/maps/search/POLYFUNK%C4%8CN%C3%9D%20S%C3%9ABOR%20MEDZE%20Bratislava%20-%20D%C3%BAbravka;https://www.enviroportal.sk/eia/detail/polyfunkcny-subor-medze
parkovaci-dom-saratovska-bratislava;Parkovací dom- Saratovská Bratislava;Bratislava - Dúbravka;Doprava;posúdené;Hlavné mesto Slovenskej republiky Bratislava, Primaciálne námestie 1;10;;;https://www.google.com/maps/search/Parkovac%C3%AD%20dom-%20Saratovsk%C3%A1%20Bratislava%20Bratislava%20-%20D%C3%BAbravka;https://www.enviroportal.sk/eia/detail/parkovaci-dom-saratovska-bratislava
polyfunkcna-zastavba-dubravcice-sever-1;Polyfunkčná zástavba Dúbravčice - Sever;Bratislava - Dúbravka;Bývanie;dokončené;KERVEK Slovakia, s.r.o., Laurinská 18;42;;;https://www.google.com/maps/search/Polyfunk%C4%8Dn%C3%A1%20z%C3%A1stavba%20D%C3%BAbrav%C4%8Dice%20-%20Sever%20Bratislava%20-%20D%C3%BAbravka;https://www.enviroportal.sk/eia/detail/polyfunkcna-zastavba-dubravcice-sever-1
polyfunkcny-areal-dubravka-centrum-bratislava;Polyfunkčný areál Dúbravka - centrum, Bratislava;Bratislava - Dúbravka;Polyfunkcia;posúdené;INTERFINANCE INVEST, a.s., Tomášikova 17;3;;;https://www.google.com/maps/search/Polyfunk%C4%8Dn%C3%BD%20are%C3%A1l%20D%C3%BAbravka%20-%20centrum%2C%20Bratislava%20Bratislava%20-%20D%C3%BAbravka;https://www.enviroportal.sk/eia/detail/polyfunkcny-areal-dubravka-centrum-bratislava
polyfunkcny-bytovy-dom-pod-zahradami-bratislava-dubravka;Polyfunkčný bytový dom, Pod záhradami, Bratislava - Dúbravka;Bratislava - Dúbravka;Bývanie;posúdené;ZIPP BRATISLAVA spol. s. r. o., Mlynské nivy 61/A;28;;;https://www.google.com/maps/search/Polyfunk%C4%8Dn%C3%BD%20bytov%C3%BD%20dom%2C%20Pod%20z%C3%A1hradami%2C%20Bratislava%20-%20D%C3%BAbravka%20Bratislava%20-%20D%C3%BAbravka;https://www.enviroportal.sk/eia/detail/polyfunkcny-bytovy-dom-pod-zahradami-bratislava-dubravka
polyfunkcny-dom-na-luke;Polyfunkčný dom Na lúke;Bratislava - Dúbravka;Polyfunkcia;posúdené;ATS plus a.s., Plynárenská 2/A;25;;;https://www.google.com/maps/search/Polyfunk%C4%8Dn%C3%BD%20dom%20Na%20l%C3%BAke%20Bratislava%20-%20D%C3%BAbravka;https://www.enviroportal.sk/eia/detail/polyfunkcny-dom-na-luke
polyfunkcny-komplex-harmincova-;Polyfunkčný komplex Harmincova;Bratislava - Dúbravka;Bývanie;posúdené;Wayden, s. r. o.;18;;;https://www.google.com/maps/search/Polyfunk%C4%8Dn%C3%BD%20komplex%20Harmincova%20Bratislava%20-%20D%C3%BAbravka;https://www.enviroportal.sk/eia/detail/polyfunkcny-komplex-harmincova-
polyfunkcny-komplex-harmincova-pri-suchej-vydrici-;Polyfunkčný komplex Harmincova - Pri Suchej Vydrici;Bratislava - Dúbravka;Plány a koncepcie;zámer;Wayden, s. r. o., Dvořákovo nábrežie 10;15;;;https://www.google.com/maps/search/Polyfunk%C4%8Dn%C3%BD%20komplex%20Harmincova%20-%20Pri%20Suchej%20Vydrici%20Bratislava%20-%20D%C3%BAbravka;https://www.enviroportal.sk/eia/detail/polyfunkcny-komplex-harmincova-pri-suchej-vydrici-
polyfunkcny-komplex-polianky-1;Polyfunkčný komplex Polianky;Bratislava - Dúbravka;Polyfunkcia;posúdené;Jannis s.r.o., Mickiewiczova 9;180;;;https://www.google.com/maps/search/Polyfunk%C4%8Dn%C3%BD%20komplex%20Polianky%20Bratislava%20-%20D%C3%BAbravka;https://www.enviroportal.sk/eia/detail/polyfunkcny-komplex-polianky-1
polyfunkcny-komplex-polianky;Polyfunkčný komplex Polianky;Bratislava - Dúbravka;Polyfunkcia;posúdené;Jannis, s.r.o., Mickiewiczova 9;13;;;https://www.google.com/maps/search/Polyfunk%C4%8Dn%C3%BD%20komplex%20Polianky%20Bratislava%20-%20D%C3%BAbravka;https://www.enviroportal.sk/eia/detail/polyfunkcny-komplex-polianky
polyfunkcny-komplex-ceresne-2;Polyfunkčný komplex Čerešne 2;Bratislava - Dúbravka;Polyfunkcia;zámer;ITIS, s.r.o., Mickiewiczova 9;9;;;https://www.google.com/maps/search/Polyfunk%C4%8Dn%C3%BD%20komplex%20%C4%8Cere%C5%A1ne%202%20Bratislava%20-%20D%C3%BAbravka;https://www.enviroportal.sk/eia/detail/polyfunkcny-komplex-ceresne-2
polyfunkcny-komplex-ceresne-5;Polyfunkčný komplex Čerešne 5;Bratislava - Dúbravka;Plány a koncepcie;posúdené;J&P, s.r.o., Šoltésovej 12;9;;;https://www.google.com/maps/search/Polyfunk%C4%8Dn%C3%BD%20komplex%20%C4%8Cere%C5%A1ne%205%20Bratislava%20-%20D%C3%BAbravka;https://www.enviroportal.sk/eia/detail/polyfunkcny-komplex-ceresne-5
polyfunkcny-objekt-dubravka-bratislava;Polyfunkčný objekt Dúbravka, Bratislava;Bratislava - Dúbravka;Polyfunkcia;posúdené;HRIVIS engineering, s.r.o., Tomášikova 30A;38;;;https://www.google.com/maps/search/Polyfunk%C4%8Dn%C3%BD%20objekt%20D%C3%BAbravka%2C%20Bratislava%20Bratislava%20-%20D%C3%BAbravka;https://www.enviroportal.sk/eia/detail/polyfunkcny-objekt-dubravka-bratislava
polyfunkcny-obytny-subor-dubravcice-vychod;Polyfunkčný obytný súbor Dúbravčice - východ;Bratislava - Dúbravka;Bývanie;posúdené;IUSA, a.s, Prešenova 4;5;;;https://www.google.com/maps/search/Polyfunk%C4%8Dn%C3%BD%20obytn%C3%BD%20s%C3%BAbor%20D%C3%BAbrav%C4%8Dice%20-%20v%C3%BDchod%20Bratislava%20-%20D%C3%BAbravka;https://www.enviroportal.sk/eia/detail/polyfunkcny-obytny-subor-dubravcice-vychod
polyfunkcny-obytny-subor-dubravcice-vychod-i-etapa-bratislava-dubravka;Polyfunkčný obytný súbor Dúbravčice – východ I. etapa, Bratislava – Dúbravka a Polyfunkčný obytný súbor Dúbravčice – východ II. etapa, Bratislava – Dú;Bratislava - Dúbravka;Bývanie;posúdené;YIT Slovakia a.s., Račianska 153/A;3;;;https://www.google.com/maps/search/Polyfunk%C4%8Dn%C3%BD%20obytn%C3%BD%20s%C3%BAbor%20D%C3%BAbrav%C4%8Dice%20%E2%80%93%20v%C3%BDchod%20I.%20etapa%2C%20Bratislava%20%E2%80%93%20D%C3%BAbravka%20a%20Polyfunk%C4%8Dn%C3%BD%20obytn%C3%BD%20s%C3%BAbor%20D%C3%BAbrav%C4%8Dice%20%E2%80%93%20v%C3%BDchod%20II.%20etapa%2C%20Bratislava%20%E2%80%93%20D%C3%BA%20Bratislava%20-%20D%C3%BAbravka;https://www.enviroportal.sk/eia/detail/polyfunkcny-obytny-subor-dubravcice-vychod-i-etapa-bratislava-dubravka
polyfunkcny-subor-agatova-;Polyfunkčný súbor Agátová;Bratislava - Dúbravka;Polyfunkcia;posúdené;STRABAG Real Estate, s. r. o., Mlynské nivy 61/A;19;;;https://www.google.com/maps/search/Polyfunk%C4%8Dn%C3%BD%20s%C3%BAbor%20Ag%C3%A1tov%C3%A1%20Bratislava%20-%20D%C3%BAbravka;https://www.enviroportal.sk/eia/detail/polyfunkcny-subor-agatova-
polyfunkcny-subor-agatova;Polyfunkčný súbor Agátová;Bratislava - Dúbravka;Polyfunkcia;posúdené;STRABAG Pozemné a inžinierske staviteľstvo s.r.o., Mlynské Nivy 61/A;5;;;https://www.google.com/maps/search/Polyfunk%C4%8Dn%C3%BD%20s%C3%BAbor%20Ag%C3%A1tov%C3%A1%20Bratislava%20-%20D%C3%BAbravka;https://www.enviroportal.sk/eia/detail/polyfunkcny-subor-agatova
polyfunkcny-subor-saratovska-;Polyfunkčný súbor Saratovská;Bratislava - Dúbravka;Plány a koncepcie;zámer;Grisan, s. r. o.;15;;;https://www.google.com/maps/search/Polyfunk%C4%8Dn%C3%BD%20s%C3%BAbor%20Saratovsk%C3%A1%20Bratislava%20-%20D%C3%BAbravka;https://www.enviroportal.sk/eia/detail/polyfunkcny-subor-saratovska-
program-hospodarskeho-rozvoja-socialneho-rozvoja-mestskej-casti-bratis-3;Program hospodárskeho rozvoja a sociálneho rozvoja mestskej časti Bratislava - Dúbravka 2015 - 2024 (aktualizovaná a dopracovaná verzia pôvodného PHSR;Bratislava - Dúbravka;Plány a koncepcie;posúdené;Mestská časť Bratislava - Dúbravka;5;;;https://www.google.com/maps/search/Program%20hospod%C3%A1rskeho%20rozvoja%20a%20soci%C3%A1lneho%20rozvoja%20mestskej%20%C4%8Dasti%20Bratislava%20-%20D%C3%BAbravka%202015%20-%202024%20%28aktualizovan%C3%A1%20a%20dopracovan%C3%A1%20verzia%20p%C3%B4vodn%C3%A9ho%20PHSR%20Bratislava%20-%20D%C3%BAbravka;https://www.enviroportal.sk/eia/detail/program-hospodarskeho-rozvoja-socialneho-rozvoja-mestskej-casti-bratis-3
rezidencia-harmincova-bytovy-dom-s-polyfunkciou;REZIDENCIA HARMINCOVÁ – BYTOVÝ DOM S POLYFUNKCIOU;Bratislava - Dúbravka;Bývanie;posúdené;J&P, s.r.o., Ovsištské nám. 1;7;;;https://www.google.com/maps/search/REZIDENCIA%20HARMINCOV%C3%81%20%E2%80%93%20BYTOV%C3%9D%20DOM%20S%20POLYFUNKCIOU%20Bratislava%20-%20D%C3%BAbravka;https://www.enviroportal.sk/eia/detail/rezidencia-harmincova-bytovy-dom-s-polyfunkciou
revitalizacia-dostavba-arealu-spportoveho-centra-policie-v-mestskej-ca;Revitalizácia a dostavba areálu Špportového centra polície v mestskej časti Bratislava - Dúbravka;Bratislava - Dúbravka;Vybavenosť;posúdené;Športové centrum polície, Romanova 37;5;;;https://www.google.com/maps/search/Revitaliz%C3%A1cia%20a%20dostavba%20are%C3%A1lu%20%C5%A0pportov%C3%A9ho%20centra%20pol%C3%ADcie%20v%20mestskej%20%C4%8Dasti%20Bratislava%20-%20D%C3%BAbravka%20Bratislava%20-%20D%C3%BAbravka;https://www.enviroportal.sk/eia/detail/revitalizacia-dostavba-arealu-spportoveho-centra-policie-v-mestskej-ca
rezidencia-dubravka-hanulova-bd-hanulova-5-d;Rezidencia Dúbravka - Hanulova a BD Hanulova 5/D;Bratislava - Dúbravka;Plány a koncepcie;posúdené;Ing. Peter Králik, s. r. o., Rostovská 42;6;;;https://www.google.com/maps/search/Rezidencia%20D%C3%BAbravka%20-%20Hanulova%20a%20BD%20Hanulova%205/D%20Bratislava%20-%20D%C3%BAbravka;https://www.enviroportal.sk/eia/detail/rezidencia-dubravka-hanulova-bd-hanulova-5-d
vysokoucinna-kombinovana-vyroba-elektriny-tepla-ako-nahrada-za-sucasne;Vysokoúčinná kombinovaná výroba elektriny a tepla ako náhrada za súčasné zdroje v SCZT Západ;Bratislava - Dúbravka;Výroba a sklady;posúdené;MH Teplárenský holding, a.s., Turbínová 3;5;;;https://www.google.com/maps/search/Vysoko%C3%BA%C4%8Dinn%C3%A1%20kombinovan%C3%A1%20v%C3%BDroba%20elektriny%20a%20tepla%20ako%20n%C3%A1hrada%20za%20s%C3%BA%C4%8Dasn%C3%A9%20zdroje%20v%20SCZT%20Z%C3%A1pad%20Bratislava%20-%20D%C3%BAbravka;https://www.enviroportal.sk/eia/detail/vysokoucinna-kombinovana-vyroba-elektriny-tepla-ako-nahrada-za-sucasne
vykup-farebnych-kovov-zeleza-papiera;Výkup farebných kovov, železa a papiera;Bratislava - Dúbravka;Výroba a sklady;posúdené;Viera Farská - DuFy, Mesačná 16;3;;;https://www.google.com/maps/search/V%C3%BDkup%20farebn%C3%BDch%20kovov%2C%20%C5%BEeleza%20a%20papiera%20Bratislava%20-%20D%C3%BAbravka;https://www.enviroportal.sk/eia/detail/vykup-farebnych-kovov-zeleza-papiera
zariadenie-socialnych-sluzieb-specializovane-zariadenie-dubravka-hlavi;Zariadenie sociálnych služieb a špecializované zariadenie Dúbravka – Hlavica;Bratislava - Dúbravka;Bývanie;posúdené;Griffin, s.r.o., Kopčianska 8, 10;5;;;https://www.google.com/maps/search/Zariadenie%20soci%C3%A1lnych%20slu%C5%BEieb%20a%20%C5%A1pecializovan%C3%A9%20zariadenie%20D%C3%BAbravka%20%E2%80%93%20Hlavica%20Bratislava%20-%20D%C3%BAbravka;https://www.enviroportal.sk/eia/detail/zariadenie-socialnych-sluzieb-specializovane-zariadenie-dubravka-hlavi
zberny-dvor-v-mestskej-casti-bratislava-dubravka;Zberný dvor v Mestskej časti Bratislava - Dúbravka;Bratislava - Dúbravka;Technická infraštruktúra;posúdené;Zberný dvor v Mestskej časti Bratislava - Dúbravka;10;;;https://www.google.com/maps/search/Zbern%C3%BD%20dvor%20v%20Mestskej%20%C4%8Dasti%20Bratislava%20-%20D%C3%BAbravka%20Bratislava%20-%20D%C3%BAbravka;https://www.enviroportal.sk/eia/detail/zberny-dvor-v-mestskej-casti-bratislava-dubravka
zsr-terminaly-integrovanej-osobnej-prepravy-v-bratislave-usek-devinska;ŽSR, Terminály integrovanej osobnej prepravy v Bratislave, úsek Devínska Nová Ves – Bratislava hlavná stanica – Podunajské Biskupice, TIOP č. 2 Bratis;Bratislava - Dúbravka;Doprava;povolené;Železnice Slovenskej republiky;3;;;https://www.google.com/maps/search/%C5%BDSR%2C%20Termin%C3%A1ly%20integrovanej%20osobnej%20prepravy%20v%20Bratislave%2C%20%C3%BAsek%20Dev%C3%ADnska%20Nov%C3%A1%20Ves%20%E2%80%93%20Bratislava%20hlavn%C3%A1%20stanica%20%E2%80%93%20Podunajsk%C3%A9%20Biskupice%2C%20TIOP%20%C4%8D.%202%20Bratis%20Bratislava%20-%20D%C3%BAbravka;https://www.enviroportal.sk/eia/detail/zsr-terminaly-integrovanej-osobnej-prepravy-v-bratislave-usek-devinska
centrum-rychlostnej-kanoistiky-veslovania;CENTRUM RÝCHLOSTNEJ KANOISTIKY A VESLOVANIA;Bratislava - Jarovce;Plány a koncepcie;posúdené;Slovenská kanoistika, sekcia hladkých vôd;8;;;https://www.google.com/maps/search/CENTRUM%20R%C3%9DCHLOSTNEJ%20KANOISTIKY%20A%20VESLOVANIA%20Bratislava%20-%20Jarovce;https://www.enviroportal.sk/eia/detail/centrum-rychlostnej-kanoistiky-veslovania
design-center-bratislava-jarovce;DESIGN CENTER, Bratislava - Jarovce;Bratislava - Jarovce;Výroba a sklady;posúdené;ČAS a.s., Jantárová 48;42;;;https://www.google.com/maps/search/DESIGN%20CENTER%2C%20Bratislava%20-%20Jarovce%20Bratislava%20-%20Jarovce;https://www.enviroportal.sk/eia/detail/design-center-bratislava-jarovce
dialnica-d2-protihlukova-stena-jarovce;Diaľnica D2 Protihluková stena Jarovce;Bratislava - Jarovce;Doprava;posúdené;Národná diaľničná spoločnosť, a.s., Dúbravská cesta 14;3;;;https://www.google.com/maps/search/Dia%C4%BEnica%20D2%20Protihlukov%C3%A1%20stena%20Jarovce%20Bratislava%20-%20Jarovce;https://www.enviroportal.sk/eia/detail/dialnica-d2-protihlukova-stena-jarovce
dialnica-d4-usek-jarovce-ivanka-sever;Diaľnica D4, úsek Jarovce - Ivanka, sever;Bratislava - Jarovce;Doprava;dokončené;Národná diaľničná spoločnosť a.s., Mlynské Nivy 45;19;;;https://www.google.com/maps/search/Dia%C4%BEnica%20D4%2C%20%C3%BAsek%20Jarovce%20-%20Ivanka%2C%20sever%20Bratislava%20-%20Jarovce;https://www.enviroportal.sk/eia/detail/dialnica-d4-usek-jarovce-ivanka-sever
film-park-jarovce-vyrobny-park-pre-filmovu-produkciu--1;FILM PARK JAROVCE (Výrobný park pre filmovú produkciu);Bratislava - Jarovce;Výroba a sklady;posúdené;SOLID ENTERPRISE GROUP s.r.o., Dunajská 58;12;;;https://www.google.com/maps/search/FILM%20PARK%20JAROVCE%20%28V%C3%BDrobn%C3%BD%20park%20pre%20filmov%C3%BA%20produkciu%29%20Bratislava%20-%20Jarovce;https://www.enviroportal.sk/eia/detail/film-park-jarovce-vyrobny-park-pre-filmovu-produkciu--1
film-park-jarovce-vyrobny-park-pre-filmovu-produkciu-;Film park Jarovce (výrobný park pre filmovú produkciu);Bratislava - Jarovce;Výroba a sklady;posúdené;SOLID ENTERPRISE s.r.o.;3;;;https://www.google.com/maps/search/Film%20park%20Jarovce%20%28v%C3%BDrobn%C3%BD%20park%20pre%20filmov%C3%BA%20produkciu%29%20Bratislava%20-%20Jarovce;https://www.enviroportal.sk/eia/detail/film-park-jarovce-vyrobny-park-pre-filmovu-produkciu-
obytny-subor-jarovce-dvor-juhozapad-1;Obytný súbor Jarovce - Dvor - Juhozápad;Bratislava - Jarovce;Bývanie;posúdené;Jarovce Investment, s.r.o., Sládkovičova 11;25;;;https://www.google.com/maps/search/Obytn%C3%BD%20s%C3%BAbor%20Jarovce%20-%20Dvor%20-%20Juhoz%C3%A1pad%20Bratislava%20-%20Jarovce;https://www.enviroportal.sk/eia/detail/obytny-subor-jarovce-dvor-juhozapad-1
obytny-subor-jarovce-dvor-juhozapad-2;Obytný súbor Jarovce - Dvor - Juhozápad;Bratislava - Jarovce;Bývanie;posúdené;Jarovce Investment, s.r.o., Ružová dolina 20;28;;;https://www.google.com/maps/search/Obytn%C3%BD%20s%C3%BAbor%20Jarovce%20-%20Dvor%20-%20Juhoz%C3%A1pad%20Bratislava%20-%20Jarovce;https://www.enviroportal.sk/eia/detail/obytny-subor-jarovce-dvor-juhozapad-2
obytny-subor-jarovce-dvor-juhozapad;Obytný súbor Jarovce - Dvor - juhozápad;Bratislava - Jarovce;Bývanie;posúdené;CENPEX, s.r.o., Sládkovičova 11;6;;;https://www.google.com/maps/search/Obytn%C3%BD%20s%C3%BAbor%20Jarovce%20-%20Dvor%20-%20juhoz%C3%A1pad%20Bratislava%20-%20Jarovce;https://www.enviroportal.sk/eia/detail/obytny-subor-jarovce-dvor-juhozapad
rozsirenie-hausbotovej-osady-na-jaroveckom-ramene-dunaja;Rozšírenie hausbótovej osady na Jaroveckom ramene Dunaja;Bratislava - Jarovce;Vybavenosť;dokončené;;5;;;https://www.google.com/maps/search/Roz%C5%A1%C3%ADrenie%20hausb%C3%B3tovej%20osady%20na%20Jaroveckom%20ramene%20Dunaja%20Bratislava%20-%20Jarovce;https://www.enviroportal.sk/eia/detail/rozsirenie-hausbotovej-osady-na-jaroveckom-ramene-dunaja
technologicke-centrum-pre-filmovu-televiznu-tvorbu-jarovce;Technologické centrum pre filmovú a televíznu tvorbu Jarovce;Bratislava - Jarovce;Výroba a sklady;posúdené;SOLID ENTERPRISE s.r.o., Bajkalská 22;19;;;https://www.google.com/maps/search/Technologick%C3%A9%20centrum%20pre%20filmov%C3%BA%20a%20telev%C3%ADznu%20tvorbu%20Jarovce%20Bratislava%20-%20Jarovce;https://www.enviroportal.sk/eia/detail/technologicke-centrum-pre-filmovu-televiznu-tvorbu-jarovce
uzemny-plan-zony-jarovce-sever-bratislava;Územný plán zóny Jarovce Sever, Bratislava;Bratislava - Jarovce;Plány a koncepcie;dokončené;Meststká časť Bratislava - Jarovce;4;;;https://www.google.com/maps/search/%C3%9Azemn%C3%BD%20pl%C3%A1n%20z%C3%B3ny%20Jarovce%20Sever%2C%20Bratislava%20Bratislava%20-%20Jarovce;https://www.enviroportal.sk/eia/detail/uzemny-plan-zony-jarovce-sever-bratislava
areal-westend-business-park-bratislava;Areál Westend Business park, Bratislava;Bratislava - Karlova Ves;Administratíva;posúdené;Botus, spol. s r.o., Lamačská cesta 3;8;;;https://www.google.com/maps/search/Are%C3%A1l%20Westend%20Business%20park%2C%20Bratislava%20Bratislava%20-%20Karlova%20Ves;https://www.enviroportal.sk/eia/detail/areal-westend-business-park-bratislava
bytove-domy-kaskady-kresankova-ul-bratislava-dlhe-diely;"Bytové domy ""Kaskády"", Kresánkova ul., Bratislava - Dlhé Diely";Bratislava - Karlova Ves;Bývanie;posúdené;Otyk, spol. s r.o., Pernecká 37;17;;;https://www.google.com/maps/search/Bytov%C3%A9%20domy%20%22Kask%C3%A1dy%22%2C%20Kres%C3%A1nkova%20ul.%2C%20Bratislava%20-%20Dlh%C3%A9%20Diely%20Bratislava%20-%20Karlova%20Ves;https://www.enviroportal.sk/eia/detail/bytove-domy-kaskady-kresankova-ul-bratislava-dlhe-diely
dream-hill-polyfunkcny-objekt-stare-grunty;DREAM HILL POLYFUNKČNÝ OBJEKT, STARÉ GRUNTY;Bratislava - Karlova Ves;Polyfunkcia;posúdené;A3 invest, s.r.o.;18;;;https://www.google.com/maps/search/DREAM%20HILL%20POLYFUNK%C4%8CN%C3%9D%20OBJEKT%2C%20STAR%C3%89%20GRUNTY%20Bratislava%20-%20Karlova%20Ves;https://www.enviroportal.sk/eia/detail/dream-hill-polyfunkcny-objekt-stare-grunty
dream-hill-polyfunkcny-objekt-stare-grunty-bratislava;DREAM HILL- POLYFUNKČNÝ OBJEKT, STARÉ GRUNTY, BRATISLAVA;Bratislava - Karlova Ves;Polyfunkcia;zámer;A3 invest s.r.o., Námestie sv. Františka 18B, Bratislava;23;;;https://www.google.com/maps/search/DREAM%20HILL-%20POLYFUNK%C4%8CN%C3%9D%20OBJEKT%2C%20STAR%C3%89%20GRUNTY%2C%20BRATISLAVA%20Bratislava%20-%20Karlova%20Ves;https://www.enviroportal.sk/eia/detail/dream-hill-polyfunkcny-objekt-stare-grunty-bratislava
eset-campus;ESET Campus;Bratislava - Karlova Ves;Polyfunkcia;posúdené;ESET, spol. s.r.o., Einsteinova 24;15;;;https://www.google.com/maps/search/ESET%20Campus%20Bratislava%20-%20Karlova%20Ves;https://www.enviroportal.sk/eia/detail/eset-campus
fakulta-informatiky-informacnych-technologii-stu-v-bratislave;Fakulta informatiky a informačných technológií STU v Bratislave;Bratislava - Karlova Ves;Vybavenosť;posúdené;Inžiniersko-projektová organizácia školských stavieb a.s., Staré Grunt;10;;;https://www.google.com/maps/search/Fakulta%20informatiky%20a%20informa%C4%8Dn%C3%BDch%20technol%C3%B3gi%C3%AD%20STU%20v%20Bratislave%20Bratislava%20-%20Karlova%20Ves;https://www.enviroportal.sk/eia/detail/fakulta-informatiky-informacnych-technologii-stu-v-bratislave
krd-area-project_komercne-duby-;KRD AREA PROJECT_komerčne „DUBY“;Bratislava - Karlova Ves;Polyfunkcia;posúdené;RED_DUBY s.r.o., Legionárska 10;6;;;https://www.google.com/maps/search/KRD%20AREA%20PROJECT_komer%C4%8Dne%20DUBY%20Bratislava%20-%20Karlova%20Ves;https://www.enviroportal.sk/eia/detail/krd-area-project_komercne-duby-
karolia-obytny-subor-ul-hany-melickovej-bratislava-karlova-ves;Karolia - obytný súbor, ul. Hany Meličkovej, Bratislava - Karlova Ves;Bratislava - Karlova Ves;Bývanie;posúdené;KAROLIA, a. s., Einsteinova 9;10;;;https://www.google.com/maps/search/Karolia%20-%20obytn%C3%BD%20s%C3%BAbor%2C%20ul.%20Hany%20Meli%C4%8Dkovej%2C%20Bratislava%20-%20Karlova%20Ves%20Bratislava%20-%20Karlova%20Ves;https://www.enviroportal.sk/eia/detail/karolia-obytny-subor-ul-hany-melickovej-bratislava-karlova-ves
nemocnica-sv-michala-buracie-prace;Nemocnica sv. Michala - búracie práce;Bratislava - Karlova Ves;Vybavenosť;posúdené;ESET , spol. s.r.o., Ensteinova 24;5;;;https://www.google.com/maps/search/Nemocnica%20sv.%20Michala%20-%20b%C3%BAracie%20pr%C3%A1ce%20Bratislava%20-%20Karlova%20Ves;https://www.enviroportal.sk/eia/detail/nemocnica-sv-michala-buracie-prace
novostavba-parkovacieho-domu;Novostavba parkovacieho domu;Bratislava - Karlova Ves;Bývanie;posúdené;ARKER, s.r.o.;5;;;https://www.google.com/maps/search/Novostavba%20parkovacieho%20domu%20Bratislava%20-%20Karlova%20Ves;https://www.enviroportal.sk/eia/detail/novostavba-parkovacieho-domu
nova-univerzitna-nemocnica-v-bratislave;Nová univerzitná nemocnica v Bratislave;Bratislava - Karlova Ves;Vybavenosť;posúdené;Ministerstvo zdravotníctva SR, Limbová 2;3;;;https://www.google.com/maps/search/Nov%C3%A1%20univerzitn%C3%A1%20nemocnica%20v%20Bratislave%20Bratislava%20-%20Karlova%20Ves;https://www.enviroportal.sk/eia/detail/nova-univerzitna-nemocnica-v-bratislave
obytny-subor-slnecnice-7-bytovych-apartmanovych-domov-s-obcianskou-vyb;OBYTNÝ SÚBOR SLNEČNICE - 7 bytových a apartmánových domov s občianskou vybavenosťou;Bratislava - Karlova Ves;Bývanie;posúdené;SG FM, s. r. o., Staré Grunty 24;17;;;https://www.google.com/maps/search/OBYTN%C3%9D%20S%C3%9ABOR%20SLNE%C4%8CNICE%20-%207%20bytov%C3%BDch%20a%20apartm%C3%A1nov%C3%BDch%20domov%20s%20ob%C4%8Dianskou%20vybavenos%C5%A5ou%20Bratislava%20-%20Karlova%20Ves;https://www.enviroportal.sk/eia/detail/obytny-subor-slnecnice-7-bytovych-apartmanovych-domov-s-obcianskou-vyb
obytny-subor-slnecnice-lokalita-stare-grunty-v-bratislave;Obytný súbor Slnečnice-lokalita Staré Grunty v Bratislave;Bratislava - Karlova Ves;Bývanie;posúdené;ARCHITEKTONICKÁ KANCELÁRIA G&D, Devín 4283;5;;;https://www.google.com/maps/search/Obytn%C3%BD%20s%C3%BAbor%20Slne%C4%8Dnice-lokalita%20Star%C3%A9%20Grunty%20v%20Bratislave%20Bratislava%20-%20Karlova%20Ves;https://www.enviroportal.sk/eia/detail/obytny-subor-slnecnice-lokalita-stare-grunty-v-bratislave
obytny-subor-nove-grunty-;Obytný súbor „Nové Grunty“;Bratislava - Karlova Ves;Bývanie;posúdené;DELOIS, s. r. o., Štefanovičova 4;6;;;https://www.google.com/maps/search/Obytn%C3%BD%20s%C3%BAbor%20Nov%C3%A9%20Grunty%20Bratislava%20-%20Karlova%20Ves;https://www.enviroportal.sk/eia/detail/obytny-subor-nove-grunty-
parkovaci-dom-p-r-zoo-bratislava-;Parkovací dom - P+R ZOO Bratislava;Bratislava - Karlova Ves;Doprava;posúdené;Hlavné mesto Slovenskej republiky Bratislava;7;;;https://www.google.com/maps/search/Parkovac%C3%AD%20dom%20-%20P%2BR%20ZOO%20Bratislava%20Bratislava%20-%20Karlova%20Ves;https://www.enviroportal.sk/eia/detail/parkovaci-dom-p-r-zoo-bratislava-
parkovaci-dom-spevnene-plochy;Parkovací dom a spevnené plochy;Bratislava - Karlova Ves;Administratíva;posúdené;Vodohospodárska výstavba š.p., Karloveská č. 2;5;;;https://www.google.com/maps/search/Parkovac%C3%AD%20dom%20a%20spevnen%C3%A9%20plochy%20Bratislava%20-%20Karlova%20Ves;https://www.enviroportal.sk/eia/detail/parkovaci-dom-spevnene-plochy
pavilon-lekarskych-vied-sav;Pavilón lekárskych vied SAV;Bratislava - Karlova Ves;Bývanie;posúdené;Slovenská akadémia vied , Štefánikova 49;69;;;https://www.google.com/maps/search/Pavil%C3%B3n%20lek%C3%A1rskych%20vied%20SAV%20Bratislava%20-%20Karlova%20Ves;https://www.enviroportal.sk/eia/detail/pavilon-lekarskych-vied-sav
polyfunkcna-budova-westend-square-bratislava;Polyfunkčná budova WESTEND SQUARE, Bratislava;Bratislava - Karlova Ves;Polyfunkcia;posúdené;Lamačská 1, spol. s r.o., Lamačská cesta 3;3;;;https://www.google.com/maps/search/Polyfunk%C4%8Dn%C3%A1%20budova%20WESTEND%20SQUARE%2C%20Bratislava%20Bratislava%20-%20Karlova%20Ves;https://www.enviroportal.sk/eia/detail/polyfunkcna-budova-westend-square-bratislava
polyfunkcny-bytovy-dom-janotova-ul-karlova-ves-bratislava;Polyfunkčný bytový dom Janotova ul., Karlova Ves, Bratislava;Bratislava - Karlova Ves;Bývanie;posúdené;President FT, s.r.o., Lazaretská 4;7;;;https://www.google.com/maps/search/Polyfunk%C4%8Dn%C3%BD%20bytov%C3%BD%20dom%20Janotova%20ul.%2C%20Karlova%20Ves%2C%20Bratislava%20Bratislava%20-%20Karlova%20Ves;https://www.enviroportal.sk/eia/detail/polyfunkcny-bytovy-dom-janotova-ul-karlova-ves-bratislava
polyfunkcny-dom-na-janotovej-ulici-janotka;Polyfunkčný dom na Janotovej ulici - Janotka;Bratislava - Karlova Ves;Polyfunkcia;posúdené;Ing. Martin Linkeš, Pod lesom 11/C;6;;;https://www.google.com/maps/search/Polyfunk%C4%8Dn%C3%BD%20dom%20na%20Janotovej%20ulici%20-%20Janotka%20Bratislava%20-%20Karlova%20Ves;https://www.enviroportal.sk/eia/detail/polyfunkcny-dom-na-janotovej-ulici-janotka
polyfunkcny-komplex-dlhe-diely;Polyfunkčný komplex Dlhé Diely;Bratislava - Karlova Ves;Bývanie;posúdené;SPV Dlhé Diely s.r.o., Bellova 3;7;;;https://www.google.com/maps/search/Polyfunk%C4%8Dn%C3%BD%20komplex%20Dlh%C3%A9%20Diely%20Bratislava%20-%20Karlova%20Ves;https://www.enviroportal.sk/eia/detail/polyfunkcny-komplex-dlhe-diely
polyfunkcny-komplex-dlhe-diely-bratislava;Polyfunkčný komplex Dlhé Diely, Bratislava;Bratislava - Karlova Ves;Polyfunkcia;posúdené;TINAMA, s.r.o., Bošániho 9;8;;;https://www.google.com/maps/search/Polyfunk%C4%8Dn%C3%BD%20komplex%20Dlh%C3%A9%20Diely%2C%20Bratislava%20Bratislava%20-%20Karlova%20Ves;https://www.enviroportal.sk/eia/detail/polyfunkcny-komplex-dlhe-diely-bratislava
polyfunkcny-objekt-stare-grunty;Polyfunkčný objekt STARÉ GRUNTY;Bratislava - Karlova Ves;Polyfunkcia;posúdené;OTYK Invest, s.r.o., Nám. Sv. Františka 18B;8;;;https://www.google.com/maps/search/Polyfunk%C4%8Dn%C3%BD%20objekt%20STAR%C3%89%20GRUNTY%20Bratislava%20-%20Karlova%20Ves;https://www.enviroportal.sk/eia/detail/polyfunkcny-objekt-stare-grunty
polyfunkcny-objekt-stare-grunty-bratislava;Polyfunkčný objekt Staré grunty, Bratislava;Bratislava - Karlova Ves;Polyfunkcia;posúdené;SG Residential II, s.r.o., Zámocká 18;30;;;https://www.google.com/maps/search/Polyfunk%C4%8Dn%C3%BD%20objekt%20Star%C3%A9%20grunty%2C%20Bratislava%20Bratislava%20-%20Karlova%20Ves;https://www.enviroportal.sk/eia/detail/polyfunkcny-objekt-stare-grunty-bratislava
program-hospodarskeho-socialneho-rozvoja-mestskej-casti-bratislava-kar;Program hospodárskeho a sociálneho rozvoja mestskej časti Bratislava - Karlova Ves na roky 2016-2023;Bratislava - Karlova Ves;Plány a koncepcie;posúdené;Mestská časť Bratislava – Karlova Ves, Námestie sv. Františka 8;6;;;https://www.google.com/maps/search/Program%20hospod%C3%A1rskeho%20a%20soci%C3%A1lneho%20rozvoja%20mestskej%20%C4%8Dasti%20Bratislava%20-%20Karlova%20Ves%20na%20roky%202016-2023%20Bratislava%20-%20Karlova%20Ves;https://www.enviroportal.sk/eia/detail/program-hospodarskeho-socialneho-rozvoja-mestskej-casti-bratislava-kar
rekonstrukcia-devinskej-cesty;Rekonštrukcia Devínskej cesty;Bratislava - Karlova Ves;Doprava;dokončené;Hlavné mesto Slovenskej republiky Bratislava, Primaciálne nám. 1, P.O.;15;;;https://www.google.com/maps/search/Rekon%C5%A1trukcia%20Dev%C3%ADnskej%20cesty%20Bratislava%20-%20Karlova%20Ves;https://www.enviroportal.sk/eia/detail/rekonstrukcia-devinskej-cesty
rezidencia-grunty-liscie-udolie-bratislava;Rezidencia Grunty - Líščie údolie, Bratislava;Bratislava - Karlova Ves;Bývanie;posúdené;KOBAX Reality, s. r. o., Palisády 1;10;;;https://www.google.com/maps/search/Rezidencia%20Grunty%20-%20L%C3%AD%C5%A1%C4%8Die%20%C3%BAdolie%2C%20Bratislava%20Bratislava%20-%20Karlova%20Ves;https://www.enviroportal.sk/eia/detail/rezidencia-grunty-liscie-udolie-bratislava
viacpodlazna-podzemna-garaz-pri-vv-s-p-na-karloveskej-2;Viacpodlažná podzemná garáž pri VV, š.p. na Karloveskej 2;Bratislava - Karlova Ves;Administratíva;posúdené;Vodohospodárska výstavba, š. p., Karloveská 2;5;;;https://www.google.com/maps/search/Viacpodla%C5%BEn%C3%A1%20podzemn%C3%A1%20gar%C3%A1%C5%BE%20pri%20VV%2C%20%C5%A1.p.%20na%20Karloveskej%202%20Bratislava%20-%20Karlova%20Ves;https://www.enviroportal.sk/eia/detail/viacpodlazna-podzemna-garaz-pri-vv-s-p-na-karloveskej-2
uzemny-plan-zony-dlhe-diely-janotova-hany-melickovej-;Územný plán zóny Dlhé Diely - Janotova - Hany Meličkovej;Bratislava - Karlova Ves;Plány a koncepcie;posúdené;Mestská časť Bratislava - Karlova Ves, Nám. sv. Františka 8;6;;;https://www.google.com/maps/search/%C3%9Azemn%C3%BD%20pl%C3%A1n%20z%C3%B3ny%20Dlh%C3%A9%20Diely%20-%20Janotova%20-%20Hany%20Meli%C4%8Dkovej%20Bratislava%20-%20Karlova%20Ves;https://www.enviroportal.sk/eia/detail/uzemny-plan-zony-dlhe-diely-janotova-hany-melickovej-
uzemny-plan-zony-dlhe-diely-4-5;Územný plán zóny Dlhé Diely 4-5;Bratislava - Karlova Ves;Plány a koncepcie;posúdené;Mestská časť Bratislava - Karlova Ves;7;;;https://www.google.com/maps/search/%C3%9Azemn%C3%BD%20pl%C3%A1n%20z%C3%B3ny%20Dlh%C3%A9%20Diely%204-5%20Bratislava%20-%20Karlova%20Ves;https://www.enviroportal.sk/eia/detail/uzemny-plan-zony-dlhe-diely-4-5
uzemny-plan-zony-dlhe-diely-6-mestska-cast-bratislava-karlova-ves;Územný plán zóny Dlhé diely 6, Mestská časť Bratislava - Karlova Ves;Bratislava - Karlova Ves;Plány a koncepcie;povolené;Mestská časť Bratislava - Karlova Ves;5;;;https://www.google.com/maps/search/%C3%9Azemn%C3%BD%20pl%C3%A1n%20z%C3%B3ny%20Dlh%C3%A9%20diely%206%2C%20Mestsk%C3%A1%20%C4%8Das%C5%A5%20Bratislava%20-%20Karlova%20Ves%20Bratislava%20-%20Karlova%20Ves;https://www.enviroportal.sk/eia/detail/uzemny-plan-zony-dlhe-diely-6-mestska-cast-bratislava-karlova-ves
uzemny-plan-zony-karlova-ves-liscie-udolie-mestska-cast-bratislava-kal;Územný plán zóny Karlova Ves - Líščie údolie, Mestská časť Bratislava - Kalrova Ves;Bratislava - Karlova Ves;Plány a koncepcie;povolené;Mestská časť Bratislava - Karlova Ves;3;;;https://www.google.com/maps/search/%C3%9Azemn%C3%BD%20pl%C3%A1n%20z%C3%B3ny%20Karlova%20Ves%20-%20L%C3%AD%C5%A1%C4%8Die%20%C3%BAdolie%2C%20Mestsk%C3%A1%20%C4%8Das%C5%A5%20Bratislava%20-%20Kalrova%20Ves%20Bratislava%20-%20Karlova%20Ves;https://www.enviroportal.sk/eia/detail/uzemny-plan-zony-karlova-ves-liscie-udolie-mestska-cast-bratislava-kal
uzemny-plan-zony-karloveska-zatoka;Územný plán zóny Karloveská zátoka;Bratislava - Karlova Ves;Plány a koncepcie;posúdené;Mestská časť Bratislava - Karlova Ves, Nám. sv. Františka č. 8;6;;;https://www.google.com/maps/search/%C3%9Azemn%C3%BD%20pl%C3%A1n%20z%C3%B3ny%20Karlovesk%C3%A1%20z%C3%A1toka%20Bratislava%20-%20Karlova%20Ves;https://www.enviroportal.sk/eia/detail/uzemny-plan-zony-karloveska-zatoka
uzemny-plan-zony-majernikova-severna-cast;Územný plán zóny Majerníkova - severná časť;Bratislava - Karlova Ves;Plány a koncepcie;posúdené;Mestská časť Bratislava - Karlová Ves, Nám. sv. Františka 8;8;;;https://www.google.com/maps/search/%C3%9Azemn%C3%BD%20pl%C3%A1n%20z%C3%B3ny%20Majern%C3%ADkova%20-%20severn%C3%A1%20%C4%8Das%C5%A5%20Bratislava%20-%20Karlova%20Ves;https://www.enviroportal.sk/eia/detail/uzemny-plan-zony-majernikova-severna-cast
-program-hospodarskeho-rozvoja-socialneho-rozvoja-mestskej-casti-brati-1;„Program hospodárskeho rozvoja a sociálneho rozvoja mestskej časti Bratislava – Karlova Ves na roky 2024 – 2030“;Bratislava - Karlova Ves;Plány a koncepcie;posúdené;Mestská časť Bratislava- Karlova Ves;4;;;https://www.google.com/maps/search/Program%20hospod%C3%A1rskeho%20rozvoja%20a%20soci%C3%A1lneho%20rozvoja%20mestskej%20%C4%8Dasti%20Bratislava%20%E2%80%93%20Karlova%20Ves%20na%20roky%202024%20%E2%80%93%202030%20Bratislava%20-%20Karlova%20Ves;https://www.enviroportal.sk/eia/detail/-program-hospodarskeho-rozvoja-socialneho-rozvoja-mestskej-casti-brati-1
autocentrum-bory-bratislava-lamac-;Autocentrum Bory Bratislava - Lamač;Bratislava - Lamač;Bývanie;posúdené;T.O.P HOLDING, a.s., Rožňavská 30;3;;;https://www.google.com/maps/search/Autocentrum%20Bory%20Bratislava%20-%20Lama%C4%8D%20Bratislava%20-%20Lama%C4%8D;https://www.enviroportal.sk/eia/detail/autocentrum-bory-bratislava-lamac-
autocentrum-todos-bratislava-;Autocentrum Todos Bratislava;Bratislava - Lamač;Obchod a služby;posúdené;Bory Home a. s., Digital Park II., Einsteinova 25;4;;;https://www.google.com/maps/search/Autocentrum%20Todos%20Bratislava%20Bratislava%20-%20Lama%C4%8D;https://www.enviroportal.sk/eia/detail/autocentrum-todos-bratislava-
bory-byvanie-etapa-5-;BORY BÝVANIE etapa 5;Bratislava - Lamač;Plány a koncepcie;posúdené;Bory Home, s. r. o., Digital Park II, Eisteinova 25;9;;;https://www.google.com/maps/search/BORY%20B%C3%9DVANIE%20etapa%205%20Bratislava%20-%20Lama%C4%8D;https://www.enviroportal.sk/eia/detail/bory-byvanie-etapa-5-
bory-byvanie-etapa-6;BORY BÝVANIE etapa 6;Bratislava - Lamač;Polyfunkcia;zámer;Bory Home s. r. o., so sídlom Digital Park II. Einsteinova 25;6;;;https://www.google.com/maps/search/BORY%20B%C3%9DVANIE%20etapa%206%20Bratislava%20-%20Lama%C4%8D;https://www.enviroportal.sk/eia/detail/bory-byvanie-etapa-6
bory-mall-externe-parkovisko;BORY MALL a externé parkovisko;Bratislava - Lamač;Doprava;posúdené;Bory Mall, a.s., Digital Park II, Einsteinova 25;4;;;https://www.google.com/maps/search/BORY%20MALL%20a%20extern%C3%A9%20parkovisko%20Bratislava%20-%20Lama%C4%8D;https://www.enviroportal.sk/eia/detail/bory-mall-externe-parkovisko
bory-mall-expanzia-exterierove-parkovisko-bory-byvanie-6-cast-namestie;BORY MALL – Expanzia, Exteriérové parkovisko a BORY BÝVANIE 6 – časť Námestie;Bratislava - Lamač;Bývanie;zámer;Bory Home s.r.o., Digital Park II, Einsteinova 25;5;;;https://www.google.com/maps/search/BORY%20MALL%20%E2%80%93%20Expanzia%2C%20Exteri%C3%A9rov%C3%A9%20parkovisko%20a%20BORY%20B%C3%9DVANIE%206%20%E2%80%93%20%C4%8Das%C5%A5%20N%C3%A1mestie%20Bratislava%20-%20Lama%C4%8D;https://www.enviroportal.sk/eia/detail/bory-mall-expanzia-exterierove-parkovisko-bory-byvanie-6-cast-namestie
bory-mall-kina-externe-parkovisko-2-bratislava;BORY MALL, kiná a externé parkovisko 2, Bratislava;Bratislava - Lamač;Doprava;posúdené;Bory Mall, a.s., Digital Park II, Einsteinova 25;3;;;https://www.google.com/maps/search/BORY%20MALL%2C%20kin%C3%A1%20a%20extern%C3%A9%20parkovisko%202%2C%20Bratislava%20Bratislava%20-%20Lama%C4%8D;https://www.enviroportal.sk/eia/detail/bory-mall-kina-externe-parkovisko-2-bratislava
bory-home-i-;Bory Home I.;Bratislava - Lamač;Bývanie;posúdené;BORY, a.s., Digital Park II, Einsteinova 25;5;;;https://www.google.com/maps/search/Bory%20Home%20I.%20Bratislava%20-%20Lama%C4%8D;https://www.enviroportal.sk/eia/detail/bory-home-i-
bory-home-iii;Bory Home III;Bratislava - Lamač;Bývanie;posúdené;Bory Home, s.r.o., Digital Park II, Einsteinova 25;4;;;https://www.google.com/maps/search/Bory%20Home%20III%20Bratislava%20-%20Lama%C4%8D;https://www.enviroportal.sk/eia/detail/bory-home-iii
bory-nadvorie;Bory Nádvorie;Bratislava - Lamač;Polyfunkcia;posúdené;Bory Home s. r. o., Digital park II., Einsteinova 25;5;;;https://www.google.com/maps/search/Bory%20N%C3%A1dvorie%20Bratislava%20-%20Lama%C4%8D;https://www.enviroportal.sk/eia/detail/bory-nadvorie
bory-office-space;Bory Office Space;Bratislava - Lamač;Administratíva;posúdené;Ubytovne, s.r.o.;6;;;https://www.google.com/maps/search/Bory%20Office%20Space%20Bratislava%20-%20Lama%C4%8D;https://www.enviroportal.sk/eia/detail/bory-office-space
dialnica-d2-protihlukova-stena-lamac;Diaľnica D2 – Protihluková stena Lamač;Bratislava - Lamač;Doprava;posúdené;Národná diaľničná spoločnosť, a.s., Dúbravská cesta 14;26;;;https://www.google.com/maps/search/Dia%C4%BEnica%20D2%20%E2%80%93%20Protihlukov%C3%A1%20stena%20Lama%C4%8D%20Bratislava%20-%20Lama%C4%8D;https://www.enviroportal.sk/eia/detail/dialnica-d2-protihlukova-stena-lamac
dialnica-d2-bratislava-st-hranica-sr-cr;Diaľnica D2, Bratislava - št. hranica SR/ČR;Bratislava - Lamač;Doprava;zámer;Národná diaľničná spoločnosť a.s., Mlynské Nivy 45;7;;;https://www.google.com/maps/search/Dia%C4%BEnica%20D2%2C%20Bratislava%20-%20%C5%A1t.%20hranica%20SR/%C4%8CR%20Bratislava%20-%20Lama%C4%8D;https://www.enviroportal.sk/eia/detail/dialnica-d2-bratislava-st-hranica-sr-cr
merkury-market-bratislava-ii;Merkury Market Bratislava II;Bratislava - Lamač;Obchod a služby;posúdené;BORY, a.s., Digital Park II, Einsteinova 25;3;;;https://www.google.com/maps/search/Merkury%20Market%20Bratislava%20II%20Bratislava%20-%20Lama%C4%8D;https://www.enviroportal.sk/eia/detail/merkury-market-bratislava-ii
nemocnica-novej-generacie-bratislava;Nemocnica novej generácie Bratislava;Bratislava - Lamač;Polyfunkcia;posúdené;Svet zdravia Development, a.s., Digital Park II, Einsteinova 25;5;;;https://www.google.com/maps/search/Nemocnica%20novej%20gener%C3%A1cie%20Bratislava%20Bratislava%20-%20Lama%C4%8D;https://www.enviroportal.sk/eia/detail/nemocnica-novej-generacie-bratislava
novostavba-hotela-bratislava;Novostavba hotela, Bratislava;Bratislava - Lamač;Polyfunkcia;zámer;Bory, a.s., Digital Park II, Einsteinova 25;5;;;https://www.google.com/maps/search/Novostavba%20hotela%2C%20Bratislava%20Bratislava%20-%20Lama%C4%8D;https://www.enviroportal.sk/eia/detail/novostavba-hotela-bratislava
nova-univerzitna-nemocnica-bratislava-v-lokalite-razsochy;Nová Univerzitná nemocnica Bratislava v lokalite Rázsochy;Bratislava - Lamač;Vybavenosť;posúdené;Ministerstvo zdravotníctva Slovenskej republiky, Limbová 2;7;;;https://www.google.com/maps/search/Nov%C3%A1%20Univerzitn%C3%A1%20nemocnica%20Bratislava%20v%20lokalite%20R%C3%A1zsochy%20Bratislava%20-%20Lama%C4%8D;https://www.enviroportal.sk/eia/detail/nova-univerzitna-nemocnica-bratislava-v-lokalite-razsochy
obchodne-centrum-mobelix-bratislava-bory;Obchodné centrum Möbelix Bratislava Bory;Bratislava - Lamač;Polyfunkcia;zámer;Bory, a.s., Digital Park II, Einsteinova 25;7;;;https://www.google.com/maps/search/Obchodn%C3%A9%20centrum%20M%C3%B6belix%20Bratislava%20Bory%20Bratislava%20-%20Lama%C4%8D;https://www.enviroportal.sk/eia/detail/obchodne-centrum-mobelix-bratislava-bory
obchodny-dom-kika-ii-bory-mall-bratislava-lamac;Obchodný dom KIKA II – Bory Mall, Bratislava - Lamač;Bratislava - Lamač;Polyfunkcia;posúdené;Bory, a.s., Digital Park II, Einsteinova 25;5;;;https://www.google.com/maps/search/Obchodn%C3%BD%20dom%20KIKA%20II%20%E2%80%93%20Bory%20Mall%2C%20Bratislava%20-%20Lama%C4%8D%20Bratislava%20-%20Lama%C4%8D;https://www.enviroportal.sk/eia/detail/obchodny-dom-kika-ii-bory-mall-bratislava-lamac
obchodny-dom-xxxlutz-bratislava-bory-;Obchodný dom XXXLutz Bratislava - Bory;Bratislava - Lamač;Bývanie;zámer;RAS Immobilien, SK s. r. o., Rožňavská 32;4;;;https://www.google.com/maps/search/Obchodn%C3%BD%20dom%20XXXLutz%20Bratislava%20-%20Bory%20Bratislava%20-%20Lama%C4%8D;https://www.enviroportal.sk/eia/detail/obchodny-dom-xxxlutz-bratislava-bory-
obytny-subor-devinska-nova-ves-;Obytný súbor Devínska Nová Ves;Bratislava - Lamač;Bývanie;posúdené;Bory Home, s.r.o., Digital Park II, Einsteinova 25;6;;;https://www.google.com/maps/search/Obytn%C3%BD%20s%C3%BAbor%20Dev%C3%ADnska%20Nov%C3%A1%20Ves%20Bratislava%20-%20Lama%C4%8D;https://www.enviroportal.sk/eia/detail/obytny-subor-devinska-nova-ves-
obytny-subor-lamac;Obytný súbor Lamač;Bratislava - Lamač;Bývanie;posúdené;Bory Home s.r.o., Digital Park II, Einsteinova 25;6;;;https://www.google.com/maps/search/Obytn%C3%BD%20s%C3%BAbor%20Lama%C4%8D%20Bratislava%20-%20Lama%C4%8D;https://www.enviroportal.sk/eia/detail/obytny-subor-lamac
office-space-bory;Office Space Bory;Bratislava - Lamač;Polyfunkcia;posúdené;Bory a.s., Digital Park II, Einsteinova 25;8;;;https://www.google.com/maps/search/Office%20Space%20Bory%20Bratislava%20-%20Lama%C4%8D;https://www.enviroportal.sk/eia/detail/office-space-bory
polyfunkcne-uzemie-lamacska-brana-bratislava;Polyfunkčné územie Lamačská brána, Bratislava;Bratislava - Lamač;Polyfunkcia;posúdené;ENTO, spol.. s r.o., Košice, Jesenského 6;106;;;https://www.google.com/maps/search/Polyfunk%C4%8Dn%C3%A9%20%C3%BAzemie%20Lama%C4%8Dsk%C3%A1%20br%C3%A1na%2C%20Bratislava%20Bratislava%20-%20Lama%C4%8D;https://www.enviroportal.sk/eia/detail/polyfunkcne-uzemie-lamacska-brana-bratislava
predajna-potravin-lidl-bratislava-hodoninska-rozsirenie-parkoviska-1;Predajňa potravín Lidl Bratislava - Hodonínska, Rozšírenie parkoviska;Bratislava - Lamač;Obchod a služby;dokončené;Lidl Slovenská republika, v.o.s., Ružinovská 1E;6;;;https://www.google.com/maps/search/Predaj%C5%88a%20potrav%C3%ADn%20Lidl%20Bratislava%20-%20Hodon%C3%ADnska%2C%20Roz%C5%A1%C3%ADrenie%20parkoviska%20Bratislava%20-%20Lama%C4%8D;https://www.enviroportal.sk/eia/detail/predajna-potravin-lidl-bratislava-hodoninska-rozsirenie-parkoviska-1
predajna-potravin-lidl-bratislava-hodoninska-rozsirenie-parkoviska;Predajňa potravín Lidl Bratislava - Hodonínska, Rozšírenie parkoviska;Bratislava - Lamač;Obchod a služby;dokončené;Lidl, Slovenská republika;3;;;https://www.google.com/maps/search/Predaj%C5%88a%20potrav%C3%ADn%20Lidl%20Bratislava%20-%20Hodon%C3%ADnska%2C%20Roz%C5%A1%C3%ADrenie%20parkoviska%20Bratislava%20-%20Lama%C4%8D;https://www.enviroportal.sk/eia/detail/predajna-potravin-lidl-bratislava-hodoninska-rozsirenie-parkoviska
predlzenie-dubravsko-karloveskej-radialy-cez-tiop-lamacska-brana-po-bo;Predĺženie Dúbravsko-Karloveskej radiály cez TIOP Lamačská brána po BORY;Bratislava - Lamač;Vybavenosť;zámer;Bory, a. s., Digital Park II, Einsteinova 25;3;;;https://www.google.com/maps/search/Pred%C4%BA%C5%BEenie%20D%C3%BAbravsko-Karloveskej%20radi%C3%A1ly%20cez%20TIOP%20Lama%C4%8Dsk%C3%A1%20br%C3%A1na%20po%20BORY%20Bratislava%20-%20Lama%C4%8D;https://www.enviroportal.sk/eia/detail/predlzenie-dubravsko-karloveskej-radialy-cez-tiop-lamacska-brana-po-bo
rekonstrukcia-od-lamac;Rekonštrukcia OD Lamač;Bratislava - Lamač;Iné;zámer;;2;;;https://www.google.com/maps/search/Rekon%C5%A1trukcia%20OD%20Lama%C4%8D%20Bratislava%20-%20Lama%C4%8D;https://www.enviroportal.sk/eia/detail/rekonstrukcia-od-lamac
rozsirenie-vyrobnej-kapacity-v-podniku-volkswagen-slovakia--iii-etapa;Rozšírenie výrobnej kapacity v podniku Volkswagen Slovakia, a.s. - III.etapa;Bratislava - Lamač;Výroba a sklady;dokončené;Vilkswagen Slovakia a.s., J. Jonáša 1, Bratislava;2;;;https://www.google.com/maps/search/Roz%C5%A1%C3%ADrenie%20v%C3%BDrobnej%20kapacity%20v%20podniku%20Volkswagen%20Slovakia%2C%20a.s.%20-%20III.etapa%20Bratislava%20-%20Lama%C4%8D;https://www.enviroportal.sk/eia/detail/rozsirenie-vyrobnej-kapacity-v-podniku-volkswagen-slovakia--iii-etapa
razsochy-residence;Rázsochy Residence;Bratislava - Lamač;Bývanie;posúdené;Rázsochy Residence a.s., Grösslingová 51;6;;;https://www.google.com/maps/search/R%C3%A1zsochy%20Residence%20Bratislava%20-%20Lama%C4%8D;https://www.enviroportal.sk/eia/detail/razsochy-residence
spojena-skola-felix-bory;SPOJENÁ ŠKOLA FELIX - BORY;Bratislava - Lamač;Vybavenosť;posúdené;Bory, a.s., Digital Park II, Einsteinova 25;21;;;https://www.google.com/maps/search/SPOJEN%C3%81%20%C5%A0KOLA%20FELIX%20-%20BORY%20Bratislava%20-%20Lama%C4%8D;https://www.enviroportal.sk/eia/detail/spojena-skola-felix-bory
sterilwave-440;STERILWAVE 440;Bratislava - Lamač;Technická infraštruktúra;posúdené;Nemocnica BORY a. s., Digital Park II, Einsteinova 25;11;;;https://www.google.com/maps/search/STERILWAVE%20440%20Bratislava%20-%20Lama%C4%8D;https://www.enviroportal.sk/eia/detail/sterilwave-440
showroom-hyundai-v-bratislave-v-lokalite-bory;Showroom Hyundai v Bratislave v lokalite Bory;Bratislava - Lamač;Polyfunkcia;posúdené;Showroom Hyundai v Bratislave v lokalite Bory;3;;;https://www.google.com/maps/search/Showroom%20Hyundai%20v%20Bratislave%20v%20lokalite%20Bory%20Bratislava%20-%20Lama%C4%8D;https://www.enviroportal.sk/eia/detail/showroom-hyundai-v-bratislave-v-lokalite-bory
ubytovacie-zariadenie-pre-zdravotnicky-personal;Ubytovacie zariadenie pre zdravotnícky personál;Bratislava - Lamač;Vybavenosť;posúdené;Ubytovne s. r. o., Digital Park II., Einsteinova 25;5;;;https://www.google.com/maps/search/Ubytovacie%20zariadenie%20pre%20zdravotn%C3%ADcky%20person%C3%A1l%20Bratislava%20-%20Lama%C4%8D;https://www.enviroportal.sk/eia/detail/ubytovacie-zariadenie-pre-zdravotnicky-personal
volnocasovy-areal-s-multifunkcnym-vyuzitim-lamac;Voľnočasový areál s multifunkčným využitím - Lamač;Bratislava - Lamač;Doprava;posúdené;Mestská časť Bratislava - Lamač, Malokarpatské námestie č. 9;8;;;https://www.google.com/maps/search/Vo%C4%BEno%C4%8Dasov%C3%BD%20are%C3%A1l%20s%20multifunk%C4%8Dn%C3%BDm%20vyu%C5%BEit%C3%ADm%20-%20Lama%C4%8D%20Bratislava%20-%20Lama%C4%8D;https://www.enviroportal.sk/eia/detail/volnocasovy-areal-s-multifunkcnym-vyuzitim-lamac
vystavno-predajne-centrum-asko-porta-bratislava;Výstavno-predajné centrum ASKO-Porta Bratislava;Bratislava - Lamač;Polyfunkcia;posúdené;BORY, a.s., Digital Park II, Einsteinova 25;5;;;https://www.google.com/maps/search/V%C3%BDstavno-predajn%C3%A9%20centrum%20ASKO-Porta%20Bratislava%20Bratislava%20-%20Lama%C4%8D;https://www.enviroportal.sk/eia/detail/vystavno-predajne-centrum-asko-porta-bratislava
zahorska-bystrica-kanalizacny-zberac-sb-sc;Záhorská Bystrica, kanalizačný zberač SB a SC;Bratislava - Lamač;Technická infraštruktúra;posúdené;Bratislavská vodárenská spoločnosť, a.s., Prešovská 48;95;;;https://www.google.com/maps/search/Z%C3%A1horsk%C3%A1%20Bystrica%2C%20kanaliza%C4%8Dn%C3%BD%20zbera%C4%8D%20SB%20a%20SC%20Bratislava%20-%20Lama%C4%8D;https://www.enviroportal.sk/eia/detail/zahorska-bystrica-kanalizacny-zberac-sb-sc
uzemny-plan-zony-bratislava-lamac-zecak-09-2013;Územný plán zóny Bratislava - Lamač, Zečák 09/2013;Bratislava - Lamač;Plány a koncepcie;posúdené;Mestská časť Bratislava - Lamač;37;;;https://www.google.com/maps/search/%C3%9Azemn%C3%BD%20pl%C3%A1n%20z%C3%B3ny%20Bratislava%20-%20Lama%C4%8D%2C%20Ze%C4%8D%C3%A1k%2009/2013%20Bratislava%20-%20Lama%C4%8D;https://www.enviroportal.sk/eia/detail/uzemny-plan-zony-bratislava-lamac-zecak-09-2013
uzemny-plan-zony-bratrislava-lamac-zecak-09-2013;Územný plán zóny Bratrislava - Lamač, Zečák 09/2013;Bratislava - Lamač;Plány a koncepcie;posúdené;Mestská časť Bratislava - Lamač;30;;;https://www.google.com/maps/search/%C3%9Azemn%C3%BD%20pl%C3%A1n%20z%C3%B3ny%20Bratrislava%20-%20Lama%C4%8D%2C%20Ze%C4%8D%C3%A1k%2009/2013%20Bratislava%20-%20Lama%C4%8D;https://www.enviroportal.sk/eia/detail/uzemny-plan-zony-bratrislava-lamac-zecak-09-2013
uzemny-plan-zony-zecak-bratislava-lamac-10-2017;Územný plán zóny Zečák, Bratislava - Lamač, 10/2017;Bratislava - Lamač;Plány a koncepcie;posúdené;Mestská časť Bratislava - Lamač;10;;;https://www.google.com/maps/search/%C3%9Azemn%C3%BD%20pl%C3%A1n%20z%C3%B3ny%20Ze%C4%8D%C3%A1k%2C%20Bratislava%20-%20Lama%C4%8D%2C%2010/2017%20Bratislava%20-%20Lama%C4%8D;https://www.enviroportal.sk/eia/detail/uzemny-plan-zony-zecak-bratislava-lamac-10-2017
-prestavba-existujuceho-zdroja-ppc-energy-bratislava-;",,Prestavba existujúceho zdroja PPC Energy Bratislava""";Bratislava - Nové Mesto;Výroba a sklady;posúdené;PPC Energy, a.s., Magnetova 12;8;;;https://www.google.com/maps/search/%2C%2CPrestavba%20existuj%C3%BAceho%20zdroja%20PPC%20Energy%20Bratislava%22%20Bratislava%20-%20Nov%C3%A9%20Mesto;https://www.enviroportal.sk/eia/detail/-prestavba-existujuceho-zdroja-ppc-energy-bratislava-
58-mw-zdroj-v-ppc-energy-bratislava;58 MW zdroj v PPC Energy, a.s., Bratislava;Bratislava - Nové Mesto;Výroba a sklady;posúdené;PPC Energy, a.s., Magnetová 12;24;;;https://www.google.com/maps/search/58%20MW%20zdroj%20v%20PPC%20Energy%2C%20a.s.%2C%20Bratislava%20Bratislava%20-%20Nov%C3%A9%20Mesto;https://www.enviroportal.sk/eia/detail/58-mw-zdroj-v-ppc-energy-bratislava
areal-koliba-bytove-domy-brectanova-ul-bratislava;Areál KOLIBA, bytové domy, Brečtanová ul., Bratislava;Bratislava - Nové Mesto;Bývanie;posúdené;ŠTÚDIO KOLIBA a.s., Brečtanová 1;7;;;https://www.google.com/maps/search/Are%C3%A1l%20KOLIBA%2C%20bytov%C3%A9%20domy%2C%20Bre%C4%8Dtanov%C3%A1%20ul.%2C%20Bratislava%20Bratislava%20-%20Nov%C3%A9%20Mesto;https://www.enviroportal.sk/eia/detail/areal-koliba-bytove-domy-brectanova-ul-bratislava
areal-restauracie-v-lokalite-zelezna-studnicka-rotunda;Areál reštaurácie v lokalite Železná studnička - Rotunda;Bratislava - Nové Mesto;Výroba a sklady;posúdené;ORAVA – STAV, s.r.o., Obchodná 62;18;;;https://www.google.com/maps/search/Are%C3%A1l%20re%C5%A1taur%C3%A1cie%20v%20lokalite%20%C5%BDelezn%C3%A1%20studni%C4%8Dka%20-%20Rotunda%20Bratislava%20-%20Nov%C3%A9%20Mesto;https://www.enviroportal.sk/eia/detail/areal-restauracie-v-lokalite-zelezna-studnicka-rotunda
bellavita-residence;Bellavita Residence;Bratislava - Nové Mesto;Bývanie;posúdené;BestWine s.r.o., Jelačičova 8;16;;;https://www.google.com/maps/search/Bellavita%20Residence%20Bratislava%20-%20Nov%C3%A9%20Mesto;https://www.enviroportal.sk/eia/detail/bellavita-residence
bytove-domy-vlarska-kramare-84-b-j-bratislava;Bytové domy Vlárska - Kramáre, 84 b.j., Bratislava;Bratislava - Nové Mesto;Bývanie;posúdené;FORESPO REALITY 1 a. s., Karloveská 34;20;;;https://www.google.com/maps/search/Bytov%C3%A9%20domy%20Vl%C3%A1rska%20-%20Kram%C3%A1re%2C%2084%20b.j.%2C%20Bratislava%20Bratislava%20-%20Nov%C3%A9%20Mesto;https://www.enviroportal.sk/eia/detail/bytove-domy-vlarska-kramare-84-b-j-bratislava
bytovy-dom-biely-kriz-blok-a-blok-b;Bytový dom - Biely kríž, blok A a blok B;Bratislava - Nové Mesto;Bývanie;posúdené;MPV Develop, spol. s r.o., Šebastovská ulica č. 4;9;;;https://www.google.com/maps/search/Bytov%C3%BD%20dom%20-%20Biely%20kr%C3%AD%C5%BE%2C%20blok%20A%20a%20blok%20B%20Bratislava%20-%20Nov%C3%A9%20Mesto;https://www.enviroportal.sk/eia/detail/bytovy-dom-biely-kriz-blok-a-blok-b
bytovy-dom-vajnorska-ulica-1;Bytový dom - Vajnorská ulica;Bratislava - Nové Mesto;Bývanie;posúdené;KLM Group s. r. o., Tupého 25/a;6;;;https://www.google.com/maps/search/Bytov%C3%BD%20dom%20-%20Vajnorsk%C3%A1%20ulica%20Bratislava%20-%20Nov%C3%A9%20Mesto;https://www.enviroportal.sk/eia/detail/bytovy-dom-vajnorska-ulica-1
bytovy-dom-vajnorska-ulica-2;Bytový dom - Vajnorská ulica;Bratislava - Nové Mesto;Bývanie;posúdené;Vajnorská s.r.o.;5;;;https://www.google.com/maps/search/Bytov%C3%BD%20dom%20-%20Vajnorsk%C3%A1%20ulica%20Bratislava%20-%20Nov%C3%A9%20Mesto;https://www.enviroportal.sk/eia/detail/bytovy-dom-vajnorska-ulica-2
bytovy-dom-vajnorska-ulica;Bytový dom - Vajnorská ulica;Bratislava - Nové Mesto;Bývanie;posúdené;KLM Group s.r.o. , Tupého 25/a;9;;;https://www.google.com/maps/search/Bytov%C3%BD%20dom%20-%20Vajnorsk%C3%A1%20ulica%20Bratislava%20-%20Nov%C3%A9%20Mesto;https://www.enviroportal.sk/eia/detail/bytovy-dom-vajnorska-ulica
bytovy-dom-stara-klenova;Bytový dom Stará Klenová;Bratislava - Nové Mesto;Bývanie;zámer;Mg. Alexander Máťuš, MBA, Pod násypom 10;3;;;https://www.google.com/maps/search/Bytov%C3%BD%20dom%20Star%C3%A1%20Klenov%C3%A1%20Bratislava%20-%20Nov%C3%A9%20Mesto;https://www.enviroportal.sk/eia/detail/bytovy-dom-stara-klenova
bytovy-subor-ahoj-sliacska-cesta;Bytový súbor Ahoj, Sliačska cesta;Bratislava - Nové Mesto;Bývanie;posúdené;AHOJ DEVELOPMENT, s.r.o. , Račianska 71;16;;;https://www.google.com/maps/search/Bytov%C3%BD%20s%C3%BAbor%20Ahoj%2C%20Slia%C4%8Dska%20cesta%20Bratislava%20-%20Nov%C3%A9%20Mesto;https://www.enviroportal.sk/eia/detail/bytovy-subor-ahoj-sliacska-cesta
calluna-bytovy-dom-bratislava;CALLUNA - Bytový dom, Bratislava;Bratislava - Nové Mesto;Bývanie;posúdené;ABD DEVELOPMENT s.r.o., Májková 3;3;;;https://www.google.com/maps/search/CALLUNA%20-%20Bytov%C3%BD%20dom%2C%20Bratislava%20Bratislava%20-%20Nov%C3%A9%20Mesto;https://www.enviroportal.sk/eia/detail/calluna-bytovy-dom-bratislava
elektrickova-trat-vajnorska-radiala;Električková trať Vajnorská radiála;Bratislava - Nové Mesto;Výroba a sklady;posúdené;Hlavné mesto SR Bratislava, Primaciálne nám. 1;17;;;https://www.google.com/maps/search/Elektri%C4%8Dkov%C3%A1%20tra%C5%A5%20Vajnorsk%C3%A1%20radi%C3%A1la%20Bratislava%20-%20Nov%C3%A9%20Mesto;https://www.enviroportal.sk/eia/detail/elektrickova-trat-vajnorska-radiala
hotel-snezienka-rekonstrukcia-stavby-bratislava;Hotel Snežienka - rekonštrukcia stavby, Bratislava;Bratislava - Nové Mesto;Vybavenosť;posúdené;SNOWDROP, s.r.o., Sládkovičova 4;10;;;https://www.google.com/maps/search/Hotel%20Sne%C5%BEienka%20-%20rekon%C5%A1trukcia%20stavby%2C%20Bratislava%20Bratislava%20-%20Nov%C3%A9%20Mesto;https://www.enviroportal.sk/eia/detail/hotel-snezienka-rekonstrukcia-stavby-bratislava
intenzifikacia-vyroby-sulfenaxov;Intenzifikácia výroby Sulfenaxov;Bratislava - Nové Mesto;Výroba a sklady;posúdené;Duslo, a.s., Administratívna budova, ev. č. 1236;3;;;https://www.google.com/maps/search/Intenzifik%C3%A1cia%20v%C3%BDroby%20Sulfenaxov%20Bratislava%20-%20Nov%C3%A9%20Mesto;https://www.enviroportal.sk/eia/detail/intenzifikacia-vyroby-sulfenaxov
lakeside-park-03-;LAKESIDE PARK 03;Bratislava - Nové Mesto;Zeleň a verejný priestor;posúdené;Lakeside 3, s. r. o., Tomášikova 46;9;;;https://www.google.com/maps/search/LAKESIDE%20PARK%2003%20Bratislava%20-%20Nov%C3%A9%20Mesto;https://www.enviroportal.sk/eia/detail/lakeside-park-03-
lakeside-park-bratislava-phase-ii-;Lakeside Park Bratislava – Phase II;Bratislava - Nové Mesto;Zeleň a verejný priestor;posúdené;TriGranit Centrum, a. s., Tomášikova 64;3;;;https://www.google.com/maps/search/Lakeside%20Park%20Bratislava%20%E2%80%93%20Phase%20II%20Bratislava%20-%20Nov%C3%A9%20Mesto;https://www.enviroportal.sk/eia/detail/lakeside-park-bratislava-phase-ii-
mirabella-residence;MIRABELLA RESIDENCE;Bratislava - Nové Mesto;Bývanie;zámer;RDV 2 s.r.o., Jelačičova 8;13;;;https://www.google.com/maps/search/MIRABELLA%20RESIDENCE%20Bratislava%20-%20Nov%C3%A9%20Mesto;https://www.enviroportal.sk/eia/detail/mirabella-residence
malopodlazne-obytne-domy-bellova-ul-bratislava;Malopodlažné obytné domy, Bellova ul., Bratislava;Bratislava - Nové Mesto;Bývanie;posúdené;AVP s.r.o., Žilinská 16;3;;;https://www.google.com/maps/search/Malopodla%C5%BEn%C3%A9%20obytn%C3%A9%20domy%2C%20Bellova%20ul.%2C%20Bratislava%20Bratislava%20-%20Nov%C3%A9%20Mesto;https://www.enviroportal.sk/eia/detail/malopodlazne-obytne-domy-bellova-ul-bratislava
mobilna-solidifikacna-linka;Mobilná solidifikačná linka;Bratislava - Nové Mesto;Technická infraštruktúra;zámer;DEKONTA Slovensko, spol. s r.o., Odeská 49;4;;;https://www.google.com/maps/search/Mobiln%C3%A1%20solidifika%C4%8Dn%C3%A1%20linka%20Bratislava%20-%20Nov%C3%A9%20Mesto;https://www.enviroportal.sk/eia/detail/mobilna-solidifikacna-linka
mobilne-drvice-triedice;Mobilné drviče a triediče;Bratislava - Nové Mesto;Technická infraštruktúra;zámer;GAVKUM SK spol. s r.o.;2;;;https://www.google.com/maps/search/Mobiln%C3%A9%20drvi%C4%8De%20a%20triedi%C4%8De%20Bratislava%20-%20Nov%C3%A9%20Mesto;https://www.enviroportal.sk/eia/detail/mobilne-drvice-triedice
mobilne-zariadenie-na-regeneraciu-sorbentov-aktivne-uhlie-z-filtrov-;Mobilné zariadenie na regeneráciu sorbentov (aktívne uhlie z filtrov);Bratislava - Nové Mesto;Bývanie;posúdené;DEKONTA Slovensko, spol. s r.o., Odeská 49;4;;;https://www.google.com/maps/search/Mobiln%C3%A9%20zariadenie%20na%20regener%C3%A1ciu%20sorbentov%20%28akt%C3%ADvne%20uhlie%20z%20filtrov%29%20Bratislava%20-%20Nov%C3%A9%20Mesto;https://www.enviroportal.sk/eia/detail/mobilne-zariadenie-na-regeneraciu-sorbentov-aktivne-uhlie-z-filtrov-
mobilne-zariadenie-na-termicku-desorpciu-kontaminovanych-materialov-1;Mobilné zariadenie na termickú desorpciu kontaminovaných materiálov;Bratislava - Nové Mesto;Vybavenosť;zámer;DEKONTA Slovensko, spol. s r. o., Odeská 49;4;;;https://www.google.com/maps/search/Mobiln%C3%A9%20zariadenie%20na%20termick%C3%BA%20desorpciu%20kontaminovan%C3%BDch%20materi%C3%A1lov%20Bratislava%20-%20Nov%C3%A9%20Mesto;https://www.enviroportal.sk/eia/detail/mobilne-zariadenie-na-termicku-desorpciu-kontaminovanych-materialov-1
mobilne-zariadenie-na-termicku-desorpciu-kontaminovanych-materialov;Mobilné zariadenie na termickú desorpciu kontaminovaných materiálov;Bratislava - Nové Mesto;Bývanie;zámer;DEKONTA Slovensko spol. s.r.o.;7;;;https://www.google.com/maps/search/Mobiln%C3%A9%20zariadenie%20na%20termick%C3%BA%20desorpciu%20kontaminovan%C3%BDch%20materi%C3%A1lov%20Bratislava%20-%20Nov%C3%A9%20Mesto;https://www.enviroportal.sk/eia/detail/mobilne-zariadenie-na-termicku-desorpciu-kontaminovanych-materialov
modernizacia-dostavba-budov-nudch-nemocnica-21-storocia;Modernizácia a dostavba budov NÚDCH – NEMOCNICA 21. STOROČIA;Bratislava - Nové Mesto;Plány a koncepcie;posúdené;Národný ústav detských chorôb (NÚDCH), Limbová 2643/1;17;;;https://www.google.com/maps/search/Moderniz%C3%A1cia%20a%20dostavba%20budov%20N%C3%9ADCH%20%E2%80%93%20NEMOCNICA%2021.%20STORO%C4%8CIA%20Bratislava%20-%20Nov%C3%A9%20Mesto;https://www.enviroportal.sk/eia/detail/modernizacia-dostavba-budov-nudch-nemocnica-21-storocia
modernizacia-vyroby-cokoladovej-hmoty;Modernizácia výroby čokoládovej hmoty;Bratislava - Nové Mesto;Výroba a sklady;posúdené;Mondelez SR Production s.r.o., Račianska 44;6;;;https://www.google.com/maps/search/Moderniz%C3%A1cia%20v%C3%BDroby%20%C4%8Dokol%C3%A1dovej%20hmoty%20Bratislava%20-%20Nov%C3%A9%20Mesto;https://www.enviroportal.sk/eia/detail/modernizacia-vyroby-cokoladovej-hmoty
modernizacia-udrzbovej-zakladne-dpb--haly-oprav-autobusov-jurajov-dvor;Modernizácia údržbovej základne DPB, a.s. - Haly opráv autobusov - Jurajov dvor;Bratislava - Nové Mesto;Výroba a sklady;dokončené;Dopravný podnik Bratislava a. s., Olejkárska 1;10;;;https://www.google.com/maps/search/Moderniz%C3%A1cia%20%C3%BAdr%C5%BEbovej%20z%C3%A1kladne%20DPB%2C%20a.s.%20-%20Haly%20opr%C3%A1v%20autobusov%20-%20Jurajov%20dvor%20Bratislava%20-%20Nov%C3%A9%20Mesto;https://www.enviroportal.sk/eia/detail/modernizacia-udrzbovej-zakladne-dpb--haly-oprav-autobusov-jurajov-dvor
modernizacia-udrzbovej-zakladne-dpm--2-etapa-jurajov-dvor;Modernizácia údržbovej základne DPM, a.s. - 2. etapa, Jurajov Dvor;Bratislava - Nové Mesto;Doprava;posúdené;Dopravný podnik Bratislava, a.s., Olejkárska 1;9;;;https://www.google.com/maps/search/Moderniz%C3%A1cia%20%C3%BAdr%C5%BEbovej%20z%C3%A1kladne%20DPM%2C%20a.s.%20-%202.%20etapa%2C%20Jurajov%20Dvor%20Bratislava%20-%20Nov%C3%A9%20Mesto;https://www.enviroportal.sk/eia/detail/modernizacia-udrzbovej-zakladne-dpm--2-etapa-jurajov-dvor
modernizacia-zeleznicneho-uzla-bratislava-vetva-vychod-;Modernizácia železničného uzla Bratislava – vetva VÝCHOD;Bratislava - Nové Mesto;Doprava;posúdené;Železnice Slovenskej republiky, Klemensova 8;27;;;https://www.google.com/maps/search/Moderniz%C3%A1cia%20%C5%BEelezni%C4%8Dn%C3%A9ho%20uzla%20Bratislava%20%E2%80%93%20vetva%20V%C3%9DCHOD%20Bratislava%20-%20Nov%C3%A9%20Mesto;https://www.enviroportal.sk/eia/detail/modernizacia-zeleznicneho-uzla-bratislava-vetva-vychod-
multifunkcny-komplex-za-stanicou-lake-station;Multifunkčný komplex Za stanicou - Lake Station;Bratislava - Nové Mesto;Vybavenosť;zámer;INTRADE ASSET MANAGEMENT, s. r. o.,;13;;;https://www.google.com/maps/search/Multifunk%C4%8Dn%C3%BD%20komplex%20Za%20stanicou%20-%20Lake%20Station%20Bratislava%20-%20Nov%C3%A9%20Mesto;https://www.enviroportal.sk/eia/detail/multifunkcny-komplex-za-stanicou-lake-station
multifunkcny-komplex-za-stanicou-v-bratislave;Multifunkčný komplex Za stanicou v Bratislave;Bratislava - Nové Mesto;Obchod a služby;posúdené;Ing. arch.Ivan Kubík, Bezručova 6;6;;;https://www.google.com/maps/search/Multifunk%C4%8Dn%C3%BD%20komplex%20Za%20stanicou%20v%20Bratislave%20Bratislava%20-%20Nov%C3%A9%20Mesto;https://www.enviroportal.sk/eia/detail/multifunkcny-komplex-za-stanicou-v-bratislave
nove-vinice;NOVÉ VINICE;Bratislava - Nové Mesto;Výroba a sklady;posúdené;ACS 5, s. r. o., Plynárenská 7/a;7;;;https://www.google.com/maps/search/NOV%C3%89%20VINICE%20Bratislava%20-%20Nov%C3%A9%20Mesto;https://www.enviroportal.sk/eia/detail/nove-vinice
nove-vinice-bratislava;NOVÉ VINICE, Bratislava;Bratislava - Nové Mesto;Administratíva;posúdené;WORLD TRADING, s.r.o., Česká 23;23;;;https://www.google.com/maps/search/NOV%C3%89%20VINICE%2C%20Bratislava%20Bratislava%20-%20Nov%C3%A9%20Mesto;https://www.enviroportal.sk/eia/detail/nove-vinice-bratislava
nadstavba-polyfunkcneho-objektu-skultetyho-ul-bratislava;Nadstavba polyfunkčného objektu, Škultétyho ul. Bratislava;Bratislava - Nové Mesto;Polyfunkcia;posúdené;TATRA REAL, a. s., Dunajská 25;6;;;https://www.google.com/maps/search/Nadstavba%20polyfunk%C4%8Dn%C3%A9ho%20objektu%2C%20%C5%A0kult%C3%A9tyho%20ul.%20Bratislava%20Bratislava%20-%20Nov%C3%A9%20Mesto;https://www.enviroportal.sk/eia/detail/nadstavba-polyfunkcneho-objektu-skultetyho-ul-bratislava
nove-cukrove-silo;Nové cukrové silo;Bratislava - Nové Mesto;Výroba a sklady;posúdené;Mondelez SR Production s.r.o., Račianska 44;10;;;https://www.google.com/maps/search/Nov%C3%A9%20cukrov%C3%A9%20silo%20Bratislava%20-%20Nov%C3%A9%20Mesto;https://www.enviroportal.sk/eia/detail/nove-cukrove-silo
novy-istropolis;Nový Istropolis;Bratislava - Nové Mesto;Bývanie;posúdené;Trnavské Mýto, a. s., Plynárenská 7/C;8;;;https://www.google.com/maps/search/Nov%C3%BD%20Istropolis%20Bratislava%20-%20Nov%C3%A9%20Mesto;https://www.enviroportal.sk/eia/detail/novy-istropolis
novy-zdroj-58-mwe;Nový zdroj 58 MWe;Bratislava - Nové Mesto;Výroba a sklady;posúdené;PPC Energy, a.s., Magnetová 12;24;;;https://www.google.com/maps/search/Nov%C3%BD%20zdroj%2058%20MWe%20Bratislava%20-%20Nov%C3%A9%20Mesto;https://www.enviroportal.sk/eia/detail/novy-zdroj-58-mwe
narodny-futbalovy-stadion-bratislava-1;Národný futbalový štadión Bratislava;Bratislava - Nové Mesto;Obchod a služby;posúdené;Národný futbalový štadión, a.s., Lamačská cesta 3;3;;;https://www.google.com/maps/search/N%C3%A1rodn%C3%BD%20futbalov%C3%BD%20%C5%A1tadi%C3%B3n%20Bratislava%20Bratislava%20-%20Nov%C3%A9%20Mesto;https://www.enviroportal.sk/eia/detail/narodny-futbalovy-stadion-bratislava-1
obnova-dostavba-casti-arealu-palma;OBNOVA A DOSTAVBA ČASTI AREÁLU PALMA;Bratislava - Nové Mesto;Bývanie;posúdené;CC LAMBDA, s.r.o.;8;;;https://www.google.com/maps/search/OBNOVA%20A%20DOSTAVBA%20%C4%8CASTI%20ARE%C3%81LU%20PALMA%20Bratislava%20-%20Nov%C3%A9%20Mesto;https://www.enviroportal.sk/eia/detail/obnova-dostavba-casti-arealu-palma
obytny-subor-skultetyho-ulica-bratislava;OBYTNÝ SÚBOR ŠKULTÉTYHO ULICA, BRATISLAVA;Bratislava - Nové Mesto;Bývanie;posúdené;Bavint, s.r.o., Digital Park II, Einsteinova 25;5;;;https://www.google.com/maps/search/OBYTN%C3%9D%20S%C3%9ABOR%20%C5%A0KULT%C3%89TYHO%20ULICA%2C%20BRATISLAVA%20Bratislava%20-%20Nov%C3%A9%20Mesto;https://www.enviroportal.sk/eia/detail/obytny-subor-skultetyho-ulica-bratislava
obytny-dom-racianska-obydick-bratislava;"Obytný dom Račianska ""Obydick"", Bratislava";Bratislava - Nové Mesto;Bývanie;posúdené;ZIPP Bratislava, s.r.o., Stará Vajnorská 16;6;;;https://www.google.com/maps/search/Obytn%C3%BD%20dom%20Ra%C4%8Dianska%20%22Obydick%22%2C%20Bratislava%20Bratislava%20-%20Nov%C3%A9%20Mesto;https://www.enviroportal.sk/eia/detail/obytny-dom-racianska-obydick-bratislava
obytny-subor-green-park-vtacnik;Obytný súbor GREEN PARK - Vtáčnik;Bratislava - Nové Mesto;Bývanie;posúdené;CAKOV-MAKARA, Drieňová 1/b;3;;;https://www.google.com/maps/search/Obytn%C3%BD%20s%C3%BAbor%20GREEN%20PARK%20-%20Vt%C3%A1%C4%8Dnik%20Bratislava%20-%20Nov%C3%A9%20Mesto;https://www.enviroportal.sk/eia/detail/obytny-subor-green-park-vtacnik
obytny-subor-green-park-vtacnik-area-c-d;Obytný súbor GREEN PARK - Vtáčnik area C, D;Bratislava - Nové Mesto;Bývanie;posúdené;CAKOV - MAKARA, s.r.o, Drieňová 1/G;16;;;https://www.google.com/maps/search/Obytn%C3%BD%20s%C3%BAbor%20GREEN%20PARK%20-%20Vt%C3%A1%C4%8Dnik%20area%20C%2C%20D%20Bratislava%20-%20Nov%C3%A9%20Mesto;https://www.enviroportal.sk/eia/detail/obytny-subor-green-park-vtacnik-area-c-d
obytny-subor-grand-koliba;Obytný súbor Grand Koliba;Bratislava - Nové Mesto;Bývanie;posúdené;GRAND KOLIBA, s.r.o.;4;;;https://www.google.com/maps/search/Obytn%C3%BD%20s%C3%BAbor%20Grand%20Koliba%20Bratislava%20-%20Nov%C3%A9%20Mesto;https://www.enviroportal.sk/eia/detail/obytny-subor-grand-koliba
obytny-subor-nove-slovany-racianska-ul-bratislava;Obytný súbor Nové Slovany, Račianska ul., Bratislava;Bratislava - Nové Mesto;Bývanie;posúdené;1. Račianska, s.r.o., Trenčianska 56/D;3;;;https://www.google.com/maps/search/Obytn%C3%BD%20s%C3%BAbor%20Nov%C3%A9%20Slovany%2C%20Ra%C4%8Dianska%20ul.%2C%20Bratislava%20Bratislava%20-%20Nov%C3%A9%20Mesto;https://www.enviroportal.sk/eia/detail/obytny-subor-nove-slovany-racianska-ul-bratislava
obytny-subor-skultetyho-bratislava;Obytný súbor Škultétyho, Bratislava;Bratislava - Nové Mesto;Bývanie;posúdené;Bavint, s.r.o., Krátka 1;6;;;https://www.google.com/maps/search/Obytn%C3%BD%20s%C3%BAbor%20%C5%A0kult%C3%A9tyho%2C%20Bratislava%20Bratislava%20-%20Nov%C3%A9%20Mesto;https://www.enviroportal.sk/eia/detail/obytny-subor-skultetyho-bratislava
polyfunkcny-komplex-fenix-park-bratislava;POLYFUNKČNÝ KOMPLEX FENIX PARK, BRATISLAVA;Bratislava - Nové Mesto;Polyfunkcia;posúdené;WIGRO TRADE CENTER a.s, Jašíkova 2;26;;;https://www.google.com/maps/search/POLYFUNK%C4%8CN%C3%9D%20KOMPLEX%20FENIX%20PARK%2C%20BRATISLAVA%20Bratislava%20-%20Nov%C3%A9%20Mesto;https://www.enviroportal.sk/eia/detail/polyfunkcny-komplex-fenix-park-bratislava
parkovaci-dom-so-101-;Parkovací dom (SO - 101);Bratislava - Nové Mesto;Zeleň a verejný priestor;posúdené;EURO INVEST II. spol. s r.o., Tomášikova 50/E;5;;;https://www.google.com/maps/search/Parkovac%C3%AD%20dom%20%28SO%20-%20101%29%20Bratislava%20-%20Nov%C3%A9%20Mesto;https://www.enviroportal.sk/eia/detail/parkovaci-dom-so-101-
parkovaci-dom-na-podnikovej-ul-;Parkovací dom na Podnikovej ul.;Bratislava - Nové Mesto;Doprava;posúdené;NOBELOVA INVEST, s.r.o., Jozefská 2979/1;3;;;https://www.google.com/maps/search/Parkovac%C3%AD%20dom%20na%20Podnikovej%20ul.%20Bratislava%20-%20Nov%C3%A9%20Mesto;https://www.enviroportal.sk/eia/detail/parkovaci-dom-na-podnikovej-ul-
parkovisko-szu-kramare;Parkovisko SZU Kramáre;Bratislava - Nové Mesto;Doprava;posúdené;ProPark GROUP a.s., Krížna 47;8;;;https://www.google.com/maps/search/Parkovisko%20SZU%20Kram%C3%A1re%20Bratislava%20-%20Nov%C3%A9%20Mesto;https://www.enviroportal.sk/eia/detail/parkovisko-szu-kramare
polus-tower-3--bratislava-administrativna-budova-millennium-tower-iii;Polus Tower 3, a.s. Bratislava, Administratívna budova Millennium Tower III;Bratislava - Nové Mesto;Administratíva;posúdené;Polus Tower 3, a.s., Vajnorská 100/B;3;;;https://www.google.com/maps/search/Polus%20Tower%203%2C%20a.s.%20Bratislava%2C%20Administrat%C3%ADvna%20budova%20Millennium%20Tower%20III%20Bratislava%20-%20Nov%C3%A9%20Mesto;https://www.enviroportal.sk/eia/detail/polus-tower-3--bratislava-administrativna-budova-millennium-tower-iii
polyfunkcna-budova-parkovaci-dom-kaufland;Polyfunkčná budova a parkovací dom Kaufland;Bratislava - Nové Mesto;Polyfunkcia;posúdené;Kaufland Slovenská republika v.o.s., Trnavská cesta 41/A;5;;;https://www.google.com/maps/search/Polyfunk%C4%8Dn%C3%A1%20budova%20a%20parkovac%C3%AD%20dom%20Kaufland%20Bratislava%20-%20Nov%C3%A9%20Mesto;https://www.enviroportal.sk/eia/detail/polyfunkcna-budova-parkovaci-dom-kaufland
polyfunkcny-blok-vlarska;Polyfunkčný blok Vlárska;Bratislava - Nové Mesto;Polyfunkcia;zámer;SEDUS Group a.s.;14;;;https://www.google.com/maps/search/Polyfunk%C4%8Dn%C3%BD%20blok%20Vl%C3%A1rska%20Bratislava%20-%20Nov%C3%A9%20Mesto;https://www.enviroportal.sk/eia/detail/polyfunkcny-blok-vlarska
polyfunkcny-bytovy-dom-racianska-bratislava;Polyfunkčný bytový dom RAČIANSKA, Bratislava;Bratislava - Nové Mesto;Bývanie;posúdené;M S arch, s.r.o., Bartókova 1;7;;;https://www.google.com/maps/search/Polyfunk%C4%8Dn%C3%BD%20bytov%C3%BD%20dom%20RA%C4%8CIANSKA%2C%20Bratislava%20Bratislava%20-%20Nov%C3%A9%20Mesto;https://www.enviroportal.sk/eia/detail/polyfunkcny-bytovy-dom-racianska-bratislava
polyfunkcny-bytovy-dom-racianska;Polyfunkčný bytový dom Račianska;Bratislava - Nové Mesto;Bývanie;posúdené;M S arch, s.r.o., Bartókova 1;8;;;https://www.google.com/maps/search/Polyfunk%C4%8Dn%C3%BD%20bytov%C3%BD%20dom%20Ra%C4%8Dianska%20Bratislava%20-%20Nov%C3%A9%20Mesto;https://www.enviroportal.sk/eia/detail/polyfunkcny-bytovy-dom-racianska
polyfunkcny-komplex-zatisie;Polyfunkčný komplex Zátišie;Bratislava - Nové Mesto;Polyfunkcia;posúdené;ATRIOS real estate s.r.o.;7;;;https://www.google.com/maps/search/Polyfunk%C4%8Dn%C3%BD%20komplex%20Z%C3%A1ti%C5%A1ie%20Bratislava%20-%20Nov%C3%A9%20Mesto;https://www.enviroportal.sk/eia/detail/polyfunkcny-komplex-zatisie
polyfunkcny-objekt-stara-vajnorska-bratislava;Polyfunkčný objekt - Stará Vajnorská, Bratislava;Bratislava - Nové Mesto;Polyfunkcia;posúdené;J.P. s.r.o. a Best All spol. s r.o.;9;;;https://www.google.com/maps/search/Polyfunk%C4%8Dn%C3%BD%20objekt%20-%20Star%C3%A1%20Vajnorsk%C3%A1%2C%20Bratislava%20Bratislava%20-%20Nov%C3%A9%20Mesto;https://www.enviroportal.sk/eia/detail/polyfunkcny-objekt-stara-vajnorska-bratislava
polyfunkcny-objekt-garden-park-stavebne-upravy-zmena-ucelu-vyuzitia-ob;Polyfunkčný objekt Garden Park – stavebné úpravy a zmena účelu využitia objektu;Bratislava - Nové Mesto;Polyfunkcia;povolené;Zipp Resident s.r.o.;6;;;https://www.google.com/maps/search/Polyfunk%C4%8Dn%C3%BD%20objekt%20Garden%20Park%20%E2%80%93%20stavebn%C3%A9%20%C3%BApravy%20a%20zmena%20%C3%BA%C4%8Delu%20vyu%C5%BEitia%20objektu%20Bratislava%20-%20Nov%C3%A9%20Mesto;https://www.enviroportal.sk/eia/detail/polyfunkcny-objekt-garden-park-stavebne-upravy-zmena-ucelu-vyuzitia-ob
polyfunkcny-objekt-kominarca;Polyfunkčný objekt KOMINARCA;Bratislava - Nové Mesto;Bývanie;posúdené;ACS Kominárska, s.r.o.;5;;;https://www.google.com/maps/search/Polyfunk%C4%8Dn%C3%BD%20objekt%20KOMINARCA%20Bratislava%20-%20Nov%C3%A9%20Mesto;https://www.enviroportal.sk/eia/detail/polyfunkcny-objekt-kominarca
polyfunkcny-objekt-racianska-pionierska-bratislava;Polyfunkčný objekt Račianska – Pionierska, Bratislava;Bratislava - Nové Mesto;Polyfunkcia;zámer;JUNIS Development, s.r.o, Račianska 69;3;;;https://www.google.com/maps/search/Polyfunk%C4%8Dn%C3%BD%20objekt%20Ra%C4%8Dianska%20%E2%80%93%20Pionierska%2C%20Bratislava%20Bratislava%20-%20Nov%C3%A9%20Mesto;https://www.enviroportal.sk/eia/detail/polyfunkcny-objekt-racianska-pionierska-bratislava
polyfunkcny-obytny-subor-slovany-bratislava-i-etapa-mc-bratislava-nove;Polyfunkčný obytný súbor SLOVANY Bratislava - I. etapa, MČ Bratislava - Nové Mesto;Bratislava - Nové Mesto;Bývanie;posúdené;SLOVANY s.r.o., Riazanská 33;10;;;https://www.google.com/maps/search/Polyfunk%C4%8Dn%C3%BD%20obytn%C3%BD%20s%C3%BAbor%20SLOVANY%20Bratislava%20-%20I.%20etapa%2C%20M%C4%8C%20Bratislava%20-%20Nov%C3%A9%20Mesto%20Bratislava%20-%20Nov%C3%A9%20Mesto;https://www.enviroportal.sk/eia/detail/polyfunkcny-obytny-subor-slovany-bratislava-i-etapa-mc-bratislava-nove
polyfunkcny-subor-r66-racianska-bratislava;Polyfunkčný súbor R66 - Račianska, Bratislava;Bratislava - Nové Mesto;Polyfunkcia;zámer;CC Pi s.r.o., Mýtna 48;9;;;https://www.google.com/maps/search/Polyfunk%C4%8Dn%C3%BD%20s%C3%BAbor%20R66%20-%20Ra%C4%8Dianska%2C%20Bratislava%20Bratislava%20-%20Nov%C3%A9%20Mesto;https://www.enviroportal.sk/eia/detail/polyfunkcny-subor-r66-racianska-bratislava
polyfunkcny-subor-vajnorska;Polyfunkčný súbor Vajnorská;Bratislava - Nové Mesto;Polyfunkcia;zámer;UNL, s.r.o., Digital Park II, Einsteinova 25;10;;;https://www.google.com/maps/search/Polyfunk%C4%8Dn%C3%BD%20s%C3%BAbor%20Vajnorsk%C3%A1%20Bratislava%20-%20Nov%C3%A9%20Mesto;https://www.enviroportal.sk/eia/detail/polyfunkcny-subor-vajnorska
program-rozvoja-mestskej-casti-bratislava-nove-mesto-2016-2020;Program rozvoja mestskej časti Bratislava - Nové Mesto 2016 - 2020;Bratislava - Nové Mesto;Plány a koncepcie;posúdené;Mestská časť Bratislava - Nové Mesto;6;;;https://www.google.com/maps/search/Program%20rozvoja%20mestskej%20%C4%8Dasti%20Bratislava%20-%20Nov%C3%A9%20Mesto%202016%20-%202020%20Bratislava%20-%20Nov%C3%A9%20Mesto;https://www.enviroportal.sk/eia/detail/program-rozvoja-mestskej-casti-bratislava-nove-mesto-2016-2020
pristavba-diagnostickeho-centra-v-areali-nuscch-bratislava-1;Prístavba diagnostického centra v areáli NÚSCCH a.s. Bratislava;Bratislava - Nové Mesto;Doprava;posúdené;Národný ústav srdcovo cievnych chorôb, a.s., Pod Krásnou Hôrkou č. 1;11;;;https://www.google.com/maps/search/Pr%C3%ADstavba%20diagnostick%C3%A9ho%20centra%20v%20are%C3%A1li%20N%C3%9ASCCH%20a.s.%20Bratislava%20Bratislava%20-%20Nov%C3%A9%20Mesto;https://www.enviroportal.sk/eia/detail/pristavba-diagnostickeho-centra-v-areali-nuscch-bratislava-1
rekonstrukcia-objektu-polyfunkcny-objekt-kominarska-ul-bratislava;Rekonštrukcia objektu - polyfunkčný objekt, Kominárska ul., Bratislava;Bratislava - Nové Mesto;Polyfunkcia;posúdené;Lofty Kominárska, s.r.o., Tupého 25/A;14;;;https://www.google.com/maps/search/Rekon%C5%A1trukcia%20objektu%20-%20polyfunk%C4%8Dn%C3%BD%20objekt%2C%20Komin%C3%A1rska%20ul.%2C%20Bratislava%20Bratislava%20-%20Nov%C3%A9%20Mesto;https://www.enviroportal.sk/eia/detail/rekonstrukcia-objektu-polyfunkcny-objekt-kominarska-ul-bratislava
rekonstrukcia-stacacieho-miesta-sirouhlika-cs2-;Rekonštrukcia stáčacieho miesta sírouhlíka (CS2);Bratislava - Nové Mesto;Výroba a sklady;posúdené;Duslo, a. s, Administratívna budova, ev. č. 1236;21;;;https://www.google.com/maps/search/Rekon%C5%A1trukcia%20st%C3%A1%C4%8Dacieho%20miesta%20s%C3%ADrouhl%C3%ADka%20%28CS2%29%20Bratislava%20-%20Nov%C3%A9%20Mesto;https://www.enviroportal.sk/eia/detail/rekonstrukcia-stacacieho-miesta-sirouhlika-cs2-
rekonstrukcia-dostavba-nadstavba-objektu-polyfunkcny-objekt;Rekonštrukcia, dostavba a nadstavba objektu – polyfunkčný objekt;Bratislava - Nové Mesto;Polyfunkcia;posúdené;IMC s.r.o., Tupého 25/A;10;;;https://www.google.com/maps/search/Rekon%C5%A1trukcia%2C%20dostavba%20a%20nadstavba%20objektu%20%E2%80%93%20polyfunk%C4%8Dn%C3%BD%20objekt%20Bratislava%20-%20Nov%C3%A9%20Mesto;https://www.enviroportal.sk/eia/detail/rekonstrukcia-dostavba-nadstavba-objektu-polyfunkcny-objekt
revitalizacia-sanatoria-zelezna-studnicka;Revitalizácia Sanatória Železná studnička;Bratislava - Nové Mesto;Vybavenosť;zámer;Železná studnička, a.s., Plynárenská 7/A;26;;;https://www.google.com/maps/search/Revitaliz%C3%A1cia%20Sanat%C3%B3ria%20%C5%BDelezn%C3%A1%20studni%C4%8Dka%20Bratislava%20-%20Nov%C3%A9%20Mesto;https://www.enviroportal.sk/eia/detail/revitalizacia-sanatoria-zelezna-studnicka
revitalizacia-transformacia-casti-brownfieldu-palma;Revitalizácia a transformácia časti brownfieldu PALMA;Bratislava - Nové Mesto;Bývanie;posúdené;CG SK SPV 1 s.r.o., Mýtna 48;8;;;https://www.google.com/maps/search/Revitaliz%C3%A1cia%20a%20transform%C3%A1cia%20%C4%8Dasti%20brownfieldu%20PALMA%20Bratislava%20-%20Nov%C3%A9%20Mesto;https://www.enviroportal.sk/eia/detail/revitalizacia-transformacia-casti-brownfieldu-palma
revitalizacia-architektonickej-parkovej-upravy-parku-racianske-myto;Revitalizácia architektonickej a parkovej úpravy parku Račianske mýto;Bratislava - Nové Mesto;Vybavenosť;dokončené;Mestská časť Bratislava - Nové Mesto, Junácka 1;32;;;https://www.google.com/maps/search/Revitaliz%C3%A1cia%20architektonickej%20a%20parkovej%20%C3%BApravy%20parku%20Ra%C4%8Dianske%20m%C3%BDto%20Bratislava%20-%20Nov%C3%A9%20Mesto;https://www.enviroportal.sk/eia/detail/revitalizacia-architektonickej-parkovej-upravy-parku-racianske-myto
revitalizacia-kupaliska-zelezna-studnicka;Revitalizácia kúpaliska Železná studnička;Bratislava - Nové Mesto;Zeleň a verejný priestor;posúdené;FIBINGER ARCHITECTS, s.r.o., Vajnorská 83;50;;;https://www.google.com/maps/search/Revitaliz%C3%A1cia%20k%C3%BApaliska%20%C5%BDelezn%C3%A1%20studni%C4%8Dka%20Bratislava%20-%20Nov%C3%A9%20Mesto;https://www.enviroportal.sk/eia/detail/revitalizacia-kupaliska-zelezna-studnicka
revitalizacia-parku-na-racianskom-myte-v-bratislave;Revitalizácia parku na Račianskom mýte v Bratislave;Bratislava - Nové Mesto;Zeleň a verejný priestor;posúdené;Mestská časť Bratislava – Nové Mesto, Junácka 1;5;;;https://www.google.com/maps/search/Revitaliz%C3%A1cia%20parku%20na%20Ra%C4%8Dianskom%20m%C3%BDte%20v%20Bratislave%20Bratislava%20-%20Nov%C3%A9%20Mesto;https://www.enviroportal.sk/eia/detail/revitalizacia-parku-na-racianskom-myte-v-bratislave
rezidencia-horizont;Rezidencia Horizont;Bratislava - Nové Mesto;Bývanie;posúdené;METROPOL Slovakia, s.r.o.;3;;;https://www.google.com/maps/search/Rezidencia%20Horizont%20Bratislava%20-%20Nov%C3%A9%20Mesto;https://www.enviroportal.sk/eia/detail/rezidencia-horizont
rezidencia-horizont-bratislava;Rezidencia Horizont Bratislava;Bratislava - Nové Mesto;Bývanie;zámer;REBLOK, a.s., Jelačičova 8 Bratislava;12;;;https://www.google.com/maps/search/Rezidencia%20Horizont%20Bratislava%20Bratislava%20-%20Nov%C3%A9%20Mesto;https://www.enviroportal.sk/eia/detail/rezidencia-horizont-bratislava
restauracia-snezienka-rekonstrukcia-objektu;Reštaurácia Snežienka - rekonštrukcia objektu;Bratislava - Nové Mesto;Výroba a sklady;posúdené;Snežienka s.r.o., Ul. Svornosti 43;7;;;https://www.google.com/maps/search/Re%C5%A1taur%C3%A1cia%20Sne%C5%BEienka%20-%20rekon%C5%A1trukcia%20objektu%20Bratislava%20-%20Nov%C3%A9%20Mesto;https://www.enviroportal.sk/eia/detail/restauracia-snezienka-rekonstrukcia-objektu
rozsirenie-cirkulacnej-chladiacej-stanice-ps-16;Rozšírenie Cirkulačnej chladiacej stanice PS 16;Bratislava - Nové Mesto;Výroba a sklady;dokončené;Duslo, a. s., Administratívna budova, ev.č. 1236;3;;;https://www.google.com/maps/search/Roz%C5%A1%C3%ADrenie%20Cirkula%C4%8Dnej%20chladiacej%20stanice%20PS%2016%20Bratislava%20-%20Nov%C3%A9%20Mesto;https://www.enviroportal.sk/eia/detail/rozsirenie-cirkulacnej-chladiacej-stanice-ps-16
rozsirenie-hlbkotlacoveho-zavodu-burda-s-g-s-r-o-bratislava;Rozšírenie hĺbkotlačového závodu BURDA S.G., s.r.o., Bratislava;Bratislava - Nové Mesto;Výroba a sklady;dokončené;Burda S.G., spol. s r.o., Stará Vajnorská 9;17;;;https://www.google.com/maps/search/Roz%C5%A1%C3%ADrenie%20h%C4%BAbkotla%C4%8Dov%C3%A9ho%20z%C3%A1vodu%20BURDA%20S.G.%2C%20s.r.o.%2C%20Bratislava%20Bratislava%20-%20Nov%C3%A9%20Mesto;https://www.enviroportal.sk/eia/detail/rozsirenie-hlbkotlacoveho-zavodu-burda-s-g-s-r-o-bratislava
rozsirenie-prevadzky-na-vykup-spracovanie-zelezneho-srotu-farebnych-ko;Rozšírenie prevádzky na výkup a spracovanie železného šrotu a farebných kovov v areáli závodu Istrochem, a.s. Bratislava - Nové Mesto;Bratislava - Nové Mesto;Výroba a sklady;dokončené;TSR Slovakia, s.r.o., Rontgenova 28;9;;;https://www.google.com/maps/search/Roz%C5%A1%C3%ADrenie%20prev%C3%A1dzky%20na%20v%C3%BDkup%20a%20spracovanie%20%C5%BEelezn%C3%A9ho%20%C5%A1rotu%20a%20farebn%C3%BDch%20kovov%20v%20are%C3%A1li%20z%C3%A1vodu%20Istrochem%2C%20a.s.%20Bratislava%20-%20Nov%C3%A9%20Mesto%20Bratislava%20-%20Nov%C3%A9%20Mesto;https://www.enviroportal.sk/eia/detail/rozsirenie-prevadzky-na-vykup-spracovanie-zelezneho-srotu-farebnych-ko
rozsirenie-zberu-o-nove-katalogove-cisla-odpadov-zariadenie-na-zber-od;Rozšírenie zberu o nové katalógové čísla odpadov ZARIADENIE NA ZBER ODPADOV Bratislava – Nové Mesto, Stará Vajnorská 6;Bratislava - Nové Mesto;Výroba a sklady;dokončené;Marius Pedersen, a.s., Opatovská 1735;8;;;https://www.google.com/maps/search/Roz%C5%A1%C3%ADrenie%20zberu%20o%20nov%C3%A9%20katal%C3%B3gov%C3%A9%20%C4%8D%C3%ADsla%20odpadov%20ZARIADENIE%20NA%20ZBER%20ODPADOV%20Bratislava%20%E2%80%93%20Nov%C3%A9%20Mesto%2C%20Star%C3%A1%20Vajnorsk%C3%A1%206%20Bratislava%20-%20Nov%C3%A9%20Mesto;https://www.enviroportal.sk/eia/detail/rozsirenie-zberu-o-nove-katalogove-cisla-odpadov-zariadenie-na-zber-od
rozsirenie-zberu-o-nove-katalogove-cisla-odpadov-pri-zachovani-celkove;Rozšírenie zberu o nové katalógové čísla odpadov pri zachovaní celkovej kapacity zariadenia ZARIADENIE NA ZBER ODPADOV Bratislava - Nové Mesto, Stará ;Bratislava - Nové Mesto;Technická infraštruktúra;dokončené;Marius Pedersen, a.s., Súvoz 1;8;;;https://www.google.com/maps/search/Roz%C5%A1%C3%ADrenie%20zberu%20o%20nov%C3%A9%20katal%C3%B3gov%C3%A9%20%C4%8D%C3%ADsla%20odpadov%20pri%20zachovan%C3%AD%20celkovej%20kapacity%20zariadenia%20ZARIADENIE%20NA%20ZBER%20ODPADOV%20Bratislava%20-%20Nov%C3%A9%20Mesto%2C%20Star%C3%A1%20%20Bratislava%20-%20Nov%C3%A9%20Mesto;https://www.enviroportal.sk/eia/detail/rozsirenie-zberu-o-nove-katalogove-cisla-odpadov-pri-zachovani-celkove
skladove-prevadzkove-priestory-pre-saint-gobain-isover-slovakia-spol-s;Skladové a prevádzkové priestory pre Saint-Gobain Isover Slovakia, spol. s r.o.;Bratislava - Nové Mesto;Výroba a sklady;posúdené;SAINT-GOBAIN WEBER TERRANOVA SPOL. S R.O., Stará Vajnorská 139;4;;;https://www.google.com/maps/search/Skladov%C3%A9%20a%20prev%C3%A1dzkov%C3%A9%20priestory%20pre%20Saint-Gobain%20Isover%20Slovakia%2C%20spol.%20s%20r.o.%20Bratislava%20-%20Nov%C3%A9%20Mesto;https://www.enviroportal.sk/eia/detail/skladove-prevadzkove-priestory-pre-saint-gobain-isover-slovakia-spol-s
vajnorska-bratislava;Vajnorská, Bratislava;Bratislava - Nové Mesto;Polyfunkcia;posúdené;RV Development 1 s.r.o., Krížna 47;19;;;https://www.google.com/maps/search/Vajnorsk%C3%A1%2C%20Bratislava%20Bratislava%20-%20Nov%C3%A9%20Mesto;https://www.enviroportal.sk/eia/detail/vajnorska-bratislava
volnocasovy-priestor-jama;Voľnočasový priestor JAMA;Bratislava - Nové Mesto;Výroba a sklady;posúdené;Mestská časť Bratislava – Nové Mesto, Junácka 1;24;;;https://www.google.com/maps/search/Vo%C4%BEno%C4%8Dasov%C3%BD%20priestor%20JAMA%20Bratislava%20-%20Nov%C3%A9%20Mesto;https://www.enviroportal.sk/eia/detail/volnocasovy-priestor-jama
vykup-farebnych-kovov-zelezneho-srotu-rozsirenie-o-zber-baterii-akumul;Výkup farebných kovov a železného šrotu, rozšírenie o zber batérií a akumulátorov;Bratislava - Nové Mesto;Výroba a sklady;dokončené;Peter Cvik, Šancová 49;4;;;https://www.google.com/maps/search/V%C3%BDkup%20farebn%C3%BDch%20kovov%20a%20%C5%BEelezn%C3%A9ho%20%C5%A1rotu%2C%20roz%C5%A1%C3%ADrenie%20o%20zber%20bat%C3%A9ri%C3%AD%20a%20akumul%C3%A1torov%20Bratislava%20-%20Nov%C3%A9%20Mesto;https://www.enviroportal.sk/eia/detail/vykup-farebnych-kovov-zelezneho-srotu-rozsirenie-o-zber-baterii-akumul
vyrobna-kompozitnych-materialov-bratislava;Výrobňa kompozitných materiálov, Bratislava;Bratislava - Nové Mesto;Výroba a sklady;posúdené;Tau-chem spol. s r.o., Nobelova 34;7;;;https://www.google.com/maps/search/V%C3%BDrob%C5%88a%20kompozitn%C3%BDch%20materi%C3%A1lov%2C%20Bratislava%20Bratislava%20-%20Nov%C3%A9%20Mesto;https://www.enviroportal.sk/eia/detail/vyrobna-kompozitnych-materialov-bratislava
vystavba-kotla-75t-h-v-teplarni-vychod;Výstavba kotla 75t/h v Teplárni východ;Bratislava - Nové Mesto;Výroba a sklady;posúdené;Bratislavská teplárenská, a.s., Bajkalská 21/A;6;;;https://www.google.com/maps/search/V%C3%BDstavba%20kotla%2075t/h%20v%20Tepl%C3%A1rni%20v%C3%BDchod%20Bratislava%20-%20Nov%C3%A9%20Mesto;https://www.enviroportal.sk/eia/detail/vystavba-kotla-75t-h-v-teplarni-vychod
vystavba-novej-prevadzky-na-vykup-spracovanie-zelezneho-srotu-farebnyc;Výstavba novej prevádzky na výkup a spracovanie železného šrotu a farebných kovov v areáli závodu Istrochem, a.s. Bratislava - Nové Mesto;Bratislava - Nové Mesto;Výroba a sklady;posúdené;TSR Slovakia, s.r.o., Röntgenova 28;5;;;https://www.google.com/maps/search/V%C3%BDstavba%20novej%20prev%C3%A1dzky%20na%20v%C3%BDkup%20a%20spracovanie%20%C5%BEelezn%C3%A9ho%20%C5%A1rotu%20a%20farebn%C3%BDch%20kovov%20v%20are%C3%A1li%20z%C3%A1vodu%20Istrochem%2C%20a.s.%20Bratislava%20-%20Nov%C3%A9%20Mesto%20Bratislava%20-%20Nov%C3%A9%20Mesto;https://www.enviroportal.sk/eia/detail/vystavba-novej-prevadzky-na-vykup-spracovanie-zelezneho-srotu-farebnyc
vystavba-technologie-na-vysokoucinnu-kombinovanu-vyrobu-elektriny-tepl;Výstavba technológie na vysokoúčinnú kombinovanú výrobu elektriny a tepla ako náhrady za súčasné zdroje v SCZT Východ, Akumulácia tepelnej energie;Bratislava - Nové Mesto;Výroba a sklady;povolené;MH Teplárenský holding, a. s., závod MHTH Bratislava, Turbínová 3;13;;;https://www.google.com/maps/search/V%C3%BDstavba%20technol%C3%B3gie%20na%20vysoko%C3%BA%C4%8Dinn%C3%BA%20kombinovan%C3%BA%20v%C3%BDrobu%20elektriny%20a%20tepla%20ako%20n%C3%A1hrady%20za%20s%C3%BA%C4%8Dasn%C3%A9%20zdroje%20v%20SCZT%20V%C3%BDchod%2C%20Akumul%C3%A1cia%20tepelnej%20energie%20Bratislava%20-%20Nov%C3%A9%20Mesto;https://www.enviroportal.sk/eia/detail/vystavba-technologie-na-vysokoucinnu-kombinovanu-vyrobu-elektriny-tepl
zariadenie-na-zber-spracovanie-elektrozariadeni-kablov-bratislava;Zariadenie na zber a spracovanie elektrozariadení a káblov, Bratislava;Bratislava - Nové Mesto;Výroba a sklady;zámer;P+K s.r.o, Vajnorská 89;13;;;https://www.google.com/maps/search/Zariadenie%20na%20zber%20a%20spracovanie%20elektrozariaden%C3%AD%20a%20k%C3%A1blov%2C%20Bratislava%20Bratislava%20-%20Nov%C3%A9%20Mesto;https://www.enviroportal.sk/eia/detail/zariadenie-na-zber-spracovanie-elektrozariadeni-kablov-bratislava
zariadenie-na-zber-spracovanie-zelezneho-srotu-farebnych-kovov-starych;Zariadenie na zber a spracovanie železného šrotu, farebných kovov a starých vozidiel v areáli závodu Istrochem, a. s. Bratislava - Nové Mesto;Bratislava - Nové Mesto;Výroba a sklady;posúdené;TSR Slovakia, s r. o., Hrabové 313;5;;;https://www.google.com/maps/search/Zariadenie%20na%20zber%20a%20spracovanie%20%C5%BEelezn%C3%A9ho%20%C5%A1rotu%2C%20farebn%C3%BDch%20kovov%20a%20star%C3%BDch%20vozidiel%20v%20are%C3%A1li%20z%C3%A1vodu%20Istrochem%2C%20a.%20s.%20Bratislava%20-%20Nov%C3%A9%20Mesto%20Bratislava%20-%20Nov%C3%A9%20Mesto;https://www.enviroportal.sk/eia/detail/zariadenie-na-zber-spracovanie-zelezneho-srotu-farebnych-kovov-starych
zariadenie-na-zber-zhodnocovanie-zelezneho-srotu-farebnych-kovov-stary-1;Zariadenie na zber a zhodnocovanie železného šrotu, farebných kovov a starých vozidiel v areáli závodu Istrochem, a. s. Bratislava – Nové Mesto;Bratislava - Nové Mesto;Výroba a sklady;zámer;TSR Slovakia, s.r.o., Röntgenová 28;4;;;https://www.google.com/maps/search/Zariadenie%20na%20zber%20a%20zhodnocovanie%20%C5%BEelezn%C3%A9ho%20%C5%A1rotu%2C%20farebn%C3%BDch%20kovov%20a%20star%C3%BDch%20vozidiel%20v%20are%C3%A1li%20z%C3%A1vodu%20Istrochem%2C%20a.%20s.%20Bratislava%20%E2%80%93%20Nov%C3%A9%20Mesto%20Bratislava%20-%20Nov%C3%A9%20Mesto;https://www.enviroportal.sk/eia/detail/zariadenie-na-zber-zhodnocovanie-zelezneho-srotu-farebnych-kovov-stary-1
zariadenie-na-zber-odpadov-bratislava-nove-mesto;Zariadenie na zber odpadov Bratislava - Nové Mesto;Bratislava - Nové Mesto;Výroba a sklady;posúdené;KOVOD, a.s., Partizánska cesta 91;13;;;https://www.google.com/maps/search/Zariadenie%20na%20zber%20odpadov%20Bratislava%20-%20Nov%C3%A9%20Mesto%20Bratislava%20-%20Nov%C3%A9%20Mesto;https://www.enviroportal.sk/eia/detail/zariadenie-na-zber-odpadov-bratislava-nove-mesto
zber-starych-vozidiel-vajnorska-ulica-bratislava;Zber starých vozidiel, Vajnorská ulica, Bratislava;Bratislava - Nové Mesto;Výroba a sklady;posúdené;CVIK, s. r. o., CVIK, s. r. o.;7;;;https://www.google.com/maps/search/Zber%20star%C3%BDch%20vozidiel%2C%20Vajnorsk%C3%A1%20ulica%2C%20Bratislava%20Bratislava%20-%20Nov%C3%A9%20Mesto;https://www.enviroportal.sk/eia/detail/zber-starych-vozidiel-vajnorska-ulica-bratislava
zber-starych-vozidiel-vajnorska-ulica-bratislava-rozsirenie-zoznamu-od;Zber starých vozidiel, Vajnorská ulica, Bratislava – rozšírenie zoznamu odpadov;Bratislava - Nové Mesto;Technická infraštruktúra;dokončené;CVIK, s.r.o., Račianska 1549/12;8;;;https://www.google.com/maps/search/Zber%20star%C3%BDch%20vozidiel%2C%20Vajnorsk%C3%A1%20ulica%2C%20Bratislava%20%E2%80%93%20roz%C5%A1%C3%ADrenie%20zoznamu%20odpadov%20Bratislava%20-%20Nov%C3%A9%20Mesto;https://www.enviroportal.sk/eia/detail/zber-starych-vozidiel-vajnorska-ulica-bratislava-rozsirenie-zoznamu-od
zberna-vykupna-druhotnych-surovin-v-bratislave-nove-mesto;Zberňa a výkupňa druhotných surovín v Bratislave - Nové Mesto;Bratislava - Nové Mesto;Výroba a sklady;posúdené;PAX Trade s.r.o., Kríkova 8;5;;;https://www.google.com/maps/search/Zber%C5%88a%20a%20v%C3%BDkup%C5%88a%20druhotn%C3%BDch%20surov%C3%ADn%20v%20Bratislave%20-%20Nov%C3%A9%20Mesto%20Bratislava%20-%20Nov%C3%A9%20Mesto;https://www.enviroportal.sk/eia/detail/zberna-vykupna-druhotnych-surovin-v-bratislave-nove-mesto
zberna-druhotnych-surovin-racianska-bratislava;Zberňa druhotných surovín Račianska, Bratislava;Bratislava - Nové Mesto;Bývanie;posúdené;Majkov s r. o. Žarnovická 5;6;;;https://www.google.com/maps/search/Zber%C5%88a%20druhotn%C3%BDch%20surov%C3%ADn%20Ra%C4%8Dianska%2C%20Bratislava%20Bratislava%20-%20Nov%C3%A9%20Mesto;https://www.enviroportal.sk/eia/detail/zberna-druhotnych-surovin-racianska-bratislava
zhodnocovanie-ostatnych-odpadov-modernizacia;Zhodnocovanie ostatných odpadov, modernizácia;Bratislava - Nové Mesto;Technická infraštruktúra;posúdené;OSPRA-INVEST spol. s r. o., Podzáhradná 70;10;;;https://www.google.com/maps/search/Zhodnocovanie%20ostatn%C3%BDch%20odpadov%2C%20moderniz%C3%A1cia%20Bratislava%20-%20Nov%C3%A9%20Mesto;https://www.enviroportal.sk/eia/detail/zhodnocovanie-ostatnych-odpadov-modernizacia
zmeny-doplnky-uzemneho-planu-zony-koliba-kamenne-sady;Zmeny a doplnky územného plánu zóny Koliba – Kamenné sady;Bratislava - Nové Mesto;Plány a koncepcie;posúdené;Mestská časť Bratislava – Nové Mesto, Junácka č. 1;11;;;https://www.google.com/maps/search/Zmeny%20a%20doplnky%20%C3%BAzemn%C3%A9ho%20pl%C3%A1nu%20z%C3%B3ny%20Koliba%20%E2%80%93%20Kamenn%C3%A9%20sady%20Bratislava%20-%20Nov%C3%A9%20Mesto;https://www.enviroportal.sk/eia/detail/zmeny-doplnky-uzemneho-planu-zony-koliba-kamenne-sady
zmeny-doplnky-uzemneho-planu-zony-podhorsky-pas;Zmeny a doplnky územného plánu zóny Podhorský pás;Bratislava - Nové Mesto;Plány a koncepcie;zámer;Mestská časť Bratislava - Nové Mesto;24;;;https://www.google.com/maps/search/Zmeny%20a%20doplnky%20%C3%BAzemn%C3%A9ho%20pl%C3%A1nu%20z%C3%B3ny%20Podhorsk%C3%BD%20p%C3%A1s%20Bratislava%20-%20Nov%C3%A9%20Mesto;https://www.enviroportal.sk/eia/detail/zmeny-doplnky-uzemneho-planu-zony-podhorsky-pas
uzemny-plan-hlavneho-mesta-sr-bratislavy-rok-2007-v-zneni-neskorsich-z-6;Územný plán hlavného mesta SR Bratislavy rok 2007 v znení neskorších zmien a doplnkov, zmeny a doplnky 12“ v lokalite Palma;Bratislava - Nové Mesto;Plány a koncepcie;posúdené;Hlavné mesto SR Bratislava, Primaciálne námestie 1;6;;;https://www.google.com/maps/search/%C3%9Azemn%C3%BD%20pl%C3%A1n%20hlavn%C3%A9ho%20mesta%20SR%20Bratislavy%20rok%202007%20v%20znen%C3%AD%20neskor%C5%A1%C3%ADch%20zmien%20a%20doplnkov%2C%20zmeny%20a%20doplnky%2012%20v%20lokalite%20Palma%20Bratislava%20-%20Nov%C3%A9%20Mesto;https://www.enviroportal.sk/eia/detail/uzemny-plan-hlavneho-mesta-sr-bratislavy-rok-2007-v-zneni-neskorsich-z-6
uzemny-plan-zony-horny-kramer-2020;Územný plán zóny Horný Kramer 2020;Bratislava - Nové Mesto;Plány a koncepcie;posúdené;Mestská časť Bratislava - Nové Mesto;4;;;https://www.google.com/maps/search/%C3%9Azemn%C3%BD%20pl%C3%A1n%20z%C3%B3ny%20Horn%C3%BD%20Kramer%202020%20Bratislava%20-%20Nov%C3%A9%20Mesto;https://www.enviroportal.sk/eia/detail/uzemny-plan-zony-horny-kramer-2020
uzemny-plan-zony-jelsova-bratislava-kramare;Územný plán zóny Jelšová, Bratislava - Kramáre;Bratislava - Nové Mesto;Plány a koncepcie;posúdené;Mestská časť Bratislava – Nové Mesto;15;;;https://www.google.com/maps/search/%C3%9Azemn%C3%BD%20pl%C3%A1n%20z%C3%B3ny%20Jel%C5%A1ov%C3%A1%2C%20Bratislava%20-%20Kram%C3%A1re%20Bratislava%20-%20Nov%C3%A9%20Mesto;https://www.enviroportal.sk/eia/detail/uzemny-plan-zony-jelsova-bratislava-kramare
uzemny-plan-zony-kamenne-sady-2021;Územný plán zóny Kamenné sady 2021;Bratislava - Nové Mesto;Plány a koncepcie;posúdené;Metská Časť Bratislava - Nové Mesto;4;;;https://www.google.com/maps/search/%C3%9Azemn%C3%BD%20pl%C3%A1n%20z%C3%B3ny%20Kamenn%C3%A9%20sady%202021%20Bratislava%20-%20Nov%C3%A9%20Mesto;https://www.enviroportal.sk/eia/detail/uzemny-plan-zony-kamenne-sady-2021
uzemny-plan-zony-krahulcia-2020-1;Územný plán zóny Krahulčia 2020;Bratislava - Nové Mesto;Plány a koncepcie;posúdené;Mestská časť Bratislava - Nové Mesto;3;;;https://www.google.com/maps/search/%C3%9Azemn%C3%BD%20pl%C3%A1n%20z%C3%B3ny%20Krahul%C4%8Dia%202020%20Bratislava%20-%20Nov%C3%A9%20Mesto;https://www.enviroportal.sk/eia/detail/uzemny-plan-zony-krahulcia-2020-1
uzemny-plan-zony-krahulcia-2020;Územný plán zóny Krahulčia 2020;Bratislava - Nové Mesto;Plány a koncepcie;zámer;Mestská čast Bratislava - Nové Mesto;4;;;https://www.google.com/maps/search/%C3%9Azemn%C3%BD%20pl%C3%A1n%20z%C3%B3ny%20Krahul%C4%8Dia%202020%20Bratislava%20-%20Nov%C3%A9%20Mesto;https://www.enviroportal.sk/eia/detail/uzemny-plan-zony-krahulcia-2020
uzemny-plan-zony-na-revine;Územný plán zóny Na Revíne;Bratislava - Nové Mesto;Plány a koncepcie;posúdené;Mestská časť Bratislava - Nové Mesto;4;;;https://www.google.com/maps/search/%C3%9Azemn%C3%BD%20pl%C3%A1n%20z%C3%B3ny%20Na%20Rev%C3%ADne%20Bratislava%20-%20Nov%C3%A9%20Mesto;https://www.enviroportal.sk/eia/detail/uzemny-plan-zony-na-revine
uzemny-plan-zony-nobelova;Územný plán zóny Nobelova;Bratislava - Nové Mesto;Plány a koncepcie;posúdené;MČ Bratislava - Nové Mesto;6;;;https://www.google.com/maps/search/%C3%9Azemn%C3%BD%20pl%C3%A1n%20z%C3%B3ny%20Nobelova%20Bratislava%20-%20Nov%C3%A9%20Mesto;https://www.enviroportal.sk/eia/detail/uzemny-plan-zony-nobelova
uzemny-plan-zony-podhorsky-pas-koziarka-;Územný plán zóny Podhorský pás - KOZIARKA;Bratislava - Nové Mesto;Plány a koncepcie;posúdené;Mestská časť Bratislava - Nové Mesto;3;;;https://www.google.com/maps/search/%C3%9Azemn%C3%BD%20pl%C3%A1n%20z%C3%B3ny%20Podhorsk%C3%BD%20p%C3%A1s%20-%20KOZIARKA%20Bratislava%20-%20Nov%C3%A9%20Mesto;https://www.enviroportal.sk/eia/detail/uzemny-plan-zony-podhorsky-pas-koziarka-
uzemny-plan-zony-vlarska;Územný plán zóny Vlárska;Bratislava - Nové Mesto;Plány a koncepcie;posúdené;Mestská časť Bratislava - Nové Mesto;4;;;https://www.google.com/maps/search/%C3%9Azemn%C3%BD%20pl%C3%A1n%20z%C3%B3ny%20Vl%C3%A1rska%20Bratislava%20-%20Nov%C3%A9%20Mesto;https://www.enviroportal.sk/eia/detail/uzemny-plan-zony-vlarska
uzemny-plan-zony-tehelna-zmeny-doplnky-c-1-2024;Územný plán zóny tehelná Zmeny a doplnky č.1/2024;Bratislava - Nové Mesto;Plány a koncepcie;posúdené;Mestská časť Bratislava - Nové Mesto, Junácka 1;16;;;https://www.google.com/maps/search/%C3%9Azemn%C3%BD%20pl%C3%A1n%20z%C3%B3ny%20teheln%C3%A1%20Zmeny%20a%20doplnky%20%C4%8D.1/2024%20Bratislava%20-%20Nov%C3%A9%20Mesto;https://www.enviroportal.sk/eia/detail/uzemny-plan-zony-tehelna-zmeny-doplnky-c-1-2024
studia-prepojenia-zeleznicneho-koridoru-ten-t-s-letiskom-zeleznicnou-s-1;Štúdia prepojenia železničného koridoru TEN-T s letiskom a železničnou sieťou v Bratislave, ŽSR, Bratislava - železničné zapojenie letiska M.R.Štefáni;Bratislava - Nové Mesto;Doprava;posúdené;Železnice Slovenskej republiky, GR, Klemensova 8;25;;;https://www.google.com/maps/search/%C5%A0t%C3%BAdia%20prepojenia%20%C5%BEelezni%C4%8Dn%C3%A9ho%20koridoru%20TEN-T%20s%20letiskom%20a%20%C5%BEelezni%C4%8Dnou%20sie%C5%A5ou%20v%20Bratislave%2C%20%C5%BDSR%2C%20Bratislava%20-%20%C5%BEelezni%C4%8Dn%C3%A9%20zapojenie%20letiska%20M.R.%C5%A0tef%C3%A1ni%20Bratislava%20-%20Nov%C3%A9%20Mesto;https://www.enviroportal.sk/eia/detail/studia-prepojenia-zeleznicneho-koridoru-ten-t-s-letiskom-zeleznicnou-s-1
-nadstavba-polyfunkcneho-objektu-skultetyho-ul-bratislava-;„Nadstavba polyfunkčného objektu, Škultétyho ul. Bratislava“;Bratislava - Nové Mesto;Polyfunkcia;posúdené;TATRA REAL, a. s., Dunajská 25;11;;;https://www.google.com/maps/search/Nadstavba%20polyfunk%C4%8Dn%C3%A9ho%20objektu%2C%20%C5%A0kult%C3%A9tyho%20ul.%20Bratislava%20Bratislava%20-%20Nov%C3%A9%20Mesto;https://www.enviroportal.sk/eia/detail/-nadstavba-polyfunkcneho-objektu-skultetyho-ul-bratislava-
-program-hospodarskeho-rozvoja-socialneho-rozvoja-mestskej-casti-brati;„Program hospodárskeho rozvoja a sociálneho rozvoja mestskej časti Bratislava - Nové Mesto pre obdobie rokov 2022 až 2030“;Bratislava - Nové Mesto;Plány a koncepcie;posúdené;Mestská časť Bratislava - Nové Mesto;4;;;https://www.google.com/maps/search/Program%20hospod%C3%A1rskeho%20rozvoja%20a%20soci%C3%A1lneho%20rozvoja%20mestskej%20%C4%8Dasti%20Bratislava%20-%20Nov%C3%A9%20Mesto%20pre%20obdobie%20rokov%202022%20a%C5%BE%202030%20Bratislava%20-%20Nov%C3%A9%20Mesto;https://www.enviroportal.sk/eia/detail/-program-hospodarskeho-rozvoja-socialneho-rozvoja-mestskej-casti-brati
-uzemny-plan-zony-podhorsky-pas-velky-varan-slanec-;„Územný plán zóny Podhorský pás – VEĽKÝ VARAN/SLANEC“;Bratislava - Nové Mesto;Plány a koncepcie;dokončené;Mestská časť Bratislava - Nové mesto;4;;;https://www.google.com/maps/search/%C3%9Azemn%C3%BD%20pl%C3%A1n%20z%C3%B3ny%20Podhorsk%C3%BD%20p%C3%A1s%20%E2%80%93%20VE%C4%BDK%C3%9D%20VARAN/SLANEC%20Bratislava%20-%20Nov%C3%A9%20Mesto;https://www.enviroportal.sk/eia/detail/-uzemny-plan-zony-podhorsky-pas-velky-varan-slanec-
-city-center-bratislava-petrzalka;"""CITY CENTER"" Bratislava - Petržalka";Bratislava - Petržalka;Bývanie;posúdené;Alfa Development s.r.o., Údernícka 11;3;;;https://www.google.com/maps/search/%22CITY%20CENTER%22%20Bratislava%20-%20Petr%C5%BEalka%20Bratislava%20-%20Petr%C5%BEalka;https://www.enviroportal.sk/eia/detail/-city-center-bratislava-petrzalka
-polyfunkcny-objekt-bajo-krasovskeho-ul-bratislava-petrzalka;",,Polyfunkčný objekt BAJO"", Krasovského ul. Bratislava - Petržalka";Bratislava - Petržalka;Polyfunkcia;posúdené;Farch, s.r.o., Veternicová 24;31;;;https://www.google.com/maps/search/%2C%2CPolyfunk%C4%8Dn%C3%BD%20objekt%20BAJO%22%2C%20Krasovsk%C3%A9ho%20ul.%20Bratislava%20-%20Petr%C5%BEalka%20Bratislava%20-%20Petr%C5%BEalka;https://www.enviroportal.sk/eia/detail/-polyfunkcny-objekt-bajo-krasovskeho-ul-bratislava-petrzalka
alfa-park-tower-a-alfa-park-tower-b-bratislava;ALFA PARK - Tower A a ALFA PARK - Tower B, Bratislava;Bratislava - Petržalka;Polyfunkcia;posúdené;INLOGIS V s.r.o., Karadžičova 12;6;;;https://www.google.com/maps/search/ALFA%20PARK%20-%20Tower%20A%20a%20ALFA%20PARK%20-%20Tower%20B%2C%20Bratislava%20Bratislava%20-%20Petr%C5%BEalka;https://www.enviroportal.sk/eia/detail/alfa-park-tower-a-alfa-park-tower-b-bratislava
administrativne-centrum-ido-hutny-projekt;Administratívne centrum IDO Hutný projekt;Bratislava - Petržalka;Administratíva;posúdené;IDO HUTNÝ PROJEKT a.s., Gajova 4;8;;;https://www.google.com/maps/search/Administrat%C3%ADvne%20centrum%20IDO%20Hutn%C3%BD%20projekt%20Bratislava%20-%20Petr%C5%BEalka;https://www.enviroportal.sk/eia/detail/administrativne-centrum-ido-hutny-projekt
areal-p-g-bratislava-petrzalka;Areál P.G.A. Bratislava Petržalka;Bratislava - Petržalka;Bývanie;posúdené;P.G.A. spol. s r.o., Alstrova 6477/202;3;;;https://www.google.com/maps/search/Are%C3%A1l%20P.G.A.%20Bratislava%20Petr%C5%BEalka%20Bratislava%20-%20Petr%C5%BEalka;https://www.enviroportal.sk/eia/detail/areal-p-g-bratislava-petrzalka
areal-volneho-casu-vojensky-dvor;Areál voľného času - Vojenský dvor;Bratislava - Petržalka;Vybavenosť;posúdené;ŠportPark Kopčianska, s. r. o., Špitálska 27;8;;;https://www.google.com/maps/search/Are%C3%A1l%20vo%C4%BEn%C3%A9ho%20%C4%8Dasu%20-%20Vojensk%C3%BD%20dvor%20Bratislava%20-%20Petr%C5%BEalka;https://www.enviroportal.sk/eia/detail/areal-volneho-casu-vojensky-dvor
ba5sln-1477br-ba-slm-ba-azu-bratislava-slnecnice-sever-monorura-;BA5SLN/1477BR/BA SLM/BA AZU – BRATISLAVA SLNEČNICE SEVER MONORÚRA;Bratislava - Petržalka;Doprava;dokončené;I.T.A. Telecom Slovakia, s.r.o.;4;;;https://www.google.com/maps/search/BA5SLN/1477BR/BA%20SLM/BA%20AZU%20%E2%80%93%20BRATISLAVA%20SLNE%C4%8CNICE%20SEVER%20MONOR%C3%9ARA%20Bratislava%20-%20Petr%C5%BEalka;https://www.enviroportal.sk/eia/detail/ba5sln-1477br-ba-slm-ba-azu-bratislava-slnecnice-sever-monorura-
brantner-slovakia-s-r-o-zariadenie-na-zber-zhodnocovanie-odpadov;BRANTNER Slovakia, s.r.o. – Zariadenie na zber a zhodnocovanie odpadov;Bratislava - Petržalka;Technická infraštruktúra;posúdené;BRANTNER Slovakia s.r.o., Pestovateľská 2;11;;;https://www.google.com/maps/search/BRANTNER%20Slovakia%2C%20s.r.o.%20%E2%80%93%20Zariadenie%20na%20zber%20a%20zhodnocovanie%20odpadov%20Bratislava%20-%20Petr%C5%BEalka;https://www.enviroportal.sk/eia/detail/brantner-slovakia-s-r-o-zariadenie-na-zber-zhodnocovanie-odpadov
bytovy-dom-dolnozemska-brana-jasovska-ul-bratislava;"BYTOVÝ DOM ""DOLNOZEMSKÁ BRÁNA, Jasovská ul., Bratislava";Bratislava - Petržalka;Bývanie;posúdené;VAZEX Group, s.r.o., Palisády 1;21;;;https://www.google.com/maps/search/BYTOV%C3%9D%20DOM%20%22DOLNOZEMSK%C3%81%20BR%C3%81NA%2C%20Jasovsk%C3%A1%20ul.%2C%20Bratislava%20Bratislava%20-%20Petr%C5%BEalka;https://www.enviroportal.sk/eia/detail/bytovy-dom-dolnozemska-brana-jasovska-ul-bratislava
bratislava-administrativna-budova-servis-fy-hochstaffl-slovakia-spol-s;Bratislava - Administratívna budova a servis fy HOCHSTAFFL Slovakia spol. s r.o.;Bratislava - Petržalka;Administratíva;posúdené;HOCHSTAFFL Slovakia spol. s r.o., Župné námestie 3;9;;;https://www.google.com/maps/search/Bratislava%20-%20Administrat%C3%ADvna%20budova%20a%20servis%20fy%20HOCHSTAFFL%20Slovakia%20spol.%20s%20r.o.%20Bratislava%20-%20Petr%C5%BEalka;https://www.enviroportal.sk/eia/detail/bratislava-administrativna-budova-servis-fy-hochstaffl-slovakia-spol-s
bytovy-dom-fuxova-ul-bratislava;Bytový dom - Fuxova ul., Bratislava;Bratislava - Petržalka;Bývanie;posúdené;FUXTON, s. r. o. Dvořákovo nábrežie 10;34;;;https://www.google.com/maps/search/Bytov%C3%BD%20dom%20-%20Fuxova%20ul.%2C%20Bratislava%20Bratislava%20-%20Petr%C5%BEalka;https://www.enviroportal.sk/eia/detail/bytovy-dom-fuxova-ul-bratislava
bytovy-dom-bosakova;Bytový dom Bosákova;Bratislava - Petržalka;Bývanie;posúdené;DIVANO s.r.o., Rožňavská 1;11;;;https://www.google.com/maps/search/Bytov%C3%BD%20dom%20Bos%C3%A1kova%20Bratislava%20-%20Petr%C5%BEalka;https://www.enviroportal.sk/eia/detail/bytovy-dom-bosakova
bytovy-dom-stary-haj;Bytový dom Starý háj;Bratislava - Petržalka;Bývanie;posúdené;ChP Invest, s.r.o., Strážna 9/I;25;;;https://www.google.com/maps/search/Bytov%C3%BD%20dom%20Star%C3%BD%20h%C3%A1j%20Bratislava%20-%20Petr%C5%BEalka;https://www.enviroportal.sk/eia/detail/bytovy-dom-stary-haj
bytovy-dom-s-obcianskou-vybavenostou-muchovo-nam-v-mc-bratislava-petrz;Bytový dom s občianskou vybavenosťou, Muchovo nám. v MČ Bratislava Petržalka;Bratislava - Petržalka;Bývanie;posúdené;Eclipse Invest, s.r.o., Dorastenecká 46;3;;;https://www.google.com/maps/search/Bytov%C3%BD%20dom%20s%20ob%C4%8Dianskou%20vybavenos%C5%A5ou%2C%20Muchovo%20n%C3%A1m.%20v%20M%C4%8C%20Bratislava%20Petr%C5%BEalka%20Bratislava%20-%20Petr%C5%BEalka;https://www.enviroportal.sk/eia/detail/bytovy-dom-s-obcianskou-vybavenostou-muchovo-nam-v-mc-bratislava-petrz
bytovy-dom-fuxova-ul-bratislava-1;Bytový dom – Fuxova ul., Bratislava;Bratislava - Petržalka;Bývanie;posúdené;FUXTON, s.r.o., Dvořákovo nábrežie 10;7;;;https://www.google.com/maps/search/Bytov%C3%BD%20dom%20%E2%80%93%20Fuxova%20ul.%2C%20Bratislava%20Bratislava%20-%20Petr%C5%BEalka;https://www.enviroportal.sk/eia/detail/bytovy-dom-fuxova-ul-bratislava-1
bytovy-komplex-green-yards;Bytový komplex Green Yards;Bratislava - Petržalka;Plány a koncepcie;zámer;Imbrolia Investments, s.r.o.Ivánska cesta 30/B;12;;;https://www.google.com/maps/search/Bytov%C3%BD%20komplex%20Green%20Yards%20Bratislava%20-%20Petr%C5%BEalka;https://www.enviroportal.sk/eia/detail/bytovy-komplex-green-yards
celomestske-centrum-petrzalka-centralne-uzemie;Celomestské centrum Petržalka – Centrálne územie;Bratislava - Petržalka;Plány a koncepcie;posúdené;Popper Capital, s.r.o., Dvořákovo nábrežie 10;12;;;https://www.google.com/maps/search/Celomestsk%C3%A9%20centrum%20Petr%C5%BEalka%20%E2%80%93%20Centr%C3%A1lne%20%C3%BAzemie%20Bratislava%20-%20Petr%C5%BEalka;https://www.enviroportal.sk/eia/detail/celomestske-centrum-petrzalka-centralne-uzemie
centropark-bratislava-petrzalka;Centropark, Bratislava - Petržalka;Bratislava - Petržalka;Bývanie;posúdené;East-West Business Park, s.r.o., Leškova 3;3;;;https://www.google.com/maps/search/Centropark%2C%20Bratislava%20-%20Petr%C5%BEalka%20Bratislava%20-%20Petr%C5%BEalka;https://www.enviroportal.sk/eia/detail/centropark-bratislava-petrzalka
dialnica-d1-ba-viedenska-cesta-pristavny-most;Diaľnica D1 BA, Viedenská cesta – Prístavný most;Bratislava - Petržalka;Doprava;posúdené;Národná diaľničná spoločnosť, a.s., Mlynské Nivy 45;3;;;https://www.google.com/maps/search/Dia%C4%BEnica%20D1%20BA%2C%20Viedensk%C3%A1%20cesta%20%E2%80%93%20Pr%C3%ADstavn%C3%BD%20most%20Bratislava%20-%20Petr%C5%BEalka;https://www.enviroportal.sk/eia/detail/dialnica-d1-ba-viedenska-cesta-pristavny-most
digital-park-ii-bratislava;Digital park II, Bratislava;Bratislava - Petržalka;Administratíva;posúdené;OFFICE PARK s.r.o., Križkova 9;6;;;https://www.google.com/maps/search/Digital%20park%20II%2C%20Bratislava%20Bratislava%20-%20Petr%C5%BEalka;https://www.enviroportal.sk/eia/detail/digital-park-ii-bratislava
docasna-mobilna-betonaren-euro-beton-predmostie-apollo-bratislava-petr;Dočasná mobilná betonáreň EURO BETON, predmostie APOLLO, Bratislava - Petržalka;Bratislava - Petržalka;Výroba a sklady;posúdené;EURO BETON, s.r.o., Rožňavská 24;5;;;https://www.google.com/maps/search/Do%C4%8Dasn%C3%A1%20mobiln%C3%A1%20beton%C3%A1re%C5%88%20EURO%20BETON%2C%20predmostie%20APOLLO%2C%20Bratislava%20-%20Petr%C5%BEalka%20Bratislava%20-%20Petr%C5%BEalka;https://www.enviroportal.sk/eia/detail/docasna-mobilna-betonaren-euro-beton-predmostie-apollo-bratislava-petr
fizz-park-polyfunkcny-komplex;FIZZ PARK - POLYFUNKČNÝ KOMPLEX;Bratislava - Petržalka;Polyfunkcia;posúdené;FIZZ - t, s.r.o.;6;;;https://www.google.com/maps/search/FIZZ%20PARK%20-%20POLYFUNK%C4%8CN%C3%9D%20KOMPLEX%20Bratislava%20-%20Petr%C5%BEalka;https://www.enviroportal.sk/eia/detail/fizz-park-polyfunkcny-komplex
green-park--1;GREEN PARK;Bratislava - Petržalka;Vybavenosť;zámer;GRAFOBAL GROUP development, a. s., Sasinková 5;9;;;https://www.google.com/maps/search/GREEN%20PARK%20Bratislava%20-%20Petr%C5%BEalka;https://www.enviroportal.sk/eia/detail/green-park--1
green-park-;GREEN PARK;Bratislava - Petržalka;Polyfunkcia;posúdené;RV Development 3 s.r.o., Krížna 47;8;;;https://www.google.com/maps/search/GREEN%20PARK%20Bratislava%20-%20Petr%C5%BEalka;https://www.enviroportal.sk/eia/detail/green-park-
garbe-park-bratislava-city;Garbe Park Bratislava City;Bratislava - Petržalka;Výroba a sklady;posúdené;SK5 Logimac s.r.o., Továrenská 14;21;;;https://www.google.com/maps/search/Garbe%20Park%20Bratislava%20City%20Bratislava%20-%20Petr%C5%BEalka;https://www.enviroportal.sk/eia/detail/garbe-park-bratislava-city
garazovy-dom-vavilovova-petrzalka;Garážový dom Vavilovova - Petržalka;Bratislava - Petržalka;Doprava;posúdené;V-arms, s.r.o., Vavilovova 8;12;;;https://www.google.com/maps/search/Gar%C3%A1%C5%BEov%C3%BD%20dom%20Vavilovova%20-%20Petr%C5%BEalka%20Bratislava%20-%20Petr%C5%BEalka;https://www.enviroportal.sk/eia/detail/garazovy-dom-vavilovova-petrzalka
hromadny-garazovy-dom-furdekova-ul-bratislava;Hromadný garážový dom, Furdekova ul., Bratislava;Bratislava - Petržalka;Zeleň a verejný priestor;posúdené;AVP Park, s.r.o., Holíčska 19;6;;;https://www.google.com/maps/search/Hromadn%C3%BD%20gar%C3%A1%C5%BEov%C3%BD%20dom%2C%20Furdekova%20ul.%2C%20Bratislava%20Bratislava%20-%20Petr%C5%BEalka;https://www.enviroportal.sk/eia/detail/hromadny-garazovy-dom-furdekova-ul-bratislava
juzne-mesto-zona-a3-a5-viacpodlazna-bytova-vystavba;JUŽNÉ MESTO - ZÓNA A3+A5 Viacpodlažná bytová výstavba;Bratislava - Petržalka;Doprava;zámer;South City W, s.r.o.;17;;;https://www.google.com/maps/search/JU%C5%BDN%C3%89%20MESTO%20-%20Z%C3%93NA%20A3%2BA5%20Viacpodla%C5%BEn%C3%A1%20bytov%C3%A1%20v%C3%BDstavba%20Bratislava%20-%20Petr%C5%BEalka;https://www.enviroportal.sk/eia/detail/juzne-mesto-zona-a3-a5-viacpodlazna-bytova-vystavba
juzne-mesto-zona-c3-;Južné Mesto Zóna C3;Bratislava - Petržalka;Bývanie;posúdené;Delta Construction Plus, s. r. o., Poštová 3;4;;;https://www.google.com/maps/search/Ju%C5%BEn%C3%A9%20Mesto%20Z%C3%B3na%20C3%20Bratislava%20-%20Petr%C5%BEalka;https://www.enviroportal.sk/eia/detail/juzne-mesto-zona-c3-
juzne-mesto-zona-ab1-bratislava-petrzalka;Južné mesto - zóna AB1, Bratislava - Petržalka;Bratislava - Petržalka;Výroba a sklady;zámer;South City E, s.r.o.;18;;;https://www.google.com/maps/search/Ju%C5%BEn%C3%A9%20mesto%20-%20z%C3%B3na%20AB1%2C%20Bratislava%20-%20Petr%C5%BEalka%20Bratislava%20-%20Petr%C5%BEalka;https://www.enviroportal.sk/eia/detail/juzne-mesto-zona-ab1-bratislava-petrzalka
juzne-mesto-zona-b3-b4-ab2-bratislava-petrzalka-;Južné mesto / Zóna B3-B4-AB2 – Bratislava – Petržalka;Bratislava - Petržalka;Bývanie;zámer;Eltraco, s.r.o., Poštová 3;5;;;https://www.google.com/maps/search/Ju%C5%BEn%C3%A9%20mesto%20/%20Z%C3%B3na%20B3-B4-AB2%20%E2%80%93%20Bratislava%20%E2%80%93%20Petr%C5%BEalka%20Bratislava%20-%20Petr%C5%BEalka;https://www.enviroportal.sk/eia/detail/juzne-mesto-zona-b3-b4-ab2-bratislava-petrzalka-
juzne-mesto-zona-a3-a5;Južné mesto – Zóna A3+A5;Bratislava - Petržalka;Bývanie;posúdené;South City Retail Park A1, s.r.o., Poštová 3;7;;;https://www.google.com/maps/search/Ju%C5%BEn%C3%A9%20mesto%20%E2%80%93%20Z%C3%B3na%20A3%2BA5%20Bratislava%20-%20Petr%C5%BEalka;https://www.enviroportal.sk/eia/detail/juzne-mesto-zona-a3-a5
juzne-mesto-zona-ab1-ab4-bratislava-petrzalka;Južné mesto – Zóna AB1 – AB4, Bratislava – Petržalka;Bratislava - Petržalka;Bývanie;zámer;South City E, s.r.o., Poštová 3;4;;;https://www.google.com/maps/search/Ju%C5%BEn%C3%A9%20mesto%20%E2%80%93%20Z%C3%B3na%20AB1%20%E2%80%93%20AB4%2C%20Bratislava%20%E2%80%93%20Petr%C5%BEalka%20Bratislava%20-%20Petr%C5%BEalka;https://www.enviroportal.sk/eia/detail/juzne-mesto-zona-ab1-ab4-bratislava-petrzalka
juzne-mesto-zona-c0-i-etapa;Južné mesto, Zóna C0 – I. etapa;Bratislava - Petržalka;Bývanie;posúdené;Delta Construction, s.r.o., Poštová 3;4;;;https://www.google.com/maps/search/Ju%C5%BEn%C3%A9%20mesto%2C%20Z%C3%B3na%20C0%20%E2%80%93%20I.%20etapa%20Bratislava%20-%20Petr%C5%BEalka;https://www.enviroportal.sk/eia/detail/juzne-mesto-zona-c0-i-etapa
juzne-mesto-zona-c2-i-etapa-bratislava;Južné mesto, Zóna C2 – I. etapa, Bratislava;Bratislava - Petržalka;Bývanie;posúdené;Južné mesto IS s.r.o, Poštová 3;3;;;https://www.google.com/maps/search/Ju%C5%BEn%C3%A9%20mesto%2C%20Z%C3%B3na%20C2%20%E2%80%93%20I.%20etapa%2C%20Bratislava%20Bratislava%20-%20Petr%C5%BEalka;https://www.enviroportal.sk/eia/detail/juzne-mesto-zona-c2-i-etapa-bratislava
juzne-mesto-zona-c2-ii-etapa-bratislava;Južné mesto, Zóna C2 – II. Etapa, Bratislava;Bratislava - Petržalka;Bývanie;posúdené;JUŽNÉ MESTO IS, s.r.o., Poštová 3;4;;;https://www.google.com/maps/search/Ju%C5%BEn%C3%A9%20mesto%2C%20Z%C3%B3na%20C2%20%E2%80%93%20II.%20Etapa%2C%20Bratislava%20Bratislava%20-%20Petr%C5%BEalka;https://www.enviroportal.sk/eia/detail/juzne-mesto-zona-c2-ii-etapa-bratislava
juzne-mesto-zona-c4-;Južné mesto, Zóna C4;Bratislava - Petržalka;Bývanie;posúdené;Delta Construction Plus, s.r.o., Poštová 3;4;;;https://www.google.com/maps/search/Ju%C5%BEn%C3%A9%20mesto%2C%20Z%C3%B3na%20C4%20Bratislava%20-%20Petr%C5%BEalka;https://www.enviroportal.sk/eia/detail/juzne-mesto-zona-c4-
kampus-zdravia-sportu-bratislava-petrzalka;Kampus zdravia a športu, Bratislava - Petržalka;Bratislava - Petržalka;Vybavenosť;posúdené;Bratislavský samosprávny kraj, Sabinovská 16;13;;;https://www.google.com/maps/search/Kampus%20zdravia%20a%20%C5%A1portu%2C%20Bratislava%20-%20Petr%C5%BEalka%20Bratislava%20-%20Petr%C5%BEalka;https://www.enviroportal.sk/eia/detail/kampus-zdravia-sportu-bratislava-petrzalka
komunitny-plan-socialnych-sluzieb-mestskej-casti-bratislava-petrzalka-;Komunitný plán sociálnych služieb mestskej časti Bratislava-Petržalka na roky 2025-2030;Bratislava - Petržalka;Plány a koncepcie;posúdené;Mestská časť Bratislava - Petržalka;4;;;https://www.google.com/maps/search/Komunitn%C3%BD%20pl%C3%A1n%20soci%C3%A1lnych%20slu%C5%BEieb%20mestskej%20%C4%8Dasti%20Bratislava-Petr%C5%BEalka%20na%20roky%202025-2030%20Bratislava%20-%20Petr%C5%BEalka;https://www.enviroportal.sk/eia/detail/komunitny-plan-socialnych-sluzieb-mestskej-casti-bratislava-petrzalka-
kopcianska-juh-polyfunkcna-zona-bratislava;Kopčianska JUH, Polyfunkčná zóna, Bratislava;Bratislava - Petržalka;Polyfunkcia;posúdené;Fundus Project, s.r.o., Mlynské nivy 49;7;;;https://www.google.com/maps/search/Kop%C4%8Dianska%20JUH%2C%20Polyfunk%C4%8Dn%C3%A1%20z%C3%B3na%2C%20Bratislava%20Bratislava%20-%20Petr%C5%BEalka;https://www.enviroportal.sk/eia/detail/kopcianska-juh-polyfunkcna-zona-bratislava
modernizacia-spalovne-nemocnicnych-odpadov-v-nemocnici-sv-cyrila-metod;Modernizácia spalovne nemocnicných odpadov v Nemocnici sv. Cyrila a Metoda, Bratislava - Petržalka;Bratislava - Petržalka;Vybavenosť;posúdené;UNIVERZITNÁ NEMOCNICA BRATISLAVA, Pažítková 4;2;;;https://www.google.com/maps/search/Moderniz%C3%A1cia%20spalovne%20nemocnicn%C3%BDch%20odpadov%20v%20Nemocnici%20sv.%20Cyrila%20a%20Metoda%2C%20Bratislava%20-%20Petr%C5%BEalka%20Bratislava%20-%20Petr%C5%BEalka;https://www.enviroportal.sk/eia/detail/modernizacia-spalovne-nemocnicnych-odpadov-v-nemocnici-sv-cyrila-metod
nesto-sever-blok-h;Nesto Sever - Blok H;Bratislava - Petržalka;Plány a koncepcie;dokončené;Nesto Sever Land Development, s.r.o.;14;;;https://www.google.com/maps/search/Nesto%20Sever%20-%20Blok%20H%20Bratislava%20-%20Petr%C5%BEalka;https://www.enviroportal.sk/eia/detail/nesto-sever-blok-h
novostavba-rehabilitacneho-diagnostickeho-strediska-vrcholoveho-sportu;Novostavba rehabilitačného a diagnostického strediska vrcholového športu, Bratislava;Bratislava - Petržalka;Administratíva;posúdené;EMERALD REGINA SLOVENSKO, s.r.o., Bratislava;8;;;https://www.google.com/maps/search/Novostavba%20rehabilita%C4%8Dn%C3%A9ho%20a%20diagnostick%C3%A9ho%20strediska%20vrcholov%C3%A9ho%20%C5%A1portu%2C%20Bratislava%20Bratislava%20-%20Petr%C5%BEalka;https://www.enviroportal.sk/eia/detail/novostavba-rehabilitacneho-diagnostickeho-strediska-vrcholoveho-sportu
nova-matadorka-revitalizacia-arealu-zavodu-matador-;Nová Matadorka - Revitalizácia areálu závodu MATADOR;Bratislava - Petržalka;Administratíva;posúdené;OXIO s. r. o., Miletičova 5B;9;;;https://www.google.com/maps/search/Nov%C3%A1%20Matadorka%20-%20Revitaliz%C3%A1cia%20are%C3%A1lu%20z%C3%A1vodu%20MATADOR%20Bratislava%20-%20Petr%C5%BEalka;https://www.enviroportal.sk/eia/detail/nova-matadorka-revitalizacia-arealu-zavodu-matador-
najomne-byty-areal-matador-stavby-1-5;Nájomné byty areál Matador Stavby 1-5;Bratislava - Petržalka;Polyfunkcia;posúdené;P. G. A. spol. s r. o., Alstrova 6477/202;11;;;https://www.google.com/maps/search/N%C3%A1jomn%C3%A9%20byty%20are%C3%A1l%20Matador%20Stavby%201-5%20Bratislava%20-%20Petr%C5%BEalka;https://www.enviroportal.sk/eia/detail/najomne-byty-areal-matador-stavby-1-5
nakupna-galeria-tesco-petrzalka-bratislava;Nákupná galéria TESCO - Petržalka, Bratislava;Bratislava - Petržalka;Obchod a služby;posúdené;Architektonická kancelária, Ing. arch. Ivan Kočan AA, Na Hrebienku 40;6;;;https://www.google.com/maps/search/N%C3%A1kupn%C3%A1%20gal%C3%A9ria%20TESCO%20-%20Petr%C5%BEalka%2C%20Bratislava%20Bratislava%20-%20Petr%C5%BEalka;https://www.enviroportal.sk/eia/detail/nakupna-galeria-tesco-petrzalka-bratislava
obchodne-centrum-bosakova-;Obchodné centrum Bosákova;Bratislava - Petržalka;Administratíva;zámer;;3;;;https://www.google.com/maps/search/Obchodn%C3%A9%20centrum%20Bos%C3%A1kova%20Bratislava%20-%20Petr%C5%BEalka;https://www.enviroportal.sk/eia/detail/obchodne-centrum-bosakova-
oprava-spalovne-nemocnicnych-odpadov-ekologizacia-spalovacieho-procesu;Oprava spaľovne nemocničných odpadov - ekologizácia spaľovacieho procesu a rekonštrukcia čistenia spalín za účelom dosiahnutia podmienok pre najlepšiu;Bratislava - Petržalka;Vybavenosť;posúdené;UNIVERZITNÁ NEMOCNICA BRATISLAVA, Pažítková 4;2;;;https://www.google.com/maps/search/Oprava%20spa%C4%BEovne%20nemocni%C4%8Dn%C3%BDch%20odpadov%20-%20ekologiz%C3%A1cia%20spa%C4%BEovacieho%20procesu%20a%20rekon%C5%A1trukcia%20%C4%8Distenia%20spal%C3%ADn%20za%20%C3%BA%C4%8Delom%20dosiahnutia%20podmienok%20pre%20najlep%C5%A1iu%20Bratislava%20-%20Petr%C5%BEalka;https://www.enviroportal.sk/eia/detail/oprava-spalovne-nemocnicnych-odpadov-ekologizacia-spalovacieho-procesu
petrzalka-city-i-etapa;PETRŽALKA CITY - I. ETAPA;Bratislava - Petržalka;Bývanie;posúdené;PETRŽALKA CITY, a. s., Panenská 6;6;;;https://www.google.com/maps/search/PETR%C5%BDALKA%20CITY%20-%20I.%20ETAPA%20Bratislava%20-%20Petr%C5%BEalka;https://www.enviroportal.sk/eia/detail/petrzalka-city-i-etapa
petrzalka-city-lokalita-2-etapa-subor-stavieb-bratislava-petrzalka-cas;PETRŽALKA CITY – LOKALITA A, 2. etapa – súbor stavieb, Bratislava – Petržalka, ČASŤ STAVBY: PETRŽALKA CITY, etapa 2 A SO 03.1 Polyfunkčný dom B;Bratislava - Petržalka;Polyfunkcia;posúdené;FORESPO PETRŽALKA CITY a. s., Karloveská 34;6;;;https://www.google.com/maps/search/PETR%C5%BDALKA%20CITY%20%E2%80%93%20LOKALITA%20A%2C%202.%20etapa%20%E2%80%93%20s%C3%BAbor%20stavieb%2C%20Bratislava%20%E2%80%93%20Petr%C5%BEalka%2C%20%C4%8CAS%C5%A4%20STAVBY%3A%20PETR%C5%BDALKA%20CITY%2C%20etapa%202%20A%20SO%2003.1%20Polyfunk%C4%8Dn%C3%BD%20dom%20B%20Bratislava%20-%20Petr%C5%BEalka;https://www.enviroportal.sk/eia/detail/petrzalka-city-lokalita-2-etapa-subor-stavieb-bratislava-petrzalka-cas
poh-dunaja-bratislava-wolfsthal-uprava-tesnenia-hradze;POH Dunaja Bratislava - Wolfsthal úprava tesnenia hrádze;Bratislava - Petržalka;Technická infraštruktúra;povolené;SLOVENSKÝ VODOHOSPODÁRSKY PODNIK, š.p. Odštepný závod Bratislava Karlo;12;;;https://www.google.com/maps/search/POH%20Dunaja%20Bratislava%20-%20Wolfsthal%20%C3%BAprava%20tesnenia%20hr%C3%A1dze%20Bratislava%20-%20Petr%C5%BEalka;https://www.enviroportal.sk/eia/detail/poh-dunaja-bratislava-wolfsthal-uprava-tesnenia-hradze
polyfunkcne-centrum_einsteinova;POLYFUNKČNÉ CENTRUM_EINSTEINOVA;Bratislava - Petržalka;Bývanie;posúdené;SPV74, a. s., Štefanovičova 12;52;;;https://www.google.com/maps/search/POLYFUNK%C4%8CN%C3%89%20CENTRUM_EINSTEINOVA%20Bratislava%20-%20Petr%C5%BEalka;https://www.enviroportal.sk/eia/detail/polyfunkcne-centrum_einsteinova
projekt-hajpark-kutlikova;PROJEKT HÁJPARK KUTLÍKOVA;Bratislava - Petržalka;Polyfunkcia;posúdené;Imagine Development, s.r.o, Kutlíkova 13;8;;;https://www.google.com/maps/search/PROJEKT%20H%C3%81JPARK%20KUTL%C3%8DKOVA%20Bratislava%20-%20Petr%C5%BEalka;https://www.enviroportal.sk/eia/detail/projekt-hajpark-kutlikova
parkovaci-dom-dp-iii;Parkovací dom DP III;Bratislava - Petržalka;Zeleň a verejný priestor;posúdené;Digital Park Einsteinova, a.s., Einsteinova 25;13;;;https://www.google.com/maps/search/Parkovac%C3%AD%20dom%20DP%20III%20Bratislava%20-%20Petr%C5%BEalka;https://www.enviroportal.sk/eia/detail/parkovaci-dom-dp-iii
parkovaci-dom-wolkrova-bratislava;Parkovací dom Wolkrova, Bratislava;Bratislava - Petržalka;Doprava;posúdené;Hlavné mesto Slovenskej republiky Bratislava, Primaciálne námestie 1;10;;;https://www.google.com/maps/search/Parkovac%C3%AD%20dom%20Wolkrova%2C%20Bratislava%20Bratislava%20-%20Petr%C5%BEalka;https://www.enviroportal.sk/eia/detail/parkovaci-dom-wolkrova-bratislava
petrzalka-juh-juzna-rozvojova-os;Petržalka - juh, južná rozvojová os;Bratislava - Petržalka;Doprava;posúdené;POPPER development spol.s.r.o.,Štúrova 11;1;;;https://www.google.com/maps/search/Petr%C5%BEalka%20-%20juh%2C%20ju%C5%BEn%C3%A1%20rozvojov%C3%A1%20os%20Bratislava%20-%20Petr%C5%BEalka;https://www.enviroportal.sk/eia/detail/petrzalka-juh-juzna-rozvojova-os
petrzalka-city-lokalita-bratislava;Petržalka CITY- lokalita A, Bratislava;Bratislava - Petržalka;Vybavenosť;posúdené;Petržalka CITY, a.s., Nám. SNP 25;10;;;https://www.google.com/maps/search/Petr%C5%BEalka%20CITY-%20lokalita%20A%2C%20Bratislava%20Bratislava%20-%20Petr%C5%BEalka;https://www.enviroportal.sk/eia/detail/petrzalka-city-lokalita-bratislava
polyfunkcne-centrum-einsteinova;Polyfunkčné centrum - Einsteinova;Bratislava - Petržalka;Bývanie;posúdené;SPV74, a.s., Štefanovičová 12;54;;;https://www.google.com/maps/search/Polyfunk%C4%8Dn%C3%A9%20centrum%20-%20Einsteinova%20Bratislava%20-%20Petr%C5%BEalka;https://www.enviroportal.sk/eia/detail/polyfunkcne-centrum-einsteinova
polyfunkcne-centrum-einsteinova-ul-bratislava-objekt-polyfunkcny-dom-h;Polyfunkčné centrum Einsteinova ul. Bratislava, objekt Polyfunkčný dom a hotel;Bratislava - Petržalka;Polyfunkcia;posúdené;IPD - International Property Development, s.r.o., Tomášikova 48;2;;;https://www.google.com/maps/search/Polyfunk%C4%8Dn%C3%A9%20centrum%20Einsteinova%20ul.%20Bratislava%2C%20objekt%20Polyfunk%C4%8Dn%C3%BD%20dom%20a%20hotel%20Bratislava%20-%20Petr%C5%BEalka;https://www.enviroportal.sk/eia/detail/polyfunkcne-centrum-einsteinova-ul-bratislava-objekt-polyfunkcny-dom-h
polyfunkcne-centrum-einsteinova-objekt-polyfunkcny-dom;Polyfunkčné centrum Einsteinova, objekt Polyfunkčný dom;Bratislava - Petržalka;Polyfunkcia;posúdené;IPD - International Property Development, s.r.o., Tomášikova 48;3;;;https://www.google.com/maps/search/Polyfunk%C4%8Dn%C3%A9%20centrum%20Einsteinova%2C%20objekt%20Polyfunk%C4%8Dn%C3%BD%20dom%20Bratislava%20-%20Petr%C5%BEalka;https://www.enviroportal.sk/eia/detail/polyfunkcne-centrum-einsteinova-objekt-polyfunkcny-dom
polyfunkcne-objekty-domino-jasovskeho-ul-bratislava-petrzalka;"Polyfunkčné objekty ""DOMINO"" Jasovského ul., Bratislava - Petržalka";Bratislava - Petržalka;Polyfunkcia;posúdené;Farch, s.r.o., Veternicová 24;6;;;https://www.google.com/maps/search/Polyfunk%C4%8Dn%C3%A9%20objekty%20%22DOMINO%22%20Jasovsk%C3%A9ho%20ul.%2C%20Bratislava%20-%20Petr%C5%BEalka%20Bratislava%20-%20Petr%C5%BEalka;https://www.enviroportal.sk/eia/detail/polyfunkcne-objekty-domino-jasovskeho-ul-bratislava-petrzalka
polyfunkcny-areal-fc-artmedia-petrzalka-bratislava;Polyfunkčný areál FC Artmedia Petržalka - Bratislava;Bratislava - Petržalka;Polyfunkcia;posúdené;FC ARTMEDIA a.s., Sasinkova 5;54;;;https://www.google.com/maps/search/Polyfunk%C4%8Dn%C3%BD%20are%C3%A1l%20FC%20Artmedia%20Petr%C5%BEalka%20-%20Bratislava%20Bratislava%20-%20Petr%C5%BEalka;https://www.enviroportal.sk/eia/detail/polyfunkcny-areal-fc-artmedia-petrzalka-bratislava
polyfunkcny-bytovy-dom-udernicka-ul-bratislava;Polyfunkčný bytový dom - Údernícka ul., Bratislava;Bratislava - Petržalka;Bývanie;posúdené;Vienna gate 3, a.s. Bratislava;23;;;https://www.google.com/maps/search/Polyfunk%C4%8Dn%C3%BD%20bytov%C3%BD%20dom%20-%20%C3%9Adern%C3%ADcka%20ul.%2C%20Bratislava%20Bratislava%20-%20Petr%C5%BEalka;https://www.enviroportal.sk/eia/detail/polyfunkcny-bytovy-dom-udernicka-ul-bratislava
polyfunkcny-bytovy-dom-vranovska-ul-v-bratislave;Polyfunkčný bytový dom Vranovská ul. v Bratislave;Bratislava - Petržalka;Bývanie;posúdené;Vienna gate 2, a. s., Sabinovská ul. č. 14;3;;;https://www.google.com/maps/search/Polyfunk%C4%8Dn%C3%BD%20bytov%C3%BD%20dom%20Vranovsk%C3%A1%20ul.%20v%20Bratislave%20Bratislava%20-%20Petr%C5%BEalka;https://www.enviroportal.sk/eia/detail/polyfunkcny-bytovy-dom-vranovska-ul-v-bratislave
polyfunkcny-bytovy-objekt-kreal-bratislava-petrzalka-;Polyfunkčný bytový objekt KREAL, Bratislava - Petržalka;Bratislava - Petržalka;Polyfunkcia;posúdené;KREAL, s.r.o., Údernícka 5;3;;;https://www.google.com/maps/search/Polyfunk%C4%8Dn%C3%BD%20bytov%C3%BD%20objekt%20KREAL%2C%20Bratislava%20-%20Petr%C5%BEalka%20Bratislava%20-%20Petr%C5%BEalka;https://www.enviroportal.sk/eia/detail/polyfunkcny-bytovy-objekt-kreal-bratislava-petrzalka-
polyfunkcny-komplex-matador-bratislava-petrzalka;Polyfunkčný komplex Matador, Bratislava -Petržalka;Bratislava - Petržalka;Polyfunkcia;posúdené;Neo –Real, spol .s.r.o, Kopčianska 16;37;;;https://www.google.com/maps/search/Polyfunk%C4%8Dn%C3%BD%20komplex%20Matador%2C%20Bratislava%20-Petr%C5%BEalka%20Bratislava%20-%20Petr%C5%BEalka;https://www.enviroportal.sk/eia/detail/polyfunkcny-komplex-matador-bratislava-petrzalka
polyfunkcny-objekt-brany-;"Polyfunkčný objekt ""Brány""";Bratislava - Petržalka;Polyfunkcia;posúdené;VI GROUP, spol. s.r.o.;7;;;https://www.google.com/maps/search/Polyfunk%C4%8Dn%C3%BD%20objekt%20%22Br%C3%A1ny%22%20Bratislava%20-%20Petr%C5%BEalka;https://www.enviroportal.sk/eia/detail/polyfunkcny-objekt-brany-
polyfunkcny-objekt-kreal-bratislava-petrzalka;Polyfunkčný objekt KREAL, Bratislava - Petržalka;Bratislava - Petržalka;Polyfunkcia;posúdené;KREAL s.r.o., Údernícka 5;5;;;https://www.google.com/maps/search/Polyfunk%C4%8Dn%C3%BD%20objekt%20KREAL%2C%20Bratislava%20-%20Petr%C5%BEalka%20Bratislava%20-%20Petr%C5%BEalka;https://www.enviroportal.sk/eia/detail/polyfunkcny-objekt-kreal-bratislava-petrzalka
polyfunkcny-objekt-krasovskeho;Polyfunkčný objekt Krasovského;Bratislava - Petržalka;Polyfunkcia;posúdené;Krasovského, s.r.o., Námestie Slobody 28;22;;;https://www.google.com/maps/search/Polyfunk%C4%8Dn%C3%BD%20objekt%20Krasovsk%C3%A9ho%20Bratislava%20-%20Petr%C5%BEalka;https://www.enviroportal.sk/eia/detail/polyfunkcny-objekt-krasovskeho
polyfunkcny-objekt-solar-bratislava;Polyfunkčný objekt Solar, Bratislava;Bratislava - Petržalka;Polyfunkcia;posúdené;REINVEST spol. s r.o., Nevädzová;6;;;https://www.google.com/maps/search/Polyfunk%C4%8Dn%C3%BD%20objekt%20Solar%2C%20Bratislava%20Bratislava%20-%20Petr%C5%BEalka;https://www.enviroportal.sk/eia/detail/polyfunkcny-objekt-solar-bratislava
polyfunkcny-objekt-cernysevskeho-ii-bratislava;Polyfunkčný objekt Černyševského II, Bratislava;Bratislava - Petržalka;Polyfunkcia;posúdené;Architektonická kancelária Ing. arch. Ľubomír Závodný, Svoradova 7-9;12;;;https://www.google.com/maps/search/Polyfunk%C4%8Dn%C3%BD%20objekt%20%C4%8Cerny%C5%A1evsk%C3%A9ho%20II%2C%20Bratislava%20Bratislava%20-%20Petr%C5%BEalka;https://www.enviroportal.sk/eia/detail/polyfunkcny-objekt-cernysevskeho-ii-bratislava
polyfunkcny-subor-acord-matador;Polyfunkčný súbor ACORD - MATADOR;Bratislava - Petržalka;Polyfunkcia;posúdené;ACORD s. r. o., Údernícka 11;7;;;https://www.google.com/maps/search/Polyfunk%C4%8Dn%C3%BD%20s%C3%BAbor%20ACORD%20-%20MATADOR%20Bratislava%20-%20Petr%C5%BEalka;https://www.enviroportal.sk/eia/detail/polyfunkcny-subor-acord-matador
prevadzka-kp-eh-pri-cov-petrzalka-rekonstrukcia-budovy-linky-odvodneni;Prevádzka KP a EH pri ČOV Petržalka, Rekonštrukcia budovy a linky odvodnenia kalu;Bratislava - Petržalka;Výroba a sklady;zámer;BIONERGY, a. s., Prešovská 48;6;;;https://www.google.com/maps/search/Prev%C3%A1dzka%20KP%20a%20EH%20pri%20%C4%8COV%20Petr%C5%BEalka%2C%20Rekon%C5%A1trukcia%20budovy%20a%20linky%20odvodnenia%20kalu%20Bratislava%20-%20Petr%C5%BEalka;https://www.enviroportal.sk/eia/detail/prevadzka-kp-eh-pri-cov-petrzalka-rekonstrukcia-budovy-linky-odvodneni
prevadzkove-objekty-b-panonska-ulica-bratislava-5;Prevádzkové objekty A+B, Panónska ulica, Bratislava 5;Bratislava - Petržalka;Bývanie;posúdené;Lotus design, s.r.o., Schengenská 46/B;6;;;https://www.google.com/maps/search/Prev%C3%A1dzkov%C3%A9%20objekty%20A%2BB%2C%20Pan%C3%B3nska%20ulica%2C%20Bratislava%205%20Bratislava%20-%20Petr%C5%BEalka;https://www.enviroportal.sk/eia/detail/prevadzkove-objekty-b-panonska-ulica-bratislava-5
pristavba-nadstavba-obchodnych-priestorov-park-miest-v-garazi-aupark-b;Prístavba a nadstavba obchodných priestorov a park.miest v garáži, AUPARK Bratislava;Bratislava - Petržalka;Zeleň a verejný priestor;posúdené;AUPARK, a. s., Prievozská 2/A;13;;;https://www.google.com/maps/search/Pr%C3%ADstavba%20a%20nadstavba%20obchodn%C3%BDch%20priestorov%20a%20park.miest%20v%20gar%C3%A1%C5%BEi%2C%20AUPARK%20Bratislava%20Bratislava%20-%20Petr%C5%BEalka;https://www.enviroportal.sk/eia/detail/pristavba-nadstavba-obchodnych-priestorov-park-miest-v-garazi-aupark-b
rekonstrukcia-dostavba-vyrobnych-hal-matador-i-etapa;Rekonštrukcia a dostavba výrobných hál Matador - I. etapa;Bratislava - Petržalka;Výroba a sklady;posúdené;Matador development a.s.;5;;;https://www.google.com/maps/search/Rekon%C5%A1trukcia%20a%20dostavba%20v%C3%BDrobn%C3%BDch%20h%C3%A1l%20Matador%20-%20I.%20etapa%20Bratislava%20-%20Petr%C5%BEalka;https://www.enviroportal.sk/eia/detail/rekonstrukcia-dostavba-vyrobnych-hal-matador-i-etapa
rozsirenie-nahradneho-zdroja-el-energie-kopcianska-ulica-bratislava;Rozšírenie náhradného zdroja el. energie, Kopčianska ulica, Bratislava;Bratislava - Petržalka;Výroba a sklady;dokončené;DCBA, s. r. o., Kopčianska 92/D;12;;;https://www.google.com/maps/search/Roz%C5%A1%C3%ADrenie%20n%C3%A1hradn%C3%A9ho%20zdroja%20el.%20energie%2C%20Kop%C4%8Dianska%20ulica%2C%20Bratislava%20Bratislava%20-%20Petr%C5%BEalka;https://www.enviroportal.sk/eia/detail/rozsirenie-nahradneho-zdroja-el-energie-kopcianska-ulica-bratislava
rozsirenie-veterneho-parku-v-obci-kittsee;Rozšírenie veterného parku v obci Kittsee;Bratislava - Petržalka;Zeleň a verejný priestor;dokončené;Austrian Wind Power GmbH (v ďaľšom skrátene označovaná ako „AWP“), Kas;2;;;https://www.google.com/maps/search/Roz%C5%A1%C3%ADrenie%20vetern%C3%A9ho%20parku%20v%20obci%20Kittsee%20Bratislava%20-%20Petr%C5%BEalka;https://www.enviroportal.sk/eia/detail/rozsirenie-veterneho-parku-v-obci-kittsee
rozsirenie-zberu-odpadov-bratislava-petrzalka;Rozšírenie zberu odpadov – Bratislava - Petržalka;Bratislava - Petržalka;Technická infraštruktúra;dokončené;TASTA, s.r.o.;16;;;https://www.google.com/maps/search/Roz%C5%A1%C3%ADrenie%20zberu%20odpadov%20%E2%80%93%20Bratislava%20-%20Petr%C5%BEalka%20Bratislava%20-%20Petr%C5%BEalka;https://www.enviroportal.sk/eia/detail/rozsirenie-zberu-odpadov-bratislava-petrzalka
southbank-bratislava;SOUTHBANK Bratislava;Bratislava - Petržalka;Polyfunkcia;zámer;South Bank s. r. o., Digital Park II, Einsteinova 25;18;;;https://www.google.com/maps/search/SOUTHBANK%20Bratislava%20Bratislava%20-%20Petr%C5%BEalka;https://www.enviroportal.sk/eia/detail/southbank-bratislava
sklad-priemyselnych-baterii-petrzalka;Sklad priemyselných batérií Petržalka;Bratislava - Petržalka;Výroba a sklady;posúdené;EnerSys, s.r.o., Kopčianska 20;11;;;https://www.google.com/maps/search/Sklad%20priemyseln%C3%BDch%20bat%C3%A9ri%C3%AD%20Petr%C5%BEalka%20Bratislava%20-%20Petr%C5%BEalka;https://www.enviroportal.sk/eia/detail/sklad-priemyselnych-baterii-petrzalka
sport-retail-park-slnecnice-juzne-mesto;Sport & Retail Park SLNEČNICE – JUŽNÉ MESTO;Bratislava - Petržalka;Obchod a služby;povolené;Delta Construction, s.r.o., Poštová 3;3;;;https://www.google.com/maps/search/Sport%20%26%20Retail%20Park%20SLNE%C4%8CNICE%20%E2%80%93%20JU%C5%BDN%C3%89%20MESTO%20Bratislava%20-%20Petr%C5%BEalka;https://www.enviroportal.sk/eia/detail/sport-retail-park-slnecnice-juzne-mesto
stredisko-na-zhodnocovanie-elektroodpadu-petrzalka;Stredisko na zhodnocovanie elektroodpadu Petržalka;Bratislava - Petržalka;Výroba a sklady;posúdené;ARGUSS spol. s.r.o., Záhradnícka 27;3;;;https://www.google.com/maps/search/Stredisko%20na%20zhodnocovanie%20elektroodpadu%20Petr%C5%BEalka%20Bratislava%20-%20Petr%C5%BEalka;https://www.enviroportal.sk/eia/detail/stredisko-na-zhodnocovanie-elektroodpadu-petrzalka
technologicka-stanica-pre-zhodnocovanie-zdravotnickeho-nebezpecneho-od;Technologická stanica pre zhodnocovanie zdravotníckeho nebezpečného odpadu, Antolská ul., Bratislava;Bratislava - Petržalka;Vybavenosť;posúdené;Univerzitná nemocnica Bratislava, Pažítková 4;22;;;https://www.google.com/maps/search/Technologick%C3%A1%20stanica%20pre%20zhodnocovanie%20zdravotn%C3%ADckeho%20nebezpe%C4%8Dn%C3%A9ho%20odpadu%2C%20Antolsk%C3%A1%20ul.%2C%20Bratislava%20Bratislava%20-%20Petr%C5%BEalka;https://www.enviroportal.sk/eia/detail/technologicka-stanica-pre-zhodnocovanie-zdravotnickeho-nebezpecneho-od
vista-tower-polyfunkcny-objekt-srobarovo-namestie-ba-petrzalka;VISTA TOWER, polyfunkčný objekt Šrobárovo námestie, BA - Petržalka;Bratislava - Petržalka;Polyfunkcia;posúdené;VISTA TOWER a. s., Zámocká 36;4;;;https://www.google.com/maps/search/VISTA%20TOWER%2C%20polyfunk%C4%8Dn%C3%BD%20objekt%20%C5%A0rob%C3%A1rovo%20n%C3%A1mestie%2C%20BA%20-%20Petr%C5%BEalka%20Bratislava%20-%20Petr%C5%BEalka;https://www.enviroportal.sk/eia/detail/vista-tower-polyfunkcny-objekt-srobarovo-namestie-ba-petrzalka
vykup-druhotnych-surovin-stroge-s-r-o-bratislava-petrzalka-nabrezna-ul;Výkup druhotných surovín STROGE, s.r.o., Bratislava - Petržalka, Nábrežná ul. 2096/5;Bratislava - Petržalka;Výroba a sklady;posúdené;Výkup druhotných surovín STROGE, s.r.o., Nábrežná 2096/5;3;;;https://www.google.com/maps/search/V%C3%BDkup%20druhotn%C3%BDch%20surov%C3%ADn%20STROGE%2C%20s.r.o.%2C%20Bratislava%20-%20Petr%C5%BEalka%2C%20N%C3%A1bre%C5%BEn%C3%A1%20ul.%202096/5%20Bratislava%20-%20Petr%C5%BEalka;https://www.enviroportal.sk/eia/detail/vykup-druhotnych-surovin-stroge-s-r-o-bratislava-petrzalka-nabrezna-ul
vyskumno-vyvojove-prevadzkove-centrum-na-zber-zhodnocovanie-zneskodnov;Výskumno - vývojové a prevádzkové centrum na zber, zhodnocovanie a zneškodňovanie odpadov VVP - SALE, Most pri Bratislave;Bratislava - Petržalka;Výroba a sklady;zámer;SALE, a.s., Zámocká 3;4;;;https://www.google.com/maps/search/V%C3%BDskumno%20-%20v%C3%BDvojov%C3%A9%20a%20prev%C3%A1dzkov%C3%A9%20centrum%20na%20zber%2C%20zhodnocovanie%20a%20zne%C5%A1kod%C5%88ovanie%20odpadov%20VVP%20-%20SALE%2C%20Most%20pri%20Bratislave%20Bratislava%20-%20Petr%C5%BEalka;https://www.enviroportal.sk/eia/detail/vyskumno-vyvojove-prevadzkove-centrum-na-zber-zhodnocovanie-zneskodnov
work-home-study-zariadenie-pre-pobyty-studentov-;Work Home Study - zariadenie pre pobyty študentov;Bratislava - Petržalka;Iné;zámer;WH Holding j.s.a.;3;;;https://www.google.com/maps/search/Work%20Home%20Study%20-%20zariadenie%20pre%20pobyty%20%C5%A1tudentov%20Bratislava%20-%20Petr%C5%BEalka;https://www.enviroportal.sk/eia/detail/work-home-study-zariadenie-pre-pobyty-studentov-
x-box-petzalka-bratislava;X-BOX PETŽALKA, BRATISLAVA;Bratislava - Petržalka;Výroba a sklady;posúdené;StorageX a. s.;5;;;https://www.google.com/maps/search/X-BOX%20PET%C5%BDALKA%2C%20BRATISLAVA%20Bratislava%20-%20Petr%C5%BEalka;https://www.enviroportal.sk/eia/detail/x-box-petzalka-bratislava
zariadenie-na-zber-odpadov-antolska-11-bratislava;ZARIADENIE NA ZBER ODPADOV – ANTOLSKÁ 11, BRATISLAVA;Bratislava - Petržalka;Výroba a sklady;posúdené;UNIVERZITNÁ NEMOCNICA BRATISLAVA, Pažítková 4;9;;;https://www.google.com/maps/search/ZARIADENIE%20NA%20ZBER%20ODPADOV%20%E2%80%93%20ANTOLSK%C3%81%2011%2C%20BRATISLAVA%20Bratislava%20-%20Petr%C5%BEalka;https://www.enviroportal.sk/eia/detail/zariadenie-na-zber-odpadov-antolska-11-bratislava
zariadenie-na-zhodnocovanie-odpadov-bratislava-petrzalka-kopcianska-20;ZARIADENIE NA ZHODNOCOVANIE ODPADOV BRATISLAVA -PETRŽALKA, Kopčianska 20;Bratislava - Petržalka;Výroba a sklady;posúdené;EPR BRATISLAVA s.r.o., Tomášikova 32;3;;;https://www.google.com/maps/search/ZARIADENIE%20NA%20ZHODNOCOVANIE%20ODPADOV%20BRATISLAVA%20-PETR%C5%BDALKA%2C%20Kop%C4%8Dianska%2020%20Bratislava%20-%20Petr%C5%BEalka;https://www.enviroportal.sk/eia/detail/zariadenie-na-zhodnocovanie-odpadov-bratislava-petrzalka-kopcianska-20
zber-vykup-druhotnych-surovin-prevadzka-gessayova-3-bratislava-petrzal;ZBER A VÝKUP DRUHOTNÝCH SUROVÍN PREVÁDZKA GESSAYOVA 3, BRATISLAVA - PETRŽALKA;Bratislava - Petržalka;Výroba a sklady;posúdené;Ing. Michal Martinovič, Nábrežná 5;7;;;https://www.google.com/maps/search/ZBER%20A%20V%C3%9DKUP%20DRUHOTN%C3%9DCH%20SUROV%C3%8DN%20PREV%C3%81DZKA%20GESSAYOVA%203%2C%20BRATISLAVA%20-%20PETR%C5%BDALKA%20Bratislava%20-%20Petr%C5%BEalka;https://www.enviroportal.sk/eia/detail/zber-vykup-druhotnych-surovin-prevadzka-gessayova-3-bratislava-petrzal
zariadenie-na-zber-vykup-odpadov-bratislava-petrzalka;Zariadenie na zber a výkup odpadov – Bratislava - Petržalka;Bratislava - Petržalka;Výroba a sklady;zámer;ŽP EKO QELET a.s., Československej armády 1694;2;;;https://www.google.com/maps/search/Zariadenie%20na%20zber%20a%20v%C3%BDkup%20odpadov%20%E2%80%93%20Bratislava%20-%20Petr%C5%BEalka%20Bratislava%20-%20Petr%C5%BEalka;https://www.enviroportal.sk/eia/detail/zariadenie-na-zber-vykup-odpadov-bratislava-petrzalka
zariadenie-na-zber-farebnych-vzacnych-kovov-kopcianska-ul-92-bratislav;Zariadenie na zber farebných a vzácnych kovov, Kopčianska ul. 92, Bratislava;Bratislava - Petržalka;Výroba a sklady;posúdené;ROPA Slovakia, s.r.o., Nevädzova 6/G;17;;;https://www.google.com/maps/search/Zariadenie%20na%20zber%20farebn%C3%BDch%20a%20vz%C3%A1cnych%20kovov%2C%20Kop%C4%8Dianska%20ul.%2092%2C%20Bratislava%20Bratislava%20-%20Petr%C5%BEalka;https://www.enviroportal.sk/eia/detail/zariadenie-na-zber-farebnych-vzacnych-kovov-kopcianska-ul-92-bratislav
zariadenie-na-zber-odpadov-8;Zariadenie na zber odpadov;Bratislava - Petržalka;Výroba a sklady;posúdené;KOVOD, a.s., Partizánska cesta 91;11;;;https://www.google.com/maps/search/Zariadenie%20na%20zber%20odpadov%20Bratislava%20-%20Petr%C5%BEalka;https://www.enviroportal.sk/eia/detail/zariadenie-na-zber-odpadov-8
zariadenie-na-zber-odpadov-bratislava-petrzalka;Zariadenie na zber odpadov - Bratislava - Petržalka;Bratislava - Petržalka;Technická infraštruktúra;posúdené;Stanislav Tallo, Trenčianska 58;12;;;https://www.google.com/maps/search/Zariadenie%20na%20zber%20odpadov%20-%20Bratislava%20-%20Petr%C5%BEalka%20Bratislava%20-%20Petr%C5%BEalka;https://www.enviroportal.sk/eia/detail/zariadenie-na-zber-odpadov-bratislava-petrzalka
zariadenie-na-zber-odpadov-kopcianska-ul-homola-team;Zariadenie na zber odpadov Kopčianska ul., HOMOLA TEAM;Bratislava - Petržalka;Výroba a sklady;zámer;HOMOLA TEAM, s.r.o., Líščie údolie 93;5;;;https://www.google.com/maps/search/Zariadenie%20na%20zber%20odpadov%20Kop%C4%8Dianska%20ul.%2C%20HOMOLA%20TEAM%20Bratislava%20-%20Petr%C5%BEalka;https://www.enviroportal.sk/eia/detail/zariadenie-na-zber-odpadov-kopcianska-ul-homola-team
zariadenie-na-zhodnocovanie-odpadov-kalove-plynove-hospodarstvo-cov-pe;Zariadenie na zhodnocovanie odpadov - kalové a plynové hospodárstvo ČOV Petržalka;Bratislava - Petržalka;Výroba a sklady;posúdené;BIOENERGY s.r.o., Prešovská 48;5;;;https://www.google.com/maps/search/Zariadenie%20na%20zhodnocovanie%20odpadov%20-%20kalov%C3%A9%20a%20plynov%C3%A9%20hospod%C3%A1rstvo%20%C4%8COV%20Petr%C5%BEalka%20Bratislava%20-%20Petr%C5%BEalka;https://www.enviroportal.sk/eia/detail/zariadenie-na-zhodnocovanie-odpadov-kalove-plynove-hospodarstvo-cov-pe
zberny-dvor-odpadov-bratislava-petrzalka;Zberný dvor odpadov Bratislava - Petržalka;Bratislava - Petržalka;Výroba a sklady;posúdené;Mestská časť Bratislava - Petržalka, Kutlíkova 17;6;;;https://www.google.com/maps/search/Zbern%C3%BD%20dvor%20odpadov%20Bratislava%20-%20Petr%C5%BEalka%20Bratislava%20-%20Petr%C5%BEalka;https://www.enviroportal.sk/eia/detail/zberny-dvor-odpadov-bratislava-petrzalka
zberny-dvor-odpadov-bratislava-petrzalka-rozsirenie;Zberný dvor odpadov Bratislava – Petržalka, rozšírenie;Bratislava - Petržalka;Výroba a sklady;dokončené;Miestny podnik verejnoprospešných služieb Petržalka, Čapajevova 6;11;;;https://www.google.com/maps/search/Zbern%C3%BD%20dvor%20odpadov%20Bratislava%20%E2%80%93%20Petr%C5%BEalka%2C%20roz%C5%A1%C3%ADrenie%20Bratislava%20-%20Petr%C5%BEalka;https://www.enviroportal.sk/eia/detail/zberny-dvor-odpadov-bratislava-petrzalka-rozsirenie
zhodnocovanie-odpadov-mobilnym-zariadenim-jawmax-450-remax-300-strkovn;Zhodnocovanie odpadov mobilným zariadením JAWMAX 450 a REMAX 300 – Štrkovňa Petržalka;Bratislava - Petržalka;Technická infraštruktúra;zámer;ALAS SLOVAKIA, s.r.o., Polianky 23;5;;;https://www.google.com/maps/search/Zhodnocovanie%20odpadov%20mobiln%C3%BDm%20zariaden%C3%ADm%20JAWMAX%20450%20a%20REMAX%20300%20%E2%80%93%20%C5%A0trkov%C5%88a%20Petr%C5%BEalka%20Bratislava%20-%20Petr%C5%BEalka;https://www.enviroportal.sk/eia/detail/zhodnocovanie-odpadov-mobilnym-zariadenim-jawmax-450-remax-300-strkovn
uzemny-plan-zony-matador;Územný plán zóny Matador;Bratislava - Petržalka;Plány a koncepcie;posúdené;Mestská časť Bratislava-Petržalka, Kutlíkova 17;7;;;https://www.google.com/maps/search/%C3%9Azemn%C3%BD%20pl%C3%A1n%20z%C3%B3ny%20Matador%20Bratislava%20-%20Petr%C5%BEalka;https://www.enviroportal.sk/eia/detail/uzemny-plan-zony-matador
cerpacia-stanica-pohonnych-hmot-bratislava-budatinska-ulica;Čerpacia stanica pohonných hmôt – Bratislava, Budatínska ulica;Bratislava - Petržalka;Obchod a služby;zámer;PM – Investment, s. r. o., Hlavné námestie 96/45;4;;;https://www.google.com/maps/search/%C4%8Cerpacia%20stanica%20pohonn%C3%BDch%20hm%C3%B4t%20%E2%80%93%20Bratislava%2C%20Budat%C3%ADnska%20ulica%20Bratislava%20-%20Petr%C5%BEalka;https://www.enviroportal.sk/eia/detail/cerpacia-stanica-pohonnych-hmot-bratislava-budatinska-ulica
skola-juzne-mesto-bratislava-petrzalka-;Škola Južné mesto, Bratislava - Petržalka;Bratislava - Petržalka;Bývanie;posúdené;South City Retail Park A1, s.r.o. Poštová 3;4;;;https://www.google.com/maps/search/%C5%A0kola%20Ju%C5%BEn%C3%A9%20mesto%2C%20Bratislava%20-%20Petr%C5%BEalka%20Bratislava%20-%20Petr%C5%BEalka;https://www.enviroportal.sk/eia/detail/skola-juzne-mesto-bratislava-petrzalka-
sportova-hala-bratislava-petrzalka;Športová hala, Bratislava - Petržalka;Bratislava - Petržalka;Vybavenosť;posúdené;DEMALIA, s.r.o., Žilinská 16;5;;;https://www.google.com/maps/search/%C5%A0portov%C3%A1%20hala%2C%20Bratislava%20-%20Petr%C5%BEalka%20Bratislava%20-%20Petr%C5%BEalka;https://www.enviroportal.sk/eia/detail/sportova-hala-bratislava-petrzalka
studia-prepojenia-zeleznicneho-koridoru-ten-t-s-letiskom-zeleznicnou-s;Štúdia prepojenia železničného koridoru TEN-T s letiskom a železničnou sieťou v Bratislave, ŽSR, Bratislava - železničné zapojenie letiska M.R.Štefáni;Bratislava - Petržalka;Doprava;posúdené;Železnice Slovenskej republiky, GR, Klemensova 8;5;;;https://www.google.com/maps/search/%C5%A0t%C3%BAdia%20prepojenia%20%C5%BEelezni%C4%8Dn%C3%A9ho%20koridoru%20TEN-T%20s%20letiskom%20a%20%C5%BEelezni%C4%8Dnou%20sie%C5%A5ou%20v%20Bratislave%2C%20%C5%BDSR%2C%20Bratislava%20-%20%C5%BEelezni%C4%8Dn%C3%A9%20zapojenie%20letiska%20M.R.%C5%A0tef%C3%A1ni%20Bratislava%20-%20Petr%C5%BEalka;https://www.enviroportal.sk/eia/detail/studia-prepojenia-zeleznicneho-koridoru-ten-t-s-letiskom-zeleznicnou-s
-zmena-c-3-dialnica-d4-bratislava-jarovce-ivanka-sever-;(zmena č.3) Diaľnica D4 Bratislava, Jarovce – Ivanka sever;Bratislava - Podunajské Biskupice;Doprava;dokončené;Slovenská republika, zastúpená MDV SR, v konečnom zastúpení Dopravopro;9;;;https://www.google.com/maps/search/%28zmena%20%C4%8D.3%29%20Dia%C4%BEnica%20D4%20Bratislava%2C%20Jarovce%20%E2%80%93%20Ivanka%20sever%20Bratislava%20-%20Podunajsk%C3%A9%20Biskupice;https://www.enviroportal.sk/eia/detail/-zmena-c-3-dialnica-d4-bratislava-jarovce-ivanka-sever-
-zmena-c-4-dialnica-d4-bratislava-jarovce-ivanka-sever-;(zmena č.4) Diaľnica D4 Bratislava, Jarovce – Ivanka sever;Bratislava - Podunajské Biskupice;Doprava;dokončené;Slovenská republika, zastúpená MDV SR, v konečnom zastúpení Dopravopro;8;;;https://www.google.com/maps/search/%28zmena%20%C4%8D.4%29%20Dia%C4%BEnica%20D4%20Bratislava%2C%20Jarovce%20%E2%80%93%20Ivanka%20sever%20Bratislava%20-%20Podunajsk%C3%A9%20Biskupice;https://www.enviroportal.sk/eia/detail/-zmena-c-4-dialnica-d4-bratislava-jarovce-ivanka-sever-
betonaren-podunajske-biskupice;Betonáreň, Podunajské Biskupice;Bratislava - Podunajské Biskupice;Výroba a sklady;posúdené;STRABAG s.r.o., Mlynské Nivy 61/A;12;;;https://www.google.com/maps/search/Beton%C3%A1re%C5%88%2C%20Podunajsk%C3%A9%20Biskupice%20Bratislava%20-%20Podunajsk%C3%A9%20Biskupice;https://www.enviroportal.sk/eia/detail/betonaren-podunajske-biskupice
bratislavska-sportova-akademia;Bratislavská športová akadémia;Bratislava - Podunajské Biskupice;Vybavenosť;posúdené;Hviezdna 1, s.r.o., Hviezdna 1;7;;;https://www.google.com/maps/search/Bratislavsk%C3%A1%20%C5%A1portov%C3%A1%20akad%C3%A9mia%20Bratislava%20-%20Podunajsk%C3%A9%20Biskupice;https://www.enviroportal.sk/eia/detail/bratislavska-sportova-akademia
bytovy-komplex-centrum-podunajske-biskupice-bratislava;Bytový komplex Centrum, Podunajské Biskupice, Bratislava;Bratislava - Podunajské Biskupice;Polyfunkcia;posúdené;Pro.Restav, spol. s r.o., Mramorová 2;8;;;https://www.google.com/maps/search/Bytov%C3%BD%20komplex%20Centrum%2C%20Podunajsk%C3%A9%20Biskupice%2C%20Bratislava%20Bratislava%20-%20Podunajsk%C3%A9%20Biskupice;https://www.enviroportal.sk/eia/detail/bytovy-komplex-centrum-podunajske-biskupice-bratislava
dialnica-d4-bratislava-jarovce-ivanka-sever;Diaľnica D4 Bratislava Jarovce – Ivanka sever;Bratislava - Podunajské Biskupice;Doprava;dokončené;Národná diaľničná spoločnosť, a.s., Mlynské Nivy 45;4;;;https://www.google.com/maps/search/Dia%C4%BEnica%20D4%20Bratislava%20Jarovce%20%E2%80%93%20Ivanka%20sever%20Bratislava%20-%20Podunajsk%C3%A9%20Biskupice;https://www.enviroportal.sk/eia/detail/dialnica-d4-bratislava-jarovce-ivanka-sever
logisticke-centrum-podunajske-biskupice-bratislava;Logistické centrum Podunajské Biskupice - Bratislava;Bratislava - Podunajské Biskupice;Administratíva;posúdené;FORESPO REALITY 22 a.s., Karloveská 34;9;;;https://www.google.com/maps/search/Logistick%C3%A9%20centrum%20Podunajsk%C3%A9%20Biskupice%20-%20Bratislava%20Bratislava%20-%20Podunajsk%C3%A9%20Biskupice;https://www.enviroportal.sk/eia/detail/logisticke-centrum-podunajske-biskupice-bratislava
median-house-bytovy-dom-119-bytovych-jednotiek-bratislava;Median House Bytový dom 119 bytových jednotiek Bratislava;Bratislava - Podunajské Biskupice;Bývanie;posúdené;GEOCOMPLEX a.s., Geologická 21;3;;;https://www.google.com/maps/search/Median%20House%20Bytov%C3%BD%20dom%20119%20bytov%C3%BDch%20jednotiek%20Bratislava%20Bratislava%20-%20Podunajsk%C3%A9%20Biskupice;https://www.enviroportal.sk/eia/detail/median-house-bytovy-dom-119-bytovych-jednotiek-bratislava
obalovna-zivicnych-zmesi-ketelec;Obaľovňa živičných zmesí Ketelec;Bratislava - Podunajské Biskupice;Doprava;posúdené;D4R7 Construction s.r.o., Odborárska 21;7;;;https://www.google.com/maps/search/Oba%C4%BEov%C5%88a%20%C5%BEivi%C4%8Dn%C3%BDch%20zmes%C3%AD%20Ketelec%20Bratislava%20-%20Podunajsk%C3%A9%20Biskupice;https://www.enviroportal.sk/eia/detail/obalovna-zivicnych-zmesi-ketelec
obchodne-centrum-slovnaftska-lokalita-podunajske-biskupice-bratislava;Obchodné centrum - Slovnaftská, lokalita Podunajské Biskupice, Bratislava;Bratislava - Podunajské Biskupice;Obchod a služby;posúdené;QUEEN INVESTMENT s.r.o., Robotnícka 6;28;;;https://www.google.com/maps/search/Obchodn%C3%A9%20centrum%20-%20Slovnaftsk%C3%A1%2C%20lokalita%20Podunajsk%C3%A9%20Biskupice%2C%20Bratislava%20Bratislava%20-%20Podunajsk%C3%A9%20Biskupice;https://www.enviroportal.sk/eia/detail/obchodne-centrum-slovnaftska-lokalita-podunajske-biskupice-bratislava
obytny-komplex-dolce-vita;Obytný komplex DOLCE VITA;Bratislava - Podunajské Biskupice;Bývanie;posúdené;BSS, spol. s r.o., Rebarborová 47;5;;;https://www.google.com/maps/search/Obytn%C3%BD%20komplex%20DOLCE%20VITA%20Bratislava%20-%20Podunajsk%C3%A9%20Biskupice;https://www.enviroportal.sk/eia/detail/obytny-komplex-dolce-vita
obytny-komplex-laurin-dvor;Obytný komplex Laurin dvor;Bratislava - Podunajské Biskupice;Plány a koncepcie;posúdené;LeiLa, s.r.o., Baštová 3;5;;;https://www.google.com/maps/search/Obytn%C3%BD%20komplex%20Laurin%20dvor%20Bratislava%20-%20Podunajsk%C3%A9%20Biskupice;https://www.enviroportal.sk/eia/detail/obytny-komplex-laurin-dvor
obytny-komplex-svornost-podunajske-biskupice;Obytný komplex Svornosť - Podunajské Biskupice;Bratislava - Podunajské Biskupice;Bývanie;posúdené;BSS, spol. s r.o., Rebarborova 47;5;;;https://www.google.com/maps/search/Obytn%C3%BD%20komplex%20Svornos%C5%A5%20-%20Podunajsk%C3%A9%20Biskupice%20Bratislava%20-%20Podunajsk%C3%A9%20Biskupice;https://www.enviroportal.sk/eia/detail/obytny-komplex-svornost-podunajske-biskupice
obytny-subor-viliana-rodinny-dom-typ-c;Obytný súbor Viliana, rodinný dom – typ C;Bratislava - Podunajské Biskupice;Bývanie;zámer;fyzická osoba;2;;;https://www.google.com/maps/search/Obytn%C3%BD%20s%C3%BAbor%20Viliana%2C%20rodinn%C3%BD%20dom%20%E2%80%93%20typ%20C%20Bratislava%20-%20Podunajsk%C3%A9%20Biskupice;https://www.enviroportal.sk/eia/detail/obytny-subor-viliana-rodinny-dom-typ-c
parkovisko-pre-vozidla-v-ochrannom-pasme-potrubia;Parkovisko pre vozidlá v ochrannom pásme potrubia;Bratislava - Podunajské Biskupice;Výroba a sklady;zámer;Rastislav Smolej, Starinská 2201/79;3;;;https://www.google.com/maps/search/Parkovisko%20pre%20vozidl%C3%A1%20v%20ochrannom%20p%C3%A1sme%20potrubia%20Bratislava%20-%20Podunajsk%C3%A9%20Biskupice;https://www.enviroportal.sk/eia/detail/parkovisko-pre-vozidla-v-ochrannom-pasme-potrubia
polyfunkcne-domy-podunajska-ul-bratislava;Polyfunkčné domy Podunajská ul., Bratislava;Bratislava - Podunajské Biskupice;Polyfunkcia;posúdené;Apollo Group a. s., Votrubova 28;13;;;https://www.google.com/maps/search/Polyfunk%C4%8Dn%C3%A9%20domy%20Podunajsk%C3%A1%20ul.%2C%20Bratislava%20Bratislava%20-%20Podunajsk%C3%A9%20Biskupice;https://www.enviroportal.sk/eia/detail/polyfunkcne-domy-podunajska-ul-bratislava
polyfunkcny-dom-biskupice;Polyfunkčný dom Biskupice;Bratislava - Podunajské Biskupice;Plány a koncepcie;posúdené;DomBytDevelopment, s.r.o., Záborského 42;5;;;https://www.google.com/maps/search/Polyfunk%C4%8Dn%C3%BD%20dom%20Biskupice%20Bratislava%20-%20Podunajsk%C3%A9%20Biskupice;https://www.enviroportal.sk/eia/detail/polyfunkcny-dom-biskupice
polyfunkcny-komplex-centrum-podunajske-biskupice;Polyfunkčný komplex - Centrum, Podunajské Biskupice;Bratislava - Podunajské Biskupice;Polyfunkcia;posúdené;SLOVBYT - M, s.r.o., 1. Mája 88;24;;;https://www.google.com/maps/search/Polyfunk%C4%8Dn%C3%BD%20komplex%20-%20Centrum%2C%20Podunajsk%C3%A9%20Biskupice%20Bratislava%20-%20Podunajsk%C3%A9%20Biskupice;https://www.enviroportal.sk/eia/detail/polyfunkcny-komplex-centrum-podunajske-biskupice
retail-park-podunajska-brana-bratislava-m-c-podunajske-biskupice;RETAIL PARK PODUNAJSKÁ BRÁNA BRATISLAVA, M.Č. PODUNAJSKÉ BISKUPICE;Bratislava - Podunajské Biskupice;Obchod a služby;povolené;GROTTO, a.s., Dunajská 25;7;;;https://www.google.com/maps/search/RETAIL%20PARK%20PODUNAJSK%C3%81%20BR%C3%81NA%20BRATISLAVA%2C%20M.%C4%8C.%20PODUNAJSK%C3%89%20BISKUPICE%20Bratislava%20-%20Podunajsk%C3%A9%20Biskupice;https://www.enviroportal.sk/eia/detail/retail-park-podunajska-brana-bratislava-m-c-podunajske-biskupice
rozsirenie-tazby-strkopieskov-na-lozisku-podunajske-biskupice;Rozšírenie ťažby štrkopieskov na ložisku Podunajské Biskupice;Bratislava - Podunajské Biskupice;Výroba a sklady;dokončené;ASS SEHRING Bratislava, s.r.o., Hany Miličkovej 15A, Bratislava;3;;;https://www.google.com/maps/search/Roz%C5%A1%C3%ADrenie%20%C5%A5a%C5%BEby%20%C5%A1trkopieskov%20na%20lo%C5%BEisku%20Podunajsk%C3%A9%20Biskupice%20Bratislava%20-%20Podunajsk%C3%A9%20Biskupice;https://www.enviroportal.sk/eia/detail/rozsirenie-tazby-strkopieskov-na-lozisku-podunajske-biskupice
rychlostna-cesta-r1-most-pri-bratislave-vlckovce;Rýchlostná cesta R1 Most pri Bratislave - Vlčkovce;Bratislava - Podunajské Biskupice;Doprava;posúdené;Národná diaľničná spoločnosť, a.s., Mlynské Nivy 45;5;;;https://www.google.com/maps/search/R%C3%BDchlostn%C3%A1%20cesta%20R1%20Most%20pri%20Bratislave%20-%20Vl%C4%8Dkovce%20Bratislava%20-%20Podunajsk%C3%A9%20Biskupice;https://www.enviroportal.sk/eia/detail/rychlostna-cesta-r1-most-pri-bratislave-vlckovce
sklad-odpadovych-baterii-akumulatorov-podunajske-biskupice;Sklad odpadových batérií a akumulátorov - Podunajské Biskupice;Bratislava - Podunajské Biskupice;Výroba a sklady;posúdené;SIBIN s.r.o., Haninska 437;9;;;https://www.google.com/maps/search/Sklad%20odpadov%C3%BDch%20bat%C3%A9ri%C3%AD%20a%20akumul%C3%A1torov%20-%20Podunajsk%C3%A9%20Biskupice%20Bratislava%20-%20Podunajsk%C3%A9%20Biskupice;https://www.enviroportal.sk/eia/detail/sklad-odpadovych-baterii-akumulatorov-podunajske-biskupice
south-point-logistic-park;South Point Logistic Park;Bratislava - Podunajské Biskupice;Výroba a sklady;posúdené;South Point Logistic Park, s.r.o., Ružová dolina 25;14;;;https://www.google.com/maps/search/South%20Point%20Logistic%20Park%20Bratislava%20-%20Podunajsk%C3%A9%20Biskupice;https://www.enviroportal.sk/eia/detail/south-point-logistic-park
spatny-zasyp-lomu-strkopiesku-podunajske-biskupice;Spätný zásyp lomu štrkopiesku Podunajské Biskupice;Bratislava - Podunajské Biskupice;Výroba a sklady;posúdené;Danucem Slovensko a.s.;10;;;https://www.google.com/maps/search/Sp%C3%A4tn%C3%BD%20z%C3%A1syp%20lomu%20%C5%A1trkopiesku%20Podunajsk%C3%A9%20Biskupice%20Bratislava%20-%20Podunajsk%C3%A9%20Biskupice;https://www.enviroportal.sk/eia/detail/spatny-zasyp-lomu-strkopiesku-podunajske-biskupice
stredisko-zhodnotenia-stavebneho-odpadu;Stredisko zhodnotenia stavebného odpadu;Bratislava - Podunajské Biskupice;Technická infraštruktúra;zámer;ANČETA s.r.o., Podunajské Biskupice – Ketelec;4;;;https://www.google.com/maps/search/Stredisko%20zhodnotenia%20stavebn%C3%A9ho%20odpadu%20Bratislava%20-%20Podunajsk%C3%A9%20Biskupice;https://www.enviroportal.sk/eia/detail/stredisko-zhodnotenia-stavebneho-odpadu
supermarket-billa-bratislava-podunajske-biskupice;Supermarket BILLA Bratislava - Podunajské Biskupice;Bratislava - Podunajské Biskupice;Obchod a služby;posúdené;BILLA Reality Slovensko spol. s.r.o., Bratislava;1;;;https://www.google.com/maps/search/Supermarket%20BILLA%20Bratislava%20-%20Podunajsk%C3%A9%20Biskupice%20Bratislava%20-%20Podunajsk%C3%A9%20Biskupice;https://www.enviroportal.sk/eia/detail/supermarket-billa-bratislava-podunajske-biskupice
technologicky-park-olo;Technologický park OLO;Bratislava - Podunajské Biskupice;Plány a koncepcie;zámer;Odvoz a likvidácia odpadu a.s. (OLO a.s.), Ivanská cesta 22;7;;;https://www.google.com/maps/search/Technologick%C3%BD%20park%20OLO%20Bratislava%20-%20Podunajsk%C3%A9%20Biskupice;https://www.enviroportal.sk/eia/detail/technologicky-park-olo
vyrobna-vibrolisovanych-betonovych-vyrobkov-v-areali-spol-z-stav-podun;Výrobňa vibrolisovaných betónových výrobkov v areáli spol. A-Z STAV, Podunajské Biskupice;Bratislava - Podunajské Biskupice;Výroba a sklady;posúdené;A-Z STAV, s.r.o., Koceľova 17;6;;;https://www.google.com/maps/search/V%C3%BDrob%C5%88a%20vibrolisovan%C3%BDch%20bet%C3%B3nov%C3%BDch%20v%C3%BDrobkov%20v%20are%C3%A1li%20spol.%20A-Z%20STAV%2C%20Podunajsk%C3%A9%20Biskupice%20Bratislava%20-%20Podunajsk%C3%A9%20Biskupice;https://www.enviroportal.sk/eia/detail/vyrobna-vibrolisovanych-betonovych-vyrobkov-v-areali-spol-z-stav-podun
vystavba-mobilnej-betonarky-podunajske-biskupice;Výstavba mobilnej betonárky, Podunajské Biskupice;Bratislava - Podunajské Biskupice;Výroba a sklady;zámer;CRH (Slovensko) a. s., Rohožník, v zastúpení spoločnosti GS Pro s. r. ;3;;;https://www.google.com/maps/search/V%C3%BDstavba%20mobilnej%20beton%C3%A1rky%2C%20Podunajsk%C3%A9%20Biskupice%20Bratislava%20-%20Podunajsk%C3%A9%20Biskupice;https://www.enviroportal.sk/eia/detail/vystavba-mobilnej-betonarky-podunajske-biskupice
zeleny-raj-rodinne-domy-s-bytovymi-jednotkami-v-radovej-zastavbe;ZELENÝ RAJ - rodinné domy s bytovými jednotkami v radovej zástavbe;Bratislava - Podunajské Biskupice;Bývanie;posúdené;BEM REAL, s.r.o., Štefánikova 33;19;;;https://www.google.com/maps/search/ZELEN%C3%9D%20RAJ%20-%20rodinn%C3%A9%20domy%20s%20bytov%C3%BDmi%20jednotkami%20v%20radovej%20z%C3%A1stavbe%20Bratislava%20-%20Podunajsk%C3%A9%20Biskupice;https://www.enviroportal.sk/eia/detail/zeleny-raj-rodinne-domy-s-bytovymi-jednotkami-v-radovej-zastavbe
zariadenie-aerobneho-zhodnocovania-odpadu;Zariadenie aeróbneho zhodnocovania odpadu;Bratislava - Podunajské Biskupice;Vybavenosť;zámer;Odvoz a likvidácia odpadu a.s., Ivanská cesta 22;8;;;https://www.google.com/maps/search/Zariadenie%20aer%C3%B3bneho%20zhodnocovania%20odpadu%20Bratislava%20-%20Podunajsk%C3%A9%20Biskupice;https://www.enviroportal.sk/eia/detail/zariadenie-aerobneho-zhodnocovania-odpadu
zariadenie-na-zber-zdravotnickeho-odpadu-podunajske-biskupice;Zariadenie na zber zdravotníckeho odpadu - Podunajské Biskupice;Bratislava - Podunajské Biskupice;Vybavenosť;posúdené;EPA Plus, s.r.o.;5;;;https://www.google.com/maps/search/Zariadenie%20na%20zber%20zdravotn%C3%ADckeho%20odpadu%20-%20Podunajsk%C3%A9%20Biskupice%20Bratislava%20-%20Podunajsk%C3%A9%20Biskupice;https://www.enviroportal.sk/eia/detail/zariadenie-na-zber-zdravotnickeho-odpadu-podunajske-biskupice
zberny-dvor-odpadov-anceta;Zberný dvor odpadov ANČETA;Bratislava - Podunajské Biskupice;Výroba a sklady;zámer;ANČETA, s.r.o., Podunajské Biskupice – Ketelec 1;6;;;https://www.google.com/maps/search/Zbern%C3%BD%20dvor%20odpadov%20AN%C4%8CETA%20Bratislava%20-%20Podunajsk%C3%A9%20Biskupice;https://www.enviroportal.sk/eia/detail/zberny-dvor-odpadov-anceta
zemniky-ketelec;Zemníky Ketelec;Bratislava - Podunajské Biskupice;Výroba a sklady;posúdené;ANČETA s.r.o., Podunajské Biskupice – Ketelec;10;;;https://www.google.com/maps/search/Zemn%C3%ADky%20Ketelec%20Bratislava%20-%20Podunajsk%C3%A9%20Biskupice;https://www.enviroportal.sk/eia/detail/zemniky-ketelec
zhodnocovanie-druhotnych-surovin-recopap-zvysenie-kapacity;Zhodnocovanie druhotných surovín RECOPAP - zvýšenie kapacity;Bratislava - Podunajské Biskupice;Technická infraštruktúra;posúdené;RECOPAP, s.r.o., Bratislavská 18;5;;;https://www.google.com/maps/search/Zhodnocovanie%20druhotn%C3%BDch%20surov%C3%ADn%20RECOPAP%20-%20zv%C3%BD%C5%A1enie%20kapacity%20Bratislava%20-%20Podunajsk%C3%A9%20Biskupice;https://www.enviroportal.sk/eia/detail/zhodnocovanie-druhotnych-surovin-recopap-zvysenie-kapacity
zvysenie-kapacity-zhodnocovania-ostatneho-inertneho-stavebneho-odpadu--1;Zvýšenie kapacity zhodnocovania ostatného a inertného stavebného odpadu na skládke inertného odpadu - Podunajské Biskupice;Bratislava - Podunajské Biskupice;Polyfunkcia;zámer;A-Z STAV, Odeská 3;8;;;https://www.google.com/maps/search/Zv%C3%BD%C5%A1enie%20kapacity%20zhodnocovania%20ostatn%C3%A9ho%20a%20inertn%C3%A9ho%20stavebn%C3%A9ho%20odpadu%20na%20skl%C3%A1dke%20inertn%C3%A9ho%20odpadu%20-%20Podunajsk%C3%A9%20Biskupice%20Bratislava%20-%20Podunajsk%C3%A9%20Biskupice;https://www.enviroportal.sk/eia/detail/zvysenie-kapacity-zhodnocovania-ostatneho-inertneho-stavebneho-odpadu--1
zvysenie-kapacity-zhodnocovania-ostatneho-inertneho-stavebneho-odpadu-;Zvýšenie kapacity zhodnocovania ostatného a inertného stavebného odpadu na skládke inertného odpadu – Podunajské Biskupice;Bratislava - Podunajské Biskupice;Polyfunkcia;posúdené;A-Z STAV s.r.o., Odeská 3;4;;;https://www.google.com/maps/search/Zv%C3%BD%C5%A1enie%20kapacity%20zhodnocovania%20ostatn%C3%A9ho%20a%20inertn%C3%A9ho%20stavebn%C3%A9ho%20odpadu%20na%20skl%C3%A1dke%20inertn%C3%A9ho%20odpadu%20%E2%80%93%20Podunajsk%C3%A9%20Biskupice%20Bratislava%20-%20Podunajsk%C3%A9%20Biskupice;https://www.enviroportal.sk/eia/detail/zvysenie-kapacity-zhodnocovania-ostatneho-inertneho-stavebneho-odpadu-
uzemny-plan-zony-centrum-podunajske-biskupice-v-zneni-zmien-doplnkov-c;Územný plán zóny Centrum - Podunajské Biskupice, v znení zmien a doplnkov č. 4/2020;Bratislava - Podunajské Biskupice;Plány a koncepcie;posúdené;Mestská časť Bratislava - Podunajské Biskupice;4;;;https://www.google.com/maps/search/%C3%9Azemn%C3%BD%20pl%C3%A1n%20z%C3%B3ny%20Centrum%20-%20Podunajsk%C3%A9%20Biskupice%2C%20v%20znen%C3%AD%20zmien%20a%20doplnkov%20%C4%8D.%204/2020%20Bratislava%20-%20Podunajsk%C3%A9%20Biskupice;https://www.enviroportal.sk/eia/detail/uzemny-plan-zony-centrum-podunajske-biskupice-v-zneni-zmien-doplnkov-c
uzemny-plan-zony-centrum-podunajske-biskupice-zmeny-doplnky-c-01-2014;Územný plán zóny Centrum – Podunajské Biskupice, Zmeny a doplnky č. 01/2014;Bratislava - Podunajské Biskupice;Plány a koncepcie;posúdené;Mestská časť Bratislava – Podunajské Biskupice, Trojičné námestie č. 1;7;;;https://www.google.com/maps/search/%C3%9Azemn%C3%BD%20pl%C3%A1n%20z%C3%B3ny%20Centrum%20%E2%80%93%20Podunajsk%C3%A9%20Biskupice%2C%20Zmeny%20a%20doplnky%20%C4%8D.%2001/2014%20Bratislava%20-%20Podunajsk%C3%A9%20Biskupice;https://www.enviroportal.sk/eia/detail/uzemny-plan-zony-centrum-podunajske-biskupice-zmeny-doplnky-c-01-2014
tazba-strkopieskov-podunajske-biskupice;Ťažba štrkopieskov Podunajské Biskupice;Bratislava - Podunajské Biskupice;Výroba a sklady;posúdené;Ančeta s.r.o., Podunajské Biskupice - Ketelec 1;20;;;https://www.google.com/maps/search/%C5%A4a%C5%BEba%20%C5%A1trkopieskov%20Podunajsk%C3%A9%20Biskupice%20Bratislava%20-%20Podunajsk%C3%A9%20Biskupice;https://www.enviroportal.sk/eia/detail/tazba-strkopieskov-podunajske-biskupice
zst-nove-kosariska-zachytne-parkovisko-pre-iad;ŽST Nové Košariská - záchytné parkovisko pre IAD;Bratislava - Podunajské Biskupice;Doprava;posúdené;Železnice Slovenskej republiky;3;;;https://www.google.com/maps/search/%C5%BDST%20Nov%C3%A9%20Ko%C5%A1arisk%C3%A1%20-%20z%C3%A1chytn%C3%A9%20parkovisko%20pre%20IAD%20Bratislava%20-%20Podunajsk%C3%A9%20Biskupice;https://www.enviroportal.sk/eia/detail/zst-nove-kosariska-zachytne-parkovisko-pre-iad
-na-rinzloch-;"""Na Rinzloch""";Bratislava - Rača;Bývanie;zámer;HMS Services, a.s., Vysokoškolákov 8556/33B;18;;;https://www.google.com/maps/search/%22Na%20Rinzloch%22%20Bratislava%20-%20Ra%C4%8Da;https://www.enviroportal.sk/eia/detail/-na-rinzloch-
bratislava-raca-polyfunkcny-subor-rustaveliho-;"Bratislava- Rača- Polyfunkčný súbor ""Rustaveliho""";Bratislava - Rača;Polyfunkcia;posúdené;INTERCOM Agentúra s.r.o.;5;;;https://www.google.com/maps/search/Bratislava-%20Ra%C4%8Da-%20Polyfunk%C4%8Dn%C3%BD%20s%C3%BAbor%20%22Rustaveliho%22%20Bratislava%20-%20Ra%C4%8Da;https://www.enviroportal.sk/eia/detail/bratislava-raca-polyfunkcny-subor-rustaveliho-
bytovy-dom-ul-uziny-bratislava-raca;Bytový dom, ul. Úžiny, Bratislava - Rača;Bratislava - Rača;Bývanie;zámer;Centrum Pezinok s.r.o., Trenčianska 47;7;;;https://www.google.com/maps/search/Bytov%C3%BD%20dom%2C%20ul.%20%C3%9A%C5%BEiny%2C%20Bratislava%20-%20Ra%C4%8Da%20Bratislava%20-%20Ra%C4%8Da;https://www.enviroportal.sk/eia/detail/bytovy-dom-ul-uziny-bratislava-raca
bytovy-komplex-v-lokalite-rinzle-raca;Bytový komplex v lokalite Rinzle Rača;Bratislava - Rača;Zeleň a verejný priestor;posúdené;Rinzle Rača s r. o., Gajova 4;42;;;https://www.google.com/maps/search/Bytov%C3%BD%20komplex%20v%20lokalite%20Rinzle%20Ra%C4%8Da%20Bratislava%20-%20Ra%C4%8Da;https://www.enviroportal.sk/eia/detail/bytovy-komplex-v-lokalite-rinzle-raca
centrum-obchodu-sluzieb-bratislava-raca;Centrum obchodu a služieb Bratislava - Rača;Bratislava - Rača;Obchod a služby;posúdené;Queen Investment s.r.o., Banská Bystrica;1;;;https://www.google.com/maps/search/Centrum%20obchodu%20a%20slu%C5%BEieb%20Bratislava%20-%20Ra%C4%8Da%20Bratislava%20-%20Ra%C4%8Da;https://www.enviroportal.sk/eia/detail/centrum-obchodu-sluzieb-bratislava-raca
centrum-odpadoveho-hospodarstva-zabi-majer;Centrum odpadového hospodárstva Žabí Majer;Bratislava - Rača;Výroba a sklady;zámer;Ekoslužby s.r.o., Klincová 35;5;;;https://www.google.com/maps/search/Centrum%20odpadov%C3%A9ho%20hospod%C3%A1rstva%20%C5%BDab%C3%AD%20Majer%20Bratislava%20-%20Ra%C4%8Da;https://www.enviroportal.sk/eia/detail/centrum-odpadoveho-hospodarstva-zabi-majer
flexi-hala-v-areali-logis-invest-bratislava;FLEXI HALA v areáli LOGIS INVEST, Bratislava;Bratislava - Rača;Výroba a sklady;posúdené;LOGIS Invest, a.s., Malý trh 2/A;5;;;https://www.google.com/maps/search/FLEXI%20HALA%20v%20are%C3%A1li%20LOGIS%20INVEST%2C%20Bratislava%20Bratislava%20-%20Ra%C4%8Da;https://www.enviroportal.sk/eia/detail/flexi-hala-v-areali-logis-invest-bratislava
hroznovy-sad-bratislava-m-c-raca;Hroznový sad Bratislava, m. č. Rača;Bratislava - Rača;Vybavenosť;posúdené;Hroznový sad, s.r.o., Hraničná 24A;14;;;https://www.google.com/maps/search/Hroznov%C3%BD%20sad%20Bratislava%2C%20m.%20%C4%8D.%20Ra%C4%8Da%20Bratislava%20-%20Ra%C4%8Da;https://www.enviroportal.sk/eia/detail/hroznovy-sad-bratislava-m-c-raca
lbg-arena;LBG aréna;Bratislava - Rača;Vybavenosť;posúdené;LBG aréna, s.r.o., Pribinova 25;6;;;https://www.google.com/maps/search/LBG%20ar%C3%A9na%20Bratislava%20-%20Ra%C4%8Da;https://www.enviroportal.sk/eia/detail/lbg-arena
logisticke-centrum-bratislava-raca;Logistické centrum Bratislava - Rača;Bratislava - Rača;Výroba a sklady;posúdené;UNISON, s.r.o., Laurinská 18;14;;;https://www.google.com/maps/search/Logistick%C3%A9%20centrum%20Bratislava%20-%20Ra%C4%8Da%20Bratislava%20-%20Ra%C4%8Da;https://www.enviroportal.sk/eia/detail/logisticke-centrum-bratislava-raca
logisticky-park-doas;Logistický park DOAS;Bratislava - Rača;Výroba a sklady;posúdené;D O A S, a. s.;8;;;https://www.google.com/maps/search/Logistick%C3%BD%20park%20DOAS%20Bratislava%20-%20Ra%C4%8Da;https://www.enviroportal.sk/eia/detail/logisticky-park-doas
modernizacia-udrzbovej-zakladne-3-etapa-vozovna-krasnany;MODERNIZÁCIA ÚDRŽBOVEJ ZÁKLADNE - 3. ETAPA VOZOVŇA KRASŇANY;Bratislava - Rača;Doprava;posúdené;Dopravný podnik Bratislava, akciová spoločnosť;7;;;https://www.google.com/maps/search/MODERNIZ%C3%81CIA%20%C3%9ADR%C5%BDBOVEJ%20Z%C3%81KLADNE%20-%203.%20ETAPA%20VOZOV%C5%87A%20KRAS%C5%87ANY%20Bratislava%20-%20Ra%C4%8Da;https://www.enviroportal.sk/eia/detail/modernizacia-udrzbovej-zakladne-3-etapa-vozovna-krasnany
maloobchodne-zariadenie-pre-zakladnu-obsluhu-uzemia;Maloobchodné zariadenie pre základnú obsluhu územia;Bratislava - Rača;Bývanie;posúdené;TLD, s.r.o, Bajkalská 25 A;30;;;https://www.google.com/maps/search/Maloobchodn%C3%A9%20zariadenie%20pre%20z%C3%A1kladn%C3%BA%20obsluhu%20%C3%BAzemia%20Bratislava%20-%20Ra%C4%8Da;https://www.enviroportal.sk/eia/detail/maloobchodne-zariadenie-pre-zakladnu-obsluhu-uzemia
mobilne-drviace-triediace-zariadenia-;Mobilné drviace a triediace zariadenia;Bratislava - Rača;Technická infraštruktúra;posúdené;Hollý, s.r.o., Starhradská 8;6;;;https://www.google.com/maps/search/Mobiln%C3%A9%20drviace%20a%20triediace%20zariadenia%20Bratislava%20-%20Ra%C4%8Da;https://www.enviroportal.sk/eia/detail/mobilne-drviace-triediace-zariadenia-
mobilne-drviace-triediace-zariadenia;Mobilné drviace a triediace zariadenia;Bratislava - Rača;Technická infraštruktúra;zámer;Hollý, s.r.o., Starhradská 8;3;;;https://www.google.com/maps/search/Mobiln%C3%A9%20drviace%20a%20triediace%20zariadenia%20Bratislava%20-%20Ra%C4%8Da;https://www.enviroportal.sk/eia/detail/mobilne-drviace-triediace-zariadenia
obytna-zona-bratislava-raca-zahumenice;OBYTNÁ ZÓNA BRATISLAVA-RAČA - ZÁHUMENICE;Bratislava - Rača;Bývanie;posúdené;ATOPS, s.r.o., Lombardiniho 17;47;;;https://www.google.com/maps/search/OBYTN%C3%81%20Z%C3%93NA%20BRATISLAVA-RA%C4%8CA%20-%20Z%C3%81HUMENICE%20Bratislava%20-%20Ra%C4%8Da;https://www.enviroportal.sk/eia/detail/obytna-zona-bratislava-raca-zahumenice
obchodne-centrum-fachmarktzentrum-bratislava-raca;Obchodné centrum Fachmarktzentrum Bratislava - Rača;Bratislava - Rača;Obchod a služby;posúdené;QUEEN INVESTMENT spol. s r.o., Robotnícka 6;3;;;https://www.google.com/maps/search/Obchodn%C3%A9%20centrum%20Fachmarktzentrum%20Bratislava%20-%20Ra%C4%8Da%20Bratislava%20-%20Ra%C4%8Da;https://www.enviroportal.sk/eia/detail/obchodne-centrum-fachmarktzentrum-bratislava-raca
obytna-zona-bratislava-raca-zahumenice-bratislava;Obytná zóna Bratislava-Rača - Záhumenice, Bratislava;Bratislava - Rača;Bývanie;posúdené;ATOPS, s. r. o., Lombardiniho 17;49;;;https://www.google.com/maps/search/Obytn%C3%A1%20z%C3%B3na%20Bratislava-Ra%C4%8Da%20-%20Z%C3%A1humenice%2C%20Bratislava%20Bratislava%20-%20Ra%C4%8Da;https://www.enviroportal.sk/eia/detail/obytna-zona-bratislava-raca-zahumenice-bratislava
obytny-subor-male-krasnany-pod-vinohradom-bratislava;Obytný súbor Malé Krasňany (Pod vinohradom), Bratislava;Bratislava - Rača;Bývanie;posúdené;MACHAROVA s.r.o., Prievozská 4B;5;;;https://www.google.com/maps/search/Obytn%C3%BD%20s%C3%BAbor%20Mal%C3%A9%20Kras%C5%88any%20%28Pod%20vinohradom%29%2C%20Bratislava%20Bratislava%20-%20Ra%C4%8Da;https://www.enviroportal.sk/eia/detail/obytny-subor-male-krasnany-pod-vinohradom-bratislava
obytny-subor-male-krasnany-racianska-ul-bratislava-raca;Obytný súbor Malé Krasňany, Račianska ul., Bratislava - Rača;Bratislava - Rača;Bývanie;posúdené;Malé Krasňany Land Development, s.r.o., Mlynské Nivy 49;3;;;https://www.google.com/maps/search/Obytn%C3%BD%20s%C3%BAbor%20Mal%C3%A9%20Kras%C5%88any%2C%20Ra%C4%8Dianska%20ul.%2C%20Bratislava%20-%20Ra%C4%8Da%20Bratislava%20-%20Ra%C4%8Da;https://www.enviroportal.sk/eia/detail/obytny-subor-male-krasnany-racianska-ul-bratislava-raca
obytny-subor-nad-surom;Obytný súbor Nad Šúrom;Bratislava - Rača;Bývanie;posúdené;Nad Šúrom Development s r. o.;6;;;https://www.google.com/maps/search/Obytn%C3%BD%20s%C3%BAbor%20Nad%20%C5%A0%C3%BArom%20Bratislava%20-%20Ra%C4%8Da;https://www.enviroportal.sk/eia/detail/obytny-subor-nad-surom
-obytny-subor-rinok-raca-bratislava-obytny-subor-vin-vin-raca-;Obytný súbor RÍNOK RAČA, Bratislava (Obytný súbor VIN - VIN Rača);Bratislava - Rača;Bývanie;posúdené;Rínok Rača s.r.o, Vajnorská 100/A;8;;;https://www.google.com/maps/search/Obytn%C3%BD%20s%C3%BAbor%20R%C3%8DNOK%20RA%C4%8CA%2C%20Bratislava%20%28Obytn%C3%BD%20s%C3%BAbor%20VIN%20-%20VIN%20Ra%C4%8Da%29%20Bratislava%20-%20Ra%C4%8Da;https://www.enviroportal.sk/eia/detail/-obytny-subor-rinok-raca-bratislava-obytny-subor-vin-vin-raca-
obytny-subor-rinok-raca;Obytný súbor Rínok Rača;Bratislava - Rača;Bývanie;posúdené;2JTI, s. r. o., Vajnorská 100/A;5;;;https://www.google.com/maps/search/Obytn%C3%BD%20s%C3%BAbor%20R%C3%ADnok%20Ra%C4%8Da%20Bratislava%20-%20Ra%C4%8Da;https://www.enviroportal.sk/eia/detail/obytny-subor-rinok-raca
polyfunkcny-komplex-quattro;Polyfunkčný komplex - QUATTRO;Bratislava - Rača;Polyfunkcia;posúdené;INTERCOM Agentúra s.r.o., Paulínyho 8;5;;;https://www.google.com/maps/search/Polyfunk%C4%8Dn%C3%BD%20komplex%20-%20QUATTRO%20Bratislava%20-%20Ra%C4%8Da;https://www.enviroportal.sk/eia/detail/polyfunkcny-komplex-quattro
polyfunkcny-komplex-triangel-pri-sajbach-mc-ba-raca;Polyfunkčný komplex TRIANGEL, Pri Šajbách, MČ Ba-Rača;Bratislava - Rača;Polyfunkcia;posúdené;SLOVAK SOL, s.r.o., Opavská 26;3;;;https://www.google.com/maps/search/Polyfunk%C4%8Dn%C3%BD%20komplex%20TRIANGEL%2C%20Pri%20%C5%A0ajb%C3%A1ch%2C%20M%C4%8C%20Ba-Ra%C4%8Da%20Bratislava%20-%20Ra%C4%8Da;https://www.enviroportal.sk/eia/detail/polyfunkcny-komplex-triangel-pri-sajbach-mc-ba-raca
polyfunkcny-komplex-rendez-vous;Polyfunkčný komplex, Rendez Vous;Bratislava - Rača;Polyfunkcia;posúdené;B. D. Rača, s.r.o., Drieňová 1H;5;;;https://www.google.com/maps/search/Polyfunk%C4%8Dn%C3%BD%20komplex%2C%20Rendez%20Vous%20Bratislava%20-%20Ra%C4%8Da;https://www.enviroportal.sk/eia/detail/polyfunkcny-komplex-rendez-vous
prevadzkovanie-zariadenia-na-zber-odpadov;Prevádzkovanie zariadenia na zber odpadov;Bratislava - Rača;Výroba a sklady;posúdené;DATALAN a.s., Galvaniho 17/A;3;;;https://www.google.com/maps/search/Prev%C3%A1dzkovanie%20zariadenia%20na%20zber%20odpadov%20Bratislava%20-%20Ra%C4%8Da;https://www.enviroportal.sk/eia/detail/prevadzkovanie-zariadenia-na-zber-odpadov
prevadzkovanie-zariadenia-na-zber-odpadov-rozsirenie-zoznamu-druhov-od;Prevádzkovanie zariadenia na zber odpadov - rozšírenie zoznamu druhov odpadov;Bratislava - Rača;Výroba a sklady;dokončené;REMAS SERVIS spol. s r.o., Ľudovíta Fullu 7;19;;;https://www.google.com/maps/search/Prev%C3%A1dzkovanie%20zariadenia%20na%20zber%20odpadov%20-%20roz%C5%A1%C3%ADrenie%20zoznamu%20druhov%20odpadov%20Bratislava%20-%20Ra%C4%8Da;https://www.enviroportal.sk/eia/detail/prevadzkovanie-zariadenia-na-zber-odpadov-rozsirenie-zoznamu-druhov-od
prevadzkovanie-zariadenia-na-zber-odpadov-remas-servis-s-r-o-bojnicka-;Prevádzkovanie zariadenia na zber odpadov REMAS Servis s.r.o., Bojnická ul. – rozšírenie zoznamu druhov odpadov;Bratislava - Rača;Výroba a sklady;dokončené;REMAS Servis, s.r.o., Ľudovíta Fullu 7;7;;;https://www.google.com/maps/search/Prev%C3%A1dzkovanie%20zariadenia%20na%20zber%20odpadov%20REMAS%20Servis%20s.r.o.%2C%20Bojnick%C3%A1%20ul.%20%E2%80%93%20roz%C5%A1%C3%ADrenie%20zoznamu%20druhov%20odpadov%20Bratislava%20-%20Ra%C4%8Da;https://www.enviroportal.sk/eia/detail/prevadzkovanie-zariadenia-na-zber-odpadov-remas-servis-s-r-o-bojnicka-
rr-i-etapa-cast-a;RR I. etapa, časť A;Bratislava - Rača;Bývanie;posúdené;CREATIVE, spol. s r.o., Bernolákova 72;6;;;https://www.google.com/maps/search/RR%20I.%20etapa%2C%20%C4%8Das%C5%A5%20A%20Bratislava%20-%20Ra%C4%8Da;https://www.enviroportal.sk/eia/detail/rr-i-etapa-cast-a
rekonstrukcia-dostavba-objektov-polnohospodarskych-skladov-v-areali-ro;Rekonštrukcia a dostavba objektov poľnohospodárskych skladov v areáli roľníckeho družstva Rača;Bratislava - Rača;Výroba a sklady;dokončené;UNISON, s.r.o., Laurinská 18;22;;;https://www.google.com/maps/search/Rekon%C5%A1trukcia%20a%20dostavba%20objektov%20po%C4%BEnohospod%C3%A1rskych%20skladov%20v%20are%C3%A1li%20ro%C4%BEn%C3%ADckeho%20dru%C5%BEstva%20Ra%C4%8Da%20Bratislava%20-%20Ra%C4%8Da;https://www.enviroportal.sk/eia/detail/rekonstrukcia-dostavba-objektov-polnohospodarskych-skladov-v-areali-ro
rozsirenie-vyrobnych-kapacit-spolocnosti-zapa;Rozšírenie vyrobných kapacít spoločnosti ZAPA;Bratislava - Rača;Administratíva;dokončené;ZAPA beton SK, s. r. o., Vajnorská 142;5;;;https://www.google.com/maps/search/Roz%C5%A1%C3%ADrenie%20vyrobn%C3%BDch%20kapac%C3%ADt%20spolo%C4%8Dnosti%20ZAPA%20Bratislava%20-%20Ra%C4%8Da;https://www.enviroportal.sk/eia/detail/rozsirenie-vyrobnych-kapacit-spolocnosti-zapa
skladovanie-kovovych-odpadov-ramak-dnv;SKLADOVANIE KOVOVÝCH ODPADOV - RAMAK - DNV;Bratislava - Rača;Výroba a sklady;posúdené;RAMAK, s.r.o., Nejedlého 13;16;;;https://www.google.com/maps/search/SKLADOVANIE%20KOVOV%C3%9DCH%20ODPADOV%20-%20RAMAK%20-%20DNV%20Bratislava%20-%20Ra%C4%8Da;https://www.enviroportal.sk/eia/detail/skladovanie-kovovych-odpadov-ramak-dnv
tlaciaren-slovenska-grafia-s-modernizacia-vyroby;Tlačiareň Slovenská Grafia a .s.– modernizácia výroby;Bratislava - Rača;Technická infraštruktúra;posúdené;Slovenská Grafia a. s., Pekná cesta 6;3;;;https://www.google.com/maps/search/Tla%C4%8Diare%C5%88%20Slovensk%C3%A1%20Grafia%20a%20.s.%E2%80%93%20moderniz%C3%A1cia%20v%C3%BDroby%20Bratislava%20-%20Ra%C4%8Da;https://www.enviroportal.sk/eia/detail/tlaciaren-slovenska-grafia-s-modernizacia-vyroby
zariadenie-na-zber-vykup-odpadov-bratislava-raca-pastierska-3-rozsiren;ZARIADENIE NA ZBER A VÝKUP ODPADOV, BRATISLAVA - RAČA, Pastierska 3 - rozšírenie zberu odpadov;Bratislava - Rača;Výroba a sklady;dokončené;PRUKOV, s.r.o., Pastierska 3, 83 06 Bratislava;3;;;https://www.google.com/maps/search/ZARIADENIE%20NA%20ZBER%20A%20V%C3%9DKUP%20ODPADOV%2C%20BRATISLAVA%20-%20RA%C4%8CA%2C%20Pastierska%203%20-%20roz%C5%A1%C3%ADrenie%20zberu%20odpadov%20Bratislava%20-%20Ra%C4%8Da;https://www.enviroportal.sk/eia/detail/zariadenie-na-zber-vykup-odpadov-bratislava-raca-pastierska-3-rozsiren
zariadenie-na-zber-odpadov-bratislava-raca-miestna-cast-krasnany-;ZARIADENIE NA ZBER ODPADOV BRATISLAVA - RAČA (miestna časť Krasňany);Bratislava - Rača;Výroba a sklady;posúdené;Zberné suroviny a.s. Žilina, Kragujevská 3;4;;;https://www.google.com/maps/search/ZARIADENIE%20NA%20ZBER%20ODPADOV%20BRATISLAVA%20-%20RA%C4%8CA%20%28miestna%20%C4%8Das%C5%A5%20Kras%C5%88any%29%20Bratislava%20-%20Ra%C4%8Da;https://www.enviroportal.sk/eia/detail/zariadenie-na-zber-odpadov-bratislava-raca-miestna-cast-krasnany-
zariadenie-na-zber-zariadenie-na-zhodnocovanie-odpadov-zabi-majer-rozs;Zariadenie na zber a zariadenie na zhodnocovanie odpadov, Žabí Majer - rozšírenie činnosti;Bratislava - Rača;Technická infraštruktúra;dokončené;Ekoslužby, s.r.o., Klincová 35;12;;;https://www.google.com/maps/search/Zariadenie%20na%20zber%20a%20zariadenie%20na%20zhodnocovanie%20odpadov%2C%20%C5%BDab%C3%AD%20Majer%20-%20roz%C5%A1%C3%ADrenie%20%C4%8Dinnosti%20Bratislava%20-%20Ra%C4%8Da;https://www.enviroportal.sk/eia/detail/zariadenie-na-zber-zariadenie-na-zhodnocovanie-odpadov-zabi-majer-rozs
zariadenie-na-zber-zhodnocovanie-ostatnych-odpadov;Zariadenie na zber a zhodnocovanie ostatných odpadov;Bratislava - Rača;Výroba a sklady;posúdené;FRADEX recycling s r. o., Továrenská 3682/47;8;;;https://www.google.com/maps/search/Zariadenie%20na%20zber%20a%20zhodnocovanie%20ostatn%C3%BDch%20odpadov%20Bratislava%20-%20Ra%C4%8Da;https://www.enviroportal.sk/eia/detail/zariadenie-na-zber-zhodnocovanie-ostatnych-odpadov
zariadenie-na-zber-odpadov-remas-servis-bojnicka-ul-;Zariadenie na zber odpadov REMAS Servis, Bojnická ul.;Bratislava - Rača;Výroba a sklady;posúdené;REMAS Servis, s.r.o., Ľudovíta Fullu 7;16;;;https://www.google.com/maps/search/Zariadenie%20na%20zber%20odpadov%20REMAS%20Servis%2C%20Bojnick%C3%A1%20ul.%20Bratislava%20-%20Ra%C4%8Da;https://www.enviroportal.sk/eia/detail/zariadenie-na-zber-odpadov-remas-servis-bojnicka-ul-
zariadenie-na-zber-vykup-upravu-odpadov-bratislava-raca;Zariadenie na zber, výkup a úpravu odpadov – Bratislava - Rača;Bratislava - Rača;Výroba a sklady;posúdené;ŽP EKO QELET a.s., Československej armády 1694;6;;;https://www.google.com/maps/search/Zariadenie%20na%20zber%2C%20v%C3%BDkup%20a%20%C3%BApravu%20odpadov%20%E2%80%93%20Bratislava%20-%20Ra%C4%8Da%20Bratislava%20-%20Ra%C4%8Da;https://www.enviroportal.sk/eia/detail/zariadenie-na-zber-vykup-upravu-odpadov-bratislava-raca
zariadenie-na-zhodnocovanie-odpadov-slovenska-grafia-bratislava;Zariadenie na zhodnocovanie odpadov, Slovenská Grafia, a.s., Bratislava;Bratislava - Rača;Výroba a sklady;posúdené;Slovenská Grafia, a.s., Pekná cesta 6;8;;;https://www.google.com/maps/search/Zariadenie%20na%20zhodnocovanie%20odpadov%2C%20Slovensk%C3%A1%20Grafia%2C%20a.s.%2C%20Bratislava%20Bratislava%20-%20Ra%C4%8Da;https://www.enviroportal.sk/eia/detail/zariadenie-na-zhodnocovanie-odpadov-slovenska-grafia-bratislava
uzemny-plan-zony-krasnany-mc-bratislava-raca;Územný plán zóny Krasňany, MČ Bratislava - Rača;Bratislava - Rača;Plány a koncepcie;posúdené;Mestská časť Bratislava - Rača, Kubačova 21;5;;;https://www.google.com/maps/search/%C3%9Azemn%C3%BD%20pl%C3%A1n%20z%C3%B3ny%20Kras%C5%88any%2C%20M%C4%8C%20Bratislava%20-%20Ra%C4%8Da%20Bratislava%20-%20Ra%C4%8Da;https://www.enviroportal.sk/eia/detail/uzemny-plan-zony-krasnany-mc-bratislava-raca
uzemny-plan-zony-taborky-hustekle-mestska-cast-bratislava-raca;Územný plán zóny Táborky – Huštekle, Mestská časť Bratislava - Rača;Bratislava - Rača;Plány a koncepcie;povolené;Mestská časť Bratislava – Rača, Kubačova 21;3;;;https://www.google.com/maps/search/%C3%9Azemn%C3%BD%20pl%C3%A1n%20z%C3%B3ny%20T%C3%A1borky%20%E2%80%93%20Hu%C5%A1tekle%2C%20Mestsk%C3%A1%20%C4%8Das%C5%A5%20Bratislava%20-%20Ra%C4%8Da%20Bratislava%20-%20Ra%C4%8Da;https://www.enviroportal.sk/eia/detail/uzemny-plan-zony-taborky-hustekle-mestska-cast-bratislava-raca
uzemny-plan-zony-vychodne-mc-bratislava-raca;Územný plán zóny Východné, MČ Bratislava - Rača;Bratislava - Rača;Plány a koncepcie;posúdené;Mestská časť Bratislava - Rača, Kubačova 21;5;;;https://www.google.com/maps/search/%C3%9Azemn%C3%BD%20pl%C3%A1n%20z%C3%B3ny%20V%C3%BDchodn%C3%A9%2C%20M%C4%8C%20Bratislava%20-%20Ra%C4%8Da%20Bratislava%20-%20Ra%C4%8Da;https://www.enviroportal.sk/eia/detail/uzemny-plan-zony-vychodne-mc-bratislava-raca
-komplex-polyfunkcnych-budov-rendez-vous-;„Komplex polyfunkčných budov Rendez Vous“;Bratislava - Rača;Polyfunkcia;posúdené;B. D. Rača, s.r.o., Drieňová 1H;11;;;https://www.google.com/maps/search/Komplex%20polyfunk%C4%8Dn%C3%BDch%20budov%20Rendez%20Vous%20Bratislava%20-%20Ra%C4%8Da;https://www.enviroportal.sk/eia/detail/-komplex-polyfunkcnych-budov-rendez-vous-
-obytny-subor-dolny-slanec-;„Obytný súbor Dolný Slanec“;Bratislava - Rača;Bývanie;dokončené;GRUNT, a.s., Horská 11/C;15;;;https://www.google.com/maps/search/Obytn%C3%BD%20s%C3%BAbor%20Doln%C3%BD%20Slanec%20Bratislava%20-%20Ra%C4%8Da;https://www.enviroportal.sk/eia/detail/-obytny-subor-dolny-slanec-
-skladova-hala-logistyx--oznamenie-o-zmene;„Skladová hala Logistyx“ - oznámenie o zmene;Bratislava - Rača;Administratíva;dokončené;LOGISTYX, s.r.o., Na pántoch 10;5;;;https://www.google.com/maps/search/Skladov%C3%A1%20hala%20Logistyx%20-%20ozn%C3%A1menie%20o%20zmene%20Bratislava%20-%20Ra%C4%8Da;https://www.enviroportal.sk/eia/detail/-skladova-hala-logistyx--oznamenie-o-zmene
-malopodlazna-zastavba-obytneho-uzemia-pieskovy-hon-bratislava-mestska;"""Malopodlažná zástavba obytného územia - PIESKOVÝ HON"" Bratislava - Mestská časť - Rusovce";Bratislava - Rusovce;Bývanie;povolené;TRANSKONTAKT, s.r.o., Detvianska 6;4;;;https://www.google.com/maps/search/%22Malopodla%C5%BEn%C3%A1%20z%C3%A1stavba%20obytn%C3%A9ho%20%C3%BAzemia%20-%20PIESKOV%C3%9D%20HON%22%20Bratislava%20-%20Mestsk%C3%A1%20%C4%8Das%C5%A5%20-%20Rusovce%20Bratislava%20-%20Rusovce;https://www.enviroportal.sk/eia/detail/-malopodlazna-zastavba-obytneho-uzemia-pieskovy-hon-bratislava-mestska
ibv-bratislava-rusovce-novy-stavebny-obvod-rusovce;IBV BRATISLAVA RUSOVCE - Nový stavebný obvod Rusovce;Bratislava - Rusovce;Doprava;povolené;ARPenviro s.r.o.;9;;;https://www.google.com/maps/search/IBV%20BRATISLAVA%20RUSOVCE%20-%20Nov%C3%BD%20stavebn%C3%BD%20obvod%20Rusovce%20Bratislava%20-%20Rusovce;https://www.enviroportal.sk/eia/detail/ibv-bratislava-rusovce-novy-stavebny-obvod-rusovce
program-hospodarskeho-rozvoja-socialneho-rozvoja-mestskej-casti-bratis-5;"Program hospodárskeho rozvoja a sociálneho rozvoja mestskej časti Bratislava – Rusovce 2015 – 2024; aktualizovaná a dopracovaná verzia pôvodného PHSR ";Bratislava - Rusovce;Plány a koncepcie;posúdené;Mestská časť Bratislava – Rusovce, Vývojová 8;5;;;https://www.google.com/maps/search/Program%20hospod%C3%A1rskeho%20rozvoja%20a%20soci%C3%A1lneho%20rozvoja%20mestskej%20%C4%8Dasti%20Bratislava%20%E2%80%93%20Rusovce%202015%20%E2%80%93%202024%3B%20aktualizovan%C3%A1%20a%20dopracovan%C3%A1%20verzia%20p%C3%B4vodn%C3%A9ho%20PHSR%20%20Bratislava%20-%20Rusovce;https://www.enviroportal.sk/eia/detail/program-hospodarskeho-rozvoja-socialneho-rozvoja-mestskej-casti-bratis-5
program-hospodarskeho-rozvoja-socialneho-rozvoja-mestskej-casti-bratis-11;Program hospodárskeho rozvoja a sociálneho rozvoja mestskej časti Bratislava – Rusovce 2023 – 2032 (aktualizácia);Bratislava - Rusovce;Plány a koncepcie;posúdené;Mestská časť Bratislava – Rusovce, Vývojová 8;4;;;https://www.google.com/maps/search/Program%20hospod%C3%A1rskeho%20rozvoja%20a%20soci%C3%A1lneho%20rozvoja%20mestskej%20%C4%8Dasti%20Bratislava%20%E2%80%93%20Rusovce%202023%20%E2%80%93%202032%20%28aktualiz%C3%A1cia%29%20Bratislava%20-%20Rusovce;https://www.enviroportal.sk/eia/detail/program-hospodarskeho-rozvoja-socialneho-rozvoja-mestskej-casti-bratis-11
rusovce-sever;RUSOVCE SEVER;Bratislava - Rusovce;Polyfunkcia;dokončené;Residence FK s.r.o.;8;;;https://www.google.com/maps/search/RUSOVCE%20SEVER%20Bratislava%20-%20Rusovce;https://www.enviroportal.sk/eia/detail/rusovce-sever
rekreacny-areal-rusovce;Rekreačný areál Rusovce;Bratislava - Rusovce;Vybavenosť;zámer;HOFFMAN a ALBRECHT, s.r.o., Obchodná 35;6;;;https://www.google.com/maps/search/Rekrea%C4%8Dn%C3%BD%20are%C3%A1l%20Rusovce%20Bratislava%20-%20Rusovce;https://www.enviroportal.sk/eia/detail/rekreacny-areal-rusovce
upn-z-pamiatkovej-zony-bratislava-rusovce;ÚPN Z Pamiatkovej zóny Bratislava – Rusovce;Bratislava - Rusovce;Plány a koncepcie;posúdené;Mestská časť Bratislava - Rusovce;6;;;https://www.google.com/maps/search/%C3%9APN%20Z%20Pamiatkovej%20z%C3%B3ny%20Bratislava%20%E2%80%93%20Rusovce%20Bratislava%20-%20Rusovce;https://www.enviroportal.sk/eia/detail/upn-z-pamiatkovej-zony-bratislava-rusovce
uzemny-plan-zony-pamiatkova-zona-bratislava-rusovce;Územný plán zóny Pamiatková zóna Bratislava – Rusovce;Bratislava - Rusovce;Plány a koncepcie;posúdené;Mestská časť Bratislava - Rusovce;6;;;https://www.google.com/maps/search/%C3%9Azemn%C3%BD%20pl%C3%A1n%20z%C3%B3ny%20Pamiatkov%C3%A1%20z%C3%B3na%20Bratislava%20%E2%80%93%20Rusovce%20Bratislava%20-%20Rusovce;https://www.enviroportal.sk/eia/detail/uzemny-plan-zony-pamiatkova-zona-bratislava-rusovce
uzemny-plan-zony-rusovce-sever;Územný plán zóny Rusovce - sever;Bratislava - Rusovce;Plány a koncepcie;dokončené;Mestská časť Bratislava - Rusovce;8;;;https://www.google.com/maps/search/%C3%9Azemn%C3%BD%20pl%C3%A1n%20z%C3%B3ny%20Rusovce%20-%20sever%20Bratislava%20-%20Rusovce;https://www.enviroportal.sk/eia/detail/uzemny-plan-zony-rusovce-sever
-pri-mlynoch-;"""Pri Mlynoch""";Bratislava - Ružinov;Plány a koncepcie;posúdené;Pri Mlynoch, s.r.o., Panenská 6;22;;;https://www.google.com/maps/search/%22Pri%20Mlynoch%22%20Bratislava%20-%20Ru%C5%BEinov;https://www.enviroportal.sk/eia/detail/-pri-mlynoch-
-viacpodlazne-parkovisko-jegeho-ulica-bratislava;"""VIACPODLAŽNÉ PARKOVISKO"" - Jégeho ulica, Bratislava";Bratislava - Ružinov;Doprava;posúdené;Immocap Services, s.r.o., Plynárenská 7/C;9;;;https://www.google.com/maps/search/%22VIACPODLA%C5%BDN%C3%89%20PARKOVISKO%22%20-%20J%C3%A9geho%20ulica%2C%20Bratislava%20Bratislava%20-%20Ru%C5%BEinov;https://www.enviroportal.sk/eia/detail/-viacpodlazne-parkovisko-jegeho-ulica-bratislava
-zmena-5-dialnica-d4-bratislava-ketelec-bratislava-prievoz;(Zmena 5) - Diaľnica D4 Bratislava Ketelec - Bratislava Prievoz;Bratislava - Ružinov;Doprava;zámer;Slovenská republika, zastúpená MDV SR, v konečnom zastúpení Dopravopro;4;;;https://www.google.com/maps/search/%28Zmena%205%29%20-%20Dia%C4%BEnica%20D4%20Bratislava%20Ketelec%20-%20Bratislava%20Prievoz%20Bratislava%20-%20Ru%C5%BEinov;https://www.enviroportal.sk/eia/detail/-zmena-5-dialnica-d4-bratislava-ketelec-bratislava-prievoz
-zmena-c-5a-rychlostna-cesta-r7-bratislava-ketelec-bratislava-prievoz;(Zmena č. 5A) Rýchlostná cesta R7 Bratislava Ketelec – Bratislava Prievoz;Bratislava - Ružinov;Doprava;posúdené;Slovenská republika, zastúpená MDVRR SR, v konečnom zastúpení Dopravop;5;;;https://www.google.com/maps/search/%28Zmena%20%C4%8D.%205A%29%20R%C3%BDchlostn%C3%A1%20cesta%20R7%20Bratislava%20Ketelec%20%E2%80%93%20Bratislava%20Prievoz%20Bratislava%20-%20Ru%C5%BEinov;https://www.enviroportal.sk/eia/detail/-zmena-c-5a-rychlostna-cesta-r7-bratislava-ketelec-bratislava-prievoz
-zmena-3-rychlostna-cesta-r7-bratislava-ketelec-bratislava-prievoz-;(zmena 3) Rýchlostná cesta R7 Bratislava Ketelec – Bratislava Prievoz;Bratislava - Ružinov;Doprava;posúdené;Slovenská republika, zastúpená MDVRR SR, v konečnom zastúpení Dopravop;4;;;https://www.google.com/maps/search/%28zmena%203%29%20R%C3%BDchlostn%C3%A1%20cesta%20R7%20Bratislava%20Ketelec%20%E2%80%93%20Bratislava%20Prievoz%20Bratislava%20-%20Ru%C5%BEinov;https://www.enviroportal.sk/eia/detail/-zmena-3-rychlostna-cesta-r7-bratislava-ketelec-bratislava-prievoz-
-zmena-4-rychlostna-cesta-r7-bratislava-ketelec-bratislava-prievoz-;(zmena 4) Rýchlostná cesta R7 Bratislava Ketelec – Bratislava Prievoz;Bratislava - Ružinov;Doprava;posúdené;Slovenská republika, zastúpená MDV SR, v konečnom zastúpení Dopravopro;4;;;https://www.google.com/maps/search/%28zmena%204%29%20R%C3%BDchlostn%C3%A1%20cesta%20R7%20Bratislava%20Ketelec%20%E2%80%93%20Bratislava%20Prievoz%20Bratislava%20-%20Ru%C5%BEinov;https://www.enviroportal.sk/eia/detail/-zmena-4-rychlostna-cesta-r7-bratislava-ketelec-bratislava-prievoz-
-zmena-c-3-dialnica-d1-bratislava-krizovatka-prievoz-rekonstrukcia;(zmena č. 3) Diaľnica D1 Bratislava - križovatka Prievoz, rekonštrukcia;Bratislava - Ružinov;Doprava;zámer;Slovenská republika, zastúpená MDVRR SR, v konečnom zastúpení Dopravop;6;;;https://www.google.com/maps/search/%28zmena%20%C4%8D.%203%29%20Dia%C4%BEnica%20D1%20Bratislava%20-%20kri%C5%BEovatka%20Prievoz%2C%20rekon%C5%A1trukcia%20Bratislava%20-%20Ru%C5%BEinov;https://www.enviroportal.sk/eia/detail/-zmena-c-3-dialnica-d1-bratislava-krizovatka-prievoz-rekonstrukcia
-zmena-c-5-dialnica-d4-bratislava-jarovce-ivanka-sever-;(zmena č.5) Diaľnica D4 Bratislava, Jarovce – Ivanka sever;Bratislava - Ružinov;Doprava;dokončené;Slovenská republika, zastúpená MDV SR, v konečnom zastúpení Dopravopro;4;;;https://www.google.com/maps/search/%28zmena%20%C4%8D.5%29%20Dia%C4%BEnica%20D4%20Bratislava%2C%20Jarovce%20%E2%80%93%20Ivanka%20sever%20Bratislava%20-%20Ru%C5%BEinov;https://www.enviroportal.sk/eia/detail/-zmena-c-5-dialnica-d4-bratislava-jarovce-ivanka-sever-
-wiki-distribucno-predajne-centrum-;",,WIKI - Distribučno - predajné centrum""";Bratislava - Ružinov;Obchod a služby;posúdené;Ing. Jozef Šteffek, Družstevná 16;12;;;https://www.google.com/maps/search/%2C%2CWIKI%20-%20Distribu%C4%8Dno%20-%20predajn%C3%A9%20centrum%22%20Bratislava%20-%20Ru%C5%BEinov;https://www.enviroportal.sk/eia/detail/-wiki-distribucno-predajne-centrum-
ad5-vymena-pece-f1-;AD5 - Výmena pece F1;Bratislava - Ružinov;Výroba a sklady;posúdené;SLOVNAFT, a. s.,Vlčie hrdlo 1;7;;;https://www.google.com/maps/search/AD5%20-%20V%C3%BDmena%20pece%20F1%20Bratislava%20-%20Ru%C5%BEinov;https://www.enviroportal.sk/eia/detail/ad5-vymena-pece-f1-
ad5-vymena-pece-f1;AD5 - Výmena pece F1;Bratislava - Ružinov;Výroba a sklady;posúdené;SLOVNAFT, a. s., Vlčie hrdlo 1;7;;;https://www.google.com/maps/search/AD5%20-%20V%C3%BDmena%20pece%20F1%20Bratislava%20-%20Ru%C5%BEinov;https://www.enviroportal.sk/eia/detail/ad5-vymena-pece-f1
areal-volneho-casu-zlate-piesky-v-bratislave;AREÁL VOĽNÉHO ČASU ZLATÉ PIESKY V BRATISLAVE;Bratislava - Ružinov;Vybavenosť;zámer;VIG ZP, s.r.o., Štefanovičova 4;19;;;https://www.google.com/maps/search/ARE%C3%81L%20VO%C4%BDN%C3%89HO%20%C4%8CASU%20ZLAT%C3%89%20PIESKY%20V%20BRATISLAVE%20Bratislava%20-%20Ru%C5%BEinov;https://www.enviroportal.sk/eia/detail/areal-volneho-casu-zlate-piesky-v-bratislave
asko-nabytok-bratislava-zlate-piesky-novostavba-predajne-nabytku;ASKO NÁBYTOK Bratislava - Zlaté Piesky - novostavba predajne nábytku;Bratislava - Ružinov;Obchod a služby;posúdené;ASKO nábytok, spol. s r.o., Lazaretská 8;6;;;https://www.google.com/maps/search/ASKO%20N%C3%81BYTOK%20Bratislava%20-%20Zlat%C3%A9%20Piesky%20-%20novostavba%20predajne%20n%C3%A1bytku%20Bratislava%20-%20Ru%C5%BEinov;https://www.enviroportal.sk/eia/detail/asko-nabytok-bratislava-zlate-piesky-novostavba-predajne-nabytku
aston-2-022;ASTON 2.022;Bratislava - Ružinov;Polyfunkcia;posúdené;Estate 01, s.r.o., Bajkalská 22;16;;;https://www.google.com/maps/search/ASTON%202.022%20Bratislava%20-%20Ru%C5%BEinov;https://www.enviroportal.sk/eia/detail/aston-2-022
administrativna-budova-dopravnych-stavebnych-sluzieb-polyfunkcne-objek;Administratívna budova dopravných a stavebných služieb a polyfunkčne objekty dopravných a stavebných služieb;Bratislava - Ružinov;Polyfunkcia;posúdené;CZ INVEST s.r.o.;5;;;https://www.google.com/maps/search/Administrat%C3%ADvna%20budova%20dopravn%C3%BDch%20a%20stavebn%C3%BDch%20slu%C5%BEieb%20a%20polyfunk%C4%8Dne%20objekty%20dopravn%C3%BDch%20a%20stavebn%C3%BDch%20slu%C5%BEieb%20Bratislava%20-%20Ru%C5%BEinov;https://www.enviroportal.sk/eia/detail/administrativna-budova-dopravnych-stavebnych-sluzieb-polyfunkcne-objek
administrativne-centrum-strabag-koncernova-centrala-bratislava;Administratívne centrum STRABAG, Koncernová centrála - Bratislava;Bratislava - Ružinov;Administratíva;posúdené;STRABAG, s.r.o., Bratislava;0;;;https://www.google.com/maps/search/Administrat%C3%ADvne%20centrum%20STRABAG%2C%20Koncernov%C3%A1%20centr%C3%A1la%20-%20Bratislava%20Bratislava%20-%20Ru%C5%BEinov;https://www.enviroportal.sk/eia/detail/administrativne-centrum-strabag-koncernova-centrala-bratislava
administrativno-prevadzkova-budova-firmy-wiky-ruzinov-bratislava;Administratívno prevádzková budova firmy WIKY, Ružinov, Bratislava;Bratislava - Ružinov;Administratíva;posúdené;WIKY, Bratislava;1;;;https://www.google.com/maps/search/Administrat%C3%ADvno%20prev%C3%A1dzkov%C3%A1%20budova%20firmy%20WIKY%2C%20Ru%C5%BEinov%2C%20Bratislava%20Bratislava%20-%20Ru%C5%BEinov;https://www.enviroportal.sk/eia/detail/administrativno-prevadzkova-budova-firmy-wiky-ruzinov-bratislava
aktualizacia-dokumentacie-systemu-manazerstva-kvality-v-nadvaznosti-na-1;Aktualizácia dokumentácie systému manažérstva kvality v nadväznosti na zmenu procesného modelu SE, a.s., a organizačné zmeny v SE, a.s., k 1.5.2014.;Bratislava - Ružinov;Výroba a sklady;posúdené;Slovenské elektrárne, a. s., Mlynské nivy 47;3;;;https://www.google.com/maps/search/Aktualiz%C3%A1cia%20dokument%C3%A1cie%20syst%C3%A9mu%20mana%C5%BE%C3%A9rstva%20kvality%20v%20nadv%C3%A4znosti%20na%20zmenu%20procesn%C3%A9ho%20modelu%20SE%2C%20a.s.%2C%20a%20organiza%C4%8Dn%C3%A9%20zmeny%20v%20SE%2C%20a.s.%2C%20k%201.5.2014.%20Bratislava%20-%20Ru%C5%BEinov;https://www.enviroportal.sk/eia/detail/aktualizacia-dokumentacie-systemu-manazerstva-kvality-v-nadvaznosti-na-1
alternativne-spracovanie-kyslych-sirovodikovych-plynov;Alternatívne spracovanie kyslých sírovodíkových plynov;Bratislava - Ružinov;Výroba a sklady;dokončené;Slovnaft, a. s., Vlčie hrdlo 1;3;;;https://www.google.com/maps/search/Alternat%C3%ADvne%20spracovanie%20kysl%C3%BDch%20s%C3%ADrovod%C3%ADkov%C3%BDch%20plynov%20Bratislava%20-%20Ru%C5%BEinov;https://www.enviroportal.sk/eia/detail/alternativne-spracovanie-kyslych-sirovodikovych-plynov
alternativne-spracovanie-kyslych-cpavkovych-plynov-technologiou-swaats;Alternatívne spracovanie kyslých čpavkových plynov technológiou SWAATS v areáli SLOVNAFT, a.s., Bratislava;Bratislava - Ružinov;Výroba a sklady;dokončené;SLOVNAFT, a.s., Vlčie hrdlo 1;4;;;https://www.google.com/maps/search/Alternat%C3%ADvne%20spracovanie%20kysl%C3%BDch%20%C4%8Dpavkov%C3%BDch%20plynov%20technol%C3%B3giou%20SWAATS%20v%20are%C3%A1li%20SLOVNAFT%2C%20a.s.%2C%20Bratislava%20Bratislava%20-%20Ru%C5%BEinov;https://www.enviroportal.sk/eia/detail/alternativne-spracovanie-kyslych-cpavkovych-plynov-technologiou-swaats
architektonicka-studia-navrh-na-zmenu-stavby-pred-jej-dokoncenim-obytn;Architektonická štúdia Návrh na Zmenu stavby pred jej dokončením Obytný súbor Jégého alej IV. Etapa - objekt E;Bratislava - Ružinov;Bývanie;posúdené;FINEP Jégého alej a.s., Plynárenská 2/A;23;;;https://www.google.com/maps/search/Architektonick%C3%A1%20%C5%A1t%C3%BAdia%20N%C3%A1vrh%20na%20Zmenu%20stavby%20pred%20jej%20dokon%C4%8Den%C3%ADm%20Obytn%C3%BD%20s%C3%BAbor%20J%C3%A9g%C3%A9ho%20alej%20IV.%20Etapa%20-%20objekt%20E%20Bratislava%20-%20Ru%C5%BEinov;https://www.enviroportal.sk/eia/detail/architektonicka-studia-navrh-na-zmenu-stavby-pred-jej-dokoncenim-obytn
automaticky-sklad-;Automatický sklad;Bratislava - Ružinov;Výroba a sklady;zámer;RAJO a.s., Studená 35;10;;;https://www.google.com/maps/search/Automatick%C3%BD%20sklad%20Bratislava%20-%20Ru%C5%BEinov;https://www.enviroportal.sk/eia/detail/automaticky-sklad-
automatizovana-separacna-linka;Automatizovaná separačná linka;Bratislava - Ružinov;Technická infraštruktúra;posúdené;Bratislavská recyklačná, s. r. o., Slovnaftská 102;8;;;https://www.google.com/maps/search/Automatizovan%C3%A1%20separa%C4%8Dn%C3%A1%20linka%20Bratislava%20-%20Ru%C5%BEinov;https://www.enviroportal.sk/eia/detail/automatizovana-separacna-linka
axton-residence-ii-ul-i-horvatha-ruzinov-bratislava;Axton Residence II, ul. I. Horvátha, Ružinov, Bratislava;Bratislava - Ružinov;Bývanie;posúdené;Axton Residence III, s. r. o., Bajkalská 29/D;3;;;https://www.google.com/maps/search/Axton%20Residence%20II%2C%20ul.%20I.%20Horv%C3%A1tha%2C%20Ru%C5%BEinov%2C%20Bratislava%20Bratislava%20-%20Ru%C5%BEinov;https://www.enviroportal.sk/eia/detail/axton-residence-ii-ul-i-horvatha-ruzinov-bratislava
bytove-domy-polyfunkcne-objekty-dopravnych-sluzieb;BYTOVÉ DOMY A POLYFUNKČNÉ OBJEKTY DOPRAVNÝCH SLUŽIEB;Bratislava - Ružinov;Plány a koncepcie;posúdené;Pravé krídlo, s.r.o., Dunajská 15/A;5;;;https://www.google.com/maps/search/BYTOV%C3%89%20DOMY%20A%20POLYFUNK%C4%8CN%C3%89%20OBJEKTY%20DOPRAVN%C3%9DCH%20SLU%C5%BDIEB%20Bratislava%20-%20Ru%C5%BEinov;https://www.enviroportal.sk/eia/detail/bytove-domy-polyfunkcne-objekty-dopravnych-sluzieb
bezdymove-spalovanie-na-polnom-horaku-d201;Bezdymové spaľovanie na poľnom horáku D201;Bratislava - Ružinov;Výroba a sklady;posúdené;Kovoprojekta Brno, a. s., organizačná zložka, Areál Slovnaft a. s., Vl;2;;;https://www.google.com/maps/search/Bezdymov%C3%A9%20spa%C4%BEovanie%20na%20po%C4%BEnom%20hor%C3%A1ku%20D201%20Bratislava%20-%20Ru%C5%BEinov;https://www.enviroportal.sk/eia/detail/bezdymove-spalovanie-na-polnom-horaku-d201
bioenergeticke-centrum-bratislava-centrum-zhodnocovania-odpadov-bratis;Bioenergetické centrum Bratislava a Centrum zhodnocovania odpadov Bratislava;Bratislava - Ružinov;Výroba a sklady;posúdené;GASPAD s.r.o., Ružová dolina 25;117;;;https://www.google.com/maps/search/Bioenergetick%C3%A9%20centrum%20Bratislava%20a%20Centrum%20zhodnocovania%20odpadov%20Bratislava%20Bratislava%20-%20Ru%C5%BEinov;https://www.enviroportal.sk/eia/detail/bioenergeticke-centrum-bratislava-centrum-zhodnocovania-odpadov-bratis
bioenergeticky-komplex-bratislava;Bioenergetický komplex Bratislava;Bratislava - Ružinov;Výroba a sklady;posúdené;1 BPS, s.r.o., Ružová dolina 25;66;;;https://www.google.com/maps/search/Bioenergetick%C3%BD%20komplex%20Bratislava%20Bratislava%20-%20Ru%C5%BEinov;https://www.enviroportal.sk/eia/detail/bioenergeticky-komplex-bratislava
bratislava-kanalizacny-prepoj-zberacov-e-a;Bratislava, Kanalizačný prepoj zberačov E a A;Bratislava - Ružinov;Technická infraštruktúra;zámer;Bratislavská vodárenská spoločnosť a. s., Prešovská 48;4;;;https://www.google.com/maps/search/Bratislava%2C%20Kanaliza%C4%8Dn%C3%BD%20prepoj%20zbera%C4%8Dov%20E%20a%20A%20Bratislava%20-%20Ru%C5%BEinov;https://www.enviroportal.sk/eia/detail/bratislava-kanalizacny-prepoj-zberacov-e-a
budova-ministerstva-spravodlivosti-sr-generalneho-riaditelstva-zboru-v;Budova Ministerstva spravodlivosti SR a generálneho riaditeľstva zboru väzenskej a justičnej stráže;Bratislava - Ružinov;Bývanie;posúdené;Generálne riaditeľstvo Zboru väzenskej a justičnej stráže, Chorvátska ;5;;;https://www.google.com/maps/search/Budova%20Ministerstva%20spravodlivosti%20SR%20a%20gener%C3%A1lneho%20riadite%C4%BEstva%20zboru%20v%C3%A4zenskej%20a%20justi%C4%8Dnej%20str%C3%A1%C5%BEe%20Bratislava%20-%20Ru%C5%BEinov;https://www.enviroportal.sk/eia/detail/budova-ministerstva-spravodlivosti-sr-generalneho-riaditelstva-zboru-v
business-center-bajkal-2-bratislava-zmena-1;Business Center Bajkal - 2, Bratislava Zmena 1;Bratislava - Ružinov;Administratíva;posúdené;SLOVKARPATIA, s.r.o.;11;;;https://www.google.com/maps/search/Business%20Center%20Bajkal%20-%202%2C%20Bratislava%20Zmena%201%20Bratislava%20-%20Ru%C5%BEinov;https://www.enviroportal.sk/eia/detail/business-center-bajkal-2-bratislava-zmena-1
bytovy-apartmanovy-dom-sedmokrasky;Bytový a apartmánový dom - Sedmokrásky;Bratislava - Ružinov;Bývanie;posúdené;Rossa Invest, s. r. o., Dvojkrížna 47;7;;;https://www.google.com/maps/search/Bytov%C3%BD%20a%20apartm%C3%A1nov%C3%BD%20dom%20-%20Sedmokr%C3%A1sky%20Bratislava%20-%20Ru%C5%BEinov;https://www.enviroportal.sk/eia/detail/bytovy-apartmanovy-dom-sedmokrasky
bytovy-dom;Bytový dom;Bratislava - Ružinov;Bývanie;posúdené;Ivanská cesta, s.r.o., Panenská 6;9;;;https://www.google.com/maps/search/Bytov%C3%BD%20dom%20Bratislava%20-%20Ru%C5%BEinov;https://www.enviroportal.sk/eia/detail/bytovy-dom
bytovy-dom-nadstavba-parkovisko-avion;Bytový dom - nadstavba a Parkovisko Avion;Bratislava - Ružinov;Bývanie;posúdené;Ivanská cesta, s. r.o., Panenská 6;26;;;https://www.google.com/maps/search/Bytov%C3%BD%20dom%20-%20nadstavba%20a%20Parkovisko%20Avion%20Bratislava%20-%20Ru%C5%BEinov;https://www.enviroportal.sk/eia/detail/bytovy-dom-nadstavba-parkovisko-avion
bytovy-dom-lemon;Bytový dom Lemon;Bratislava - Ružinov;Bývanie;posúdené;Pressburg Tower Property s.r.o., Prievozská 6A;6;;;https://www.google.com/maps/search/Bytov%C3%BD%20dom%20Lemon%20Bratislava%20-%20Ru%C5%BEinov;https://www.enviroportal.sk/eia/detail/bytovy-dom-lemon
bytovy-dom-monte-verde;Bytový dom Monte Verde;Bratislava - Ružinov;Bývanie;posúdené;URBICOM, a.s., Dr. VI. Clementisa 10;6;;;https://www.google.com/maps/search/Bytov%C3%BD%20dom%20Monte%20Verde%20Bratislava%20-%20Ru%C5%BEinov;https://www.enviroportal.sk/eia/detail/bytovy-dom-monte-verde
bytovy-dom-ruzinov-ostredky-sputnikova-bratislava;Bytový dom Ružinov - Ostredky, Sputnikova, Bratislava;Bratislava - Ružinov;Bývanie;posúdené;Vodohospodárske stavby Malacky, a.s.;0;;;https://www.google.com/maps/search/Bytov%C3%BD%20dom%20Ru%C5%BEinov%20-%20Ostredky%2C%20Sputnikova%2C%20Bratislava%20Bratislava%20-%20Ru%C5%BEinov;https://www.enviroportal.sk/eia/detail/bytovy-dom-ruzinov-ostredky-sputnikova-bratislava
bytovy-dom-terchovska;Bytový dom Terchovská;Bratislava - Ružinov;Bývanie;posúdené;Metro Bratislava, a.s., Primaciálne nám. 1;5;;;https://www.google.com/maps/search/Bytov%C3%BD%20dom%20Terchovsk%C3%A1%20Bratislava%20-%20Ru%C5%BEinov;https://www.enviroportal.sk/eia/detail/bytovy-dom-terchovska
byvanie-trnavka;Bývanie Trnávka;Bratislava - Ružinov;Bývanie;povolené;Rosalin, s.r.o., Dvořákovo nábrežie 8;14;;;https://www.google.com/maps/search/B%C3%BDvanie%20Trn%C3%A1vka%20Bratislava%20-%20Ru%C5%BEinov;https://www.enviroportal.sk/eia/detail/byvanie-trnavka
city-site-bratislava;CITY SITE - Bratislava;Bratislava - Ružinov;Administratíva;posúdené;CONTERA Management SK s.r.o., Laurinská 18;6;;;https://www.google.com/maps/search/CITY%20SITE%20-%20Bratislava%20Bratislava%20-%20Ru%C5%BEinov;https://www.enviroportal.sk/eia/detail/city-site-bratislava
centrum-energetickeho-zhodnotenia-odpadov-;Centrum energetického zhodnotenia odpadov;Bratislava - Ružinov;Výroba a sklady;posúdené;SLOVNAFT, .a.s, Vlčie hrdlo 1;16;;;https://www.google.com/maps/search/Centrum%20energetick%C3%A9ho%20zhodnotenia%20odpadov%20Bratislava%20-%20Ru%C5%BEinov;https://www.enviroportal.sk/eia/detail/centrum-energetickeho-zhodnotenia-odpadov-
cesta-i-61-bratislava-senec;Cesta I/61 Bratislava - Senec;Bratislava - Ružinov;Doprava;posúdené;Slovenská správa ciest Investičná výstavba a správa ciest;3;;;https://www.google.com/maps/search/Cesta%20I/61%20Bratislava%20-%20Senec%20Bratislava%20-%20Ru%C5%BEinov;https://www.enviroportal.sk/eia/detail/cesta-i-61-bratislava-senec
cesta-i-61-bratislava-senec-zmena-c-1-;Cesta I/61 Bratislava - Senec (zmena č. 1);Bratislava - Ružinov;Doprava;posúdené;Národná diaľničná spoločnosť, a. s., Dúbravská cesta 14;25;;;https://www.google.com/maps/search/Cesta%20I/61%20Bratislava%20-%20Senec%20%28zmena%20%C4%8D.%201%29%20Bratislava%20-%20Ru%C5%BEinov;https://www.enviroportal.sk/eia/detail/cesta-i-61-bratislava-senec-zmena-c-1-
citypark-ruzinov-so-201-d-polyfunkcny-objekt-d-s-podzemnymi-parkovacim;CityPark Ružinov, SO 201 D, Polyfunkčný objekt D s podzemnými parkovacími státiami;Bratislava - Ružinov;Polyfunkcia;posúdené;PRO TP 06 s.r.o., Mlynské nivy 68;6;;;https://www.google.com/maps/search/CityPark%20Ru%C5%BEinov%2C%20SO%20201%20D%2C%20Polyfunk%C4%8Dn%C3%BD%20objekt%20D%20s%20podzemn%C3%BDmi%20parkovac%C3%ADmi%20st%C3%A1tiami%20Bratislava%20-%20Ru%C5%BEinov;https://www.enviroportal.sk/eia/detail/citypark-ruzinov-so-201-d-polyfunkcny-objekt-d-s-podzemnymi-parkovacim
d1-bratislava-senec-1-usek-bratislava-triblavina;D1 Bratislava – Senec, 1. úsek Bratislava - Triblavina;Bratislava - Ružinov;Doprava;posúdené;Národná diaľničná spoločnosť a.s., Dúbravská cesta 14;16;;;https://www.google.com/maps/search/D1%20Bratislava%20%E2%80%93%20Senec%2C%201.%20%C3%BAsek%20Bratislava%20-%20Triblavina%20Bratislava%20-%20Ru%C5%BEinov;https://www.enviroportal.sk/eia/detail/d1-bratislava-senec-1-usek-bratislava-triblavina
d1-bratislava-senec-rozsirenie-na-6-pruh-1-usek-km-0-000-3-638-13-600-;D1 Bratislava – Senec, rozšírenie na 6-pruh, 1. úsek km 0,000 – 3,638 (13,600 – 17,238 D1);Bratislava - Ružinov;Plány a koncepcie;dokončené;Národná diaľničná spoločnosť, a. s., Dúbravská cesta 14;6;;;https://www.google.com/maps/search/D1%20Bratislava%20%E2%80%93%20Senec%2C%20roz%C5%A1%C3%ADrenie%20na%206-pruh%2C%201.%20%C3%BAsek%20km%200%2C000%20%E2%80%93%203%2C638%20%2813%2C600%20%E2%80%93%2017%2C238%20D1%29%20Bratislava%20-%20Ru%C5%BEinov;https://www.enviroportal.sk/eia/detail/d1-bratislava-senec-rozsirenie-na-6-pruh-1-usek-km-0-000-3-638-13-600-
decathlon-bratislava-pharos;DECATHLON Bratislava Pharos;Bratislava - Ružinov;Vybavenosť;posúdené;DECATHLON S.A., 4 Boulevard de Mons;6;;;https://www.google.com/maps/search/DECATHLON%20Bratislava%20Pharos%20Bratislava%20-%20Ru%C5%BEinov;https://www.enviroportal.sk/eia/detail/decathlon-bratislava-pharos
demolacia-odstavenych-jednotiek-faza-4;Demolácia odstavených jednotiek – fáza 4;Bratislava - Ružinov;Výroba a sklady;zámer;SLOVNAFT, a.s., Vlčie hrdlo 1;5;;;https://www.google.com/maps/search/Demol%C3%A1cia%20odstaven%C3%BDch%20jednotiek%20%E2%80%93%20f%C3%A1za%204%20Bratislava%20-%20Ru%C5%BEinov;https://www.enviroportal.sk/eia/detail/demolacia-odstavenych-jednotiek-faza-4
dialnica-d1-bratislava-senec-1-usek-bratislava-triblavina-i-etapa-ii-e;Diaľnica D1 Bratislava - Senec, 1.úsek Bratislava - Triblavina, I. etapa a II. etapa;Bratislava - Ružinov;Doprava;zámer;Národná diaľničná spoločnosť a .s., Dúbravská cesta 14;8;;;https://www.google.com/maps/search/Dia%C4%BEnica%20D1%20Bratislava%20-%20Senec%2C%201.%C3%BAsek%20Bratislava%20-%20Triblavina%2C%20I.%20etapa%20a%20II.%20etapa%20Bratislava%20-%20Ru%C5%BEinov;https://www.enviroportal.sk/eia/detail/dialnica-d1-bratislava-senec-1-usek-bratislava-triblavina-i-etapa-ii-e
-dialnica-d1-bratislava-krizovatka-prievoz-rekonstrukcia;Diaľnica D1 Bratislava - križovatka Prievoz - rekonštrukcia;Bratislava - Ružinov;Výroba a sklady;posúdené;Národná diaľničná spoločnosť, a.s., Mlynské Nivy 45;3;;;https://www.google.com/maps/search/Dia%C4%BEnica%20D1%20Bratislava%20-%20kri%C5%BEovatka%20Prievoz%20-%20rekon%C5%A1trukcia%20Bratislava%20-%20Ru%C5%BEinov;https://www.enviroportal.sk/eia/detail/-dialnica-d1-bratislava-krizovatka-prievoz-rekonstrukcia
dialnica-d1-bratislava-krizovatka-prievoz-rekonstrukcia;Diaľnica D1 Bratislava - križovatka Prievoz - rekonštrukcia;Bratislava - Ružinov;Doprava;posúdené;Národná diaľničná spoločnosť, a.s., Dúbravská cesta 14;6;;;https://www.google.com/maps/search/Dia%C4%BEnica%20D1%20Bratislava%20-%20kri%C5%BEovatka%20Prievoz%20-%20rekon%C5%A1trukcia%20Bratislava%20-%20Ru%C5%BEinov;https://www.enviroportal.sk/eia/detail/dialnica-d1-bratislava-krizovatka-prievoz-rekonstrukcia
dialnica-d4-bratislava-jarovce-ivanka-sever-;Diaľnica D4 Bratislava, Jarovce - Ivanka sever;Bratislava - Ružinov;Doprava;dokončené;Národná diaľničná spoločnosť, a. s., Mlynské Nivy 45;13;;;https://www.google.com/maps/search/Dia%C4%BEnica%20D4%20Bratislava%2C%20Jarovce%20-%20Ivanka%20sever%20Bratislava%20-%20Ru%C5%BEinov;https://www.enviroportal.sk/eia/detail/dialnica-d4-bratislava-jarovce-ivanka-sever-
forum-business-center-ii-;Forum Business Center II.;Bratislava - Ružinov;Bývanie;zámer;Pressburg Urban Project, a.s., Mlynské Nivy 68;5;;;https://www.google.com/maps/search/Forum%20Business%20Center%20II.%20Bratislava%20-%20Ru%C5%BEinov;https://www.enviroportal.sk/eia/detail/forum-business-center-ii-
forum-business-center-ii-bratislava;Forum Business Center II., Bratislava;Bratislava - Ružinov;Administratíva;posúdené;Pressburg Urban Projects a.s., Karadžičova 12;3;;;https://www.google.com/maps/search/Forum%20Business%20Center%20II.%2C%20Bratislava%20Bratislava%20-%20Ru%C5%BEinov;https://www.enviroportal.sk/eia/detail/forum-business-center-ii-bratislava
galvaniho-business-centrum-v;GALVANIHO BUSINESS CENTRUM V;Bratislava - Ružinov;Polyfunkcia;posúdené;GALVANIHO 5 s.r.o., Galvaniho 17/C;7;;;https://www.google.com/maps/search/GALVANIHO%20BUSINESS%20CENTRUM%20V%20Bratislava%20-%20Ru%C5%BEinov;https://www.enviroportal.sk/eia/detail/galvaniho-business-centrum-v
galvaniho-business-centrum-iii-bratislava;Galvaniho Business Centrum III., Bratislava;Bratislava - Ružinov;Administratíva;posúdené;Delta 2000 s. r. o., Mandľová 41;6;;;https://www.google.com/maps/search/Galvaniho%20Business%20Centrum%20III.%2C%20Bratislava%20Bratislava%20-%20Ru%C5%BEinov;https://www.enviroportal.sk/eia/detail/galvaniho-business-centrum-iii-bratislava
galvaniho-business-centrum-iv;Galvaniho Business Centrum IV;Bratislava - Ružinov;Administratíva;posúdené;Draškovič, s.r.o., P.J.Šafárika 378/15;5;;;https://www.google.com/maps/search/Galvaniho%20Business%20Centrum%20IV%20Bratislava%20-%20Ru%C5%BEinov;https://www.enviroportal.sk/eia/detail/galvaniho-business-centrum-iv
galvaniho-business-centrum-iv-bratislava;Galvaniho Business Centrum IV, Bratislava;Bratislava - Ružinov;Administratíva;posúdené;Draškovič s.r.o., P. J. Šafárika 378/15;6;;;https://www.google.com/maps/search/Galvaniho%20Business%20Centrum%20IV%2C%20Bratislava%20Bratislava%20-%20Ru%C5%BEinov;https://www.enviroportal.sk/eia/detail/galvaniho-business-centrum-iv-bratislava
generator-dusika-messer-bratislava;Generátor dusíka Messer , Bratislava;Bratislava - Ružinov;Výroba a sklady;posúdené;Slovnaft Messer s.r.o., Vlčie hrdlo 1/B;2;;;https://www.google.com/maps/search/Gener%C3%A1tor%20dus%C3%ADka%20Messer%20%2C%20Bratislava%20Bratislava%20-%20Ru%C5%BEinov;https://www.enviroportal.sk/eia/detail/generator-dusika-messer-bratislava
goldbeck-viacpodlazna-administrativna-vystavba-aparkovaci-dom;Goldbeck - viacpodlažná administratívna výstavba a aparkovací dom;Bratislava - Ružinov;Administratíva;posúdené;Goldbeck, s.r.o.;6;;;https://www.google.com/maps/search/Goldbeck%20-%20viacpodla%C5%BEn%C3%A1%20administrat%C3%ADvna%20v%C3%BDstavba%20a%20aparkovac%C3%AD%20dom%20Bratislava%20-%20Ru%C5%BEinov;https://www.enviroportal.sk/eia/detail/goldbeck-viacpodlazna-administrativna-vystavba-aparkovaci-dom
helios-polyfunkcny-dom-v-ruzinove;HELIOS - Polyfunkčný dom v Ružinove;Bratislava - Ružinov;Polyfunkcia;posúdené;Architektonická kancelária G & D, Devín 4283;5;;;https://www.google.com/maps/search/HELIOS%20-%20Polyfunk%C4%8Dn%C3%BD%20dom%20v%20Ru%C5%BEinove%20Bratislava%20-%20Ru%C5%BEinov;https://www.enviroportal.sk/eia/detail/helios-polyfunkcny-dom-v-ruzinove
hobbymarket-bratislava-pharos-bratislava;HOBBYMARKET, BRATISLAVA - Pharos Bratislava;Bratislava - Ružinov;Obchod a služby;posúdené;Development 4, s.r.o., Kominárska 2,4;7;;;https://www.google.com/maps/search/HOBBYMARKET%2C%20BRATISLAVA%20-%20Pharos%20Bratislava%20Bratislava%20-%20Ru%C5%BEinov;https://www.enviroportal.sk/eia/detail/hobbymarket-bratislava-pharos-bratislava
hobbymarket-bratislava-trnavka;HOBBYMARKET, BRATISLAVA - TRNÁVKA;Bratislava - Ružinov;Výroba a sklady;povolené;Development 4, s.r.o., Kominárska 2,4;22;;;https://www.google.com/maps/search/HOBBYMARKET%2C%20BRATISLAVA%20-%20TRN%C3%81VKA%20Bratislava%20-%20Ru%C5%BEinov;https://www.enviroportal.sk/eia/detail/hobbymarket-bratislava-trnavka
hpp3-prevadzka-na-vyrobu-vodika;HPP3 - Prevádzka na výrobu vodíka;Bratislava - Ružinov;Plány a koncepcie;povolené;SLOVNAFT, a. s.,Vlčie hrdlo 1;6;;;https://www.google.com/maps/search/HPP3%20-%20Prev%C3%A1dzka%20na%20v%C3%BDrobu%20vod%C3%ADka%20Bratislava%20-%20Ru%C5%BEinov;https://www.enviroportal.sk/eia/detail/hpp3-prevadzka-na-vyrobu-vodika
inovacia-chemickej-upravy-vody-ii-iii-bratislava-slovnaft-;Inovácia chemickej úpravy vody II, III, Bratislava - Slovnaft a.s.;Bratislava - Ružinov;Výroba a sklady;dokončené;Slovnaft a.s., Vlčie hrdlo;4;;;https://www.google.com/maps/search/Inov%C3%A1cia%20chemickej%20%C3%BApravy%20vody%20II%2C%20III%2C%20Bratislava%20-%20Slovnaft%20a.s.%20Bratislava%20-%20Ru%C5%BEinov;https://www.enviroportal.sk/eia/detail/inovacia-chemickej-upravy-vody-ii-iii-bratislava-slovnaft-
intenzifikacia-cc5-;Intenzifikácia CC5;Bratislava - Ružinov;Výroba a sklady;posúdené;SLOVNAFT, a. s.,Vlčie hrdlo 1;11;;;https://www.google.com/maps/search/Intenzifik%C3%A1cia%20CC5%20Bratislava%20-%20Ru%C5%BEinov;https://www.enviroportal.sk/eia/detail/intenzifikacia-cc5-
intenzifikacia-vyrobnej-jednotky-polypropylen-3-;Intenzifikácia výrobnej jednotky Polypropylén 3;Bratislava - Ružinov;Výroba a sklady;posúdené;SLOVNAFT, a.s., Vlčie hrdlo 1;4;;;https://www.google.com/maps/search/Intenzifik%C3%A1cia%20v%C3%BDrobnej%20jednotky%20Polypropyl%C3%A9n%203%20Bratislava%20-%20Ru%C5%BEinov;https://www.enviroportal.sk/eia/detail/intenzifikacia-vyrobnej-jednotky-polypropylen-3-
intenzifikacia-vyrobnej-jednotky-polypropylen-3;Intenzifikácia výrobnej jednotky Polypropylén 3;Bratislava - Ružinov;Výroba a sklady;posúdené;SLOVNAFT, a. s.;6;;;https://www.google.com/maps/search/Intenzifik%C3%A1cia%20v%C3%BDrobnej%20jednotky%20Polypropyl%C3%A9n%203%20Bratislava%20-%20Ru%C5%BEinov;https://www.enviroportal.sk/eia/detail/intenzifikacia-vyrobnej-jednotky-polypropylen-3
interierove-centrum-byvania;Interiérové centrum bývania;Bratislava - Ružinov;Obchod a služby;posúdené;Arch. Design Slovakia, s.r.o., Tomášikova 64;8;;;https://www.google.com/maps/search/Interi%C3%A9rov%C3%A9%20centrum%20b%C3%BDvania%20Bratislava%20-%20Ru%C5%BEinov;https://www.enviroportal.sk/eia/detail/interierove-centrum-byvania
instalacia-novych-blokov-separacneho-strediska;Inštalácia nových blokov separačného strediska;Bratislava - Ružinov;Výroba a sklady;posúdené;Bratislavská recyklačná, s. r. o., Slovnaftská 102;6;;;https://www.google.com/maps/search/In%C5%A1tal%C3%A1cia%20nov%C3%BDch%20blokov%20separa%C4%8Dn%C3%A9ho%20strediska%20Bratislava%20-%20Ru%C5%BEinov;https://www.enviroportal.sk/eia/detail/instalacia-novych-blokov-separacneho-strediska
instalacia-vzduchoveho-chladica-na-hrp5;Inštalácia vzduchového chladiča na HRP5;Bratislava - Ružinov;Výroba a sklady;posúdené;SLOVNAFT, a. s., Vlčie hrdlo 1;8;;;https://www.google.com/maps/search/In%C5%A1tal%C3%A1cia%20vzduchov%C3%A9ho%20chladi%C4%8Da%20na%20HRP5%20Bratislava%20-%20Ru%C5%BEinov;https://www.enviroportal.sk/eia/detail/instalacia-vzduchoveho-chladica-na-hrp5
ldpe4-nova-vyrobna-polyetylenu-spc-bratislava;LDPE4 - nová výrobňa polyetylénu, SPC, Bratislava;Bratislava - Ružinov;Výroba a sklady;posúdené;Slovnaft Petrochemicals, s.r.o., Vlčie hrdlo 4846;3;;;https://www.google.com/maps/search/LDPE4%20-%20nov%C3%A1%20v%C3%BDrob%C5%88a%20polyetyl%C3%A9nu%2C%20SPC%2C%20Bratislava%20Bratislava%20-%20Ru%C5%BEinov;https://www.enviroportal.sk/eia/detail/ldpe4-nova-vyrobna-polyetylenu-spc-bratislava
logisticky-areal-firmy-madal-bal;LOGISTICKÝ AREÁL FIRMY MADAL BAL;Bratislava - Ružinov;Administratíva;posúdené;AMBERG ENGINEERING Slovakia s.r.o., Somolického 1/B;5;;;https://www.google.com/maps/search/LOGISTICK%C3%9D%20ARE%C3%81L%20FIRMY%20MADAL%20BAL%20Bratislava%20-%20Ru%C5%BEinov;https://www.enviroportal.sk/eia/detail/logisticky-areal-firmy-madal-bal
letisko-bratislava-parkovisko-pri-brane-10;Letisko Bratislava - parkovisko pri bráne 10;Bratislava - Ružinov;Zeleň a verejný priestor;posúdené;Letisko M. R. Štefánika - Airport Bratislava, a.s. (BTS);13;;;https://www.google.com/maps/search/Letisko%20Bratislava%20-%20parkovisko%20pri%20br%C3%A1ne%2010%20Bratislava%20-%20Ru%C5%BEinov;https://www.enviroportal.sk/eia/detail/letisko-bratislava-parkovisko-pri-brane-10
letisko-m-r-stefanika-parkovisko-pre-dlhodobe-stanie;Letisko M.R.Štefánika - parkovisko pre dlhodobé stánie;Bratislava - Ružinov;Doprava;posúdené;Letisko M.R.Štefánika, Airport Bratislava, a.s.;5;;;https://www.google.com/maps/search/Letisko%20M.R.%C5%A0tef%C3%A1nika%20-%20parkovisko%20pre%20dlhodob%C3%A9%20st%C3%A1nie%20Bratislava%20-%20Ru%C5%BEinov;https://www.enviroportal.sk/eia/detail/letisko-m-r-stefanika-parkovisko-pre-dlhodobe-stanie
logisticko-priemyselny-park-cierny-les;Logisticko-priemyselný park Čierny les;Bratislava - Ružinov;Výroba a sklady;posúdené;IMMOLEASE, spol. s.r.o.;8;;;https://www.google.com/maps/search/Logisticko-priemyseln%C3%BD%20park%20%C4%8Cierny%20les%20Bratislava%20-%20Ru%C5%BEinov;https://www.enviroportal.sk/eia/detail/logisticko-priemyselny-park-cierny-les
logisticke-centrum-letisko-m-r-stefanika-bratislava;Logistické centrum Letisko M. R. Štefánika Bratislava;Bratislava - Ružinov;Výroba a sklady;posúdené;PointPark Properties SK, s.r.o., Poštová 3;23;;;https://www.google.com/maps/search/Logistick%C3%A9%20centrum%20Letisko%20M.%20R.%20%C5%A0tef%C3%A1nika%20Bratislava%20Bratislava%20-%20Ru%C5%BEinov;https://www.enviroportal.sk/eia/detail/logisticke-centrum-letisko-m-r-stefanika-bratislava
logisticky-park-palenisko-cierny-les-bratislava;Logistický park Pálenisko - Čierny les, Bratislava;Bratislava - Ružinov;Administratíva;posúdené;BZ s.r.o., Kapitulská 15;8;;;https://www.google.com/maps/search/Logistick%C3%BD%20park%20P%C3%A1lenisko%20-%20%C4%8Cierny%20les%2C%20Bratislava%20Bratislava%20-%20Ru%C5%BEinov;https://www.enviroportal.sk/eia/detail/logisticky-park-palenisko-cierny-les-bratislava
mobilne-zariadenie-na-zhodnocovanie-stavebnych-odpadov-7;Mobilné zariadenie na zhodnocovanie stavebných odpadov;Bratislava - Ružinov;Technická infraštruktúra;posúdené;Frekomos SK, s.r.o., Domové role 65A;6;;;https://www.google.com/maps/search/Mobiln%C3%A9%20zariadenie%20na%20zhodnocovanie%20stavebn%C3%BDch%20odpadov%20Bratislava%20-%20Ru%C5%BEinov;https://www.enviroportal.sk/eia/detail/mobilne-zariadenie-na-zhodnocovanie-stavebnych-odpadov-7
modernizacia-ekologizacia-zevo-olo-linky-k3-k2-;Modernizácia a ekologizácia ZEVO OLO – linky K3 a K2;Bratislava - Ružinov;Technická infraštruktúra;posúdené;Odvoz a likvidácia odpadu, a. s.;13;;;https://www.google.com/maps/search/Moderniz%C3%A1cia%20a%20ekologiz%C3%A1cia%20ZEVO%20OLO%20%E2%80%93%20linky%20K3%20a%20K2%20Bratislava%20-%20Ru%C5%BEinov;https://www.enviroportal.sk/eia/detail/modernizacia-ekologizacia-zevo-olo-linky-k3-k2-
modernizacie-sklady-zasobniky-v-ramci-mliekarne-rajo-s-;Modernizácie - sklady a zásobníky v rámci mliekarne RAJO, a. s.;Bratislava - Ružinov;Výroba a sklady;zámer;RAJO s. r. o.;9;;;https://www.google.com/maps/search/Moderniz%C3%A1cie%20-%20sklady%20a%20z%C3%A1sobn%C3%ADky%20v%20r%C3%A1mci%20mliekarne%20RAJO%2C%20a.%20s.%20Bratislava%20-%20Ru%C5%BEinov;https://www.enviroportal.sk/eia/detail/modernizacie-sklady-zasobniky-v-ramci-mliekarne-rajo-s-
modifikacia-rozparovania-etylenu-na-ej-pre-ldpe-iii-etapa;Modifikácia rozparovania etylénu na EJ pre LDPE - III. etapa;Bratislava - Ružinov;Výroba a sklady;posúdené;SLOVNAFT, a.s., Vlčie hrdlo 1;3;;;https://www.google.com/maps/search/Modifik%C3%A1cia%20rozparovania%20etyl%C3%A9nu%20na%20EJ%20pre%20LDPE%20-%20III.%20etapa%20Bratislava%20-%20Ru%C5%BEinov;https://www.enviroportal.sk/eia/detail/modifikacia-rozparovania-etylenu-na-ej-pre-ldpe-iii-etapa
multifunkcne-retailove-centrum-pharos;Multifunkčné retailové centrum Pharos;Bratislava - Ružinov;Obchod a služby;posúdené;LFS s.r.o., Kominárska 2,4;15;;;https://www.google.com/maps/search/Multifunk%C4%8Dn%C3%A9%20retailov%C3%A9%20centrum%20Pharos%20Bratislava%20-%20Ru%C5%BEinov;https://www.enviroportal.sk/eia/detail/multifunkcne-retailove-centrum-pharos
multifunkcne-zabavne-centrum;Multifunkčné zábavné centrum;Bratislava - Ružinov;Administratíva;posúdené;PHAROS Development, s.r.o., Trnavská cesta 27/B;11;;;https://www.google.com/maps/search/Multifunk%C4%8Dn%C3%A9%20z%C3%A1bavn%C3%A9%20centrum%20Bratislava%20-%20Ru%C5%BEinov;https://www.enviroportal.sk/eia/detail/multifunkcne-zabavne-centrum
napojenie-ad5-avd6-na-polny-horak;Napojenie AD5 a AVD6 na poľný horák;Bratislava - Ružinov;Výroba a sklady;posúdené;SLOVNAFT, a.s., Vlčie hrdlo 1;4;;;https://www.google.com/maps/search/Napojenie%20AD5%20a%20AVD6%20na%20po%C4%BEn%C3%BD%20hor%C3%A1k%20Bratislava%20-%20Ru%C5%BEinov;https://www.enviroportal.sk/eia/detail/napojenie-ad5-avd6-na-polny-horak
nova-nadrz-na-skladovanie-ropy-n-2804-slovnaft-bratislava;Nová nádrž na skladovanie ropy N-2804, Slovnaft Bratislava;Bratislava - Ružinov;Výroba a sklady;posúdené;JAVYS, a.s., Tomášikova 22;2;;;https://www.google.com/maps/search/Nov%C3%A1%20n%C3%A1dr%C5%BE%20na%20skladovanie%20ropy%20N-2804%2C%20Slovnaft%20Bratislava%20Bratislava%20-%20Ru%C5%BEinov;https://www.enviroportal.sk/eia/detail/nova-nadrz-na-skladovanie-ropy-n-2804-slovnaft-bratislava
nove-centrum-ruzinova-polyfunkcny-bytovy-dom;Nové centrum Ružinova – Polyfunkčný bytový dom;Bratislava - Ružinov;Bývanie;posúdené;MPC Development s. r. o., Mostová 2;18;;;https://www.google.com/maps/search/Nov%C3%A9%20centrum%20Ru%C5%BEinova%20%E2%80%93%20Polyfunk%C4%8Dn%C3%BD%20bytov%C3%BD%20dom%20Bratislava%20-%20Ru%C5%BEinov;https://www.enviroportal.sk/eia/detail/nove-centrum-ruzinova-polyfunkcny-bytovy-dom
novy-system-predohrevu-spalin-vzduchu-na-ad5-komin;Nový systém predohrevu spalín a vzduchu na AD5 - Komín;Bratislava - Ružinov;Výroba a sklady;zámer;SLOVNAFT, a.s., Vlčie hrdlo 1;5;;;https://www.google.com/maps/search/Nov%C3%BD%20syst%C3%A9m%20predohrevu%20spal%C3%ADn%20a%20vzduchu%20na%20AD5%20-%20Kom%C3%ADn%20Bratislava%20-%20Ru%C5%BEinov;https://www.enviroportal.sk/eia/detail/novy-system-predohrevu-spalin-vzduchu-na-ad5-komin
nahrada-kotla-ba-110-;NÁHRADA KOTLA BA-110;Bratislava - Ružinov;Výroba a sklady;posúdené;SLOVNAFT, a.s., Vlčie hrdlo 1;4;;;https://www.google.com/maps/search/N%C3%81HRADA%20KOTLA%20BA-110%20Bratislava%20-%20Ru%C5%BEinov;https://www.enviroportal.sk/eia/detail/nahrada-kotla-ba-110-
nahrada-vodikovych-kompresorov-gb701ab;Náhrada vodíkových kompresorov GB701AB;Bratislava - Ružinov;Výroba a sklady;posúdené;SLOVNAFT, a.s.;4;;;https://www.google.com/maps/search/N%C3%A1hrada%20vod%C3%ADkov%C3%BDch%20kompresorov%20GB701AB%20Bratislava%20-%20Ru%C5%BEinov;https://www.enviroportal.sk/eia/detail/nahrada-vodikovych-kompresorov-gb701ab
namestie-podzemne-garaze-pre-pradiaren-bct;Námestie a podzemné garáže pre Pradiareň BCT;Bratislava - Ružinov;Administratíva;posúdené;YIT SLOVAKIA A.S.;19;;;https://www.google.com/maps/search/N%C3%A1mestie%20a%20podzemn%C3%A9%20gar%C3%A1%C5%BEe%20pre%20Pradiare%C5%88%20BCT%20Bratislava%20-%20Ru%C5%BEinov;https://www.enviroportal.sk/eia/detail/namestie-podzemne-garaze-pre-pradiaren-bct
nizkotlakove-spracovanie-odplynu;Nízkotlakové spracovanie odplynu;Bratislava - Ružinov;Výroba a sklady;posúdené;Slovnaft, a.s.;4;;;https://www.google.com/maps/search/N%C3%ADzkotlakov%C3%A9%20spracovanie%20odplynu%20Bratislava%20-%20Ru%C5%BEinov;https://www.enviroportal.sk/eia/detail/nizkotlakove-spracovanie-odplynu
omnia-business-center-zmena-2016;OMNIA BUSINESS CENTER ZMENA 2016;Bratislava - Ružinov;Administratíva;zámer;OMNIA INVEST, s.r.o., Tomášikova 30;6;;;https://www.google.com/maps/search/OMNIA%20BUSINESS%20CENTER%20ZMENA%202016%20Bratislava%20-%20Ru%C5%BEinov;https://www.enviroportal.sk/eia/detail/omnia-business-center-zmena-2016
omnia-business-center-bratislava;OMNIA BUSINESS CENTER, Bratislava;Bratislava - Ružinov;Administratíva;posúdené;OMNIAINVEST, s.r.o., Tomášikova 30;3;;;https://www.google.com/maps/search/OMNIA%20BUSINESS%20CENTER%2C%20Bratislava%20Bratislava%20-%20Ru%C5%BEinov;https://www.enviroportal.sk/eia/detail/omnia-business-center-bratislava
obchodno-skladovaci-areal;Obchodno - skladovací areál;Bratislava - Ružinov;Obchod a služby;posúdené;DEVELOPMENT 4, a.s., Kominárska 2, 4;5;;;https://www.google.com/maps/search/Obchodno%20-%20skladovac%C3%AD%20are%C3%A1l%20Bratislava%20-%20Ru%C5%BEinov;https://www.enviroportal.sk/eia/detail/obchodno-skladovaci-areal
obchodne-logisticke-centrum-fy-ptacek-velkoobchod-ba-zlate-piesky;Obchodné a logistické centrum fy PTÁČEK Veľkoobchod a.s., Ba, Zlaté Piesky;Bratislava - Ružinov;Výroba a sklady;posúdené;VPÚ DECO Bratislava, a. s., Za kasárňou 1;6;;;https://www.google.com/maps/search/Obchodn%C3%A9%20a%20logistick%C3%A9%20centrum%20fy%20PT%C3%81%C4%8CEK%20Ve%C4%BEkoobchod%20a.s.%2C%20Ba%2C%20Zlat%C3%A9%20Piesky%20Bratislava%20-%20Ru%C5%BEinov;https://www.enviroportal.sk/eia/detail/obchodne-logisticke-centrum-fy-ptacek-velkoobchod-ba-zlate-piesky
odkanalizovanie-podunajskej-casti-bratislavskeho-regionu;Odkanalizovanie podunajskej časti Bratislavského regiónu;Bratislava - Ružinov;Technická infraštruktúra;posúdené;Bratislavská vodárenská spoločnosť, a.s., Prešovská 48 Bratislava;14;;;https://www.google.com/maps/search/Odkanalizovanie%20podunajskej%20%C4%8Dasti%20Bratislavsk%C3%A9ho%20regi%C3%B3nu%20Bratislava%20-%20Ru%C5%BEinov;https://www.enviroportal.sk/eia/detail/odkanalizovanie-podunajskej-casti-bratislavskeho-regionu
odstranenie-vyrobnej-jednotky-etylbenzen-kumen;Odstránenie výrobnej jednotky Etylbenzén a Kumén;Bratislava - Ružinov;Výroba a sklady;posúdené;SLOVNAFT, a. s., BRATISLAVA, Vlčie hrdlo 1;3;;;https://www.google.com/maps/search/Odstr%C3%A1nenie%20v%C3%BDrobnej%20jednotky%20Etylbenz%C3%A9n%20a%20Kum%C3%A9n%20Bratislava%20-%20Ru%C5%BEinov;https://www.enviroportal.sk/eia/detail/odstranenie-vyrobnej-jednotky-etylbenzen-kumen
odstranenie-vyrobnej-jednotky-etylenoxid-;Odstránenie výrobnej jednotky Etylénoxid;Bratislava - Ružinov;Výroba a sklady;posúdené;SLOVNAFT, a. s., BRATISLAVA, Vlčie hrdlo 1;3;;;https://www.google.com/maps/search/Odstr%C3%A1nenie%20v%C3%BDrobnej%20jednotky%20Etyl%C3%A9noxid%20Bratislava%20-%20Ru%C5%BEinov;https://www.enviroportal.sk/eia/detail/odstranenie-vyrobnej-jednotky-etylenoxid-
odstranenie-vyrobnej-jednotky-fenol;Odstránenie výrobnej jednotky Fenol;Bratislava - Ružinov;Výroba a sklady;posúdené;SLOVNAFT, a. s., BRATISLAVA, Vlčie hrdlo 1;3;;;https://www.google.com/maps/search/Odstr%C3%A1nenie%20v%C3%BDrobnej%20jednotky%20Fenol%20Bratislava%20-%20Ru%C5%BEinov;https://www.enviroportal.sk/eia/detail/odstranenie-vyrobnej-jednotky-fenol
odstranenie-vyrobnej-jednotky-vyroba-expedicia-asfaltov-vaea-;Odstránenie výrobnej jednotky Výroba a expedícia asfaltov (VaEA);Bratislava - Ružinov;Výroba a sklady;posúdené;SLOVNAFT, a. s., Vlčie hrdlo 1;4;;;https://www.google.com/maps/search/Odstr%C3%A1nenie%20v%C3%BDrobnej%20jednotky%20V%C3%BDroba%20a%20exped%C3%ADcia%20asfaltov%20%28VaEA%29%20Bratislava%20-%20Ru%C5%BEinov;https://www.enviroportal.sk/eia/detail/odstranenie-vyrobnej-jednotky-vyroba-expedicia-asfaltov-vaea-
odstranenie-vyrobnych-jednotiek-dimetyltereftalat-polofukane-asfalty-o;Odstránenie výrobných jednotiek Dimetyltereftalát, Polofúkané asfalty, Oxidované asfalty a výroba aromatických rozpúšťadiel;Bratislava - Ružinov;Výroba a sklady;posúdené;SLOVNAFT, a. s., Vlčie hrdlo 1;4;;;https://www.google.com/maps/search/Odstr%C3%A1nenie%20v%C3%BDrobn%C3%BDch%20jednotiek%20Dimetyltereftal%C3%A1t%2C%20Polof%C3%BAkan%C3%A9%20asfalty%2C%20Oxidovan%C3%A9%20asfalty%20a%20v%C3%BDroba%20aromatick%C3%BDch%20rozp%C3%BA%C5%A1%C5%A5adiel%20Bratislava%20-%20Ru%C5%BEinov;https://www.enviroportal.sk/eia/detail/odstranenie-vyrobnych-jednotiek-dimetyltereftalat-polofukane-asfalty-o
odstranenie-uzkych-miest-vyrobnej-jednotky-avd6;Odstránenie úzkych miest výrobnej jednotky AVD6;Bratislava - Ružinov;Výroba a sklady;posúdené;SLOVNAFT, .a.s, Vlčie hrdlo 1;4;;;https://www.google.com/maps/search/Odstr%C3%A1nenie%20%C3%BAzkych%20miest%20v%C3%BDrobnej%20jednotky%20AVD6%20Bratislava%20-%20Ru%C5%BEinov;https://www.enviroportal.sk/eia/detail/odstranenie-uzkych-miest-vyrobnej-jednotky-avd6
pharos-bratislava-sektor-c-d-e-i-k-l-m;PHAROS BRATISLAVA - sektor C, D, E, I, K, L, a M;Bratislava - Ružinov;Administratíva;posúdené;DEVELOPMENT 4, s.r.o., Kominárska 2,4;5;;;https://www.google.com/maps/search/PHAROS%20BRATISLAVA%20-%20sektor%20C%2C%20D%2C%20E%2C%20I%2C%20K%2C%20L%2C%20a%20M%20Bratislava%20-%20Ru%C5%BEinov;https://www.enviroportal.sk/eia/detail/pharos-bratislava-sektor-c-d-e-i-k-l-m
polyfunkcny-objekt-avion-rekonstrukcia-dostavba-nadstavba-pristavba;POLYFUNKČNÝ OBJEKT AVION - rekonštrukcia-dostavba nadstavba, prístavba;Bratislava - Ružinov;Polyfunkcia;posúdené;IMOBA FIN, a.s., Lichnerova 92;12;;;https://www.google.com/maps/search/POLYFUNK%C4%8CN%C3%9D%20OBJEKT%20AVION%20-%20rekon%C5%A1trukcia-dostavba%20nadstavba%2C%20pr%C3%ADstavba%20Bratislava%20-%20Ru%C5%BEinov;https://www.enviroportal.sk/eia/detail/polyfunkcny-objekt-avion-rekonstrukcia-dostavba-nadstavba-pristavba
predajne-skladovacie-priestory-sconto-bratislava-trnavka;PREDAJNÉ A SKLADOVACIE PRIESTORY SCONTO, BRATISLAVA - TRNÁVKA;Bratislava - Ružinov;Obchod a služby;povolené;SCONTO Development, Oblačná 40;24;;;https://www.google.com/maps/search/PREDAJN%C3%89%20A%20SKLADOVACIE%20PRIESTORY%20SCONTO%2C%20BRATISLAVA%20-%20TRN%C3%81VKA%20Bratislava%20-%20Ru%C5%BEinov;https://www.enviroportal.sk/eia/detail/predajne-skladovacie-priestory-sconto-bratislava-trnavka
predajna-sklad-sconto-bratislava-slovensko;PREDAJŇA A SKLAD SCONTO Bratislava, Slovensko;Bratislava - Ružinov;Obchod a služby;posúdené;SCONTO Development, Oblačná 40;8;;;https://www.google.com/maps/search/PREDAJ%C5%87A%20A%20SKLAD%20SCONTO%20Bratislava%2C%20Slovensko%20Bratislava%20-%20Ru%C5%BEinov;https://www.enviroportal.sk/eia/detail/predajna-sklad-sconto-bratislava-slovensko
parkovaci-dom-u-deda;Parkovací dom u Deda;Bratislava - Ružinov;Doprava;zámer;Mestská časť Bratislava-Ružinov;9;;;https://www.google.com/maps/search/Parkovac%C3%AD%20dom%20u%20Deda%20Bratislava%20-%20Ru%C5%BEinov;https://www.enviroportal.sk/eia/detail/parkovaci-dom-u-deda
pivovar-1;Pivovar;Bratislava - Ružinov;Výroba a sklady;posúdené;Heineken Slovensko, a. s, Novozámocká 2;7;;;https://www.google.com/maps/search/Pivovar%20Bratislava%20-%20Ru%C5%BEinov;https://www.enviroportal.sk/eia/detail/pivovar-1
plynofikacia-hk1-vo-vyhrevni-juh;Plynofikácia HK1 vo Výhrevni juh;Bratislava - Ružinov;Výroba a sklady;posúdené;Bratislavská teplárenská, a.s., Bajkalská 21/A;7;;;https://www.google.com/maps/search/Plynofik%C3%A1cia%20HK1%20vo%20V%C3%BDhrevni%20juh%20Bratislava%20-%20Ru%C5%BEinov;https://www.enviroportal.sk/eia/detail/plynofikacia-hk1-vo-vyhrevni-juh
plan-vyuzivania-loziska-nevyhradenych-nerastov-strkopieskov-1;Plán využívania ložiska nevyhradených nerastov - štrkopieskov;Bratislava - Ružinov;Plány a koncepcie;zámer;D4R7 Construction s.r.o., Odborárska 21;2;;;https://www.google.com/maps/search/Pl%C3%A1n%20vyu%C5%BE%C3%ADvania%20lo%C5%BEiska%20nevyhraden%C3%BDch%20nerastov%20-%20%C5%A1trkopieskov%20Bratislava%20-%20Ru%C5%BEinov;https://www.enviroportal.sk/eia/detail/plan-vyuzivania-loziska-nevyhradenych-nerastov-strkopieskov-1
polyfunkcny-dom-galvaniho;Polyfunkcny dom Galvaniho;Bratislava - Ružinov;Polyfunkcia;posúdené;Bones, a. s., Dunajská 25;11;;;https://www.google.com/maps/search/Polyfunkcny%20dom%20Galvaniho%20Bratislava%20-%20Ru%C5%BEinov;https://www.enviroportal.sk/eia/detail/polyfunkcny-dom-galvaniho
polyfunkcna-budova;Polyfunkčná budova;Bratislava - Ružinov;Polyfunkcia;posúdené;KAPPA TRADE, spol. s r.o.;6;;;https://www.google.com/maps/search/Polyfunk%C4%8Dn%C3%A1%20budova%20Bratislava%20-%20Ru%C5%BEinov;https://www.enviroportal.sk/eia/detail/polyfunkcna-budova
polyfunkcna-budova-na-jegeho-ul-v-bratislave-residence-tower;Polyfunkčná budova na Jégeho ul. v Bratislave - Residence Tower;Bratislava - Ružinov;Polyfunkcia;posúdené;Residence, s.r.o., Šamorínska 10;7;;;https://www.google.com/maps/search/Polyfunk%C4%8Dn%C3%A1%20budova%20na%20J%C3%A9geho%20ul.%20v%20Bratislave%20-%20Residence%20Tower%20Bratislava%20-%20Ru%C5%BEinov;https://www.enviroportal.sk/eia/detail/polyfunkcna-budova-na-jegeho-ul-v-bratislave-residence-tower
polyfunkcne-objekty-vlcie-maky-budovy-obchodu-vyroby-sluzieb;Polyfunkčné objekty VLČIE MAKY a budovy obchodu, výroby a služieb;Bratislava - Ružinov;Bývanie;posúdené;ELITE HOLDING, a. s., Ružinovská 42;7;;;https://www.google.com/maps/search/Polyfunk%C4%8Dn%C3%A9%20objekty%20VL%C4%8CIE%20MAKY%20a%20budovy%20obchodu%2C%20v%C3%BDroby%20a%20slu%C5%BEieb%20Bratislava%20-%20Ru%C5%BEinov;https://www.enviroportal.sk/eia/detail/polyfunkcne-objekty-vlcie-maky-budovy-obchodu-vyroby-sluzieb
polyfunkcny-komplex-green-atrium;Polyfunkčný komplex GREEN ATRIUM;Bratislava - Ružinov;Polyfunkcia;posúdené;JAGR, spol. s.r.o., Trnavská 70;6;;;https://www.google.com/maps/search/Polyfunk%C4%8Dn%C3%BD%20komplex%20GREEN%20ATRIUM%20Bratislava%20-%20Ru%C5%BEinov;https://www.enviroportal.sk/eia/detail/polyfunkcny-komplex-green-atrium
polyfunkcny-komplex-hinohara-park-1-etapa;Polyfunkčný komplex HINOHARA PARK – 1. etapa;Bratislava - Ružinov;Bývanie;zámer;ISI realestate, s.r.o., Fándlyho 1910/8;18;;;https://www.google.com/maps/search/Polyfunk%C4%8Dn%C3%BD%20komplex%20HINOHARA%20PARK%20%E2%80%93%201.%20etapa%20Bratislava%20-%20Ru%C5%BEinov;https://www.enviroportal.sk/eia/detail/polyfunkcny-komplex-hinohara-park-1-etapa
polyfunkcny-komplex-klingerka-bratislava;Polyfunkčný komplex Klingerka - Bratislava;Bratislava - Ružinov;Polyfunkcia;posúdené;KORUNA Reality a.s., Mlynské nivy 56;5;;;https://www.google.com/maps/search/Polyfunk%C4%8Dn%C3%BD%20komplex%20Klingerka%20-%20Bratislava%20Bratislava%20-%20Ru%C5%BEinov;https://www.enviroportal.sk/eia/detail/polyfunkcny-komplex-klingerka-bratislava
polyfunkcny-komplex-nova-cvernovka-century-residence-ii-etapa-cast-d-e;Polyfunkčný komplex NOVÁ CVERNOVKA CENTURY RESIDENCE II. Etapa, časť D,E;Bratislava - Ružinov;Bývanie;posúdené;FINEP Jégeho Alej a.s.;13;;;https://www.google.com/maps/search/Polyfunk%C4%8Dn%C3%BD%20komplex%20NOV%C3%81%20CVERNOVKA%20CENTURY%20RESIDENCE%20II.%20Etapa%2C%20%C4%8Das%C5%A5%20D%2CE%20Bratislava%20-%20Ru%C5%BEinov;https://www.enviroportal.sk/eia/detail/polyfunkcny-komplex-nova-cvernovka-century-residence-ii-etapa-cast-d-e
polyfunkcny-komplex-nova-cvernovka-century-residence-bratislava;Polyfunkčný komplex Nová Cvernovka - Century Residence, Bratislava;Bratislava - Ružinov;Polyfunkcia;posúdené;IMMOEAST Slovakia, spol. s r.o., Jelenia 4;15;;;https://www.google.com/maps/search/Polyfunk%C4%8Dn%C3%BD%20komplex%20Nov%C3%A1%20Cvernovka%20-%20Century%20Residence%2C%20Bratislava%20Bratislava%20-%20Ru%C5%BEinov;https://www.enviroportal.sk/eia/detail/polyfunkcny-komplex-nova-cvernovka-century-residence-bratislava
polyfunkcny-komplex-novy-trh;Polyfunkčný komplex Nový trh;Bratislava - Ružinov;Plány a koncepcie;posúdené;INTRADE Financial Investment, s.r.o.;14;;;https://www.google.com/maps/search/Polyfunk%C4%8Dn%C3%BD%20komplex%20Nov%C3%BD%20trh%20Bratislava%20-%20Ru%C5%BEinov;https://www.enviroportal.sk/eia/detail/polyfunkcny-komplex-novy-trh
polyfunkcny-komplex-olympia-bratislava-ruzinov;Polyfunkčný komplex Olympia, Bratislava, Ružinov;Bratislava - Ružinov;Bývanie;posúdené;ATLAS REAL, s.r.o., Ružinovská 42;13;;;https://www.google.com/maps/search/Polyfunk%C4%8Dn%C3%BD%20komplex%20Olympia%2C%20Bratislava%2C%20Ru%C5%BEinov%20Bratislava%20-%20Ru%C5%BEinov;https://www.enviroportal.sk/eia/detail/polyfunkcny-komplex-olympia-bratislava-ruzinov
polyfunkcny-komplex-nova-cvernovka-century-residence;Polyfunkčný komplex „Nová Cvernovka“ Century Residence;Bratislava - Ružinov;Bývanie;posúdené;FINEP Jégého alej a.s., Plynárenská 2/A;7;;;https://www.google.com/maps/search/Polyfunk%C4%8Dn%C3%BD%20komplex%20Nov%C3%A1%20Cvernovka%20Century%20Residence%20Bratislava%20-%20Ru%C5%BEinov;https://www.enviroportal.sk/eia/detail/polyfunkcny-komplex-nova-cvernovka-century-residence
polyfunkcny-objekt-avion;Polyfunkčný objekt AVION;Bratislava - Ružinov;Polyfunkcia;zámer;IMOBA FIN, a.s. Lichnerova 92;4;;;https://www.google.com/maps/search/Polyfunk%C4%8Dn%C3%BD%20objekt%20AVION%20Bratislava%20-%20Ru%C5%BEinov;https://www.enviroportal.sk/eia/detail/polyfunkcny-objekt-avion
-polyfunkcny-objekt-jga;Polyfunkčný objekt JGA;Bratislava - Ružinov;Polyfunkcia;posúdené;Immocap Services, s.r.o., Plynárenská 7/C;6;;;https://www.google.com/maps/search/Polyfunk%C4%8Dn%C3%BD%20objekt%20JGA%20Bratislava%20-%20Ru%C5%BEinov;https://www.enviroportal.sk/eia/detail/-polyfunkcny-objekt-jga
polyfunkcny-objekt-jegeho-ul-;Polyfunkčný objekt Jégeho ul.;Bratislava - Ružinov;Polyfunkcia;posúdené;EGIL, a.s., Grösslingova 45;5;;;https://www.google.com/maps/search/Polyfunk%C4%8Dn%C3%BD%20objekt%20J%C3%A9geho%20ul.%20Bratislava%20-%20Ru%C5%BEinov;https://www.enviroportal.sk/eia/detail/polyfunkcny-objekt-jegeho-ul-
polyfunkcny-objekt-lidl-;Polyfunkčný objekt Lidl;Bratislava - Ružinov;Polyfunkcia;posúdené;Lidl Slovenská republiky, v.o.s., Ružinovská 1E;21;;;https://www.google.com/maps/search/Polyfunk%C4%8Dn%C3%BD%20objekt%20Lidl%20Bratislava%20-%20Ru%C5%BEinov;https://www.enviroportal.sk/eia/detail/polyfunkcny-objekt-lidl-
polyfunkcny-objekt-ruzinov-bratislava-1;Polyfunkčný objekt Ružinov, Bratislava;Bratislava - Ružinov;Polyfunkcia;posúdené;SUNSIZE, a.s., Digital Park II, Einsteinova 25;2;;;https://www.google.com/maps/search/Polyfunk%C4%8Dn%C3%BD%20objekt%20Ru%C5%BEinov%2C%20Bratislava%20Bratislava%20-%20Ru%C5%BEinov;https://www.enviroportal.sk/eia/detail/polyfunkcny-objekt-ruzinov-bratislava-1
polyfunkcny-objekt-showroom-milosov-dvor;Polyfunkčný objekt a showroom Milošov dvor;Bratislava - Ružinov;Polyfunkcia;posúdené;MILOŠ TURAC, spol. s r. o., Klatovská 1408/21;7;;;https://www.google.com/maps/search/Polyfunk%C4%8Dn%C3%BD%20objekt%20a%20showroom%20Milo%C5%A1ov%20dvor%20Bratislava%20-%20Ru%C5%BEinov;https://www.enviroportal.sk/eia/detail/polyfunkcny-objekt-showroom-milosov-dvor
polyfunkcny-subor-bct-1-bytove-domy;Polyfunkčný súbor BCT 1, Bytové domy;Bratislava - Ružinov;Bývanie;zámer;YIT SLOVAKIA a.s., Račianska 153/A;3;;;https://www.google.com/maps/search/Polyfunk%C4%8Dn%C3%BD%20s%C3%BAbor%20BCT%201%2C%20Bytov%C3%A9%20domy%20Bratislava%20-%20Ru%C5%BEinov;https://www.enviroportal.sk/eia/detail/polyfunkcny-subor-bct-1-bytove-domy
polyfunkcny-subor-bct-2-bytove-domy-;Polyfunkčný súbor BCT 2, bytové domy;Bratislava - Ružinov;Bývanie;posúdené;ZWIRN area s.r.o, Račianska 153;24;;;https://www.google.com/maps/search/Polyfunk%C4%8Dn%C3%BD%20s%C3%BAbor%20BCT%202%2C%20bytov%C3%A9%20domy%20Bratislava%20-%20Ru%C5%BEinov;https://www.enviroportal.sk/eia/detail/polyfunkcny-subor-bct-2-bytove-domy-
polyfunkcny-subor-bct-3-administrativa-bytove-domy-;Polyfunkčný súbor BCT 3, administratíva a bytové domy;Bratislava - Ružinov;Bývanie;posúdené;ZWIRN area s.r.o., Račianska 153/A;7;;;https://www.google.com/maps/search/Polyfunk%C4%8Dn%C3%BD%20s%C3%BAbor%20BCT%203%2C%20administrat%C3%ADva%20a%20bytov%C3%A9%20domy%20Bratislava%20-%20Ru%C5%BEinov;https://www.enviroportal.sk/eia/detail/polyfunkcny-subor-bct-3-administrativa-bytove-domy-
polyfunkcny-subor-dunajske-predmestie-iv-etapa-so-01-b-6-male-ubytovac;Polyfunkčný súbor Dunajské predmestie IV. Etapa, SO-01-B-6 Malé ubytovacie zariadenie cestovného ruchu;Bratislava - Ružinov;Polyfunkcia;posúdené;TRAJEKT PLUS, a.s., Dvořákovo nábrežie 8/A;7;;;https://www.google.com/maps/search/Polyfunk%C4%8Dn%C3%BD%20s%C3%BAbor%20Dunajsk%C3%A9%20predmestie%20IV.%20Etapa%2C%20SO-01-B-6%20Mal%C3%A9%20ubytovacie%20zariadenie%20cestovn%C3%A9ho%20ruchu%20Bratislava%20-%20Ru%C5%BEinov;https://www.enviroportal.sk/eia/detail/polyfunkcny-subor-dunajske-predmestie-iv-etapa-so-01-b-6-male-ubytovac
polyfunkcny-subor-nivi;Polyfunkčný súbor NIVI;Bratislava - Ružinov;Polyfunkcia;posúdené;NIVI s.r.o., Štúrova 884/24;5;;;https://www.google.com/maps/search/Polyfunk%C4%8Dn%C3%BD%20s%C3%BAbor%20NIVI%20Bratislava%20-%20Ru%C5%BEinov;https://www.enviroportal.sk/eia/detail/polyfunkcny-subor-nivi
polyfuncny-subor-bct-1-bytove-domy;Polyfunčný súbor BCT 1, Bytové domy;Bratislava - Ružinov;Bývanie;posúdené;YIT SLOVAKIA a.s., Račianska 153/A;5;;;https://www.google.com/maps/search/Polyfun%C4%8Dn%C3%BD%20s%C3%BAbor%20BCT%201%2C%20Bytov%C3%A9%20domy%20Bratislava%20-%20Ru%C5%BEinov;https://www.enviroportal.sk/eia/detail/polyfuncny-subor-bct-1-bytove-domy
povrchova-uprava-lietadiel-letisko-m-r-stefanika-bratislava;Povrchová úprava lietadiel, Letisko M. R. Štefánika, Bratislava;Bratislava - Ružinov;Výroba a sklady;povolené;VIP HANDLING, a.s., Ivánska cesta 30/B;8;;;https://www.google.com/maps/search/Povrchov%C3%A1%20%C3%BAprava%20lietadiel%2C%20Letisko%20M.%20R.%20%C5%A0tef%C3%A1nika%2C%20Bratislava%20Bratislava%20-%20Ru%C5%BEinov;https://www.enviroportal.sk/eia/detail/povrchova-uprava-lietadiel-letisko-m-r-stefanika-bratislava
predajne-centrum-pre-dom-zahradu-ul-pri-letisku-bratislava;Predajné centrum pre dom a záhradu ul. Pri letisku, Bratislava;Bratislava - Ružinov;Obchod a služby;zámer;DEKINVEST SR a.s., Kamenná 6;4;;;https://www.google.com/maps/search/Predajn%C3%A9%20centrum%20pre%20dom%20a%20z%C3%A1hradu%20ul.%20Pri%20letisku%2C%20Bratislava%20Bratislava%20-%20Ru%C5%BEinov;https://www.enviroportal.sk/eia/detail/predajne-centrum-pre-dom-zahradu-ul-pri-letisku-bratislava
predajna-sklad-sconto-bratislava-slovensko-1;Predajňa a sklad SCONTO Bratislava, Slovensko;Bratislava - Ružinov;Obchod a služby;posúdené;SCONTO Developement, s.r.o., Oblačná 40;8;;;https://www.google.com/maps/search/Predaj%C5%88a%20a%20sklad%20SCONTO%20Bratislava%2C%20Slovensko%20Bratislava%20-%20Ru%C5%BEinov;https://www.enviroportal.sk/eia/detail/predajna-sklad-sconto-bratislava-slovensko-1
premiestnenie-rekonstrukcia-ccip;Premiestnenie a rekonštrukcia CCIP;Bratislava - Ružinov;Výroba a sklady;posúdené;Rajo a. s., Studená 35, Bratislava;6;;;https://www.google.com/maps/search/Premiestnenie%20a%20rekon%C5%A1trukcia%20CCIP%20Bratislava%20-%20Ru%C5%BEinov;https://www.enviroportal.sk/eia/detail/premiestnenie-rekonstrukcia-ccip
prevadzka-na-zhodnocovanie-odpadov-drviacim-zariadenim;Prevádzka na zhodnocovanie odpadov drviacim zariadením;Bratislava - Ružinov;Výroba a sklady;posúdené;Odvoz a likvidácia odpadu a.s., Ivanská cesta 22;6;;;https://www.google.com/maps/search/Prev%C3%A1dzka%20na%20zhodnocovanie%20odpadov%20drviacim%20zariaden%C3%ADm%20Bratislava%20-%20Ru%C5%BEinov;https://www.enviroportal.sk/eia/detail/prevadzka-na-zhodnocovanie-odpadov-drviacim-zariadenim
prevadzka-rychleho-obcerstvenia-mcdonald-s-bratislava-shopping-palace;Prevádzka rýchleho občerstvenia McDonald´s, Bratislava Shopping Palace;Bratislava - Ružinov;Výroba a sklady;posúdené;McDonald´s Slovakia spol. s.r.o., Einsteinova 33;5;;;https://www.google.com/maps/search/Prev%C3%A1dzka%20r%C3%BDchleho%20ob%C4%8Derstvenia%20McDonald%C2%B4s%2C%20Bratislava%20Shopping%20Palace%20Bratislava%20-%20Ru%C5%BEinov;https://www.enviroportal.sk/eia/detail/prevadzka-rychleho-obcerstvenia-mcdonald-s-bratislava-shopping-palace
promauto-spracovanie-starych-vozidiel;Promauto – spracovanie starých vozidiel;Bratislava - Ružinov;Bývanie;posúdené;PROMAUTO, s.r.o., Galvaniho 12b;5;;;https://www.google.com/maps/search/Promauto%20%E2%80%93%20spracovanie%20star%C3%BDch%20vozidiel%20Bratislava%20-%20Ru%C5%BEinov;https://www.enviroportal.sk/eia/detail/promauto-spracovanie-starych-vozidiel
rekonstrukcia-etylenovej-jednotky-slovnaft-petrochemicals-s-r-o-bratis;Rekonštrukcia etylénovej jednotky, Slovnaft Petrochemicals, s.r.o., Bratislava;Bratislava - Ružinov;Výroba a sklady;posúdené;Slovnaft Petrochemicals s.r.o., Vlčie hrdlo 4846;5;;;https://www.google.com/maps/search/Rekon%C5%A1trukcia%20etyl%C3%A9novej%20jednotky%2C%20Slovnaft%20Petrochemicals%2C%20s.r.o.%2C%20Bratislava%20Bratislava%20-%20Ru%C5%BEinov;https://www.enviroportal.sk/eia/detail/rekonstrukcia-etylenovej-jednotky-slovnaft-petrochemicals-s-r-o-bratis
rekonstrukcia-nadrze-n4605;Rekonštrukcia nádrže N4605;Bratislava - Ružinov;Výroba a sklady;posúdené;Slovnaft a.s., Vlčie hrdlo 1;10;;;https://www.google.com/maps/search/Rekon%C5%A1trukcia%20n%C3%A1dr%C5%BEe%20N4605%20Bratislava%20-%20Ru%C5%BEinov;https://www.enviroportal.sk/eia/detail/rekonstrukcia-nadrze-n4605
rekonstrukcia-pece-f501a-na-spalovni-kalov;Rekonštrukcia pece F501A na spaľovni kalov;Bratislava - Ružinov;Výroba a sklady;posúdené;SLOVNAFT, a. s., Vlčie hrdlo 1;4;;;https://www.google.com/maps/search/Rekon%C5%A1trukcia%20pece%20F501A%20na%20spa%C4%BEovni%20kalov%20Bratislava%20-%20Ru%C5%BEinov;https://www.enviroportal.sk/eia/detail/rekonstrukcia-pece-f501a-na-spalovni-kalov
rekonstrukcia-pyrolyznych-peci-ba102-ba105;Rekonštrukcia pyrolýznych pecí BA102 a BA105;Bratislava - Ružinov;Výroba a sklady;zámer;SLOVNAFT, a.s., Vlčie hrdlo 1;4;;;https://www.google.com/maps/search/Rekon%C5%A1trukcia%20pyrol%C3%BDznych%20pec%C3%AD%20BA102%20a%20BA105%20Bratislava%20-%20Ru%C5%BEinov;https://www.enviroportal.sk/eia/detail/rekonstrukcia-pyrolyznych-peci-ba102-ba105
rekonstrukcia-skladovacich-nadrzi-n4507-n4508-na-pyrooleje-na-bloku-45;Rekonštrukcia skladovacích nádrží N4507 a N4508 na pyrooleje na bloku 45;Bratislava - Ružinov;Výroba a sklady;posúdené;SLOVNAFT, a. s., Vlčie hrdlo 1;4;;;https://www.google.com/maps/search/Rekon%C5%A1trukcia%20skladovac%C3%ADch%20n%C3%A1dr%C5%BE%C3%AD%20N4507%20a%20N4508%20na%20pyrooleje%20na%20bloku%2045%20Bratislava%20-%20Ru%C5%BEinov;https://www.enviroportal.sk/eia/detail/rekonstrukcia-skladovacich-nadrzi-n4507-n4508-na-pyrooleje-na-bloku-45
rekonstrukcia-vakuotvorneho-systemu-na-prevadzke-hydrokrak-tazkych-zvy;Rekonštrukcia vákuotvorného systému na prevádzke Hydrokrak ťažkých zvyškov (RHC);Bratislava - Ružinov;Výroba a sklady;zámer;SLOVNAFT, a.s., Vlčie hrdlo 1;4;;;https://www.google.com/maps/search/Rekon%C5%A1trukcia%20v%C3%A1kuotvorn%C3%A9ho%20syst%C3%A9mu%20na%20prev%C3%A1dzke%20Hydrokrak%20%C5%A5a%C5%BEk%C3%BDch%20zvy%C5%A1kov%20%28RHC%29%20Bratislava%20-%20Ru%C5%BEinov;https://www.enviroportal.sk/eia/detail/rekonstrukcia-vakuotvorneho-systemu-na-prevadzke-hydrokrak-tazkych-zvy
retail-park-pharos-bratislava-sektor-f-g;Retail Park PHAROS BRATISLAVA - sektor F a G;Bratislava - Ružinov;Obchod a služby;povolené;DEVELOPMENT 4, a.s., Kominárska 2,4;5;;;https://www.google.com/maps/search/Retail%20Park%20PHAROS%20BRATISLAVA%20-%20sektor%20F%20a%20G%20Bratislava%20-%20Ru%C5%BEinov;https://www.enviroportal.sk/eia/detail/retail-park-pharos-bratislava-sektor-f-g
revitalizacia-arealu-p-13;Revitalizácia areálu P 13;Bratislava - Ružinov;Polyfunkcia;posúdené;P 13, s.r.o., Pestovateľská 13;5;;;https://www.google.com/maps/search/Revitaliz%C3%A1cia%20are%C3%A1lu%20P%2013%20Bratislava%20-%20Ru%C5%BEinov;https://www.enviroportal.sk/eia/detail/revitalizacia-arealu-p-13
revitalizacia-sidliska-ruzinov-ostredky-bratislava;Revitalizácia sídliska Ružinov Ostredky - Bratislava;Bratislava - Ružinov;Polyfunkcia;posúdené;RISTON, s.r.o., Trnavská 70;3;;;https://www.google.com/maps/search/Revitaliz%C3%A1cia%20s%C3%ADdliska%20Ru%C5%BEinov%20Ostredky%20-%20Bratislava%20Bratislava%20-%20Ru%C5%BEinov;https://www.enviroportal.sk/eia/detail/revitalizacia-sidliska-ruzinov-ostredky-bratislava
rezidencny-komplex-na-konopnej-ul-bratislava-prievoz;Rezidenčný komplex na Konopnej ul., Bratislava - Prievoz;Bratislava - Ružinov;Bývanie;zámer;Konopná Residence, Plynárenská 7/C;14;;;https://www.google.com/maps/search/Reziden%C4%8Dn%C3%BD%20komplex%20na%20Konopnej%20ul.%2C%20Bratislava%20-%20Prievoz%20Bratislava%20-%20Ru%C5%BEinov;https://www.enviroportal.sk/eia/detail/rezidencny-komplex-na-konopnej-ul-bratislava-prievoz
ropovod-bratislava-schwechat;Ropovod Bratislava-Schwechat;Bratislava - Ružinov;Výroba a sklady;posúdené;Terraprojekt, a.s., Šumavská 38;1;;;https://www.google.com/maps/search/Ropovod%20Bratislava-Schwechat%20Bratislava%20-%20Ru%C5%BEinov;https://www.enviroportal.sk/eia/detail/ropovod-bratislava-schwechat
rozsirenie-kapacity-nadzemnych-skladovacich-blendovacich-sil-na-vyrobn;Rozšírenie kapacity nadzemných skladovacích a blendovacích síl na výrobnej jednotke Polypropylén (PP) 3 v areáli SLOVNAFT, a.s.;Bratislava - Ružinov;Výroba a sklady;dokončené;SLOVNAFT, a.s., Vlčie hrdlo 1;4;;;https://www.google.com/maps/search/Roz%C5%A1%C3%ADrenie%20kapacity%20nadzemn%C3%BDch%20skladovac%C3%ADch%20a%20blendovac%C3%ADch%20s%C3%ADl%20na%20v%C3%BDrobnej%20jednotke%20Polypropyl%C3%A9n%20%28PP%29%203%20v%20are%C3%A1li%20SLOVNAFT%2C%20a.s.%20Bratislava%20-%20Ru%C5%BEinov;https://www.enviroportal.sk/eia/detail/rozsirenie-kapacity-nadzemnych-skladovacich-blendovacich-sil-na-vyrobn
rozsirenie-kapacity-nadzemnych-skladovacich-sil-na-vyrobnej-jednotke-p;Rozšírenie kapacity nadzemných skladovacích síl na výrobnej jednotke Polypropylén (PP) 3 v areáli SLOVNAFT, a.s.;Bratislava - Ružinov;Výroba a sklady;dokončené;SLOVNAFT, a.s., Vlčie hrdlo 1;3;;;https://www.google.com/maps/search/Roz%C5%A1%C3%ADrenie%20kapacity%20nadzemn%C3%BDch%20skladovac%C3%ADch%20s%C3%ADl%20na%20v%C3%BDrobnej%20jednotke%20Polypropyl%C3%A9n%20%28PP%29%203%20v%20are%C3%A1li%20SLOVNAFT%2C%20a.s.%20Bratislava%20-%20Ru%C5%BEinov;https://www.enviroportal.sk/eia/detail/rozsirenie-kapacity-nadzemnych-skladovacich-sil-na-vyrobnej-jednotke-p
rozsirenie-skladovej-kapacity-logisticke-haly;Rozšírenie skladovej kapacity – Logistické haly;Bratislava - Ružinov;Výroba a sklady;dokončené;Verejné prístavy, a.s., Prístavná 10;3;;;https://www.google.com/maps/search/Roz%C5%A1%C3%ADrenie%20skladovej%20kapacity%20%E2%80%93%20Logistick%C3%A9%20haly%20Bratislava%20-%20Ru%C5%BEinov;https://www.enviroportal.sk/eia/detail/rozsirenie-skladovej-kapacity-logisticke-haly
rychlostna-cesta-r7-bratislava-ketelec-bratislava-prievoz;Rýchlostná cesta R7 Bratislava Ketelec - Bratislava Prievoz;Bratislava - Ružinov;Doprava;posúdené;Národná diaľničná spoločnosť a.s., Mlynské Nivy 45;5;;;https://www.google.com/maps/search/R%C3%BDchlostn%C3%A1%20cesta%20R7%20Bratislava%20Ketelec%20-%20Bratislava%20Prievoz%20Bratislava%20-%20Ru%C5%BEinov;https://www.enviroportal.sk/eia/detail/rychlostna-cesta-r7-bratislava-ketelec-bratislava-prievoz
rychlostna-cesta-r7-bratislava-ketelec-bratislava-prievoz-zmena-c-6-;Rýchlostná cesta R7 Bratislava Ketelec – Bratislava Prievoz (zmena č. 6);Bratislava - Ružinov;Doprava;posúdené;Slovenská republika, zastúpená MDV SR, v konečnom zastúpení Dopravopro;6;;;https://www.google.com/maps/search/R%C3%BDchlostn%C3%A1%20cesta%20R7%20Bratislava%20Ketelec%20%E2%80%93%20Bratislava%20Prievoz%20%28zmena%20%C4%8D.%206%29%20Bratislava%20-%20Ru%C5%BEinov;https://www.enviroportal.sk/eia/detail/rychlostna-cesta-r7-bratislava-ketelec-bratislava-prievoz-zmena-c-6-
rychlostna-cesta-r7-bratislava-ketelec-bratislava-prievoz-vetva-g-;Rýchlostná cesta R7 Bratislava Ketelec – Bratislava Prievoz, Vetva G;Bratislava - Ružinov;Výroba a sklady;posúdené;Národná diaľničná spoločnosť, a.s., Mlynské Nivy 45;3;;;https://www.google.com/maps/search/R%C3%BDchlostn%C3%A1%20cesta%20R7%20Bratislava%20Ketelec%20%E2%80%93%20Bratislava%20Prievoz%2C%20Vetva%20G%20Bratislava%20-%20Ru%C5%BEinov;https://www.enviroportal.sk/eia/detail/rychlostna-cesta-r7-bratislava-ketelec-bratislava-prievoz-vetva-g-
rychlostna-cesta-r7-bratislava-prievoz-bratislava-ketelec;Rýchlostná cesta R7 Bratislava Prievoz - Bratislava Ketelec;Bratislava - Ružinov;Doprava;posúdené;Národná diaľničná spoločnosť, a.s., Mlynské Nivy 45;3;;;https://www.google.com/maps/search/R%C3%BDchlostn%C3%A1%20cesta%20R7%20Bratislava%20Prievoz%20-%20Bratislava%20Ketelec%20Bratislava%20-%20Ru%C5%BEinov;https://www.enviroportal.sk/eia/detail/rychlostna-cesta-r7-bratislava-prievoz-bratislava-ketelec
shark-centrum-bratislava;SHARK Centrum, Bratislava;Bratislava - Ružinov;Administratíva;posúdené;SHARK Invest s.r.o., Bottova 7;9;;;https://www.google.com/maps/search/SHARK%20Centrum%2C%20Bratislava%20Bratislava%20-%20Ru%C5%BEinov;https://www.enviroportal.sk/eia/detail/shark-centrum-bratislava
skladovanie-kovovych-inych-odpadov-palkov;SKLADOVANIE KOVOVÝCH A INÝCH ODPADOV - PALKOV;Bratislava - Ružinov;Výroba a sklady;posúdené;PALKOV, s.r.o., Mlynské Nivy 56;3;;;https://www.google.com/maps/search/SKLADOVANIE%20KOVOV%C3%9DCH%20A%20IN%C3%9DCH%20ODPADOV%20-%20PALKOV%20Bratislava%20-%20Ru%C5%BEinov;https://www.enviroportal.sk/eia/detail/skladovanie-kovovych-inych-odpadov-palkov
strip-mall-galvaniho-ul-bratislava;STRIP MALL - Galvaniho ul. Bratislava;Bratislava - Ružinov;Bývanie;posúdené;Inter Ikea Centre Slovensko, s.r.o., Ivánska cesta 16;19;;;https://www.google.com/maps/search/STRIP%20MALL%20-%20Galvaniho%20ul.%20Bratislava%20Bratislava%20-%20Ru%C5%BEinov;https://www.enviroportal.sk/eia/detail/strip-mall-galvaniho-ul-bratislava
spracovanie-bio-oleja-hds-;Spracovanie bio-oleja HDS;Bratislava - Ružinov;Výroba a sklady;zámer;SLOVNAFT, a. s., Vlčie hrdlo 1;2;;;https://www.google.com/maps/search/Spracovanie%20bio-oleja%20HDS%20Bratislava%20-%20Ru%C5%BEinov;https://www.enviroportal.sk/eia/detail/spracovanie-bio-oleja-hds-
spracovanie-externych-odpadovych-vod-eov-externych-tekutych-odpadov-et;Spracovanie externých odpadových vôd (EOV) a externých tekutých odpadov (ETO) na MCHB ČOV a Nové kalové pole na MCHB ČOV;Bratislava - Ružinov;Výroba a sklady;zámer;SLOVNAFT, a. s., Vlčie hrdlo 1;3;;;https://www.google.com/maps/search/Spracovanie%20extern%C3%BDch%20odpadov%C3%BDch%20v%C3%B4d%20%28EOV%29%20a%20extern%C3%BDch%20tekut%C3%BDch%20odpadov%20%28ETO%29%20na%20MCHB%20%C4%8COV%20a%20Nov%C3%A9%20kalov%C3%A9%20pole%20na%20MCHB%20%C4%8COV%20Bratislava%20-%20Ru%C5%BEinov;https://www.enviroportal.sk/eia/detail/spracovanie-externych-odpadovych-vod-eov-externych-tekutych-odpadov-et
sprinklerove-stabilne-hasiace-zariadenie;Sprinklerove stabilné hasiace zariadenie;Bratislava - Ružinov;Vybavenosť;posúdené;RAJO s.r.o.;5;;;https://www.google.com/maps/search/Sprinklerove%20stabiln%C3%A9%20hasiace%20zariadenie%20Bratislava%20-%20Ru%C5%BEinov;https://www.enviroportal.sk/eia/detail/sprinklerove-stabilne-hasiace-zariadenie
stavebne-upravy-udrziavacie-prace-potrubnych-rozvodov-na-etylenovej-je;Stavebné úpravy a udržiavacie práce potrubných rozvodov na Etylénovej jednotke;Bratislava - Ružinov;Technická infraštruktúra;povolené;SLOVNAFT, a. s., Vlčie hrdlo 1;5;;;https://www.google.com/maps/search/Stavebn%C3%A9%20%C3%BApravy%20a%20udr%C5%BEiavacie%20pr%C3%A1ce%20potrubn%C3%BDch%20rozvodov%20na%20Etyl%C3%A9novej%20jednotke%20Bratislava%20-%20Ru%C5%BEinov;https://www.enviroportal.sk/eia/detail/stavebne-upravy-udrziavacie-prace-potrubnych-rozvodov-na-etylenovej-je
stavebny-objekt-heliport-v-lokalite-ruzinov;Stavebný objekt Heliport v lokalite Ružinov;Bratislava - Ružinov;Doprava;povolené;Univerzitná nemocnica Bratislava;4;;;https://www.google.com/maps/search/Stavebn%C3%BD%20objekt%20Heliport%20v%20lokalite%20Ru%C5%BEinov%20Bratislava%20-%20Ru%C5%BEinov;https://www.enviroportal.sk/eia/detail/stavebny-objekt-heliport-v-lokalite-ruzinov
twin-city-autobusova-stanica-bratislava;TWIN CITY Autobusová stanica, Bratislava;Bratislava - Ružinov;Výroba a sklady;posúdené;Twin City a.s., Prievozská 4;23;;;https://www.google.com/maps/search/TWIN%20CITY%20Autobusov%C3%A1%20stanica%2C%20Bratislava%20Bratislava%20-%20Ru%C5%BEinov;https://www.enviroportal.sk/eia/detail/twin-city-autobusova-stanica-bratislava
terminal-lng-bratislava-pristav-polostrov;Terminál LNG, Bratislava - prístav - polostrov;Bratislava - Ružinov;Doprava;zámer;Danube LNG, európske zoskupenie hospodárskych záujmov, Prístavná 10;3;;;https://www.google.com/maps/search/Termin%C3%A1l%20LNG%2C%20Bratislava%20-%20pr%C3%ADstav%20-%20polostrov%20Bratislava%20-%20Ru%C5%BEinov;https://www.enviroportal.sk/eia/detail/terminal-lng-bratislava-pristav-polostrov
trvale-uzivanie-stavby-kombinovany-horak-na-spalovanie-slopov-na-spalo;Trvalé užívanie stavby Kombinovaný horák na spaľovanie slopov na Spaľovni kalov;Bratislava - Ružinov;Výroba a sklady;posúdené;SLOVNAFT, a.s. Vlčie hrdlo 1;4;;;https://www.google.com/maps/search/Trval%C3%A9%20u%C5%BE%C3%ADvanie%20stavby%20Kombinovan%C3%BD%20hor%C3%A1k%20na%20spa%C4%BEovanie%20slopov%20na%20Spa%C4%BEovni%20kalov%20Bratislava%20-%20Ru%C5%BEinov;https://www.enviroportal.sk/eia/detail/trvale-uzivanie-stavby-kombinovany-horak-na-spalovanie-slopov-na-spalo
ubytovacie-zariadenie-zelene-sady-trnavka;UBYTOVACIE ZARIADENIE ZELENÉ SADY TRNÁVKA;Bratislava - Ružinov;Vybavenosť;povolené;Greenlight Office Park s.r.o., Dunajská 15;18;;;https://www.google.com/maps/search/UBYTOVACIE%20ZARIADENIE%20ZELEN%C3%89%20SADY%20TRN%C3%81VKA%20Bratislava%20-%20Ru%C5%BEinov;https://www.enviroportal.sk/eia/detail/ubytovacie-zariadenie-zelene-sady-trnavka
vybudovanie-terminalu-lng-vo-verejnom-pristave-bratislava;Vybudovanie terminálu LNG vo verejnom prístave Bratislava;Bratislava - Ružinov;Výroba a sklady;posúdené;Verejné prístavy, a. s., Prístavná 10;21;;;https://www.google.com/maps/search/Vybudovanie%20termin%C3%A1lu%20LNG%20vo%20verejnom%20pr%C3%ADstave%20Bratislava%20Bratislava%20-%20Ru%C5%BEinov;https://www.enviroportal.sk/eia/detail/vybudovanie-terminalu-lng-vo-verejnom-pristave-bratislava
vybudovanie-zazemia-pre-plavidla-vo-verejnom-pristave-bratislava;Vybudovanie zázemia pre plavidlá vo verejnom prístave Bratislava;Bratislava - Ružinov;Plány a koncepcie;posúdené;Verejné prístavy, a. s.;7;;;https://www.google.com/maps/search/Vybudovanie%20z%C3%A1zemia%20pre%20plavidl%C3%A1%20vo%20verejnom%20pr%C3%ADstave%20Bratislava%20Bratislava%20-%20Ru%C5%BEinov;https://www.enviroportal.sk/eia/detail/vybudovanie-zazemia-pre-plavidla-vo-verejnom-pristave-bratislava
vyuzitie-zvyskoveho-tepla-na-bl-72;Využitie zvyškového tepla na bl. 72;Bratislava - Ružinov;Výroba a sklady;posúdené;Slovnaft a.s., Vlčie hrdlo1;9;;;https://www.google.com/maps/search/Vyu%C5%BEitie%20zvy%C5%A1kov%C3%A9ho%20tepla%20na%20bl.%2072%20Bratislava%20-%20Ru%C5%BEinov;https://www.enviroportal.sk/eia/detail/vyuzitie-zvyskoveho-tepla-na-bl-72
vystavba-havarijnej-nadrze-na-kysle-vody-sour-water-emergency-tank-swe;VÝSTAVBA HAVARIJNEJ NÁDRŽE NA KYSLÉ VODY (SOUR WATER EMERGENCY TANK - SWET);Bratislava - Ružinov;Výroba a sklady;posúdené;SLOVNAFT, a. s., Vlčie hrdlo 1;9;;;https://www.google.com/maps/search/V%C3%9DSTAVBA%20HAVARIJNEJ%20N%C3%81DR%C5%BDE%20NA%20KYSL%C3%89%20VODY%20%28SOUR%20WATER%20EMERGENCY%20TANK%20-%20SWET%29%20Bratislava%20-%20Ru%C5%BEinov;https://www.enviroportal.sk/eia/detail/vystavba-havarijnej-nadrze-na-kysle-vody-sour-water-emergency-tank-swe
vystavba-havarijnych-nadrzi-na-kysle-vody-;VÝSTAVBA HAVARIJNÝCH NÁDRŽÍ NA KYSLÉ VODY;Bratislava - Ružinov;Výroba a sklady;posúdené;SLOVNAFT, a. s.,Vlčie hrdlo 1;13;;;https://www.google.com/maps/search/V%C3%9DSTAVBA%20HAVARIJN%C3%9DCH%20N%C3%81DR%C5%BD%C3%8D%20NA%20KYSL%C3%89%20VODY%20Bratislava%20-%20Ru%C5%BEinov;https://www.enviroportal.sk/eia/detail/vystavba-havarijnych-nadrzi-na-kysle-vody-
vymena-elektrostatickeho-precipitatora-esp-f601-na-prevadzke-regenerac;Výmena elektrostatického precipitátora (ESP F601) na prevádzke Regenerácia kyseliny sírovej (SAR);Bratislava - Ružinov;Výroba a sklady;posúdené;Slovnaft, a. s., Vlčie hrdlo 1;3;;;https://www.google.com/maps/search/V%C3%BDmena%20elektrostatick%C3%A9ho%20precipit%C3%A1tora%20%28ESP%20F601%29%20na%20prev%C3%A1dzke%20Regener%C3%A1cia%20kyseliny%20s%C3%ADrovej%20%28SAR%29%20Bratislava%20-%20Ru%C5%BEinov;https://www.enviroportal.sk/eia/detail/vymena-elektrostatickeho-precipitatora-esp-f601-na-prevadzke-regenerac
vymena-odsolovacov-vo-vyrobnej-jednotke-atmosfericka-destilacia-ropy-5;Výmena odsoľovačov vo výrobnej jednotke Atmosférická destilácia ropy 5 (AD5), Bratislava;Bratislava - Ružinov;Výroba a sklady;posúdené;SLOVNAFT, a. s., Vlčie hrdlo 1;3;;;https://www.google.com/maps/search/V%C3%BDmena%20odso%C4%BEova%C4%8Dov%20vo%20v%C3%BDrobnej%20jednotke%20Atmosf%C3%A9rick%C3%A1%20destil%C3%A1cia%20ropy%205%20%28AD5%29%2C%20Bratislava%20Bratislava%20-%20Ru%C5%BEinov;https://www.enviroportal.sk/eia/detail/vymena-odsolovacov-vo-vyrobnej-jednotke-atmosfericka-destilacia-ropy-5
vyrobna-transportbetonu;Výrobňa transportbetónu;Bratislava - Ružinov;Výroba a sklady;posúdené;CRH (Slovensko) a.s.;17;;;https://www.google.com/maps/search/V%C3%BDrob%C5%88a%20transportbet%C3%B3nu%20Bratislava%20-%20Ru%C5%BEinov;https://www.enviroportal.sk/eia/detail/vyrobna-transportbetonu
vystavba-etylenoveho-zasobnika-bratislava;Výstavba etylénového zásobníka, Bratislava;Bratislava - Ružinov;Výroba a sklady;posúdené;Slovnaft, a.s., Vlčie hrdlo 1;3;;;https://www.google.com/maps/search/V%C3%BDstavba%20etyl%C3%A9nov%C3%A9ho%20z%C3%A1sobn%C3%ADka%2C%20Bratislava%20Bratislava%20-%20Ru%C5%BEinov;https://www.enviroportal.sk/eia/detail/vystavba-etylenoveho-zasobnika-bratislava
vystavba-mobilnej-betonarne-ba-pristav-;Výstavba mobilnej betonárne – BA Prístav;Bratislava - Ružinov;Doprava;posúdené;CRH (Slovensko), a.s.;6;;;https://www.google.com/maps/search/V%C3%BDstavba%20mobilnej%20beton%C3%A1rne%20%E2%80%93%20BA%20Pr%C3%ADstav%20Bratislava%20-%20Ru%C5%BEinov;https://www.enviroportal.sk/eia/detail/vystavba-mobilnej-betonarne-ba-pristav-
vystavba-technologickeho-zariadenia-pre-kombinovanu-vyrobu-elektriny-t;Výstavba technologického zariadenia pre kombinovanú výrobu elektriny a tepla s vyvedením tepla do BAT - Výhrevňa Juh a jeho dodávkou do SCZT Bratislav;Bratislava - Ružinov;Výroba a sklady;povolené;Odvoz a likvidácia odpadu, a.s.;8;;;https://www.google.com/maps/search/V%C3%BDstavba%20technologick%C3%A9ho%20zariadenia%20pre%20kombinovan%C3%BA%20v%C3%BDrobu%20elektriny%20a%20tepla%20s%20vyveden%C3%ADm%20tepla%20do%20BAT%20-%20V%C3%BDhrev%C5%88a%20Juh%20a%20jeho%20dod%C3%A1vkou%20do%20SCZT%20Bratislav%20Bratislava%20-%20Ru%C5%BEinov;https://www.enviroportal.sk/eia/detail/vystavba-technologickeho-zariadenia-pre-kombinovanu-vyrobu-elektriny-t
zariadenie-na-zber-vykup-odpadov-bratislava-ruzinov-pristavna-ul-rozsi;ZARIADENIE NA ZBER A VÝKUP ODPADOV BRATISLAVA - RUŽINOV, Prístavná ul. - rozšírenie zberu odpadov;Bratislava - Ružinov;Technická infraštruktúra;dokončené;PALKOV, s.r.o., Mlynské nivy 56;2;;;https://www.google.com/maps/search/ZARIADENIE%20NA%20ZBER%20A%20V%C3%9DKUP%20ODPADOV%20BRATISLAVA%20-%20RU%C5%BDINOV%2C%20Pr%C3%ADstavn%C3%A1%20ul.%20-%20roz%C5%A1%C3%ADrenie%20zberu%20odpadov%20Bratislava%20-%20Ru%C5%BEinov;https://www.enviroportal.sk/eia/detail/zariadenie-na-zber-vykup-odpadov-bratislava-ruzinov-pristavna-ul-rozsi
zariadenie-na-zber-ostatnych-odpadov-1;ZARIADENIE NA ZBER OSTATNÝCH ODPADOV;Bratislava - Ružinov;Výroba a sklady;posúdené;TULU, s.r.o., Kalinčiakova 115/4;6;;;https://www.google.com/maps/search/ZARIADENIE%20NA%20ZBER%20OSTATN%C3%9DCH%20ODPADOV%20Bratislava%20-%20Ru%C5%BEinov;https://www.enviroportal.sk/eia/detail/zariadenie-na-zber-ostatnych-odpadov-1
zariadenie-na-zber-vykup-odpadov-bratislava-ruzinov-pristavna-ul-;Zariadenie na zber a výkup odpadov Bratislava - Ružinov, Prístavná ul.;Bratislava - Ružinov;Výroba a sklady;posúdené;PALKOV s.r.o., Mlynské nivy 56;3;;;https://www.google.com/maps/search/Zariadenie%20na%20zber%20a%20v%C3%BDkup%20odpadov%20Bratislava%20-%20Ru%C5%BEinov%2C%20Pr%C3%ADstavn%C3%A1%20ul.%20Bratislava%20-%20Ru%C5%BEinov;https://www.enviroportal.sk/eia/detail/zariadenie-na-zber-vykup-odpadov-bratislava-ruzinov-pristavna-ul-
zariadenie-na-zber-odpadov-hrachova;Zariadenie na zber odpadov - Hrachová;Bratislava - Ružinov;Výroba a sklady;zámer;Metmax s.r.o., Žarnovická 5;7;;;https://www.google.com/maps/search/Zariadenie%20na%20zber%20odpadov%20-%20Hrachov%C3%A1%20Bratislava%20-%20Ru%C5%BEinov;https://www.enviroportal.sk/eia/detail/zariadenie-na-zber-odpadov-hrachova
zariadenie-na-zber-odpadov-metmax-s-r-o-pristavna;Zariadenie na zber odpadov Metmax s.r.o., Prístavná;Bratislava - Ružinov;Technická infraštruktúra;posúdené;Metmax s.r.o., Godrova 1;4;;;https://www.google.com/maps/search/Zariadenie%20na%20zber%20odpadov%20Metmax%20s.r.o.%2C%20Pr%C3%ADstavn%C3%A1%20Bratislava%20-%20Ru%C5%BEinov;https://www.enviroportal.sk/eia/detail/zariadenie-na-zber-odpadov-metmax-s-r-o-pristavna
zariadenie-na-zber-odpadov-pristav-bratislava;Zariadenie na zber odpadov – Prístav, Bratislava;Bratislava - Ružinov;Doprava;posúdené;HOTIS RECYCLING SLOVAKIA s.r.o., Myslenická 1;8;;;https://www.google.com/maps/search/Zariadenie%20na%20zber%20odpadov%20%E2%80%93%20Pr%C3%ADstav%2C%20Bratislava%20Bratislava%20-%20Ru%C5%BEinov;https://www.enviroportal.sk/eia/detail/zariadenie-na-zber-odpadov-pristav-bratislava
zariadenie-na-zhodnocovanie-biologicky-rozlozitelnych-odpadov-stiepkov;Zariadenie na zhodnocovanie biologicky rozložiteľných odpadov - štiepkovač;Bratislava - Ružinov;Technická infraštruktúra;zámer;Ružinovský podnik verejno - prospešných služieb, a.s., Mlynské Luhy 19;4;;;https://www.google.com/maps/search/Zariadenie%20na%20zhodnocovanie%20biologicky%20rozlo%C5%BEite%C4%BEn%C3%BDch%20odpadov%20-%20%C5%A1tiepkova%C4%8D%20Bratislava%20-%20Ru%C5%BEinov;https://www.enviroportal.sk/eia/detail/zariadenie-na-zhodnocovanie-biologicky-rozlozitelnych-odpadov-stiepkov
zariadenie-na-zhodnocovanie-kovovych-odpadov-pristav-bratislava-zvysen;Zariadenie na zhodnocovanie kovových odpadov, Prístav Bratislava - zvýšenie kapacity;Bratislava - Ružinov;Doprava;zámer;HOTIS RECYCLING SLOVAKIA s.r.o., Myslenická 1;3;;;https://www.google.com/maps/search/Zariadenie%20na%20zhodnocovanie%20kovov%C3%BDch%20odpadov%2C%20Pr%C3%ADstav%20Bratislava%20-%20zv%C3%BD%C5%A1enie%20kapacity%20Bratislava%20-%20Ru%C5%BEinov;https://www.enviroportal.sk/eia/detail/zariadenie-na-zhodnocovanie-kovovych-odpadov-pristav-bratislava-zvysen
zber-odpadov-na-pontone-p-65-pristav-bratislava;Zber odpadov na pontóne P-65, Prístav Bratislava;Bratislava - Ružinov;Výroba a sklady;posúdené;Slovenská plavba a prístavy a.s., Horárska 12;18;;;https://www.google.com/maps/search/Zber%20odpadov%20na%20pont%C3%B3ne%20P-65%2C%20Pr%C3%ADstav%20Bratislava%20Bratislava%20-%20Ru%C5%BEinov;https://www.enviroportal.sk/eia/detail/zber-odpadov-na-pontone-p-65-pristav-bratislava
zber-starych-vozidiel-1;Zber starých vozidiel;Bratislava - Ružinov;Bývanie;posúdené;Promauto s r. o. Galvaniho ul. 12 821 04 Bratislava;12;;;https://www.google.com/maps/search/Zber%20star%C3%BDch%20vozidiel%20Bratislava%20-%20Ru%C5%BEinov;https://www.enviroportal.sk/eia/detail/zber-starych-vozidiel-1
zberna-druhotnych-surovin-1;Zberňa druhotných surovín;Bratislava - Ružinov;Bývanie;posúdené;Metmax s.r.o.;10;;;https://www.google.com/maps/search/Zber%C5%88a%20druhotn%C3%BDch%20surov%C3%ADn%20Bratislava%20-%20Ru%C5%BEinov;https://www.enviroportal.sk/eia/detail/zberna-druhotnych-surovin-1
zhodnocovanie-odpadov-mobilnym-zariadenim-destroy;Zhodnocovanie odpadov mobilným zariadením - Destroy;Bratislava - Ružinov;Technická infraštruktúra;posúdené;DESTROY, s.r.o., Odborárska 52;7;;;https://www.google.com/maps/search/Zhodnocovanie%20odpadov%20mobiln%C3%BDm%20zariaden%C3%ADm%20-%20Destroy%20Bratislava%20-%20Ru%C5%BEinov;https://www.enviroportal.sk/eia/detail/zhodnocovanie-odpadov-mobilnym-zariadenim-destroy
zhromazdisko-odpadov-spp-bratislava-1;Zhromaždisko odpadov SPP Bratislava;Bratislava - Ružinov;Výroba a sklady;posúdené;SPP a.s., Mlynské Nivy 44/a;15;;;https://www.google.com/maps/search/Zhroma%C5%BEdisko%20odpadov%20SPP%20Bratislava%20Bratislava%20-%20Ru%C5%BEinov;https://www.enviroportal.sk/eia/detail/zhromazdisko-odpadov-spp-bratislava-1
zmena-stavby-pred-dokoncenim-strabag-koncernova-centrala-slovensko-na-;Zmena stavby pred dokončením „STRABAG – Koncernová centrála Slovensko“ na bytový dom;Bratislava - Ružinov;Bývanie;posúdené;STRABAG Real Estate s.r.o., Mlynské Nivy 61/A;5;;;https://www.google.com/maps/search/Zmena%20stavby%20pred%20dokon%C4%8Den%C3%ADm%20STRABAG%20%E2%80%93%20Koncernov%C3%A1%20centr%C3%A1la%20Slovensko%20na%20bytov%C3%BD%20dom%20Bratislava%20-%20Ru%C5%BEinov;https://www.enviroportal.sk/eia/detail/zmena-stavby-pred-dokoncenim-strabag-koncernova-centrala-slovensko-na-
znizenie-voc-emisii-na-ldpe3-rto-;Zníženie VOC emisií na LDPE3 (RTO);Bratislava - Ružinov;Výroba a sklady;posúdené;SLOVNAFT a.s., Vlčie hrdlo 1;7;;;https://www.google.com/maps/search/Zn%C3%AD%C5%BEenie%20VOC%20emisi%C3%AD%20na%20LDPE3%20%28RTO%29%20Bratislava%20-%20Ru%C5%BEinov;https://www.enviroportal.sk/eia/detail/znizenie-voc-emisii-na-ldpe3-rto-
znizenie-emisii-co2ekv-v-zavode-slovnaft-implementaciou-suborov-techno;Zníženie emisií CO2ekv v závode Slovnaft implementáciou súborov technologických opatrení;Bratislava - Ružinov;Výroba a sklady;zámer;SLOVNAFT, a.s., Vlčie hrdlo 1;4;;;https://www.google.com/maps/search/Zn%C3%AD%C5%BEenie%20emisi%C3%AD%20CO2ekv%20v%20z%C3%A1vode%20Slovnaft%20implement%C3%A1ciou%20s%C3%BAborov%20technologick%C3%BDch%20opatren%C3%AD%20Bratislava%20-%20Ru%C5%BEinov;https://www.enviroportal.sk/eia/detail/znizenie-emisii-co2ekv-v-zavode-slovnaft-implementaciou-suborov-techno
zvysenie-energetickej-efektivity-uspory-emisii-co2-na-etylenovej-jedno;Zvýšenie energetickej efektivity a úspory emisii CO2 na Etylénovej jednotke;Bratislava - Ružinov;Výroba a sklady;zámer;SLOVNAFT, a.s., Vlčie hrdlo 1;4;;;https://www.google.com/maps/search/Zv%C3%BD%C5%A1enie%20energetickej%20efektivity%20a%20%C3%BAspory%20emisii%20CO2%20na%20Etyl%C3%A9novej%20jednotke%20Bratislava%20-%20Ru%C5%BEinov;https://www.enviroportal.sk/eia/detail/zvysenie-energetickej-efektivity-uspory-emisii-co2-na-etylenovej-jedno
zvysenie-kapacity-cc5-pre-potreby-pp3-po-intenzifikacii-est-;Zvýšenie kapacity CC5 pre potreby PP3 po intenzifikácii a EST;Bratislava - Ružinov;Výroba a sklady;zámer;SLOVNAFT, a. s., Vlčie hrdlo 1;3;;;https://www.google.com/maps/search/Zv%C3%BD%C5%A1enie%20kapacity%20CC5%20pre%20potreby%20PP3%20po%20intenzifik%C3%A1cii%20a%20EST%20Bratislava%20-%20Ru%C5%BEinov;https://www.enviroportal.sk/eia/detail/zvysenie-kapacity-cc5-pre-potreby-pp3-po-intenzifikacii-est-
zvysenie-vytazku-zvysenie-vytazku-zvysenie-pomeru-nafty-zmenou-prevadz;Zvýšenie výťažku (zvýšenie výťažku = zvýšenie % pomeru) nafty zmenou prevádzkovania HRP;Bratislava - Ružinov;Výroba a sklady;posúdené;SLOVNAFT, a.s., Vlčie hrdlo 1;6;;;https://www.google.com/maps/search/Zv%C3%BD%C5%A1enie%20v%C3%BD%C5%A5a%C5%BEku%20%28zv%C3%BD%C5%A1enie%20v%C3%BD%C5%A5a%C5%BEku%20%3D%20zv%C3%BD%C5%A1enie%20%25%20pomeru%29%20nafty%20zmenou%20prev%C3%A1dzkovania%20HRP%20Bratislava%20-%20Ru%C5%BEinov;https://www.enviroportal.sk/eia/detail/zvysenie-vytazku-zvysenie-vytazku-zvysenie-pomeru-nafty-zmenou-prevadz
upn-z-strkovecke-jazero;ÚPN Z Štrkovecké jazero;Bratislava - Ružinov;Výroba a sklady;posúdené;MČ Bratislava – Ružinov, Mierová ul. č. 21;20;;;https://www.google.com/maps/search/%C3%9APN%20Z%20%C5%A0trkoveck%C3%A9%20jazero%20Bratislava%20-%20Ru%C5%BEinov;https://www.enviroportal.sk/eia/detail/upn-z-strkovecke-jazero
uprava-docasnej-ochrannej-hradze-dunaja-v-ramci-sanacie-environmentaln;Úprava dočasnej ochrannej hrádze Dunaja v rámci sanácie environmentálnej záťaže;Bratislava - Ružinov;Výroba a sklady;povolené;PROPERTY Danube, s.r.o., Pribinova 10;7;;;https://www.google.com/maps/search/%C3%9Aprava%20do%C4%8Dasnej%20ochrannej%20hr%C3%A1dze%20Dunaja%20v%20r%C3%A1mci%20san%C3%A1cie%20environment%C3%A1lnej%20z%C3%A1%C5%A5a%C5%BEe%20Bratislava%20-%20Ru%C5%BEinov;https://www.enviroportal.sk/eia/detail/uprava-docasnej-ochrannej-hradze-dunaja-v-ramci-sanacie-environmentaln
uzemny-plan-hlavneho-mesta-sr-bratislavy-rok-2007-v-zneni-neskorsich-z-2;Územný plán hlavného mesta SR Bratislavy rok 2007 v znení neskorších zmien a doplnkov, zmeny a doplnky 08;Bratislava - Ružinov;Plány a koncepcie;posúdené;Hlavné mesto Slovenskej republiky Bratislava, Primaciálne nám. č. 1, P;5;;;https://www.google.com/maps/search/%C3%9Azemn%C3%BD%20pl%C3%A1n%20hlavn%C3%A9ho%20mesta%20SR%20Bratislavy%20rok%202007%20v%20znen%C3%AD%20neskor%C5%A1%C3%ADch%20zmien%20a%20doplnkov%2C%20zmeny%20a%20doplnky%2008%20Bratislava%20-%20Ru%C5%BEinov;https://www.enviroportal.sk/eia/detail/uzemny-plan-hlavneho-mesta-sr-bratislavy-rok-2007-v-zneni-neskorsich-z-2
uzemny-plan-hlavneho-mesta-sr-bratislavy-rok-2007-v-zneni-neskorsich-z-9;Územný plán hlavného mesta SR Bratislavy rok 2007 v znení neskorších zmien a doplnkov, zmeny a doplnky 16 – Zimný prístav;Bratislava - Ružinov;Plány a koncepcie;zámer;Hlavné mesto Slovenskej republiky Bratislava, Primaciálne námestie č. ;11;;;https://www.google.com/maps/search/%C3%9Azemn%C3%BD%20pl%C3%A1n%20hlavn%C3%A9ho%20mesta%20SR%20Bratislavy%20rok%202007%20v%20znen%C3%AD%20neskor%C5%A1%C3%ADch%20zmien%20a%20doplnkov%2C%20zmeny%20a%20doplnky%2016%20%E2%80%93%20Zimn%C3%BD%20pr%C3%ADstav%20Bratislava%20-%20Ru%C5%BEinov;https://www.enviroportal.sk/eia/detail/uzemny-plan-hlavneho-mesta-sr-bratislavy-rok-2007-v-zneni-neskorsich-z-9
uzemny-plan-hlavneho-mesta-sr-bratislavy-rok-2007-v-zneni-neskorsich-z-4;Územný plán hlavného mesta SR Bratislavy, rok 2007, v znení neskorších zmien a doplnkov, zmeny a doplnky 10;Bratislava - Ružinov;Plány a koncepcie;posúdené;Hlavné mesto Slovenskej republiky Bratislava, Primaciálne námestie 1;4;;;https://www.google.com/maps/search/%C3%9Azemn%C3%BD%20pl%C3%A1n%20hlavn%C3%A9ho%20mesta%20SR%20Bratislavy%2C%20rok%202007%2C%20v%20znen%C3%AD%20neskor%C5%A1%C3%ADch%20zmien%20a%20doplnkov%2C%20zmeny%20a%20doplnky%2010%20Bratislava%20-%20Ru%C5%BEinov;https://www.enviroportal.sk/eia/detail/uzemny-plan-hlavneho-mesta-sr-bratislavy-rok-2007-v-zneni-neskorsich-z-4
uzemny-plan-hlavneho-mesta-sr-bratislavy-rok-2007-v-zneni-neskorsich-z-8;Územný plán hlavného mesta SR Bratislavy, rok 2007, v znení neskorších zmien a doplnkov, zmeny a doplnky 13;Bratislava - Ružinov;Plány a koncepcie;posúdené;Hlavné mesto Slovenskej republiky Bratislava, Primaciálne nám. č. 1;6;;;https://www.google.com/maps/search/%C3%9Azemn%C3%BD%20pl%C3%A1n%20hlavn%C3%A9ho%20mesta%20SR%20Bratislavy%2C%20rok%202007%2C%20v%20znen%C3%AD%20neskor%C5%A1%C3%ADch%20zmien%20a%20doplnkov%2C%20zmeny%20a%20doplnky%2013%20Bratislava%20-%20Ru%C5%BEinov;https://www.enviroportal.sk/eia/detail/uzemny-plan-hlavneho-mesta-sr-bratislavy-rok-2007-v-zneni-neskorsich-z-8
uzemny-plan-zony-cvernovka-v-mc-bratislava-ruzinov;Územný plán zóny Cvernovka v MČ Bratislava - Ružinov;Bratislava - Ružinov;Plány a koncepcie;posúdené;Mestská časť Bratislava - Ružinov, Mierová 21;6;;;https://www.google.com/maps/search/%C3%9Azemn%C3%BD%20pl%C3%A1n%20z%C3%B3ny%20Cvernovka%20v%20M%C4%8C%20Bratislava%20-%20Ru%C5%BEinov%20Bratislava%20-%20Ru%C5%BEinov;https://www.enviroportal.sk/eia/detail/uzemny-plan-zony-cvernovka-v-mc-bratislava-ruzinov
uzemny-plan-zony-liscie-nivy-palkovicova-mestska-cast-bratislava-ruzin;Územný plán zóny Líščie nivy - Palkovičova, mestská časť Bratislava-Ružinov;Bratislava - Ružinov;Plány a koncepcie;povolené;Mestská časť Bratislava-Ružinov;3;;;https://www.google.com/maps/search/%C3%9Azemn%C3%BD%20pl%C3%A1n%20z%C3%B3ny%20L%C3%AD%C5%A1%C4%8Die%20nivy%20-%20Palkovi%C4%8Dova%2C%20mestsk%C3%A1%20%C4%8Das%C5%A5%20Bratislava-Ru%C5%BEinov%20Bratislava%20-%20Ru%C5%BEinov;https://www.enviroportal.sk/eia/detail/uzemny-plan-zony-liscie-nivy-palkovicova-mestska-cast-bratislava-ruzin
uzemny-plan-zony-nivy;Územný plán zóny Nivy;Bratislava - Ružinov;Plány a koncepcie;posúdené;Mestská časť Bratislava – Ružinov, Mierová 21;4;;;https://www.google.com/maps/search/%C3%9Azemn%C3%BD%20pl%C3%A1n%20z%C3%B3ny%20Nivy%20Bratislava%20-%20Ru%C5%BEinov;https://www.enviroportal.sk/eia/detail/uzemny-plan-zony-nivy
uzemny-plan-zony-ostredky-mestska-cast-bratislava-ruzinov;Územný plán zóny Ostredky, mestská časť Bratislava - Ružinov;Bratislava - Ružinov;Plány a koncepcie;povolené;Mestská časť Bratislava – Ružinov, Mierová 21;4;;;https://www.google.com/maps/search/%C3%9Azemn%C3%BD%20pl%C3%A1n%20z%C3%B3ny%20Ostredky%2C%20mestsk%C3%A1%20%C4%8Das%C5%A5%20Bratislava%20-%20Ru%C5%BEinov%20Bratislava%20-%20Ru%C5%BEinov;https://www.enviroportal.sk/eia/detail/uzemny-plan-zony-ostredky-mestska-cast-bratislava-ruzinov
uzemny-plan-zony-posen-sever-mestska-cast-bratislava-ruzinov;Územný plán zóny Pošeň - Sever, Mestska časť Bratislava - Ružinov;Bratislava - Ružinov;Plány a koncepcie;povolené;Mestská časť Bratislava - Ružinov;6;;;https://www.google.com/maps/search/%C3%9Azemn%C3%BD%20pl%C3%A1n%20z%C3%B3ny%20Po%C5%A1e%C5%88%20-%20Sever%2C%20Mestska%20%C4%8Das%C5%A5%20Bratislava%20-%20Ru%C5%BEinov%20Bratislava%20-%20Ru%C5%BEinov;https://www.enviroportal.sk/eia/detail/uzemny-plan-zony-posen-sever-mestska-cast-bratislava-ruzinov
uzemny-plan-zony-prievoz-zapad;Územný plán zóny Prievoz - západ;Bratislava - Ružinov;Plány a koncepcie;posúdené;Mestská časť Bratislava - Ružinov;3;;;https://www.google.com/maps/search/%C3%9Azemn%C3%BD%20pl%C3%A1n%20z%C3%B3ny%20Prievoz%20-%20z%C3%A1pad%20Bratislava%20-%20Ru%C5%BEinov;https://www.enviroportal.sk/eia/detail/uzemny-plan-zony-prievoz-zapad
uzemny-plan-zony-prievoz-vychod-mestska-cast-bratislava-ruzinov;Územný plán zóny Prievoz – východ, mestská časť Bratislava- Ružinov;Bratislava - Ružinov;Plány a koncepcie;povolené;Mestská časť Bratislava - Ružinov;3;;;https://www.google.com/maps/search/%C3%9Azemn%C3%BD%20pl%C3%A1n%20z%C3%B3ny%20Prievoz%20%E2%80%93%20v%C3%BDchod%2C%20mestsk%C3%A1%20%C4%8Das%C5%A5%20Bratislava-%20Ru%C5%BEinov%20Bratislava%20-%20Ru%C5%BEinov;https://www.enviroportal.sk/eia/detail/uzemny-plan-zony-prievoz-vychod-mestska-cast-bratislava-ruzinov
uzemny-plan-zony-stary-ruzinov-jegeho;Územný plán zóny Starý Ružinov - Jégeho;Bratislava - Ružinov;Plány a koncepcie;zámer;Mestská časť Bratislava-Ružinov, Mierová 21;3;;;https://www.google.com/maps/search/%C3%9Azemn%C3%BD%20pl%C3%A1n%20z%C3%B3ny%20Star%C3%BD%20Ru%C5%BEinov%20-%20J%C3%A9geho%20Bratislava%20-%20Ru%C5%BEinov;https://www.enviroportal.sk/eia/detail/uzemny-plan-zony-stary-ruzinov-jegeho
uzemny-plan-zony-trnavka-stred-zmeny-doplnky-02;Územný plán zóny TRNÁVKA - STRED, zmeny a doplnky 02;Bratislava - Ružinov;Plány a koncepcie;povolené;Mestská časť Bratislava - Ružinov, Mierová 21;3;;;https://www.google.com/maps/search/%C3%9Azemn%C3%BD%20pl%C3%A1n%20z%C3%B3ny%20TRN%C3%81VKA%20-%20STRED%2C%20zmeny%20a%20doplnky%2002%20Bratislava%20-%20Ru%C5%BEinov;https://www.enviroportal.sk/eia/detail/uzemny-plan-zony-trnavka-stred-zmeny-doplnky-02
uzemny-plan-zony-trnavka-stred-zmeny-doplnky;Územný plán zóny Trnávka - stred, Zmeny a doplnky;Bratislava - Ružinov;Plány a koncepcie;povolené;Mestská časť Bratislava - Ružinov;3;;;https://www.google.com/maps/search/%C3%9Azemn%C3%BD%20pl%C3%A1n%20z%C3%B3ny%20Trn%C3%A1vka%20-%20stred%2C%20Zmeny%20a%20doplnky%20Bratislava%20-%20Ru%C5%BEinov;https://www.enviroportal.sk/eia/detail/uzemny-plan-zony-trnavka-stred-zmeny-doplnky
uzemny-plan-zony-trnavka-stred-zmeny-doplnky-01;Územný plán zóny Trnávka- stred, zmeny a doplnky 01;Bratislava - Ružinov;Plány a koncepcie;povolené;Mestská časť Bratislava- Ružinov;3;;;https://www.google.com/maps/search/%C3%9Azemn%C3%BD%20pl%C3%A1n%20z%C3%B3ny%20Trn%C3%A1vka-%20stred%2C%20zmeny%20a%20doplnky%2001%20Bratislava%20-%20Ru%C5%BEinov;https://www.enviroportal.sk/eia/detail/uzemny-plan-zony-trnavka-stred-zmeny-doplnky-01
uzemny-plan-zony-zlate-piesky-zahradkarska-osada;Územný plán zóny Zlaté piesky, záhradkárska osada;Bratislava - Ružinov;Plány a koncepcie;posúdené;Mestská časť Bratislava - Ružinov;3;;;https://www.google.com/maps/search/%C3%9Azemn%C3%BD%20pl%C3%A1n%20z%C3%B3ny%20Zlat%C3%A9%20piesky%2C%20z%C3%A1hradk%C3%A1rska%20osada%20Bratislava%20-%20Ru%C5%BEinov;https://www.enviroportal.sk/eia/detail/uzemny-plan-zony-zlate-piesky-zahradkarska-osada
cokoladovna-illui;Čokoládovňa ILLUI;Bratislava - Ružinov;Vybavenosť;posúdené;SV 56, s.r.o., Mlynské Nivy 56;5;;;https://www.google.com/maps/search/%C4%8Cokol%C3%A1dov%C5%88a%20ILLUI%20Bratislava%20-%20Ru%C5%BEinov;https://www.enviroportal.sk/eia/detail/cokoladovna-illui
sportovy-komplex-relax;Športový komplex RELAX;Bratislava - Ružinov;Bývanie;posúdené;IPE - CONSULT, s.r.o., Roľnícka 116;12;;;https://www.google.com/maps/search/%C5%A0portov%C3%BD%20komplex%20RELAX%20Bratislava%20-%20Ru%C5%BEinov;https://www.enviroportal.sk/eia/detail/sportovy-komplex-relax
studia-prepojenia-zeleznicneho-koridoru-ten-t-s-letiskom-zeleznicnou-s-2;Štúdia prepojenia železničného koridoru TEN-T s letiskom a železničnou sieťou v Bratislave, ŽSR, Bratislava - železničné zapojenie letiska M. R. Štefá;Bratislava - Ružinov;Doprava;posúdené;Železnice Slovenskej republiky, GR, Klemensova 8;40;;;https://www.google.com/maps/search/%C5%A0t%C3%BAdia%20prepojenia%20%C5%BEelezni%C4%8Dn%C3%A9ho%20koridoru%20TEN-T%20s%20letiskom%20a%20%C5%BEelezni%C4%8Dnou%20sie%C5%A5ou%20v%20Bratislave%2C%20%C5%BDSR%2C%20Bratislava%20-%20%C5%BEelezni%C4%8Dn%C3%A9%20zapojenie%20letiska%20M.%20R.%20%C5%A0tef%C3%A1%20Bratislava%20-%20Ru%C5%BEinov;https://www.enviroportal.sk/eia/detail/studia-prepojenia-zeleznicneho-koridoru-ten-t-s-letiskom-zeleznicnou-s-2
-office-pristavna-1-bratislava-;„OFFICE PRÍSTAVNÁ 1, BRATISLAVA“;Bratislava - Ružinov;Administratíva;posúdené;RV Development 2 s.r.o., Krížna 47;11;;;https://www.google.com/maps/search/OFFICE%20PR%C3%8DSTAVN%C3%81%201%2C%20BRATISLAVA%20Bratislava%20-%20Ru%C5%BEinov;https://www.enviroportal.sk/eia/detail/-office-pristavna-1-bratislava-
-polyfunkcna-stavba-twin-city-polyfunkcny-objekt-b7-;",,POLYFUNKČNÁ STAVBA TWIN CITY POLYFUNKČNÝ OBJEKT B7""";Bratislava - Staré Mesto;Polyfunkcia;posúdené;Twin City VIII, s.r.o., Mlynské nivy 16;6;;;https://www.google.com/maps/search/%2C%2CPOLYFUNK%C4%8CN%C3%81%20STAVBA%20TWIN%20CITY%20POLYFUNK%C4%8CN%C3%9D%20OBJEKT%20B7%22%20Bratislava%20-%20Star%C3%A9%20Mesto;https://www.enviroportal.sk/eia/detail/-polyfunkcna-stavba-twin-city-polyfunkcny-objekt-b7-
administrativna-budova-panorama-city-v-business-bratislava-landererova;Administratívna budova Panorama City V Business, Bratislava, Landererova ul.;Bratislava - Staré Mesto;Administratíva;posúdené;Menolli, s.r.o., Dvořákovo nábrežie 10;36;;;https://www.google.com/maps/search/Administrat%C3%ADvna%20budova%20Panorama%20City%20V%20Business%2C%20Bratislava%2C%20Landererova%20ul.%20Bratislava%20-%20Star%C3%A9%20Mesto;https://www.enviroportal.sk/eia/detail/administrativna-budova-panorama-city-v-business-bratislava-landererova
administrativna-budova-twin-city-;Administratívna budova TWIN CITY;Bratislava - Staré Mesto;Administratíva;zámer;Smart City Office, s. r. o., Digital Park II, Einsteinova 25;4;;;https://www.google.com/maps/search/Administrat%C3%ADvna%20budova%20TWIN%20CITY%20Bratislava%20-%20Star%C3%A9%20Mesto;https://www.enviroportal.sk/eia/detail/administrativna-budova-twin-city-
administrativna-budova-twin-city-objekt-c34;Administratívna budova TWIN CITY - objekt C34;Bratislava - Staré Mesto;Administratíva;zámer;Smart City Office II, s. r. o., Digital Park II, Einsteinova 25;5;;;https://www.google.com/maps/search/Administrat%C3%ADvna%20budova%20TWIN%20CITY%20-%20objekt%20C34%20Bratislava%20-%20Star%C3%A9%20Mesto;https://www.enviroportal.sk/eia/detail/administrativna-budova-twin-city-objekt-c34
administrativna-budova-triangel;Administratívna budova Triangel;Bratislava - Staré Mesto;Administratíva;posúdené;EPOQUE, s.r.o., Dvořákovo nábrežie 10,;8;;;https://www.google.com/maps/search/Administrat%C3%ADvna%20budova%20Triangel%20Bratislava%20-%20Star%C3%A9%20Mesto;https://www.enviroportal.sk/eia/detail/administrativna-budova-triangel
administrativna-budova-culenova-bratislava-1;Administratívna budova Čulenova, Bratislava;Bratislava - Staré Mesto;Administratíva;posúdené;CENTRADE, a.s., Digital Park II, Einsteinova 25;3;;;https://www.google.com/maps/search/Administrat%C3%ADvna%20budova%20%C4%8Culenova%2C%20Bratislava%20Bratislava%20-%20Star%C3%A9%20Mesto;https://www.enviroportal.sk/eia/detail/administrativna-budova-culenova-bratislava-1
administrativna-budova-culenova-bratislava-2;Administratívna budova Čulenova, Bratislava;Bratislava - Staré Mesto;Administratíva;posúdené;SKY PARK s. r. o., Digital Park II., Einsteinova 25;6;;;https://www.google.com/maps/search/Administrat%C3%ADvna%20budova%20%C4%8Culenova%2C%20Bratislava%20Bratislava%20-%20Star%C3%A9%20Mesto;https://www.enviroportal.sk/eia/detail/administrativna-budova-culenova-bratislava-2
administrativna-budova-c-2-culenova-bratislava;Administratívna budova č. 2, Čulenova, Bratislava;Bratislava - Staré Mesto;Administratíva;posúdené;CENTRADE, a.s., Digital Park II, Einsteinova 25;32;;;https://www.google.com/maps/search/Administrat%C3%ADvna%20budova%20%C4%8D.%202%2C%20%C4%8Culenova%2C%20Bratislava%20Bratislava%20-%20Star%C3%A9%20Mesto;https://www.enviroportal.sk/eia/detail/administrativna-budova-c-2-culenova-bratislava
aktualizacia-uzemneho-planu-zony-a6-bratislava-slavin-;Aktualizácia územného plánu zóny A6 Bratislava (Slavín);Bratislava - Staré Mesto;Plány a koncepcie;posúdené;Hlavné mesto Slovenskej republiky Bratislava;6;;;https://www.google.com/maps/search/Aktualiz%C3%A1cia%20%C3%BAzemn%C3%A9ho%20pl%C3%A1nu%20z%C3%B3ny%20A6%20Bratislava%20%28Slav%C3%ADn%29%20Bratislava%20-%20Star%C3%A9%20Mesto;https://www.enviroportal.sk/eia/detail/aktualizacia-uzemneho-planu-zony-a6-bratislava-slavin-
bellisle-apartments-dostojevskeho-rad-mc-bratislava-stare-mesto;Bellisle apartments, Dostojevského rad, MČ Bratislava - Staré Mesto;Bratislava - Staré Mesto;Bývanie;posúdené;BELLISLE PROPERTIES, spol. s r.o., Leškova 16;4;;;https://www.google.com/maps/search/Bellisle%20apartments%2C%20Dostojevsk%C3%A9ho%20rad%2C%20M%C4%8C%20Bratislava%20-%20Star%C3%A9%20Mesto%20Bratislava%20-%20Star%C3%A9%20Mesto;https://www.enviroportal.sk/eia/detail/bellisle-apartments-dostojevskeho-rad-mc-bratislava-stare-mesto
bratislavske-podhradie-vydrica;Bratislavské podhradie - Vydrica;Bratislava - Staré Mesto;Polyfunkcia;posúdené;Vydrica a.s., Dr. Vladimíra Clementisa 10;8;;;https://www.google.com/maps/search/Bratislavsk%C3%A9%20podhradie%20-%20Vydrica%20Bratislava%20-%20Star%C3%A9%20Mesto;https://www.enviroportal.sk/eia/detail/bratislavske-podhradie-vydrica
bytovy-dom-sky-park-tower-;Bytový dom Sky Park Tower;Bratislava - Staré Mesto;Bývanie;posúdené;SKY PARK TOWER, s.r.o., Bottova 1/1;5;;;https://www.google.com/maps/search/Bytov%C3%BD%20dom%20Sky%20Park%20Tower%20Bratislava%20-%20Star%C3%A9%20Mesto;https://www.enviroportal.sk/eia/detail/bytovy-dom-sky-park-tower-
bytovy-dom-studnicka;Bytový dom Studnička;Bratislava - Staré Mesto;Bývanie;posúdené;STUDNIČKA DEVELOPMENT, s. r. o., Račianska71;7;;;https://www.google.com/maps/search/Bytov%C3%BD%20dom%20Studni%C4%8Dka%20Bratislava%20-%20Star%C3%A9%20Mesto;https://www.enviroportal.sk/eia/detail/bytovy-dom-studnicka
elektrickova-trat-dubravsko-karloveska-radiala;Električková trať Dúbravsko – Karloveská radiála;Bratislava - Staré Mesto;Doprava;posúdené;Hlavné mesto SR Bratislava, Primaciálne nám. 1;9;;;https://www.google.com/maps/search/Elektri%C4%8Dkov%C3%A1%20tra%C5%A5%20D%C3%BAbravsko%20%E2%80%93%20Karlovesk%C3%A1%20radi%C3%A1la%20Bratislava%20-%20Star%C3%A9%20Mesto;https://www.enviroportal.sk/eia/detail/elektrickova-trat-dubravsko-karloveska-radiala
florian-offices;Florian Offices;Bratislava - Staré Mesto;Administratíva;zámer;Florian Offices s.r.o.;4;;;https://www.google.com/maps/search/Florian%20Offices%20Bratislava%20-%20Star%C3%A9%20Mesto;https://www.enviroportal.sk/eia/detail/florian-offices
hotel-yasmin-bratislava;HOTEL YASMIN, Bratislava;Bratislava - Staré Mesto;Vybavenosť;posúdené;VACHEL SK, s.r.o., Hurbanovo nám. 7;5;;;https://www.google.com/maps/search/HOTEL%20YASMIN%2C%20Bratislava%20Bratislava%20-%20Star%C3%A9%20Mesto;https://www.enviroportal.sk/eia/detail/hotel-yasmin-bratislava
modernizacia-trolejbusovej-trate-v-useku-patronka-kramare-hlavna-stani;Modernizácia trolejbusovej trate v úseku Patrónka-Kramáre-Hlavná stanica;Bratislava - Staré Mesto;Doprava;posúdené;Dopravný podnik Bratislava, akciová spoločnosť, Olejkárska 1;8;;;https://www.google.com/maps/search/Moderniz%C3%A1cia%20trolejbusovej%20trate%20v%20%C3%BAseku%20Patr%C3%B3nka-Kram%C3%A1re-Hlavn%C3%A1%20stanica%20Bratislava%20-%20Star%C3%A9%20Mesto;https://www.enviroportal.sk/eia/detail/modernizacia-trolejbusovej-trate-v-useku-patronka-kramare-hlavna-stani
modernizacia-verejneho-terminalu-intermodalnej-dopravy-vo-vymedzenom-u;Modernizácia verejného terminálu intermodálnej dopravy vo vymedzenom území prístavov v časti Pálenisko;Bratislava - Staré Mesto;Výroba a sklady;povolené;Verejné prístavy, a.s., Prístavná 10;11;;;https://www.google.com/maps/search/Moderniz%C3%A1cia%20verejn%C3%A9ho%20termin%C3%A1lu%20intermod%C3%A1lnej%20dopravy%20vo%20vymedzenom%20%C3%BAzem%C3%AD%20pr%C3%ADstavov%20v%20%C4%8Dasti%20P%C3%A1lenisko%20Bratislava%20-%20Star%C3%A9%20Mesto;https://www.enviroportal.sk/eia/detail/modernizacia-verejneho-terminalu-intermodalnej-dopravy-vo-vymedzenom-u
modernizacia-zeleznicneho-uzla-bratislava-vetva-zapad;Modernizácia železničného uzla Bratislava – vetva ZÁPAD;Bratislava - Staré Mesto;Doprava;posúdené;Železnice Slovenskej republiky, Klemensova 8;33;;;https://www.google.com/maps/search/Moderniz%C3%A1cia%20%C5%BEelezni%C4%8Dn%C3%A9ho%20uzla%20Bratislava%20%E2%80%93%20vetva%20Z%C3%81PAD%20Bratislava%20-%20Star%C3%A9%20Mesto;https://www.enviroportal.sk/eia/detail/modernizacia-zeleznicneho-uzla-bratislava-vetva-zapad
monitorovaci-system-pristavov;Monitorovací systém prístavov;Bratislava - Staré Mesto;Výroba a sklady;zámer;Verejné prístavy, a. s.;4;;;https://www.google.com/maps/search/Monitorovac%C3%AD%20syst%C3%A9m%20pr%C3%ADstavov%20Bratislava%20-%20Star%C3%A9%20Mesto;https://www.enviroportal.sk/eia/detail/monitorovaci-system-pristavov
novostavba-technologickeho-pavilonu-internatu-s-jedalnou-v-areali-vsvu;Novostavba technologického pavilónu a internátu s jedálňou v areáli VŠVU na Drotárskej ceste v Bratislave;Bratislava - Staré Mesto;Vybavenosť;dokončené;Vysoká škola výtvarných umení v Bratislave, Hviezdoslavovo námestie 18;7;;;https://www.google.com/maps/search/Novostavba%20technologick%C3%A9ho%20pavil%C3%B3nu%20a%20intern%C3%A1tu%20s%20jed%C3%A1l%C5%88ou%20v%20are%C3%A1li%20V%C5%A0VU%20na%20Drot%C3%A1rskej%20ceste%20v%20Bratislave%20Bratislava%20-%20Star%C3%A9%20Mesto;https://www.enviroportal.sk/eia/detail/novostavba-technologickeho-pavilonu-internatu-s-jedalnou-v-areali-vsvu
nova-trolejbusova-trat-autobusova-stanica-nove-snd;Nová trolejbusová trať Autobusová stanica – Nové SND;Bratislava - Staré Mesto;Doprava;posúdené;Dopravný podnik Bratislava, a.s., Olejkárska 1;5;;;https://www.google.com/maps/search/Nov%C3%A1%20trolejbusov%C3%A1%20tra%C5%A5%20Autobusov%C3%A1%20stanica%20%E2%80%93%20Nov%C3%A9%20SND%20Bratislava%20-%20Star%C3%A9%20Mesto;https://www.enviroportal.sk/eia/detail/nova-trolejbusova-trat-autobusova-stanica-nove-snd
nove-brc-polyfunkcny-objekt-parc-c-280-1-280-3-bratislava;Nové BRC – Polyfunkčný objekt, parc. č. 280/1 a 280/3, Bratislava;Bratislava - Staré Mesto;Polyfunkcia;zámer;OMEGA Investments s.r.o., Tomášikova č. 64;8;;;https://www.google.com/maps/search/Nov%C3%A9%20BRC%20%E2%80%93%20Polyfunk%C4%8Dn%C3%BD%20objekt%2C%20parc.%20%C4%8D.%20280/1%20a%20280/3%2C%20Bratislava%20Bratislava%20-%20Star%C3%A9%20Mesto;https://www.enviroportal.sk/eia/detail/nove-brc-polyfunkcny-objekt-parc-c-280-1-280-3-bratislava
obytny-subor-fazulova;Obytný súbor Fazuľová;Bratislava - Staré Mesto;Plány a koncepcie;zámer;FP solutions s.r.o., Bárdošova 2/A;2;;;https://www.google.com/maps/search/Obytn%C3%BD%20s%C3%BAbor%20Fazu%C4%BEov%C3%A1%20Bratislava%20-%20Star%C3%A9%20Mesto;https://www.enviroportal.sk/eia/detail/obytny-subor-fazulova
obytny-subor-culenova-bratislava;Obytný súbor Čulenova, Bratislava;Bratislava - Staré Mesto;Bývanie;posúdené;CENTRADE, a.s., Digital Park II, Einsteinova 25;5;;;https://www.google.com/maps/search/Obytn%C3%BD%20s%C3%BAbor%20%C4%8Culenova%2C%20Bratislava%20Bratislava%20-%20Star%C3%A9%20Mesto;https://www.enviroportal.sk/eia/detail/obytny-subor-culenova-bratislava
obytny-subor-culenova-bratislava-ii-etapa;Obytný súbor Čulenova, Bratislava – II. etapa;Bratislava - Staré Mesto;Bývanie;posúdené;CENTRADE, a.s., Digital Park II, Einsteinova 25;30;;;https://www.google.com/maps/search/Obytn%C3%BD%20s%C3%BAbor%20%C4%8Culenova%2C%20Bratislava%20%E2%80%93%20II.%20etapa%20Bratislava%20-%20Star%C3%A9%20Mesto;https://www.enviroportal.sk/eia/detail/obytny-subor-culenova-bratislava-ii-etapa
obytny-subor-fazulova-1;Obytný súbor, Fazuľová;Bratislava - Staré Mesto;Bývanie;posúdené;FP solutions s.r.o.;9;;;https://www.google.com/maps/search/Obytn%C3%BD%20s%C3%BAbor%2C%20Fazu%C4%BEov%C3%A1%20Bratislava%20-%20Star%C3%A9%20Mesto;https://www.enviroportal.sk/eia/detail/obytny-subor-fazulova-1
onkologicky-ustav-sv-alzbety-heydukova-ul-bratislava-rekonstrukcia-nad;Onkologický ústav sv. Alžbety, Heydukova ul. Bratislava – Rekonštrukcia a nadstavba bloku C;Bratislava - Staré Mesto;Vybavenosť;posúdené;Onkologický ústav sv. Alžbety, s.r.o., Heydukova 10;12;;;https://www.google.com/maps/search/Onkologick%C3%BD%20%C3%BAstav%20sv.%20Al%C5%BEbety%2C%20Heydukova%20ul.%20Bratislava%20%E2%80%93%20Rekon%C5%A1trukcia%20a%20nadstavba%20bloku%20C%20Bratislava%20-%20Star%C3%A9%20Mesto;https://www.enviroportal.sk/eia/detail/onkologicky-ustav-sv-alzbety-heydukova-ul-bratislava-rekonstrukcia-nad
onkologicky-ustav-sv-alzbety-heydukova-ul-bratislava-pristavba-nadstav;Onkologický ústav sv. Alžbety, Heydukova ul., Bratislava - Prístavba a nadstavba bloku B, prístavba bloku C;Bratislava - Staré Mesto;Vybavenosť;posúdené;Onkologický ústav sv. Alžbety, s.r.o., Heydukova 10;12;;;https://www.google.com/maps/search/Onkologick%C3%BD%20%C3%BAstav%20sv.%20Al%C5%BEbety%2C%20Heydukova%20ul.%2C%20Bratislava%20-%20Pr%C3%ADstavba%20a%20nadstavba%20bloku%20B%2C%20pr%C3%ADstavba%20bloku%20C%20Bratislava%20-%20Star%C3%A9%20Mesto;https://www.enviroportal.sk/eia/detail/onkologicky-ustav-sv-alzbety-heydukova-ul-bratislava-pristavba-nadstav
polyfunkcny-objekt-metropolitan-star-bratislava;POLYFUNKČNÝ OBJEKT METROPOLITAN STAR, BRATISLAVA;Bratislava - Staré Mesto;Polyfunkcia;posúdené;Architektonická kancelária Ing. arch. Ľubomír Závodný AA, Svoradova 7-;5;;;https://www.google.com/maps/search/POLYFUNK%C4%8CN%C3%9D%20OBJEKT%20METROPOLITAN%20STAR%2C%20BRATISLAVA%20Bratislava%20-%20Star%C3%A9%20Mesto;https://www.enviroportal.sk/eia/detail/polyfunkcny-objekt-metropolitan-star-bratislava
polyfunkcy-subor-stavieb-klingerka-2-stavba-c-5-objekt-so-206-polyfunk;POLYFUNKČÝ SÚBOR STAVIEB KLINGERKA 2 (stavba č. 5 objekt SO 206) a POLYFUNKČNÝ SÚBOR STAVIEB KLINGERKA 3 (stavba č. 5 objekty SO 301 a SO 302);Bratislava - Staré Mesto;Polyfunkcia;zámer;Averta, s.r.o. Dvořákovo nábrežie 10;16;;;https://www.google.com/maps/search/POLYFUNK%C4%8C%C3%9D%20S%C3%9ABOR%20STAVIEB%20KLINGERKA%202%20%28stavba%20%C4%8D.%205%20objekt%20SO%20206%29%20a%20POLYFUNK%C4%8CN%C3%9D%20S%C3%9ABOR%20STAVIEB%20KLINGERKA%203%20%28stavba%20%C4%8D.%205%20objekty%20SO%20301%20a%20SO%20302%29%20Bratislava%20-%20Star%C3%A9%20Mesto;https://www.enviroportal.sk/eia/detail/polyfunkcy-subor-stavieb-klingerka-2-stavba-c-5-objekt-so-206-polyfunk
panorama-city-i-etapa;Panorama City – I. etapa;Bratislava - Staré Mesto;Polyfunkcia;posúdené;Panorama byty, s.r.o., Dvořákovo nábrežie 10;3;;;https://www.google.com/maps/search/Panorama%20City%20%E2%80%93%20I.%20etapa%20Bratislava%20-%20Star%C3%A9%20Mesto;https://www.enviroportal.sk/eia/detail/panorama-city-i-etapa
planovana-prioritna-zeleznicna-trat-vieden-rakuska-hranica;Plánovaná prioritná železničná trať Viedeň – Rakúska hranica;Bratislava - Staré Mesto;Doprava;zámer;ÖBB-Infrastruktur AG;5;;;https://www.google.com/maps/search/Pl%C3%A1novan%C3%A1%20prioritn%C3%A1%20%C5%BEelezni%C4%8Dn%C3%A1%20tra%C5%A5%20Viede%C5%88%20%E2%80%93%20Rak%C3%BAska%20hranica%20Bratislava%20-%20Star%C3%A9%20Mesto;https://www.enviroportal.sk/eia/detail/planovana-prioritna-zeleznicna-trat-vieden-rakuska-hranica
polyfunkcna-stavba-chalupkova;Polyfunkčná stavba Chalupkova;Bratislava - Staré Mesto;Polyfunkcia;posúdené;INMATI s. r. o.;6;;;https://www.google.com/maps/search/Polyfunk%C4%8Dn%C3%A1%20stavba%20Chalupkova%20Bratislava%20-%20Star%C3%A9%20Mesto;https://www.enviroportal.sk/eia/detail/polyfunkcna-stavba-chalupkova
polyfunkcna-stavba-chalupkova-residence;Polyfunkčná stavba Chalupkova Residence;Bratislava - Staré Mesto;Bývanie;posúdené;Virtual Residence, s. r. o., Špitálska 57;5;;;https://www.google.com/maps/search/Polyfunk%C4%8Dn%C3%A1%20stavba%20Chalupkova%20Residence%20Bratislava%20-%20Star%C3%A9%20Mesto;https://www.enviroportal.sk/eia/detail/polyfunkcna-stavba-chalupkova-residence
polyfunkcna-stavba-nova-bottova-1;Polyfunkčná stavba Nová Bottova;Bratislava - Staré Mesto;Bývanie;zámer;Smart City Office VIII, s. r. o.;6;;;https://www.google.com/maps/search/Polyfunk%C4%8Dn%C3%A1%20stavba%20Nov%C3%A1%20Bottova%20Bratislava%20-%20Star%C3%A9%20Mesto;https://www.enviroportal.sk/eia/detail/polyfunkcna-stavba-nova-bottova-1
polyfunkcna-stavba-nova-bottova;Polyfunkčná stavba Nová Bottova;Bratislava - Staré Mesto;Polyfunkcia;posúdené;Smart City Parking s.r.o., Mlynské nivy 16;6;;;https://www.google.com/maps/search/Polyfunk%C4%8Dn%C3%A1%20stavba%20Nov%C3%A1%20Bottova%20Bratislava%20-%20Star%C3%A9%20Mesto;https://www.enviroportal.sk/eia/detail/polyfunkcna-stavba-nova-bottova
polyfunkcna-stavba-twin-city-objekt-a1;Polyfunkčná stavba TWIN CITY - objekt A1;Bratislava - Staré Mesto;Polyfunkcia;posúdené;TC Tower A1 s.r.o., Karadžičova12;11;;;https://www.google.com/maps/search/Polyfunk%C4%8Dn%C3%A1%20stavba%20TWIN%20CITY%20-%20objekt%20A1%20Bratislava%20-%20Star%C3%A9%20Mesto;https://www.enviroportal.sk/eia/detail/polyfunkcna-stavba-twin-city-objekt-a1
polyfunkcna-stavba-twin-city-zmena-stavebnych-objektov;Polyfunkčná stavba TWIN CITY – zmena stavebných objektov;Bratislava - Staré Mesto;Polyfunkcia;dokončené;Twin City a.s., Karadžičova 12;6;;;https://www.google.com/maps/search/Polyfunk%C4%8Dn%C3%A1%20stavba%20TWIN%20CITY%20%E2%80%93%20zmena%20stavebn%C3%BDch%20objektov%20Bratislava%20-%20Star%C3%A9%20Mesto;https://www.enviroportal.sk/eia/detail/polyfunkcna-stavba-twin-city-zmena-stavebnych-objektov
polyfunkcna-stavba-twin-city-bratislava-objekty-c0-c2-c34;Polyfunkčná stavba TWIN CITY, Bratislava, objekty C0, C2, C34;Bratislava - Staré Mesto;Polyfunkcia;posúdené;Smart City Office s. r. o., Mlynské Nivy 16;4;;;https://www.google.com/maps/search/Polyfunk%C4%8Dn%C3%A1%20stavba%20TWIN%20CITY%2C%20Bratislava%2C%20objekty%20C0%2C%20C2%2C%20C34%20Bratislava%20-%20Star%C3%A9%20Mesto;https://www.enviroportal.sk/eia/detail/polyfunkcna-stavba-twin-city-bratislava-objekty-c0-c2-c34
polyfunkcny-blok-cpr-bratislava;Polyfunkčný blok CPR-A, Bratislava;Bratislava - Staré Mesto;Polyfunkcia;posúdené;WOAL, s.r.o., Hodžovo námestie 2;10;;;https://www.google.com/maps/search/Polyfunk%C4%8Dn%C3%BD%20blok%20CPR-A%2C%20Bratislava%20Bratislava%20-%20Star%C3%A9%20Mesto;https://www.enviroportal.sk/eia/detail/polyfunkcny-blok-cpr-bratislava
polyfunkcny-bytovy-dom-rezidencia-medzi-hviezdami;Polyfunkčný bytový dom REZIDENCIA MEDZI HVIEZDAMI;Bratislava - Staré Mesto;Bývanie;zámer;Rezidencia medzi hviezdami a.s., Mlynské nivy 42;18;;;https://www.google.com/maps/search/Polyfunk%C4%8Dn%C3%BD%20bytov%C3%BD%20dom%20REZIDENCIA%20MEDZI%20HVIEZDAMI%20Bratislava%20-%20Star%C3%A9%20Mesto;https://www.enviroportal.sk/eia/detail/polyfunkcny-bytovy-dom-rezidencia-medzi-hviezdami
polyfunkcny-dom-cintorinska-klemensova-bratislava;Polyfunkčný dom Cintorínska - Klemensova, Bratislava;Bratislava - Staré Mesto;Polyfunkcia;posúdené;DIXIA SOLLARIS, s.r.o., NámSNP 25;8;;;https://www.google.com/maps/search/Polyfunk%C4%8Dn%C3%BD%20dom%20Cintor%C3%ADnska%20-%20Klemensova%2C%20Bratislava%20Bratislava%20-%20Star%C3%A9%20Mesto;https://www.enviroportal.sk/eia/detail/polyfunkcny-dom-cintorinska-klemensova-bratislava
polyfunkcny-komplex-ehq;Polyfunkčný komplex EHQ;Bratislava - Staré Mesto;Bývanie;posúdené;EHQ s.r.o., Plynárenská 7/C;7;;;https://www.google.com/maps/search/Polyfunk%C4%8Dn%C3%BD%20komplex%20EHQ%20Bratislava%20-%20Star%C3%A9%20Mesto;https://www.enviroportal.sk/eia/detail/polyfunkcny-komplex-ehq
polyfunkcny-komplex-ister-tower;Polyfunkčný komplex ISTER TOWER;Bratislava - Staré Mesto;Plány a koncepcie;dokončené;The Galata Group s.r.o. Pribinova 26;10;;;https://www.google.com/maps/search/Polyfunk%C4%8Dn%C3%BD%20komplex%20ISTER%20TOWER%20Bratislava%20-%20Star%C3%A9%20Mesto;https://www.enviroportal.sk/eia/detail/polyfunkcny-komplex-ister-tower
polyfunkcny-komplex-portum-bratislava;Polyfunkčný komplex PORTUM, Bratislava;Bratislava - Staré Mesto;Polyfunkcia;posúdené;TK ESTATE s.r.o., Ivanská cesta 30/B;29;;;https://www.google.com/maps/search/Polyfunk%C4%8Dn%C3%BD%20komplex%20PORTUM%2C%20Bratislava%20Bratislava%20-%20Star%C3%A9%20Mesto;https://www.enviroportal.sk/eia/detail/polyfunkcny-komplex-portum-bratislava
polyfunkcny-komplex-zelezna-studienka;Polyfunkčný komplex Železná Studienka;Bratislava - Staré Mesto;Bývanie;posúdené;PŽS A, s r. o., Čulenova 5;9;;;https://www.google.com/maps/search/Polyfunk%C4%8Dn%C3%BD%20komplex%20%C5%BDelezn%C3%A1%20Studienka%20Bratislava%20-%20Star%C3%A9%20Mesto;https://www.enviroportal.sk/eia/detail/polyfunkcny-komplex-zelezna-studienka
polyfunkcny-objekt-staromestska-office;Polyfunkčný objekt - Staromestská office;Bratislava - Staré Mesto;Polyfunkcia;posúdené;VACHEL SK, s.r.o., Poštová 3;3;;;https://www.google.com/maps/search/Polyfunk%C4%8Dn%C3%BD%20objekt%20-%20Staromestsk%C3%A1%20office%20Bratislava%20-%20Star%C3%A9%20Mesto;https://www.enviroportal.sk/eia/detail/polyfunkcny-objekt-staromestska-office
polyfunkcny-objekt-chalupkova-r1;Polyfunkčný objekt Chalupkova R1;Bratislava - Staré Mesto;Polyfunkcia;posúdené;Smart City Office I s. r. o., Digital Park II, Einsteinova 25;8;;;https://www.google.com/maps/search/Polyfunk%C4%8Dn%C3%BD%20objekt%20Chalupkova%20R1%20Bratislava%20-%20Star%C3%A9%20Mesto;https://www.enviroportal.sk/eia/detail/polyfunkcny-objekt-chalupkova-r1
polyfunkcny-objekt-chalupkova-bratislava;Polyfunkčný objekt Chalupkova, Bratislava;Bratislava - Staré Mesto;Polyfunkcia;posúdené;Pressburg Finance Group, spol s r.o., Michalská 5;10;;;https://www.google.com/maps/search/Polyfunk%C4%8Dn%C3%BD%20objekt%20Chalupkova%2C%20Bratislava%20Bratislava%20-%20Star%C3%A9%20Mesto;https://www.enviroportal.sk/eia/detail/polyfunkcny-objekt-chalupkova-bratislava
polyfunkcny-objekt-triangel;Polyfunkčný objekt Triangel;Bratislava - Staré Mesto;Polyfunkcia;posúdené;Epoque, s.r.o., Dořákovo nábrežie 10;13;;;https://www.google.com/maps/search/Polyfunk%C4%8Dn%C3%BD%20objekt%20Triangel%20Bratislava%20-%20Star%C3%A9%20Mesto;https://www.enviroportal.sk/eia/detail/polyfunkcny-objekt-triangel
polyfunkcny-obytny-subor-lipovy-park-bratislava;Polyfunkčný obytný súbor Lipový Park Bratislava;Bratislava - Staré Mesto;Bývanie;posúdené;Lipový Park s.r.o., Riazanská 33;6;;;https://www.google.com/maps/search/Polyfunk%C4%8Dn%C3%BD%20obytn%C3%BD%20s%C3%BAbor%20Lipov%C3%BD%20Park%20Bratislava%20Bratislava%20-%20Star%C3%A9%20Mesto;https://www.enviroportal.sk/eia/detail/polyfunkcny-obytny-subor-lipovy-park-bratislava
polyfunkcny-obytny-subor-lipovy-park-ii-bratislava-stare-mesto;Polyfunkčný obytný súbor Lipový Park II, Bratislava - Staré Mesto;Bratislava - Staré Mesto;Bývanie;posúdené;PK develompent, a.s., Továrenská 14;3;;;https://www.google.com/maps/search/Polyfunk%C4%8Dn%C3%BD%20obytn%C3%BD%20s%C3%BAbor%20Lipov%C3%BD%20Park%20II%2C%20Bratislava%20-%20Star%C3%A9%20Mesto%20Bratislava%20-%20Star%C3%A9%20Mesto;https://www.enviroportal.sk/eia/detail/polyfunkcny-obytny-subor-lipovy-park-ii-bratislava-stare-mesto
polyfunkcny-subor-eurovea-2;Polyfunkčný súbor Eurovea 2;Bratislava - Staré Mesto;Polyfunkcia;posúdené;PROPERTY Danube, s.r.o., Pribinova 10;10;;;https://www.google.com/maps/search/Polyfunk%C4%8Dn%C3%BD%20s%C3%BAbor%20Eurovea%202%20Bratislava%20-%20Star%C3%A9%20Mesto;https://www.enviroportal.sk/eia/detail/polyfunkcny-subor-eurovea-2
polyfunkcny-subor-new-stein-v-bratislave;Polyfunkčný súbor NEW STEIN v Bratislave;Bratislava - Staré Mesto;Bývanie;posúdené;Ateliér Ivan KUBÍK, Bezručova 6;6;;;https://www.google.com/maps/search/Polyfunk%C4%8Dn%C3%BD%20s%C3%BAbor%20NEW%20STEIN%20v%20Bratislave%20Bratislava%20-%20Star%C3%A9%20Mesto;https://www.enviroportal.sk/eia/detail/polyfunkcny-subor-new-stein-v-bratislave
polyfunkcny-subor-new-stein-bratislava;Polyfunkčný súbor New Stein, Bratislava;Bratislava - Staré Mesto;Polyfunkcia;posúdené;YIT Reding a.s.;3;;;https://www.google.com/maps/search/Polyfunk%C4%8Dn%C3%BD%20s%C3%BAbor%20New%20Stein%2C%20Bratislava%20Bratislava%20-%20Star%C3%A9%20Mesto;https://www.enviroportal.sk/eia/detail/polyfunkcny-subor-new-stein-bratislava
polyfunkcny-subor-panorama-city-ii-etapa-administrativna-budova-panora;Polyfunkčný súbor Panorama City – II. etapa, Administratívna budova Panorama City II Business Bratislava, Pribinova a Čulenova ul.;Bratislava - Staré Mesto;Polyfunkcia;posúdené;Wendel, s.r.o., Dvořákovo nábrežie 10;3;;;https://www.google.com/maps/search/Polyfunk%C4%8Dn%C3%BD%20s%C3%BAbor%20Panorama%20City%20%E2%80%93%20II.%20etapa%2C%20Administrat%C3%ADvna%20budova%20Panorama%20City%20II%20Business%20Bratislava%2C%20Pribinova%20a%20%C4%8Culenova%20ul.%20Bratislava%20-%20Star%C3%A9%20Mesto;https://www.enviroportal.sk/eia/detail/polyfunkcny-subor-panorama-city-ii-etapa-administrativna-budova-panora
polyfunkcny-subor-stavieb-klingerka-2-polyfunkcny-subor-stavieb-klinge;Polyfunkčný súbor stavieb Klingerka 2 a Polyfunkčný súbor stavieb Klingerka 3;Bratislava - Staré Mesto;Polyfunkcia;posúdené;Kalos, s. r. o., Dvořákovo nábrežie 10;8;;;https://www.google.com/maps/search/Polyfunk%C4%8Dn%C3%BD%20s%C3%BAbor%20stavieb%20Klingerka%202%20a%20Polyfunk%C4%8Dn%C3%BD%20s%C3%BAbor%20stavieb%20Klingerka%203%20Bratislava%20-%20Star%C3%A9%20Mesto;https://www.enviroportal.sk/eia/detail/polyfunkcny-subor-stavieb-klingerka-2-polyfunkcny-subor-stavieb-klinge
prestavba-arealu-stu-s-nazvom-univerzitne-centrum-stu;Prestavba areálu STU s názvom Univerzitné centrum STU;Bratislava - Staré Mesto;Vybavenosť;posúdené;Slovenská technická univerzita v Bratislave, Vazovova 5;7;;;https://www.google.com/maps/search/Prestavba%20are%C3%A1lu%20STU%20s%20n%C3%A1zvom%20Univerzitn%C3%A9%20centrum%20STU%20Bratislava%20-%20Star%C3%A9%20Mesto;https://www.enviroportal.sk/eia/detail/prestavba-arealu-stu-s-nazvom-univerzitne-centrum-stu
program-hospodarskeho-rozvoja-socialneho-rozvoja-mestskej-casti-bratis-8;Program hospodárskeho rozvoja a sociálneho rozvoja mestskej časti Bratislava - Staré Mesto na roky 2024-2030;Bratislava - Staré Mesto;Plány a koncepcie;posúdené;Mestská časť Bratislava- Staré Mesto, Vajanského nábrežie 3;4;;;https://www.google.com/maps/search/Program%20hospod%C3%A1rskeho%20rozvoja%20a%20soci%C3%A1lneho%20rozvoja%20mestskej%20%C4%8Dasti%20Bratislava%20-%20Star%C3%A9%20Mesto%20na%20roky%202024-2030%20Bratislava%20-%20Star%C3%A9%20Mesto;https://www.enviroportal.sk/eia/detail/program-hospodarskeho-rozvoja-socialneho-rozvoja-mestskej-casti-bratis-8
program-hospodarskeho-rozvoja-socialneho-rozvoja-mestskej-casti-bratis-6;Program hospodárskeho rozvoja a sociálneho rozvoja mestskej časti Bratislava – Staré Mesto pre obdobie rokov 2016 – 2023, s výhľadom do roku 2040;Bratislava - Staré Mesto;Plány a koncepcie;posúdené;Mestská časť Bratislava - Staré Mesto;5;;;https://www.google.com/maps/search/Program%20hospod%C3%A1rskeho%20rozvoja%20a%20soci%C3%A1lneho%20rozvoja%20mestskej%20%C4%8Dasti%20Bratislava%20%E2%80%93%20Star%C3%A9%20Mesto%20pre%20obdobie%20rokov%202016%20%E2%80%93%202023%2C%20s%20v%C3%BDh%C4%BEadom%20do%20roku%202040%20Bratislava%20-%20Star%C3%A9%20Mesto;https://www.enviroportal.sk/eia/detail/program-hospodarskeho-rozvoja-socialneho-rozvoja-mestskej-casti-bratis-6
rezidencia-bottova;REZIDENCIA BOTTOVA;Bratislava - Staré Mesto;Bývanie;posúdené;Development 5, s.r.o., Eurovea Central 2, Pribinova 6;5;;;https://www.google.com/maps/search/REZIDENCIA%20BOTTOVA%20Bratislava%20-%20Star%C3%A9%20Mesto;https://www.enviroportal.sk/eia/detail/rezidencia-bottova
rekonstrukcia-esterhazyho-palaca;Rekonštrukcia Esterházyho paláca;Bratislava - Staré Mesto;Bývanie;posúdené;Ing. Szabóová autorizovaný stavebný inžinier;1;;;https://www.google.com/maps/search/Rekon%C5%A1trukcia%20Esterh%C3%A1zyho%20pal%C3%A1ca%20Bratislava%20-%20Star%C3%A9%20Mesto;https://www.enviroportal.sk/eia/detail/rekonstrukcia-esterhazyho-palaca
rekonstrukcia-dostavba-polyfunkcneho-objektu-na-bottovej-ulici-bratisl;Rekonštrukcia a dostavba polyfunkčného objektu na Bottovej ulici Bratislava;Bratislava - Staré Mesto;Polyfunkcia;posúdené;VARA 7, spol. s.r.o., Bottova 7;3;;;https://www.google.com/maps/search/Rekon%C5%A1trukcia%20a%20dostavba%20polyfunk%C4%8Dn%C3%A9ho%20objektu%20na%20Bottovej%20ulici%20Bratislava%20Bratislava%20-%20Star%C3%A9%20Mesto;https://www.enviroportal.sk/eia/detail/rekonstrukcia-dostavba-polyfunkcneho-objektu-na-bottovej-ulici-bratisl
rekonstrukcia-nadstavba-objektu-bezrucova-3;Rekonštrukcia a nadstavba objektu Bezručova 3;Bratislava - Staré Mesto;Doprava;posúdené;Bezručová Invest, s.r.o., Bezručova 5;13;;;https://www.google.com/maps/search/Rekon%C5%A1trukcia%20a%20nadstavba%20objektu%20Bezru%C4%8Dova%203%20Bratislava%20-%20Star%C3%A9%20Mesto;https://www.enviroportal.sk/eia/detail/rekonstrukcia-nadstavba-objektu-bezrucova-3
rekonstrukcia-nadstavba-objektu-bezrucova-3-hotel-bezrucova-5-bratisla;"Rekonštrukcia a nadstavba objektu Bezručova 3"" a ""Hotel, Bezručova 5, Bratislava";Bratislava - Staré Mesto;Plány a koncepcie;posúdené;Bezručová Invest, s.r.o., Kominárska 2,4;7;;;https://www.google.com/maps/search/Rekon%C5%A1trukcia%20a%20nadstavba%20objektu%20Bezru%C4%8Dova%203%22%20a%20%22Hotel%2C%20Bezru%C4%8Dova%205%2C%20Bratislava%20Bratislava%20-%20Star%C3%A9%20Mesto;https://www.enviroportal.sk/eia/detail/rekonstrukcia-nadstavba-objektu-bezrucova-3-hotel-bezrucova-5-bratisla
rekonstrukcia-hradneho-palaca-objektov-v-areali-bratislavskeho-hradu-c;Rekonštrukcia hradného paláca a objektov v areáli Bratislavského hradu, Časť L - Podzemná parkovacia garáž, Projekt pre zmenu stavby pred dokončením;Bratislava - Staré Mesto;Doprava;dokončené;Kancelária Národnej rady Slovenskej republiky, Alexandra Dubčeka 1;36;;;https://www.google.com/maps/search/Rekon%C5%A1trukcia%20hradn%C3%A9ho%20pal%C3%A1ca%20a%20objektov%20v%20are%C3%A1li%20Bratislavsk%C3%A9ho%20hradu%2C%20%C4%8Cas%C5%A5%20L%20-%20Podzemn%C3%A1%20parkovacia%20gar%C3%A1%C5%BE%2C%20Projekt%20pre%20zmenu%20stavby%20pred%20dokon%C4%8Den%C3%ADm%20Bratislava%20-%20Star%C3%A9%20Mesto;https://www.enviroportal.sk/eia/detail/rekonstrukcia-hradneho-palaca-objektov-v-areali-bratislavskeho-hradu-c
rekonstrukcia-objektu-bezrucova-5;Rekonštrukcia objektu Bezručova 5;Bratislava - Staré Mesto;Bývanie;posúdené;Bezručova Invest, s.r.o.;9;;;https://www.google.com/maps/search/Rekon%C5%A1trukcia%20objektu%20Bezru%C4%8Dova%205%20Bratislava%20-%20Star%C3%A9%20Mesto;https://www.enviroportal.sk/eia/detail/rekonstrukcia-objektu-bezrucova-5
rekonstrukcia-zakladnej-skoly-pristavba-polyfunkcneho-bytoveho-domu;Rekonštrukcia základnej školy a prístavba polyfunkčného bytového domu;Bratislava - Staré Mesto;Polyfunkcia;posúdené;Noavista, s.r.o., Leškova 3;9;;;https://www.google.com/maps/search/Rekon%C5%A1trukcia%20z%C3%A1kladnej%20%C5%A1koly%20a%20pr%C3%ADstavba%20polyfunk%C4%8Dn%C3%A9ho%20bytov%C3%A9ho%20domu%20Bratislava%20-%20Star%C3%A9%20Mesto;https://www.enviroportal.sk/eia/detail/rekonstrukcia-zakladnej-skoly-pristavba-polyfunkcneho-bytoveho-domu
strategia-rozvoja-verejneho-pristavu-bratislava-faza-ii-master-plan-ii;Stratégia rozvoja verejného prístavu Bratislava Fáza II (Master Plan II);Bratislava - Staré Mesto;Plány a koncepcie;posúdené;Verejné prístavy, Prístavná 10;16;;;https://www.google.com/maps/search/Strat%C3%A9gia%20rozvoja%20verejn%C3%A9ho%20pr%C3%ADstavu%20Bratislava%20F%C3%A1za%20II%20%28Master%20Plan%20II%29%20Bratislava%20-%20Star%C3%A9%20Mesto;https://www.enviroportal.sk/eia/detail/strategia-rozvoja-verejneho-pristavu-bratislava-faza-ii-master-plan-ii
suhrnny-vodohospodarsky-upravny-projekt-dunaj-na-vychod-od-viedne;Súhrnný vodohospodársky úpravný projekt Dunaj na východ od Viedne;Bratislava - Staré Mesto;Technická infraštruktúra;zámer;Bundesministerium für Verkehr, Innovation und Technologie, Rakúska rep;6;;;https://www.google.com/maps/search/S%C3%BAhrnn%C3%BD%20vodohospod%C3%A1rsky%20%C3%BApravn%C3%BD%20projekt%20Dunaj%20na%20v%C3%BDchod%20od%20Viedne%20Bratislava%20-%20Star%C3%A9%20Mesto;https://www.enviroportal.sk/eia/detail/suhrnny-vodohospodarsky-upravny-projekt-dunaj-na-vychod-od-viedne
technicko-hygienicka-udrzba-zeleznicnych-kolajovych-vozidiel-projektov-4;Technicko – hygienická údržba železničných koľajových vozidiel – projektová príprava, stredisko Bratislava;Bratislava - Staré Mesto;Doprava;posúdené;Železničná spoločnosť Slovensko, v zastúpení firmy Reming consult, a.s;3;;;https://www.google.com/maps/search/Technicko%20%E2%80%93%20hygienick%C3%A1%20%C3%BAdr%C5%BEba%20%C5%BEelezni%C4%8Dn%C3%BDch%20ko%C4%BEajov%C3%BDch%20vozidiel%20%E2%80%93%20projektov%C3%A1%20pr%C3%ADprava%2C%20stredisko%20Bratislava%20Bratislava%20-%20Star%C3%A9%20Mesto;https://www.enviroportal.sk/eia/detail/technicko-hygienicka-udrzba-zeleznicnych-kolajovych-vozidiel-projektov-4
vybudovanie-elektrickych-pripojok-pre-plavidla-vo-vymedzenom-uzemi-pri;Vybudovanie elektrických prípojok pre plavidlá vo vymedzenom území prístavov;Bratislava - Staré Mesto;Vybavenosť;povolené;Verejné prístavy, a.s.;6;;;https://www.google.com/maps/search/Vybudovanie%20elektrick%C3%BDch%20pr%C3%ADpojok%20pre%20plavidl%C3%A1%20vo%20vymedzenom%20%C3%BAzem%C3%AD%20pr%C3%ADstavov%20Bratislava%20-%20Star%C3%A9%20Mesto;https://www.enviroportal.sk/eia/detail/vybudovanie-elektrickych-pripojok-pre-plavidla-vo-vymedzenom-uzemi-pri
zmena-projektoveho-riesenia-stavby-panorama-city-j-t-center-bratislava;Zmena projektového riešenia stavby PANORAMA CITY (J&T CENTER), BRATISLAVA;Bratislava - Staré Mesto;Polyfunkcia;posúdené;Pribinova 25, s.r.o, Lamačská cesta 3;29;;;https://www.google.com/maps/search/Zmena%20projektov%C3%A9ho%20rie%C5%A1enia%20stavby%20PANORAMA%20CITY%20%28J%26T%20CENTER%29%2C%20BRATISLAVA%20Bratislava%20-%20Star%C3%A9%20Mesto;https://www.enviroportal.sk/eia/detail/zmena-projektoveho-riesenia-stavby-panorama-city-j-t-center-bratislava
zmeny-doplnky-c-1-uzemneho-planu-zony-chalupkova-;Zmeny a doplnky č. 1 Územného plánu zóny Chalupkova;Bratislava - Staré Mesto;Plány a koncepcie;posúdené;Mestská časť Bratislava - Staré Mesto;4;;;https://www.google.com/maps/search/Zmeny%20a%20doplnky%20%C4%8D.%201%20%C3%9Azemn%C3%A9ho%20pl%C3%A1nu%20z%C3%B3ny%20Chalupkova%20Bratislava%20-%20Star%C3%A9%20Mesto;https://www.enviroportal.sk/eia/detail/zmeny-doplnky-c-1-uzemneho-planu-zony-chalupkova-
uprava-dunajskej-promenady-usek-river-park-lafranconi-bratislava;Úprava Dunajskej promenády, úsek River Park - Lafranconi, Bratislava;Bratislava - Staré Mesto;Zeleň a verejný priestor;povolené;IVASO, Pri vinohradoch 269, s. r. o., P. O. BOX 75;10;;;https://www.google.com/maps/search/%C3%9Aprava%20Dunajskej%20promen%C3%A1dy%2C%20%C3%BAsek%20River%20Park%20-%20Lafranconi%2C%20Bratislava%20Bratislava%20-%20Star%C3%A9%20Mesto;https://www.enviroportal.sk/eia/detail/uprava-dunajskej-promenady-usek-river-park-lafranconi-bratislava
uzemny-plan-hlavneho-mesta-sr-bratislavy-rok-2007-v-zneni-neskorsich-z;Územný plán hlavného mesta SR Bratislavy rok 2007 v znení neskorších zmien a doplnkov - Zmeny a doplnky 04;Bratislava - Staré Mesto;Plány a koncepcie;posúdené;Hlavné mesto Slovenskej republiky Bratislava, Primaciálne nám. č. 1;45;;;https://www.google.com/maps/search/%C3%9Azemn%C3%BD%20pl%C3%A1n%20hlavn%C3%A9ho%20mesta%20SR%20Bratislavy%20rok%202007%20v%20znen%C3%AD%20neskor%C5%A1%C3%ADch%20zmien%20a%20doplnkov%20-%20Zmeny%20a%20doplnky%2004%20Bratislava%20-%20Star%C3%A9%20Mesto;https://www.enviroportal.sk/eia/detail/uzemny-plan-hlavneho-mesta-sr-bratislavy-rok-2007-v-zneni-neskorsich-z
uzemny-plan-hlavneho-mesta-sr-bratislavy-rok-2007-v-zneni-neskorsich-z-1;Územný plán hlavného mesta SR Bratislavy rok 2007 v znení neskorších zmien a doplnkov – Zmeny a doplnky 06;Bratislava - Staré Mesto;Plány a koncepcie;posúdené;Hlavné mesto Slovenskej republiky Bratislava, Primaciálne nám. č. 1, P;3;;;https://www.google.com/maps/search/%C3%9Azemn%C3%BD%20pl%C3%A1n%20hlavn%C3%A9ho%20mesta%20SR%20Bratislavy%20rok%202007%20v%20znen%C3%AD%20neskor%C5%A1%C3%ADch%20zmien%20a%20doplnkov%20%E2%80%93%20Zmeny%20a%20doplnky%2006%20Bratislava%20-%20Star%C3%A9%20Mesto;https://www.enviroportal.sk/eia/detail/uzemny-plan-hlavneho-mesta-sr-bratislavy-rok-2007-v-zneni-neskorsich-z-1
uzemny-plan-zony-chalupkova-rok-2016;Územný plán zóny Chalupkova, rok 2016;Bratislava - Staré Mesto;Plány a koncepcie;posúdené;Mestská časť Bratislava - Staré Mesto;14;;;https://www.google.com/maps/search/%C3%9Azemn%C3%BD%20pl%C3%A1n%20z%C3%B3ny%20Chalupkova%2C%20rok%202016%20Bratislava%20-%20Star%C3%A9%20Mesto;https://www.enviroportal.sk/eia/detail/uzemny-plan-zony-chalupkova-rok-2016
culenova-priprava-uzemia-cast-prekladka-horucovodu;Čulenova - príprava územia, časť - Prekládka horúcovodu;Bratislava - Staré Mesto;Výroba a sklady;dokončené;CENTRADE, a.s., Digital Park II, Einsteinova 25;13;;;https://www.google.com/maps/search/%C4%8Culenova%20-%20pr%C3%ADprava%20%C3%BAzemia%2C%20%C4%8Das%C5%A5%20-%20Prekl%C3%A1dka%20hor%C3%BAcovodu%20Bratislava%20-%20Star%C3%A9%20Mesto;https://www.enviroportal.sk/eia/detail/culenova-priprava-uzemia-cast-prekladka-horucovodu
culenova-new-city-centre-iv-obytna-veza-bratislava;Čulenova – New City Centre, IV. obytná veža, Bratislava;Bratislava - Staré Mesto;Bývanie;posúdené;SKY PARK s. r. o., Digital Park II, Einsteinova 25;26;;;https://www.google.com/maps/search/%C4%8Culenova%20%E2%80%93%20New%20City%20Centre%2C%20IV.%20obytn%C3%A1%20ve%C5%BEa%2C%20Bratislava%20Bratislava%20-%20Star%C3%A9%20Mesto;https://www.enviroportal.sk/eia/detail/culenova-new-city-centre-iv-obytna-veza-bratislava
studia-prepojenia-ten-t-s-letiskom-zeleznicnou-sietou-v-bratislave-1-s;Štúdia prepojenia TEN -T s letiskom a železničnou sieťou v Bratislave, 1. stavba, ŽSR, Bratislava predmestie - Bratislava filiálka - Bratislava Petrža;Bratislava - Staré Mesto;Doprava;povolené;Železnice Slovenskej republiky, GR, Klemensova 8;43;;;https://www.google.com/maps/search/%C5%A0t%C3%BAdia%20prepojenia%20TEN%20-T%20s%20letiskom%20a%20%C5%BEelezni%C4%8Dnou%20sie%C5%A5ou%20v%20Bratislave%2C%201.%20stavba%2C%20%C5%BDSR%2C%20Bratislava%20predmestie%20-%20Bratislava%20fili%C3%A1lka%20-%20Bratislava%20Petr%C5%BEa%20Bratislava%20-%20Star%C3%A9%20Mesto;https://www.enviroportal.sk/eia/detail/studia-prepojenia-ten-t-s-letiskom-zeleznicnou-sietou-v-bratislave-1-s
2017-dialnica-d4-bratislava-ivanka-sever-raca-;2017 - Diaľnica D4 Bratislava, Ivanka sever – Rača;Bratislava - Vajnory;Doprava;dokončené;Slovenská republika, zastúpená MDV SR, v konečnom zastúpení Dopravopro;6;;;https://www.google.com/maps/search/2017%20-%20Dia%C4%BEnica%20D4%20Bratislava%2C%20Ivanka%20sever%20%E2%80%93%20Ra%C4%8Da%20Bratislava%20-%20Vajnory;https://www.enviroportal.sk/eia/detail/2017-dialnica-d4-bratislava-ivanka-sever-raca-
bratislava-ubytovna-vajnory-vystavba-parkoviska-pristavba-archivu-pris;Bratislava, ubytovňa Vajnory - výstavba parkoviska, prístavba archívu, prístavba vonkajšieho výťahu a výstavba kotolne;Bratislava - Vajnory;Vybavenosť;povolené;Ministerstvo vnútra Slovenskej republiky, Pribinova č.2;11;;;https://www.google.com/maps/search/Bratislava%2C%20ubytov%C5%88a%20Vajnory%20-%20v%C3%BDstavba%20parkoviska%2C%20pr%C3%ADstavba%20arch%C3%ADvu%2C%20pr%C3%ADstavba%20vonkaj%C5%A1ieho%20v%C3%BD%C5%A5ahu%20a%20v%C3%BDstavba%20kotolne%20Bratislava%20-%20Vajnory;https://www.enviroportal.sk/eia/detail/bratislava-ubytovna-vajnory-vystavba-parkoviska-pristavba-archivu-pris
cepit-stavebna-etapa-1a;CEPIT, stavebná etapa 1A;Bratislava - Vajnory;Výroba a sklady;posúdené;MILLENNIUM PROPERTIES, s.r.o., Vysoká 26;5;;;https://www.google.com/maps/search/CEPIT%2C%20stavebn%C3%A1%20etapa%201A%20Bratislava%20-%20Vajnory;https://www.enviroportal.sk/eia/detail/cepit-stavebna-etapa-1a
diamant-2-ubytovacie-zariadenie;DIAMANT 2 – ubytovacie zariadenie;Bratislava - Vajnory;Vybavenosť;zámer;THERIMEX SLOVAKIA, s.r.o., Hviezdoslavovo nám. 213;2;;;https://www.google.com/maps/search/DIAMANT%202%20%E2%80%93%20ubytovacie%20zariadenie%20Bratislava%20-%20Vajnory;https://www.enviroportal.sk/eia/detail/diamant-2-ubytovacie-zariadenie
dialnica-d4-bratislava-ivanka-sever-raca;Diaľnica D4 Bratislava Ivanka sever - Rača;Bratislava - Vajnory;Doprava;dokončené;Národná diaľničná spoločnosť, a.s., Mlynské Nivy 45;4;;;https://www.google.com/maps/search/Dia%C4%BEnica%20D4%20Bratislava%20Ivanka%20sever%20-%20Ra%C4%8Da%20Bratislava%20-%20Vajnory;https://www.enviroportal.sk/eia/detail/dialnica-d4-bratislava-ivanka-sever-raca
dialnica-d4-bratislava-ivanka-sever-raca-;Diaľnica D4 Bratislava, Ivanka sever – Rača;Bratislava - Vajnory;Doprava;dokončené;Národná diaľničná spoločnosť, a.s., Mlynské Nivy 45;4;;;https://www.google.com/maps/search/Dia%C4%BEnica%20D4%20Bratislava%2C%20Ivanka%20sever%20%E2%80%93%20Ra%C4%8Da%20Bratislava%20-%20Vajnory;https://www.enviroportal.sk/eia/detail/dialnica-d4-bratislava-ivanka-sever-raca-
dialnica-d4-bratislava-raca-zahorska-bystrica-;Diaľnica D4 Bratislava, Rača - Záhorská Bystrica;Bratislava - Vajnory;Doprava;posúdené;Národná diaľničná spoločnosť, a.s., Dúbravská cesta 14;32;;;https://www.google.com/maps/search/Dia%C4%BEnica%20D4%20Bratislava%2C%20Ra%C4%8Da%20-%20Z%C3%A1horsk%C3%A1%20Bystrica%20Bratislava%20-%20Vajnory;https://www.enviroportal.sk/eia/detail/dialnica-d4-bratislava-raca-zahorska-bystrica-
dialnica-d4-bratislava-krizovatka-ivanka-sever-stupava-d4-ivanka-sever;Diaľnica D4 Bratislava, križovatka Ivanka sever - Stupava (D4, Ivanka sever - Záhorská Bystrica);Bratislava - Vajnory;Doprava;dokončené;Národná diaľničná spoločnosť a.s., Mlynské Nivy 45;19;;;https://www.google.com/maps/search/Dia%C4%BEnica%20D4%20Bratislava%2C%20kri%C5%BEovatka%20Ivanka%20sever%20-%20Stupava%20%28D4%2C%20Ivanka%20sever%20-%20Z%C3%A1horsk%C3%A1%20Bystrica%29%20Bratislava%20-%20Vajnory;https://www.enviroportal.sk/eia/detail/dialnica-d4-bratislava-krizovatka-ivanka-sever-stupava-d4-ivanka-sever
nove-suty-obytna-zona-dokumentacia-pre-stavebne-povolenie;NOVÉ ŠÚTY - OBYTNÁ ZÓNA, dokumentácia pre stavebné povolenie;Bratislava - Vajnory;Bývanie;povolené;VI GROUP spol. s r.o., Dorastenecká 26;18;;;https://www.google.com/maps/search/NOV%C3%89%20%C5%A0%C3%9ATY%20-%20OBYTN%C3%81%20Z%C3%93NA%2C%20dokument%C3%A1cia%20pre%20stavebn%C3%A9%20povolenie%20Bratislava%20-%20Vajnory;https://www.enviroportal.sk/eia/detail/nove-suty-obytna-zona-dokumentacia-pre-stavebne-povolenie
nove-suty-obytna-zona;NOVÉ ŠÚTY - obytná zóna;Bratislava - Vajnory;Bývanie;posúdené;VI GROUP spol. s r.o., Dorastenecká 46;14;;;https://www.google.com/maps/search/NOV%C3%89%20%C5%A0%C3%9ATY%20-%20obytn%C3%A1%20z%C3%B3na%20Bratislava%20-%20Vajnory;https://www.enviroportal.sk/eia/detail/nove-suty-obytna-zona
nakupne-centrum-vajnoria;Nákupné centrum Vajnoria;Bratislava - Vajnory;Obchod a služby;posúdené;Circle Slovakia, s.r.o., Ventúrska 1;6;;;https://www.google.com/maps/search/N%C3%A1kupn%C3%A9%20centrum%20Vajnoria%20Bratislava%20-%20Vajnory;https://www.enviroportal.sk/eia/detail/nakupne-centrum-vajnoria
parkovisko-mercedes-benz-tuhovska-ul-bratislava;Parkovisko Mercedes Benz, Tuhovská ul., Bratislava;Bratislava - Vajnory;Obchod a služby;posúdené;Motor car Immo, s.r.o., Pod Bôrikom 8;9;;;https://www.google.com/maps/search/Parkovisko%20Mercedes%20Benz%2C%20Tuhovsk%C3%A1%20ul.%2C%20Bratislava%20Bratislava%20-%20Vajnory;https://www.enviroportal.sk/eia/detail/parkovisko-mercedes-benz-tuhovska-ul-bratislava
polyfunkcny-dom-diamant-bratislava-vajnory;Polyfunkčný dom DIAMANT Bratislava-Vajnory;Bratislava - Vajnory;Polyfunkcia;povolené;DIAMANT Vajnory, s.r.o., Miletičova 1;4;;;https://www.google.com/maps/search/Polyfunk%C4%8Dn%C3%BD%20dom%20DIAMANT%20Bratislava-Vajnory%20Bratislava%20-%20Vajnory;https://www.enviroportal.sk/eia/detail/polyfunkcny-dom-diamant-bratislava-vajnory
potraviny-predajna-bratislava-vajnory-;Potraviny, predajňa Bratislava-Vajnory;Bratislava - Vajnory;Bývanie;povolené;Aruba Business Center s.r.o., Galvaniho 7/D;5;;;https://www.google.com/maps/search/Potraviny%2C%20predaj%C5%88a%20Bratislava-Vajnory%20Bratislava%20-%20Vajnory;https://www.enviroportal.sk/eia/detail/potraviny-predajna-bratislava-vajnory-
prestavba-existujuceho-objektu-na-administrativno-prevadzkovy-objekt-v;Prestavba existujúceho objektu na administratívno-prevádzkový objekt VULM;Bratislava - Vajnory;Administratíva;posúdené;IPE - CONSULT, s.r.o., Roľnícka 116;8;;;https://www.google.com/maps/search/Prestavba%20existuj%C3%BAceho%20objektu%20na%20administrat%C3%ADvno-prev%C3%A1dzkov%C3%BD%20objekt%20VULM%20Bratislava%20-%20Vajnory;https://www.enviroportal.sk/eia/detail/prestavba-existujuceho-objektu-na-administrativno-prevadzkovy-objekt-v
program-hospodarskeho-rozvoja-socialneho-rozvoja-mestskej-casti-bratis-12;Program hospodárskeho rozvoja a sociálneho rozvoja mestskej časti Bratislava – Vajnory 2023 – 2032 (aktualizácia);Bratislava - Vajnory;Plány a koncepcie;povolené;Mestská časť Bratislava – Vajnory, Roľnícka 9282/109;5;;;https://www.google.com/maps/search/Program%20hospod%C3%A1rskeho%20rozvoja%20a%20soci%C3%A1lneho%20rozvoja%20mestskej%20%C4%8Dasti%20Bratislava%20%E2%80%93%20Vajnory%202023%20%E2%80%93%202032%20%28aktualiz%C3%A1cia%29%20Bratislava%20-%20Vajnory;https://www.enviroportal.sk/eia/detail/program-hospodarskeho-rozvoja-socialneho-rozvoja-mestskej-casti-bratis-12
program-hospodarskeho-rozvoja-socialneho-rozvoja-mestskej-casti-bratis-2;Program hospodárskeho rozvoja a sociálneho rozvoja mestskej časti Bratislava-Vajnory 2015 – 2024 (aktualizovaná a dopracovaná verzia pôvodného PHSR po;Bratislava - Vajnory;Plány a koncepcie;povolené;Mestská časť Bratislava - Vajnory;5;;;https://www.google.com/maps/search/Program%20hospod%C3%A1rskeho%20rozvoja%20a%20soci%C3%A1lneho%20rozvoja%20mestskej%20%C4%8Dasti%20Bratislava-Vajnory%202015%20%E2%80%93%202024%20%28aktualizovan%C3%A1%20a%20dopracovan%C3%A1%20verzia%20p%C3%B4vodn%C3%A9ho%20PHSR%20po%20Bratislava%20-%20Vajnory;https://www.enviroportal.sk/eia/detail/program-hospodarskeho-rozvoja-socialneho-rozvoja-mestskej-casti-bratis-2
revitalizacia-obnova-brownfieldu-v-sanovanom-uzemi-terminalu-bratislav;Revitalizácia a obnova brownfieldu v sanovanom území terminálu, Bratislava – Rača;Bratislava - Vajnory;Administratíva;povolené;Alto RE SPV 6, s.r.o., Jurkovičova Tepláreň, Bottova 1/1;9;;;https://www.google.com/maps/search/Revitaliz%C3%A1cia%20a%20obnova%20brownfieldu%20v%20sanovanom%20%C3%BAzem%C3%AD%20termin%C3%A1lu%2C%20Bratislava%20%E2%80%93%20Ra%C4%8Da%20Bratislava%20-%20Vajnory;https://www.enviroportal.sk/eia/detail/revitalizacia-obnova-brownfieldu-v-sanovanom-uzemi-terminalu-bratislav
rozsirenie-dialnice-d1-na-6-pruh-v-useku-bratislava-senec;Rozšírenie diaľnice D1 na 6 pruh v úseku Bratislava - Senec;Bratislava - Vajnory;Doprava;dokončené;Národná diaľničná spoločnosť a.s., Mlynské Nivy 45;18;;;https://www.google.com/maps/search/Roz%C5%A1%C3%ADrenie%20dia%C4%BEnice%20D1%20na%206%20pruh%20v%20%C3%BAseku%20Bratislava%20-%20Senec%20Bratislava%20-%20Vajnory;https://www.enviroportal.sk/eia/detail/rozsirenie-dialnice-d1-na-6-pruh-v-useku-bratislava-senec
v8714_v8715-vajnory-zabi-majer;V8714_V8715 Vajnory – Žabí Majer;Bratislava - Vajnory;Výroba a sklady;povolené;Západoslovenská distribučná, a.s., Čulenova 6;6;;;https://www.google.com/maps/search/V8714_V8715%20Vajnory%20%E2%80%93%20%C5%BDab%C3%AD%20Majer%20Bratislava%20-%20Vajnory;https://www.enviroportal.sk/eia/detail/v8714_v8715-vajnory-zabi-majer
velkoobchod-asbis-sk-tuhovske-pole-bratislava;Veľkoobchod ASBIS SK - Tuhovské pole - Bratislava;Bratislava - Vajnory;Bývanie;posúdené;IPEC - Real, a.s., Roľnícka 116;10;;;https://www.google.com/maps/search/Ve%C4%BEkoobchod%20ASBIS%20SK%20-%20Tuhovsk%C3%A9%20pole%20-%20Bratislava%20Bratislava%20-%20Vajnory;https://www.enviroportal.sk/eia/detail/velkoobchod-asbis-sk-tuhovske-pole-bratislava
zariadenie-na-zber-ostatnych-nebezpecnych-odpadov-v-mestskej-casti-bra;Zariadenie na zber ostatných a nebezpečných odpadov v Mestskej časti Bratislava - Vajnory;Bratislava - Vajnory;Výroba a sklady;povolené;Zberné suroviny, a.s., Kragujevská 3;4;;;https://www.google.com/maps/search/Zariadenie%20na%20zber%20ostatn%C3%BDch%20a%20nebezpe%C4%8Dn%C3%BDch%20odpadov%20v%20Mestskej%20%C4%8Dasti%20Bratislava%20-%20Vajnory%20Bratislava%20-%20Vajnory;https://www.enviroportal.sk/eia/detail/zariadenie-na-zber-ostatnych-nebezpecnych-odpadov-v-mestskej-casti-bra
zber-odpadov-z-elektrickych-elektronickych-zariadeni-enviwork;Zber odpadov z elektrických a elektronických zariadení - Enviwork;Bratislava - Vajnory;Technická infraštruktúra;posúdené;EnviWork, s.r.o. Mlynské nivy 56;3;;;https://www.google.com/maps/search/Zber%20odpadov%20z%20elektrick%C3%BDch%20a%20elektronick%C3%BDch%20zariaden%C3%AD%20-%20Enviwork%20Bratislava%20-%20Vajnory;https://www.enviroportal.sk/eia/detail/zber-odpadov-z-elektrickych-elektronickych-zariadeni-enviwork
zmena-4-dialnica-d4-bratislava-ivanka-sever-raca-;Zmena 4 – Diaľnica D4 Bratislava, Ivanka sever - Rača;Bratislava - Vajnory;Doprava;dokončené;Slovenská republika, zastúpená MDV SR, v konečnom zastúpení Dopravopro;5;;;https://www.google.com/maps/search/Zmena%204%20%E2%80%93%20Dia%C4%BEnica%20D4%20Bratislava%2C%20Ivanka%20sever%20-%20Ra%C4%8Da%20Bratislava%20-%20Vajnory;https://www.enviroportal.sk/eia/detail/zmena-4-dialnica-d4-bratislava-ivanka-sever-raca-
zvysenie-jestvujucej-vyroby-elektroizolacnych-lakov-zivic;Zvýšenie jestvujúcej výroby elektroizolačných lakov a živíc;Bratislava - Vajnory;Výroba a sklady;posúdené;VUKI a.s., Rybničná 38;3;;;https://www.google.com/maps/search/Zv%C3%BD%C5%A1enie%20jestvuj%C3%BAcej%20v%C3%BDroby%20elektroizola%C4%8Dn%C3%BDch%20lakov%20a%20%C5%BEiv%C3%ADc%20Bratislava%20-%20Vajnory;https://www.enviroportal.sk/eia/detail/zvysenie-jestvujucej-vyroby-elektroizolacnych-lakov-zivic
uzemny-plan-zony-mestskej-casti-bratislava-vajnory-centrum;Územný plán zóny Mestskej časti Bratislava Vajnory centrum;Bratislava - Vajnory;Plány a koncepcie;povolené;Mestská časť Bratislava - Vajnory, Roľnícka 109;16;;;https://www.google.com/maps/search/%C3%9Azemn%C3%BD%20pl%C3%A1n%20z%C3%B3ny%20Mestskej%20%C4%8Dasti%20Bratislava%20Vajnory%20centrum%20Bratislava%20-%20Vajnory;https://www.enviroportal.sk/eia/detail/uzemny-plan-zony-mestskej-casti-bratislava-vajnory-centrum
uzemny-plan-zony-technologicky-park-cepit-bratislava-vajnory;Územný plán zóny TECHNOLOGICKÝ PARK CEPIT BRATISLAVA – VAJNORY;Bratislava - Vajnory;Plány a koncepcie;povolené;Mestská časť Bratislava – Vajnory, Roľnícka 109;30;;;https://www.google.com/maps/search/%C3%9Azemn%C3%BD%20pl%C3%A1n%20z%C3%B3ny%20TECHNOLOGICK%C3%9D%20PARK%20CEPIT%20BRATISLAVA%20%E2%80%93%20VAJNORY%20Bratislava%20-%20Vajnory;https://www.enviroportal.sk/eia/detail/uzemny-plan-zony-technologicky-park-cepit-bratislava-vajnory
uzemny-plan-zony-suty;Územný plán zóny Šuty;Bratislava - Vajnory;Plány a koncepcie;posúdené;Mestská časť Bratislava - Vajnory, Roľnícka 109;21;;;https://www.google.com/maps/search/%C3%9Azemn%C3%BD%20pl%C3%A1n%20z%C3%B3ny%20%C5%A0uty%20Bratislava%20-%20Vajnory;https://www.enviroportal.sk/eia/detail/uzemny-plan-zony-suty
distribucno-vyrobne-centrum-sagitta;Distribučno-výrobné centrum Sagitta;Bratislava - Vrakuňa;Výroba a sklady;posúdené;SAGITTA spol. s.r.o., Turbínová 1;6;;;https://www.google.com/maps/search/Distribu%C4%8Dno-v%C3%BDrobn%C3%A9%20centrum%20Sagitta%20Bratislava%20-%20Vraku%C5%88a;https://www.enviroportal.sk/eia/detail/distribucno-vyrobne-centrum-sagitta
internal-sludge-processing-homogenizacia-kalu-na-bloku-92-transport-ex;Internal Sludge Processing (Homogenizácia kalu na bloku 92 a transport existujúcim potrubím na MCHB ČOV);Bratislava - Vrakuňa;Výroba a sklady;posúdené;SLOVNAFT, a.s, Vlčie hrdlo 1;4;;;https://www.google.com/maps/search/Internal%20Sludge%20Processing%20%28Homogeniz%C3%A1cia%20kalu%20na%20bloku%2092%20a%20transport%20existuj%C3%BAcim%20potrub%C3%ADm%20na%20MCHB%20%C4%8COV%29%20Bratislava%20-%20Vraku%C5%88a;https://www.enviroportal.sk/eia/detail/internal-sludge-processing-homogenizacia-kalu-na-bloku-92-transport-ex
komercny-park-letisko-bratislava-;Komerčný park Letisko Bratislava;Bratislava - Vrakuňa;Administratíva;zámer;Stronci Invest SK s.r.o., Hodžovo námestie 2A;16;;;https://www.google.com/maps/search/Komer%C4%8Dn%C3%BD%20park%20Letisko%20Bratislava%20Bratislava%20-%20Vraku%C5%88a;https://www.enviroportal.sk/eia/detail/komercny-park-letisko-bratislava-
kruhovy-objazd-pre-smere-na-vrakunu;Kruhový objazd pre smere na Vrakuňu;Bratislava - Vrakuňa;Doprava;posúdené;GENERÁLNY INVESTOR BRATISLAVY, Záporožská 5;5;;;https://www.google.com/maps/search/Kruhov%C3%BD%20objazd%20pre%20smere%20na%20Vraku%C5%88u%20Bratislava%20-%20Vraku%C5%88a;https://www.enviroportal.sk/eia/detail/kruhovy-objazd-pre-smere-na-vrakunu
logisticke-centrum-4-kvadrant;LOGISTICKÉ CENTRUM 4. KVADRANT;Bratislava - Vrakuňa;Administratíva;zámer;Stronci Invest SK s.r.o.;5;;;https://www.google.com/maps/search/LOGISTICK%C3%89%20CENTRUM%204.%20KVADRANT%20Bratislava%20-%20Vraku%C5%88a;https://www.enviroportal.sk/eia/detail/logisticke-centrum-4-kvadrant
logisticke-centrum-4-kvadrant-bratislava;Logistické centrum 4. kvadrant, Bratislava;Bratislava - Vrakuňa;Administratíva;posúdené;Stronci Invest SK s.r.o., Hodžovo námestie 2A;30;;;https://www.google.com/maps/search/Logistick%C3%A9%20centrum%204.%20kvadrant%2C%20Bratislava%20Bratislava%20-%20Vraku%C5%88a;https://www.enviroportal.sk/eia/detail/logisticke-centrum-4-kvadrant-bratislava
medzisklad-nebezpecnych-odpadov-odpadov-z-kovov-v-prevadzke-bratislava;Medzisklad nebezpečných odpadov a odpadov z kovov v prevádzke Bratislava – Vrakuňa;Bratislava - Vrakuňa;Výroba a sklady;zámer;AVE SK odpadové hospodárstvo, s.r.o., Osvetová 24;9;;;https://www.google.com/maps/search/Medzisklad%20nebezpe%C4%8Dn%C3%BDch%20odpadov%20a%20odpadov%20z%20kovov%20v%20prev%C3%A1dzke%20Bratislava%20%E2%80%93%20Vraku%C5%88a%20Bratislava%20-%20Vraku%C5%88a;https://www.enviroportal.sk/eia/detail/medzisklad-nebezpecnych-odpadov-odpadov-z-kovov-v-prevadzke-bratislava
modernizacia-vyhrevne-zeleznicna-vo-vrakuni;Modernizácia výhrevne Železničná vo Vrakuni;Bratislava - Vrakuňa;Bývanie;zámer;TERMMING, a. s., Jarošova 1 ;5;;;https://www.google.com/maps/search/Moderniz%C3%A1cia%20v%C3%BDhrevne%20%C5%BDelezni%C4%8Dn%C3%A1%20vo%20Vrakuni%20Bratislava%20-%20Vraku%C5%88a;https://www.enviroportal.sk/eia/detail/modernizacia-vyhrevne-zeleznicna-vo-vrakuni
novy-majerhof;NOVÝ MAJERHOF;Bratislava - Vrakuňa;Bývanie;posúdené;Malý Dunaj Development, j.s.a., Mlynské Nivy 16;22;;;https://www.google.com/maps/search/NOV%C3%9D%20MAJERHOF%20Bratislava%20-%20Vraku%C5%88a;https://www.enviroportal.sk/eia/detail/novy-majerhof
obytny-subor-amarello;Obytný súbor Amarello;Bratislava - Vrakuňa;Bývanie;posúdené;DANICON DEVELOPMENT, a.s., Cesta na Klanec 74;10;;;https://www.google.com/maps/search/Obytn%C3%BD%20s%C3%BAbor%20Amarello%20Bratislava%20-%20Vraku%C5%88a;https://www.enviroportal.sk/eia/detail/obytny-subor-amarello
odkanalizovanie-obci-most-pri-bratislave-malinovo-do-ucov-bratislava-v;"Odkanalizovanie obcí Most pri Bratislave a Malinovo do ÚČOV Bratislava – Vrakuňa; Výtlačné potrubie ČS Most pri Bratislave – ÚČOV Bratislava - Vrakuňa";Bratislava - Vrakuňa;Obchod a služby;posúdené;Obec Most pri Bratislave, Bratislavská 96;4;;;https://www.google.com/maps/search/Odkanalizovanie%20obc%C3%AD%20Most%20pri%20Bratislave%20a%20Malinovo%20do%20%C3%9A%C4%8COV%20Bratislava%20%E2%80%93%20Vraku%C5%88a%3B%20V%C3%BDtla%C4%8Dn%C3%A9%20potrubie%20%C4%8CS%20Most%20pri%20Bratislave%20%E2%80%93%20%C3%9A%C4%8COV%20Bratislava%20-%20Vraku%C5%88a%20Bratislava%20-%20Vraku%C5%88a;https://www.enviroportal.sk/eia/detail/odkanalizovanie-obci-most-pri-bratislave-malinovo-do-ucov-bratislava-v
polyfunkcny-komplex-novy-majerhof;Polyfunkčný komplex Nový Majerhof;Bratislava - Vrakuňa;Bývanie;zámer;Malý Dunaj Development, j.s.a.;10;;;https://www.google.com/maps/search/Polyfunk%C4%8Dn%C3%BD%20komplex%20Nov%C3%BD%20Majerhof%20Bratislava%20-%20Vraku%C5%88a;https://www.enviroportal.sk/eia/detail/polyfunkcny-komplex-novy-majerhof
zariadenie-na-zhodnocovanie-odpadov-bratislava-vrakuna;Zariadenie na zhodnocovanie odpadov, Bratislava - Vrakuňa;Bratislava - Vrakuňa;Výroba a sklady;posúdené;stepco s.r.o., Štúrova 11;18;;;https://www.google.com/maps/search/Zariadenie%20na%20zhodnocovanie%20odpadov%2C%20Bratislava%20-%20Vraku%C5%88a%20Bratislava%20-%20Vraku%C5%88a;https://www.enviroportal.sk/eia/detail/zariadenie-na-zhodnocovanie-odpadov-bratislava-vrakuna
zberny-dvor-vrakuna;Zberný dvor Vrakuňa;Bratislava - Vrakuňa;Výroba a sklady;posúdené;KOVOD, a.s., Partizánska cesta 91;12;;;https://www.google.com/maps/search/Zbern%C3%BD%20dvor%20Vraku%C5%88a%20Bratislava%20-%20Vraku%C5%88a;https://www.enviroportal.sk/eia/detail/zberny-dvor-vrakuna
bytovy-komplex-green-river;Bytový komplex Green River;Bratislava - Záhorská Bystrica;Plány a koncepcie;posúdené;Pod vŕškami s. r. o., Gajova 4;7;;;https://www.google.com/maps/search/Bytov%C3%BD%20komplex%20Green%20River%20Bratislava%20-%20Z%C3%A1horsk%C3%A1%20Bystrica;https://www.enviroportal.sk/eia/detail/bytovy-komplex-green-river
bytovy-subor-pod-vrskami-blok-h24;Bytový súbor Pod vŕškami blok H24;Bratislava - Záhorská Bystrica;Bývanie;posúdené;H24 Project s.r.o., Gajova 4;7;;;https://www.google.com/maps/search/Bytov%C3%BD%20s%C3%BAbor%20Pod%20v%C5%95%C5%A1kami%20blok%20H24%20Bratislava%20-%20Z%C3%A1horsk%C3%A1%20Bystrica;https://www.enviroportal.sk/eia/detail/bytovy-subor-pod-vrskami-blok-h24
instalacia-tretej-kremacnej-pece;Inštalácia tretej kremačnej pece;Bratislava - Záhorská Bystrica;Vybavenosť;posúdené;MARIANUM – Pohrebníctvo mesta Bratislava, príspevková organizácia, Šaf;4;;;https://www.google.com/maps/search/In%C5%A1tal%C3%A1cia%20tretej%20krema%C4%8Dnej%20pece%20Bratislava%20-%20Z%C3%A1horsk%C3%A1%20Bystrica;https://www.enviroportal.sk/eia/detail/instalacia-tretej-kremacnej-pece
kovohuty-sk-s-r-o-nakladanie-s-nebezpecnym-odpadom-opotrebovane-bateri;KOVOHUTY SK, s.r.o. - nakladanie s nebezpečným odpadom, opotrebované batérie a akumulátory;Bratislava - Záhorská Bystrica;Výroba a sklady;posúdené;KOVOHUTY SK, s.r.o.;26;;;https://www.google.com/maps/search/KOVOHUTY%20SK%2C%20s.r.o.%20-%20nakladanie%20s%20nebezpe%C4%8Dn%C3%BDm%20odpadom%2C%20opotrebovan%C3%A9%20bat%C3%A9rie%20a%20akumul%C3%A1tory%20Bratislava%20-%20Z%C3%A1horsk%C3%A1%20Bystrica;https://www.enviroportal.sk/eia/detail/kovohuty-sk-s-r-o-nakladanie-s-nebezpecnym-odpadom-opotrebovane-bateri
modernizacia-farmy-hospodarskeho-chovu-koni;Modernizácia farmy hospodárskeho chovu koní;Bratislava - Záhorská Bystrica;Výroba a sklady;posúdené;Agro Horse, Hviezdoslavovo nám. 16;51;;;https://www.google.com/maps/search/Moderniz%C3%A1cia%20farmy%20hospod%C3%A1rskeho%20chovu%20kon%C3%AD%20Bratislava%20-%20Z%C3%A1horsk%C3%A1%20Bystrica;https://www.enviroportal.sk/eia/detail/modernizacia-farmy-hospodarskeho-chovu-koni
obytny-subor-oresianky-zahorska-bystrica;OBYTNÝ SÚBOR OREŠIANKY - ZÁHORSKÁ BYSTRICA;Bratislava - Záhorská Bystrica;Bývanie;posúdené;FM - Reality, s. r. o., Dvořákovo nábrežie 7529/4B;7;;;https://www.google.com/maps/search/OBYTN%C3%9D%20S%C3%9ABOR%20ORE%C5%A0IANKY%20-%20Z%C3%81HORSK%C3%81%20BYSTRICA%20Bratislava%20-%20Z%C3%A1horsk%C3%A1%20Bystrica;https://www.enviroportal.sk/eia/detail/obytny-subor-oresianky-zahorska-bystrica
obnova-potencialu-polnohospodarskej-vyroby-poskodeneho-prirodnymi-kata-7;Obnova potenciálu poľnohospodárskej výroby poškodeného prírodnými katastrofami a katastrofickými udalosťami a zavedenie vhodných preventívnych opatren;Bratislava - Záhorská Bystrica;Vybavenosť;posúdené;Hydromeliorácie, štátny podnik, Vrakunská ulica č. 29;4;;;https://www.google.com/maps/search/Obnova%20potenci%C3%A1lu%20po%C4%BEnohospod%C3%A1rskej%20v%C3%BDroby%20po%C5%A1koden%C3%A9ho%20pr%C3%ADrodn%C3%BDmi%20katastrofami%20a%20katastrofick%C3%BDmi%20udalos%C5%A5ami%20a%20zavedenie%20vhodn%C3%BDch%20prevent%C3%ADvnych%20opatren%20Bratislava%20-%20Z%C3%A1horsk%C3%A1%20Bystric;https://www.enviroportal.sk/eia/detail/obnova-potencialu-polnohospodarskej-vyroby-poskodeneho-prirodnymi-kata-7
obytny-subor-vlkovka-5-mc-zahorska-bystrica;Obytný súbor Vlkovka 5, MČ Záhorská Bystrica;Bratislava - Záhorská Bystrica;Bývanie;posúdené;IMMOFIN s.r.o., Kupeckého 5;4;;;https://www.google.com/maps/search/Obytn%C3%BD%20s%C3%BAbor%20Vlkovka%205%2C%20M%C4%8C%20Z%C3%A1horsk%C3%A1%20Bystrica%20Bratislava%20-%20Z%C3%A1horsk%C3%A1%20Bystrica;https://www.enviroportal.sk/eia/detail/obytny-subor-vlkovka-5-mc-zahorska-bystrica
obytny-subor-zahorska;Obytný súbor Záhorská;Bratislava - Záhorská Bystrica;Plány a koncepcie;zámer;RV Development 9, s. r. o., Krížna 47;5;;;https://www.google.com/maps/search/Obytn%C3%BD%20s%C3%BAbor%20Z%C3%A1horsk%C3%A1%20Bratislava%20-%20Z%C3%A1horsk%C3%A1%20Bystrica;https://www.enviroportal.sk/eia/detail/obytny-subor-zahorska
oresianky-2-0;Orešianky 2.0;Bratislava - Záhorská Bystrica;Plány a koncepcie;posúdené;FM – Reality, s.r.o., Hodonínska 25;6;;;https://www.google.com/maps/search/Ore%C5%A1ianky%202.0%20Bratislava%20-%20Z%C3%A1horsk%C3%A1%20Bystrica;https://www.enviroportal.sk/eia/detail/oresianky-2-0
podkerepusky;Podkerepušky;Bratislava - Záhorská Bystrica;Výroba a sklady;zámer;ALCECH, spol. s r.o., Kupeckého 5;3;;;https://www.google.com/maps/search/Podkerepu%C5%A1ky%20Bratislava%20-%20Z%C3%A1horsk%C3%A1%20Bystrica;https://www.enviroportal.sk/eia/detail/podkerepusky
predmestske-obchodne-centrum-bean-zahorska-bystrica;Predmestské obchodné centrum BEAN, Záhorská Bystrica;Bratislava - Záhorská Bystrica;Obchod a služby;posúdené;BEAN, s.r.o., Trnavská cesta 5;21;;;https://www.google.com/maps/search/Predmestsk%C3%A9%20obchodn%C3%A9%20centrum%20BEAN%2C%20Z%C3%A1horsk%C3%A1%20Bystrica%20Bratislava%20-%20Z%C3%A1horsk%C3%A1%20Bystrica;https://www.enviroportal.sk/eia/detail/predmestske-obchodne-centrum-bean-zahorska-bystrica
predmestske-obchodne-centrum-zahorska-bystrica;Predmestské obchodné centrum, Záhorská Bystrica;Bratislava - Záhorská Bystrica;Obchod a služby;posúdené;BEAN, s.r.o., Trnavská cesta 5;28;;;https://www.google.com/maps/search/Predmestsk%C3%A9%20obchodn%C3%A9%20centrum%2C%20Z%C3%A1horsk%C3%A1%20Bystrica%20Bratislava%20-%20Z%C3%A1horsk%C3%A1%20Bystrica;https://www.enviroportal.sk/eia/detail/predmestske-obchodne-centrum-zahorska-bystrica
program-hospodarskeho-rozvoja-socialneho-rozvoja-mestskej-casti-bratis-4;Program hospodárskeho rozvoja a sociálneho rozvoja mestskej časti Bratislava – Záhorská Bystrica 2016-2022;Bratislava - Záhorská Bystrica;Plány a koncepcie;posúdené;Mestská časť Bratislava - Záhorská Bystrica;5;;;https://www.google.com/maps/search/Program%20hospod%C3%A1rskeho%20rozvoja%20a%20soci%C3%A1lneho%20rozvoja%20mestskej%20%C4%8Dasti%20Bratislava%20%E2%80%93%20Z%C3%A1horsk%C3%A1%20Bystrica%202016-2022%20Bratislava%20-%20Z%C3%A1horsk%C3%A1%20Bystrica;https://www.enviroportal.sk/eia/detail/program-hospodarskeho-rozvoja-socialneho-rozvoja-mestskej-casti-bratis-4
radove-domy-v-obytnej-zone-zahorske-sady-zahorska-bystrica;"Radové domy v obytnej zóne ""Záhorské sady"", Záhorská Bystrica";Bratislava - Záhorská Bystrica;Bývanie;posúdené;Tirrellus, a.s., Digital park II, Einsteinova 25;5;;;https://www.google.com/maps/search/Radov%C3%A9%20domy%20v%20obytnej%20z%C3%B3ne%20%22Z%C3%A1horsk%C3%A9%20sady%22%2C%20Z%C3%A1horsk%C3%A1%20Bystrica%20Bratislava%20-%20Z%C3%A1horsk%C3%A1%20Bystrica;https://www.enviroportal.sk/eia/detail/radove-domy-v-obytnej-zone-zahorske-sady-zahorska-bystrica
west-park-1-polyfunkcny-dom-b1-so-001;WEST PARK 1, POLYFUNKČNÝ DOM B1-SO 001;Bratislava - Záhorská Bystrica;Polyfunkcia;posúdené;West park – Záhorská Bystrica, s.r.o., Starorímska 2;9;;;https://www.google.com/maps/search/WEST%20PARK%201%2C%20POLYFUNK%C4%8CN%C3%9D%20DOM%20B1-SO%20001%20Bratislava%20-%20Z%C3%A1horsk%C3%A1%20Bystrica;https://www.enviroportal.sk/eia/detail/west-park-1-polyfunkcny-dom-b1-so-001
westpark-i-polyfunkcny-dom-b2-so-002;WESTPARK I, POLYFUNKČNÝ DOM B2 - SO 002;Bratislava - Záhorská Bystrica;Bývanie;zámer;West park - Záhorská Bystrica, s.r.o.;3;;;https://www.google.com/maps/search/WESTPARK%20I%2C%20POLYFUNK%C4%8CN%C3%9D%20DOM%20B2%20-%20SO%20002%20Bratislava%20-%20Z%C3%A1horsk%C3%A1%20Bystrica;https://www.enviroportal.sk/eia/detail/westpark-i-polyfunkcny-dom-b2-so-002
west-park-i-polyfunkcny-dom-b2-so-002-bratislava;West Park I., polyfunkčný dom B2-SO 002, Bratislava;Bratislava - Záhorská Bystrica;Polyfunkcia;posúdené;West park - Záhorská Bystrica, s. r. o., Starorímska 2;7;;;https://www.google.com/maps/search/West%20Park%20I.%2C%20polyfunk%C4%8Dn%C3%BD%20dom%20B2-SO%20002%2C%20Bratislava%20Bratislava%20-%20Z%C3%A1horsk%C3%A1%20Bystrica;https://www.enviroportal.sk/eia/detail/west-park-i-polyfunkcny-dom-b2-so-002-bratislava
zmeny-doplnky-03-uzemny-plan-zony-zahorska-bystrica-krce;Zmeny a doplnky 03 Územný plán zóny Záhorská Bystrica-Krče;Bratislava - Záhorská Bystrica;Plány a koncepcie;zámer;Mestská časť Bratislava - Záhorská Bystrica;3;;;https://www.google.com/maps/search/Zmeny%20a%20doplnky%2003%20%C3%9Azemn%C3%BD%20pl%C3%A1n%20z%C3%B3ny%20Z%C3%A1horsk%C3%A1%20Bystrica-Kr%C4%8De%20Bratislava%20-%20Z%C3%A1horsk%C3%A1%20Bystrica;https://www.enviroportal.sk/eia/detail/zmeny-doplnky-03-uzemny-plan-zony-zahorska-bystrica-krce
zmeny-doplnky-c-1-2014-uzemneho-planu-zony-bratislava-zahorska-bystric;Zmeny a doplnky č. 1/2014 Územného plánu zóny Bratislava Záhorská Bystrica - Krče, Sektory A,C apríl 2014;Bratislava - Záhorská Bystrica;Plány a koncepcie;posúdené;Mestská časť Bratislava - Záhorská Bystrica;60;;;https://www.google.com/maps/search/Zmeny%20a%20doplnky%20%C4%8D.%201/2014%20%C3%9Azemn%C3%A9ho%20pl%C3%A1nu%20z%C3%B3ny%20Bratislava%20Z%C3%A1horsk%C3%A1%20Bystrica%20-%20Kr%C4%8De%2C%20Sektory%20A%2CC%20apr%C3%ADl%202014%20Bratislava%20-%20Z%C3%A1horsk%C3%A1%20Bystrica;https://www.enviroportal.sk/eia/detail/zmeny-doplnky-c-1-2014-uzemneho-planu-zony-bratislava-zahorska-bystric
program-hospodarskeho-rozvoja-socialneho-rozvoja-mestskej-casti-bratis-9;program hospodárskeho rozvoja a sociálneho rozvoja mestskej časti Bratislava - Záhorská Bystrica pre obdobie rokov 2023 - 2030;Bratislava - Záhorská Bystrica;Plány a koncepcie;posúdené;Mestská časť Bratislava - Záhorská Bystrica;4;;;https://www.google.com/maps/search/program%20hospod%C3%A1rskeho%20rozvoja%20a%20soci%C3%A1lneho%20rozvoja%20mestskej%20%C4%8Dasti%20Bratislava%20-%20Z%C3%A1horsk%C3%A1%20Bystrica%20pre%20obdobie%20rokov%202023%20-%202030%20Bratislava%20-%20Z%C3%A1horsk%C3%A1%20Bystrica;https://www.enviroportal.sk/eia/detail/program-hospodarskeho-rozvoja-socialneho-rozvoja-mestskej-casti-bratis-9
areal-docasneho-golfoveho-odpaliska;AREÁL DOČASNÉHO GOLFOVÉHO ODPALISKA;Bratislava - Čunovo;Výroba a sklady;posúdené;MLADÉ ČUNOVO s.r.o., Svätoplukova 30;10;;;https://www.google.com/maps/search/ARE%C3%81L%20DO%C4%8CASN%C3%89HO%20GOLFOV%C3%89HO%20ODPALISKA%20Bratislava%20-%20%C4%8Cunovo;https://www.enviroportal.sk/eia/detail/areal-docasneho-golfoveho-odpaliska
action-park;Action Park;Bratislava - Čunovo;Výroba a sklady;posúdené;Andrej Más, Hraničiarska 242/32;6;;;https://www.google.com/maps/search/Action%20Park%20Bratislava%20-%20%C4%8Cunovo;https://www.enviroportal.sk/eia/detail/action-park
danubia-park-golfove-ihrisko;DANUBIA PARK - GOLFOVÉ IHRISKO;Bratislava - Čunovo;Vybavenosť;posúdené;Danubia Invest, a.s., Námestie SNP 14;34;;;https://www.google.com/maps/search/DANUBIA%20PARK%20-%20GOLFOV%C3%89%20IHRISKO%20Bratislava%20-%20%C4%8Cunovo;https://www.enviroportal.sk/eia/detail/danubia-park-golfove-ihrisko
danubia-park-cunovo-1;DANUBIA PARK ČUNOVO;Bratislava - Čunovo;Zeleň a verejný priestor;posúdené;Danubia Invest, a.s., Nám. SNP 14;5;;;https://www.google.com/maps/search/DANUBIA%20PARK%20%C4%8CUNOVO%20Bratislava%20-%20%C4%8Cunovo;https://www.enviroportal.sk/eia/detail/danubia-park-cunovo-1
danube-rehabilitation-measures-darem-;Danube Rehabilitation Measures (DaReM);Bratislava - Čunovo;Technická infraštruktúra;posúdené;VODOHOSPODÁRSKA VÝSTAVBA, ŠTÁTNY PODNIK;20;;;https://www.google.com/maps/search/Danube%20Rehabilitation%20Measures%20%28DaReM%29%20Bratislava%20-%20%C4%8Cunovo;https://www.enviroportal.sk/eia/detail/danube-rehabilitation-measures-darem-
danube-rehabilitation-measures-darem-stroje-zariadenia-;Danube Rehabilitation Measures (DaReM) – stroje a zariadenia;Bratislava - Čunovo;Technická infraštruktúra;posúdené;VODOHOSPODÁRSKA VÝSTAVBA, ŠTÁTNY PODNIK, P. O. BOX 45, Karloveská 2;4;;;https://www.google.com/maps/search/Danube%20Rehabilitation%20Measures%20%28DaReM%29%20%E2%80%93%20stroje%20a%20zariadenia%20Bratislava%20-%20%C4%8Cunovo;https://www.enviroportal.sk/eia/detail/danube-rehabilitation-measures-darem-stroje-zariadenia-
danubia-park-protipovodnove-opatrenia-v-zdrzi-hrusov-upravy-brehu;Danubia Park - Protipovodňové opatrenia v zdrži Hrušov, úpravy brehu;Bratislava - Čunovo;Zeleň a verejný priestor;dokončené;Danubia Invest, a.s., Námestie SNP 14;3;;;https://www.google.com/maps/search/Danubia%20Park%20-%20Protipovod%C5%88ov%C3%A9%20opatrenia%20v%20zdr%C5%BEi%20Hru%C5%A1ov%2C%20%C3%BApravy%20brehu%20Bratislava%20-%20%C4%8Cunovo;https://www.enviroportal.sk/eia/detail/danubia-park-protipovodnove-opatrenia-v-zdrzi-hrusov-upravy-brehu
danubia-park-cunovo;Danubia Park, Čunovo;Bratislava - Čunovo;Zeleň a verejný priestor;posúdené;Danubia Invest a.s., Zámocké schody 2/A;14;;;https://www.google.com/maps/search/Danubia%20Park%2C%20%C4%8Cunovo%20Bratislava%20-%20%C4%8Cunovo;https://www.enviroportal.sk/eia/detail/danubia-park-cunovo
dialnica-d2-krizovatka-bratislava-cunovo-;Diaľnica D2 – križovatka Bratislava - Čunovo;Bratislava - Čunovo;Doprava;posúdené;Národná diaľničná spoločnosť, a.s., Dúbravská cesta 14;19;;;https://www.google.com/maps/search/Dia%C4%BEnica%20D2%20%E2%80%93%20kri%C5%BEovatka%20Bratislava%20-%20%C4%8Cunovo%20Bratislava%20-%20%C4%8Cunovo;https://www.enviroportal.sk/eia/detail/dialnica-d2-krizovatka-bratislava-cunovo-
dialnica-d2-krizovatka-bratislava-cunovo;Diaľnica D2, križovatka Bratislava - Čunovo;Bratislava - Čunovo;Doprava;posúdené;NDS, a.s., Bratislava;0;;;https://www.google.com/maps/search/Dia%C4%BEnica%20D2%2C%20kri%C5%BEovatka%20Bratislava%20-%20%C4%8Cunovo%20Bratislava%20-%20%C4%8Cunovo;https://www.enviroportal.sk/eia/detail/dialnica-d2-krizovatka-bratislava-cunovo
dialnicny-hranicny-priechod-cunovo-rekonstrukcia-stavebne-upravy-hp;Diaľničný hraničný priechod Čunovo – Rekonštrukcia a stavebné úpravy HP;Bratislava - Čunovo;Administratíva;povolené;Národná diaľničná spoločnosť, a.s., Mlynské Nivy 45;4;;;https://www.google.com/maps/search/Dia%C4%BEni%C4%8Dn%C3%BD%20hrani%C4%8Dn%C3%BD%20priechod%20%C4%8Cunovo%20%E2%80%93%20Rekon%C5%A1trukcia%20a%20stavebn%C3%A9%20%C3%BApravy%20HP%20Bratislava%20-%20%C4%8Cunovo;https://www.enviroportal.sk/eia/detail/dialnicny-hranicny-priechod-cunovo-rekonstrukcia-stavebne-upravy-hp
lozisko-nevyhradeneho-nerastu-cunovo-2-;"Ložisko nevyhradeného nerastu „Čunovo – 2""";Bratislava - Čunovo;Výroba a sklady;posúdené;TRELLING, spol. s r.o., Mierové námestie 6/6;3;;;https://www.google.com/maps/search/Lo%C5%BEisko%20nevyhraden%C3%A9ho%20nerastu%20%C4%8Cunovo%20%E2%80%93%202%22%20Bratislava%20-%20%C4%8Cunovo;https://www.enviroportal.sk/eia/detail/lozisko-nevyhradeneho-nerastu-cunovo-2-
mlade-cunovo-zahrady-vybudovanie-komunikacie-inzinierskych-sieti;Mladé Čunovo – Záhrady, vybudovanie komunikácie a inžinierskych sietí;Bratislava - Čunovo;Iné;povolené;SEGAMA, s. r. o., Ražná 5;8;;;https://www.google.com/maps/search/Mlad%C3%A9%20%C4%8Cunovo%20%E2%80%93%20Z%C3%A1hrady%2C%20vybudovanie%20komunik%C3%A1cie%20a%20in%C5%BEinierskych%20siet%C3%AD%20Bratislava%20-%20%C4%8Cunovo;https://www.enviroportal.sk/eia/detail/mlade-cunovo-zahrady-vybudovanie-komunikacie-inzinierskych-sieti
rychlostna-cesta-m15-m1-rajka-slovensko-madarska-hranica-;Rýchlostná cesta M15 , M1-Rajka (Slovensko-Maďarská hranica);Bratislava - Čunovo;Doprava;zámer;Ministerstvo pre rozvoj vidieka, H-1055 Kosuth tér 11., Budapešť, Maďa;6;;;https://www.google.com/maps/search/R%C3%BDchlostn%C3%A1%20cesta%20M15%20%2C%20M1-Rajka%20%28Slovensko-Ma%C4%8Farsk%C3%A1%20hranica%29%20Bratislava%20-%20%C4%8Cunovo;https://www.enviroportal.sk/eia/detail/rychlostna-cesta-m15-m1-rajka-slovensko-madarska-hranica-
svd-g-n-stupen-cunovo-rekonstrukcia-hatoveho-pola-hate-v-inundacii-s-e;SVD G-N, stupeň Čunovo, Rekonštrukcia haťového poľa hate v inundácii s energetickým využitím (MVE s inštalovaným výkonom 7 MW);Bratislava - Čunovo;Výroba a sklady;posúdené;VODOHOSPODÁRSKA VÝSTAVBA, ŠTÁTNY PODNIK, P.O.BOX 45, Karloveská č. 2;16;;;https://www.google.com/maps/search/SVD%20G-N%2C%20stupe%C5%88%20%C4%8Cunovo%2C%20Rekon%C5%A1trukcia%20ha%C5%A5ov%C3%A9ho%20po%C4%BEa%20hate%20v%20inund%C3%A1cii%20s%20energetick%C3%BDm%20vyu%C5%BEit%C3%ADm%20%28MVE%20s%20in%C5%A1talovan%C3%BDm%20v%C3%BDkonom%207%20MW%29%20Bratislava%20-%20%C4%8Cunovo;https://www.enviroportal.sk/eia/detail/svd-g-n-stupen-cunovo-rekonstrukcia-hatoveho-pola-hate-v-inundacii-s-e
ve-cunovo-ii;VE Čunovo II;Bratislava - Čunovo;Výroba a sklady;posúdené;VODOHOSPODÁRSKA VÝSTAVBA, ŠTÁTNY PODNIK, P. O. BOX 45, Karloveská 2;19;;;https://www.google.com/maps/search/VE%20%C4%8Cunovo%20II%20Bratislava%20-%20%C4%8Cunovo;https://www.enviroportal.sk/eia/detail/ve-cunovo-ii
tazba-strkopieskov-na-lozisku-nevyhradeneho-nerastu-cunovo-2-;Ťažba štrkopieskov na ložisku nevyhradeného nerastu „Čunovo – 2“;Bratislava - Čunovo;Výroba a sklady;zámer;TRELLING, spol. s r.o., Mierové námestie 6/6;10;;;https://www.google.com/maps/search/%C5%A4a%C5%BEba%20%C5%A1trkopieskov%20na%20lo%C5%BEisku%20nevyhraden%C3%A9ho%20nerastu%20%C4%8Cunovo%20%E2%80%93%202%20Bratislava%20-%20%C4%8Cunovo;https://www.enviroportal.sk/eia/detail/tazba-strkopieskov-na-lozisku-nevyhradeneho-nerastu-cunovo-2-
